t_s,Coolant low_t_s,Coolant low,Vehicle speed_t_s,Vehicle speed,Vehicle speed_t_s,Vehicle speed,Vehicle speed_t_s,Vehicle speed,Vehicle speed_t_s,Vehicle speed,Vehicle speed_t_s,Vehicle speed,coolant_temperature_outdated_bit_t_s,coolant_temperature_outdated_bit,Road speed_t_s,Road speed,Coolant temperature_t_s,Coolant temperature,Vehicle speed_t_s,Vehicle speed,Vehicle speed_t_s,Vehicle speed,Boost pressure, specified_t_s,Boost pressure, specified,Boost pressure, actual_t_s,Boost pressure, actual,Coolant temperature at radiator outlet_t_s,Coolant temperature at radiator outlet,Coolant temperature at engine outlet, specified_t_s,Coolant temperature at engine outlet, specified,Coolant temperature at radiator outlet, specified_t_s,Coolant temperature at radiator outlet, specified,Coolant temperature difference_t_s,Coolant temperature difference,Vehicle speed, averaged_t_s,Vehicle speed, averaged,Accelerator pedal sensor 1 voltage_t_s,Accelerator pedal sensor 1 voltage,Accelerator pedal sensor 2 voltage_t_s,Accelerator pedal sensor 2 voltage,Engine speed_t_s,Engine speed,Selected gear_t_s,Selected gear,Coolant shut-off valve_t_s,Coolant shut-off valve,Coolant pump, specified_t_s,Coolant pump, specified,Coolant temperature at engine start_t_s,Coolant temperature at engine start,Boost control adaptation, above max_t_s,Boost control adaptation, above max,Boost control adaptation, below min_t_s,Boost control adaptation, below min,Coolant temp at radiator outlet, raw voltage_t_s,Coolant temp at radiator outlet, raw voltage,Electric coolant pump relay_t_s,Electric coolant pump relay,Gearbox coolant valve_t_s,Gearbox coolant valve,Engine block temperature_t_s,Engine block temperature,Coolant temp at engine outlet, raw voltage_t_s,Coolant temp at engine outlet, raw voltage,Coolant temperature_t_s,Coolant temperature,Vehicle speed_t_s,Vehicle speed,Coolant temperature_t_s,Coolant temperature,Vehicle speed_t_s,Vehicle speed,Accelerator pedal position, sensor F_t_s,Accelerator pedal position, sensor F,Accelerator pedal position, sensor E_t_s,Accelerator pedal position, sensor E,Accelerator pedal position_t_s,Accelerator pedal position,Accelerator pedal position, relative_t_s,Accelerator pedal position, relative,Accelerator pedal position_t_s,Accelerator pedal position,Accelerator pedal position, sensor E_t_s,Accelerator pedal position, sensor E,Coolant temperature 1/2_t_s,Coolant temperature 1/2,Boost pressure control_t_s,Boost pressure control,Boost pressure A, specified_t_s,Boost pressure A, specified,Boost pressure sensor A_t_s,Boost pressure sensor A,Boost pressure B, specified_t_s,Boost pressure B, specified,Boost pressure sensor B_t_s,Boost pressure sensor B,Accelerator pedal position_t_s,Accelerator pedal position,Selector lever_t_s,Selector lever,Input shaft speed_t_s,Input shaft speed,Output shaft speed_t_s,Output shaft speed,Selected gear_t_s,Selected gear,Vehicle speed_t_s,Vehicle speed
25.126,,,,,,,,,,,,,,,,,,,,,,,,,,,,,,,,,,,,,,,,,,,,,,,,,,,,,,,,,,,,,,,,,,,,,,,,,,,,,,,,,,,,,,,,,,,,,,,,,,,,,,,,,,,,
25.222,25.199,000000,,,,,,,,,,,,,,,,,,,,,,,,,,,,,,,,,,,,,,,,,,,,,,,,,,,,,,,,,,,,,,,,,,,,,,,,,,,,,,,,,,,,,,,,,,,,,,,,,,,,,,,,,,
25.321,25.379,000000,25.283,0,,,,,,,,,,,,,,,,,,,,,,,,,,,,,,,,,,,,,,,,,,,,,,,,,,,,,,,,,,,,,,,,,,,,,,,,,,,,,,,,,,,,,,,,,,,,,,,,,,,,,,,,
25.432,25.379,000000,25.400,0,,,,,,,,,,,,,,,,,,,,,,,,,,,,,,,,,,,,,,,,,,,,,,,,,,,,,,,,,,,,,,,,,,,,,,,,,,,,,,,,,,,,,,,,,,,,,,,,,,,,,,,,
25.522,25.540,000000,25.400,0,,,,,,,,,,,,,,,,,,,,,,,,,,,,,,,,,,,,,,,,,,,,,,,,,,,,,,,,,,,,,,,,,,,,,,,,,,,,,,,,,,,,,,,,,,,,,,,,,,,,,,,,
25.622,25.540,000000,25.570,0,,,,,,,25.623,0,,,,,,,,,,,,,,,,,,,,,,,,,,,,,,,,,,,,,,,,,,,,,,,,,,,,,,,,,,,,,,,,,,,,,,,,,,,,,,,,,,,,,,,,,,,,,,,,
25.732,25.540,000000,25.570,0,,,,,,,25.702,0,25.730,008700100000,25.730,0,,,,,,,,,,,,,,,,,,,,,,,,,,,,,,,,,,,,,,,,,,,,,,,,,,,,,,,,,,,,,,,,,,,,,,,,,,,,,,,,,,,,,,,,,,,,
25.830,25.770,000000,25.789,0,,,,,,,25.702,0,25.730,008700100000,25.730,0,25.753,58,,,,,,,,,,,,,,,,,,,,,,,,,,,,,,,,,,,,,,,,,,,,,,,,,,,,,,,,,,,,,,,,,,,,,,,,,,,,,,,,,,,,,,,,,,
25.921,25.770,000000,25.789,0,,,,,,,25.702,0,25.730,008700100000,25.730,0,25.753,58,,,,,25.920,1.012,,,,,,,,,,,,,,,,,,,,,,,,,,,,,,,,,,,,,,,,,,,,,,,,,,,,,,,,,,,,,,,,,,,,,,,,,,,,,,,,,,,,
26.022,25.770,000000,25.789,0,,,,,,,26.000,0,26.050,008700100000,26.050,0,26.023,58,26.023,0,,,25.983,1.012,25.983,1.0130000000000001,,,,,,,,,,,,,,,,,,,,,,,,,,,,,,,,,,,,,,,,,,,,,,,,,,,,,,,,,,,,,,,,,,,,,,,,,,,,,,,,,,
26.130,25.770,000000,25.789,0,,,,,,,26.000,0,26.050,008700100000,26.050,0,26.023,58,26.023,0,,,25.983,1.012,25.983,1.0130000000000001,,,,,,,,,,,,,,,,,,,,,,,,,,,,,,,,,,,,,,,,,,,,,,,,,,,,,,,,,,,,,,,,,,,,,,,,,,,,,,,,,,
26.230,26.150,000000,26.172,0,,,,,,,26.000,0,26.050,008700100000,26.050,0,26.023,58,26.023,0,26.120,0,26.210,1.012,26.210,1.0130000000000001,26.210,24.8,26.210,55.5,26.210,-48,,,,,,,,,,,,,,,,,,,,,,,,,,,,,,,,,,,,,,,,,,,,,,,,,,,,,,,,,,,,,,,,,,,,,,,,,,,,
26.321,26.150,000000,26.172,0,,,,,,,26.000,0,26.050,008700100000,26.050,0,26.023,58,26.023,0,26.120,0,26.280,1.012,26.280,1.0130000000000001,26.280,24.8,26.280,56.2,26.280,-48,26.350,30.700000000000003,26.280,0,26.350,0.796,,,,,,,,,,,,,,,,,,,,,,,,,,,,,,,,,,,,,,,,,,,,,,,,,,,,,,,,,,,,,,,,,,,,,,
26.422,26.150,000000,26.172,0,,,,,,,26.420,0,26.050,008700100000,26.050,0,26.023,58,26.023,0,26.120,0,26.401,1.012,26.401,1.0130000000000001,26.401,24.8,26.401,55.5,26.401,-48,26.401,30.700000000000003,26.401,0,26.350,0.796,26.401,0.386,,,,,,,,,,,,,,,,,,,,,,,,,,,,,,,,,,,,,,,,,,,,,,,,,,,,,,,,,,,,,,,,,,,,
26.521,26.150,000000,26.172,0,,,,,,,26.420,0,26.470,008700100000,26.470,0,26.443,58,26.443,0,26.120,0,26.500,1.012,26.500,1.0130000000000001,26.500,24.8,26.401,55.5,26.500,-48,26.401,30.700000000000003,26.500,0,26.500,0.796,26.500,0.391,26.500,0,,,,,,,,,,,,,,,,,,,,,,,,,,,,,,,,,,,,,,,,,,,,,,,,,,,,,,,,,,,,,,,,,,
26.621,26.150,000000,26.172,0,,,,,,,26.660,0,26.470,008700100000,26.470,0,26.443,58,26.443,0,26.567,0,26.641,1.012,26.601,1.0130000000000001,26.601,24.8,26.641,55.5,26.601,-48,26.641,30.700000000000003,26.641,0,26.641,0.796,26.641,0.391,26.601,0,26.641,0008,26.641,01,,,,,,,,,,,,,,,,,,,,,,,,,,,,,,,,,,,,,,,,,,,,,,,,,,,,,,,,,,,,,,
26.721,26.150,000000,26.172,0,,,,,,,26.660,0,26.470,008700100000,26.470,0,26.682,58,26.682,0,26.567,0,26.709,1.012,26.709,1.0130000000000001,26.709,24.8,26.641,55.5,26.709,-48,26.641,30.700000000000003,26.709,0,26.641,0.796,26.641,0.391,26.709,0,26.641,0008,26.709,01,26.709,10,,,,,,,,,,,,,,,,,,,,,,,,,,,,,,,,,,,,,,,,,,,,,,,,,,,,,,,,,,,,
26.833,26.760,000000,26.172,0,,,,,,,26.660,0,26.741,008700100000,26.741,0,26.682,58,26.682,0,26.567,0,26.709,1.012,26.801,1.0130000000000001,26.801,24.8,26.801,56.2,26.709,-48,26.801,30.700000000000003,26.709,0,26.801,0.796,26.801,0.386,26.709,0,26.801,0008,26.709,01,26.709,10,26.801,57.7,,,,,,,,,,,,,,,,,,,,,,,,,,,,,,,,,,,,,,,,,,,,,,,,,,,,,,,,,,
26.921,26.760,000000,26.172,0,,,,,,,26.660,0,26.741,008700100000,26.741,0,26.682,58,26.682,0,26.567,0,26.864,1.012,26.801,1.0130000000000001,26.801,24.8,26.910,56.2,26.864,-48,26.910,30.700000000000003,26.864,0,26.801,0.796,26.864,0.391,26.864,0,26.910,0008,26.864,01,26.864,10,26.910,57.7,26.864,0,,,,,,,,,,,,,,,,,,,,,,,,,,,,,,,,,,,,,,,,,,,,,,,,,,,,,,,,
27.021,26.760,000000,26.172,0,,,,,,,26.660,0,26.741,008700100000,26.741,0,26.682,58,26.682,0,26.567,0,27.050,1.012,27.050,1.0130000000000001,27.050,24.8,27.050,55.5,27.020,-48,27.050,30.700000000000003,27.020,0,26.950,0.796,27.050,0.386,27.020,0,26.910,0008,27.020,01,27.020,10,26.910,57.7,27.020,0,27.020,0.78,27.050,3.34,27.050,00,,,,,,,,,,,,,,,,,,,,,,,,,,,,,,,,,,,,,,,,,,,,,,,,,,
27.122,26.760,000000,27.073,0,,,,,,,26.660,0,26.741,008700100000,26.741,0,26.682,58,26.682,0,26.567,0,27.050,1.012,27.101,1.0130000000000001,27.050,24.8,27.050,55.5,27.101,-48,27.050,30.700000000000003,27.101,0,27.101,0.796,27.050,0.386,27.101,0,27.101,0008,27.020,01,27.020,10,27.101,57.7,27.020,0,27.020,0.78,27.101,3.34,27.050,00,,,,,,,,,,,,,,,,,,,,,,,,,,,,,,,,,,,,,,,,,,,,,,,,,,
27.220,26.760,000000,27.073,0,,,,,,,26.660,0,26.741,008700100000,26.741,0,26.682,58,26.682,0,26.567,0,27.261,1.012,27.220,1.0130000000000001,27.220,24.8,27.150,56.2,27.261,-48,27.220,30.700000000000003,27.261,0,27.220,0.796,27.220,0.386,27.261,0,27.220,0008,27.261,01,27.261,10,27.220,57.7,27.261,0,27.150,0.78,27.261,3.341,27.150,00,27.150,00,27.220,150,,,,,,,,,,,,,,,,,,,,,,,,,,,,,,,,,,,,,,,,,,,,,,
27.320,26.760,000000,27.073,0,,,,,,,26.660,0,26.741,008700100000,26.741,0,26.682,58,26.682,0,26.567,0,27.261,1.012,27.290,1.0130000000000001,27.330,24.8,27.290,55.5,27.330,-48,27.220,30.700000000000003,27.261,0,27.220,0.796,27.220,0.386,27.261,0,27.220,0008,27.261,01,27.261,10,27.220,57.7,27.261,0,27.150,0.78,27.261,3.341,27.290,00,27.290,00,27.330,150,27.330,2.065,,,,,,,,,,,,,,,,,,,,,,,,,,,,,,,,,,,,,,,,,,,,
27.423,26.760,000000,27.073,0,,,,,,,26.660,0,26.741,008700100000,26.741,0,26.682,58,26.682,0,26.567,0,27.430,1.012,27.290,1.0130000000000001,27.430,24.8,27.363,55.5,27.330,-48,27.402,30.700000000000003,27.330,0,27.430,0.796,27.430,0.386,27.363,0,27.402,0008,27.363,01,27.363,10,27.402,57.7,27.363,0,27.290,0.78,27.462,3.34,27.363,00,27.363,00,27.430,150,27.330,2.065,,,,,,,,,,,,,,,,,,,,,,,,,,,,,,,,,,,,,,,,,,,,
27.532,26.760,000000,27.073,0,,,,,,,26.660,0,26.741,008700100000,26.741,0,26.682,58,26.682,0,27.570,0,27.550,1.012,27.520,1.0130000000000001,27.520,24.8,27.490,56.2,27.520,-48,27.490,30.700000000000003,27.550,0,27.520,0.796,27.520,0.386,27.550,0,27.490,0008,27.550,01,27.550,10,27.490,57.7,27.550,0,27.490,0.78,27.520,3.341,27.550,00,27.550,00,27.520,150,27.520,2.065,,,,,,,,,,,,,,,,,,,,,,,,,,,,,,,,,,,,,,,,,,,,
27.620,26.760,000000,27.073,0,,,,,,,27.610,0,26.741,008700100000,26.741,0,27.642,58,27.642,0,27.570,0,27.550,1.012,27.590,1.0130000000000001,27.520,24.8,27.590,55.5,27.520,-48,27.590,30.700000000000003,27.550,0,27.590,0.796,27.520,0.386,27.550,0,27.590,0008,27.550,01,27.550,10,27.590,57.7,27.550,0,27.490,0.78,27.520,3.341,27.550,00,27.550,00,27.590,150,27.590,2.065,,,,,,,,,,,,,,,,,,,,,,,,,,,,,,,,,,,,,,,,,,,,
27.725,26.760,000000,27.073,0,,,,,,,27.610,0,27.730,008700100000,27.730,0,27.642,58,27.642,0,27.570,0,27.670,1.012,27.701,1.0130000000000001,27.670,24.8,27.701,56.2,27.670,-48,27.701,30.700000000000003,27.762,0,27.590,0.796,27.670,0.391,27.670,0,27.590,0008,27.670,01,27.701,10,27.590,57.7,27.701,0,27.701,0.78,27.670,3.341,27.701,00,27.701,00,27.590,150,27.590,2.065,,,,,,,,,,,,,,,,,,,,,,,,,,,,,,,,,,,,,,,,,,,,
27.822,26.760,000000,27.073,0,,,,,,,27.610,0,27.730,008700100000,27.730,0,27.642,58,27.642,0,27.867,0,27.762,1.012,27.790,1.0130000000000001,27.790,24.8,27.790,56.2,27.762,-48,27.790,30.700000000000003,27.762,0,27.762,0.796,27.790,0.386,27.790,0,27.762,0008,27.790,01,27.701,10,27.762,57.7,27.701,0,27.701,0.78,27.670,3.341,27.790,00,27.701,00,27.762,150,27.762,2.064,,,,,,,,,,,,,,,,,,,,,,,,,,,,,,,,,,,,,,,,,,,,
27.921,26.760,000000,27.073,0,,,,,,,27.969,0,27.730,008700100000,27.730,0,27.642,58,27.642,0,27.867,0,27.950,1.012,27.790,1.0130000000000001,27.790,24.8,27.921,56.2,27.890,-48,27.921,30.700000000000003,27.890,0,27.950,0.796,27.790,0.386,27.790,0,27.950,0008,27.790,01,27.890,10,27.950,57.7,27.890,0,27.890,0.78,27.890,3.341,27.921,00,27.890,00,27.762,150,27.762,2.064,,,,,,,,,,,,,,,,,,,,,,,,,,,,,,,,,,,,,,,,,,,,
28.022,26.760,000000,27.073,0,,,,,,,27.969,0,28.052,008700100000,27.730,0,28.012,58,28.012,0,27.867,0,27.950,1.012,27.990,1.0130000000000001,27.990,24.8,27.921,56.2,27.890,-48,27.921,30.700000000000003,27.890,0,27.950,0.796,27.990,0.391,27.990,0,27.950,0008,27.990,01,27.990,10,27.950,57.7,27.890,0,27.890,0.78,27.890,3.341,27.921,00,27.890,00,27.990,150,27.990,2.064,,,,,,,,,,,,,,,,,,,,,,,,,,,,,,,,,,,,,,,,,,,,
28.120,28.150,000000,27.073,0,,,,,,,27.969,0,28.052,008700100000,28.052,0,28.012,58,28.012,0,27.867,0,28.169,1.012,28.120,1.0130000000000001,28.169,24.8,28.169,56.2,28.120,-48,28.120,30.700000000000003,28.120,0,28.080,0.796,28.169,0.391,28.169,0,28.080,0008,28.169,01,28.120,10,28.080,57.7,28.080,0,28.080,0.78,28.120,3.34,28.120,00,28.080,00,28.169,150,28.169,2.064,,,,,,,,,,,,,,,,,,,,,,,,,,,,,,,,,,,,,,,,,,,,
28.232,28.150,000000,28.221,0,,,,,,,27.969,0,28.052,008700100000,28.052,0,28.012,58,28.012,0,27.867,0,28.169,1.012,28.201,1.0130000000000001,28.169,24.8,28.169,56.2,28.120,-48,28.201,30.700000000000003,28.120,0,28.201,0.796,28.169,0.391,28.169,0,28.201,0008,28.169,01,28.120,10,28.201,57.7,28.201,0,28.201,0.78,28.120,3.34,28.201,00,28.080,00,28.169,150,28.169,2.064,,,,,,,,,,,,,,,,,,,,,,,,,,,,,,,,,,,,,,,,,,,,
28.332,28.150,000000,28.221,0,,,,,,,27.969,0,28.052,008700100000,28.052,0,28.012,58,28.012,0,27.867,0,28.281,1.012,28.310,1.0130000000000001,28.281,24.8,28.310,55.5,28.350,-48,28.310,30.700000000000003,28.310,0,28.350,0.796,28.281,0.386,28.281,0,28.350,0008,28.281,01,28.310,10,28.350,57.7,28.350,0,28.350,0.78,28.310,3.34,28.310,00,28.350,00,28.281,150,28.310,2.065,,,,,,,,,,,,,,,,,,,,,,,,,,,,,,,,,,,,,,,,,,,,
28.420,28.150,000000,28.221,0,,,,,,,27.969,0,28.052,008700100000,28.052,0,28.012,58,28.012,0,27.867,0,28.474,1.012,28.310,1.0130000000000001,28.381,24.8,28.420,55.5,28.350,-48,28.420,30.700000000000003,28.310,0,28.474,0.796,28.381,0.391,28.381,0,28.474,0008,28.381,01,28.310,10,28.474,57.7,28.474,0,28.474,0.78,28.310,3.34,28.420,00,28.474,00,28.381,150,28.310,2.065,,,,,,,,,,,,,,,,,,,,,,,,,,,,,,,,,,,,,,,,,,,,
28.521,28.150,000000,28.221,0,,,,,,,27.969,0,28.052,008700100000,28.052,0,28.012,58,28.012,0,27.867,0,28.562,1.012,28.501,1.0130000000000001,28.501,24.8,28.562,56.2,28.501,-48,28.562,30.700000000000003,28.501,0,28.562,0.796,28.501,0.386,28.501,0,28.474,0008,28.501,01,28.562,10,28.474,57.7,28.474,0,28.474,0.78,28.562,3.342,28.562,00,28.474,00,28.501,150,28.562,2.064,,,,,,,,,,,,,,,,,,,,,,,,,,,,,,,,,,,,,,,,,,,,
28.623,28.150,000000,28.221,0,,,,,,,28.630,0,28.052,008700100000,28.052,0,28.672,58,28.012,0,28.580,0,28.650,1.012,28.610,1.0130000000000001,28.650,24.8,28.562,56.2,28.650,-48,28.562,30.700000000000003,28.650,0,28.610,0.796,28.650,0.391,28.650,0,28.610,0008,28.650,01,28.562,10,28.610,57.7,28.610,0,28.610,0.78,28.562,3.342,28.562,00,28.610,00,28.650,150,28.562,2.064,,,,,,,,,,,,,,,,,,,,,,,,,,,,,,,,,,,,,,,,,,,,
28.733,28.150,000000,28.221,0,,,,,,,28.630,0,28.700,008700100000,28.700,0,28.672,58,28.672,0,28.580,0,28.650,1.012,28.729,1.0130000000000001,28.650,24.8,28.729,55.5,28.650,-48,28.729,30.700000000000003,28.650,0,28.729,0.796,28.650,0.391,28.650,0,28.610,0008,28.650,01,28.729,10,28.610,57.7,28.610,0,28.610,0.78,28.729,3.339,28.729,00,28.610,00,28.650,150,28.729,2.065,,,,,,,,,,,,,,,,,,,,,,,,,,,,,,,,,,,,,,,,,,,,
28.820,28.150,000000,28.221,0,,,,,,,28.630,0,28.700,008700100000,28.700,0,28.672,58,28.672,0,28.580,0,28.762,1.012,28.829,1.0130000000000001,28.864,24.8,28.829,56.2,28.864,-48,28.829,30.700000000000003,28.829,0,28.864,0.796,28.762,0.386,28.762,0,28.762,0008,28.762,01,28.864,10,28.829,57.7,28.829,0,28.829,0.78,28.864,3.341,28.864,00,28.829,00,28.762,150,28.864,2.063,,,,,,,,,,,,,,,,,,,,,,,,,,,,,,,,,,,,,,,,,,,,
28.922,28.150,000000,28.221,0,,,,,,,28.630,0,28.700,008700100000,28.700,0,28.672,58,28.672,0,28.580,0,28.930,1.012,28.829,1.0130000000000001,28.864,24.8,28.930,56.2,28.864,-48,28.829,30.700000000000003,28.829,0,28.864,0.796,28.903,0.386,28.903,0,28.903,0008,28.903,01,28.864,10,28.829,57.7,28.829,0,28.829,0.78,28.864,3.341,28.864,00,28.829,00,28.903,150,28.864,2.063,,,,,,,,,,,,,,,,,,,,,,,,,,,,,,,,,,,,,,,,,,,,
29.022,28.150,000000,28.221,0,,,,,,,29.063,0,28.700,008700100000,28.700,0,28.672,58,28.672,0,29.051,0,29.001,1.012,29.030,1.0130000000000001,28.969,24.8,29.030,55.5,29.001,-48,29.030,30.700000000000003,29.001,0,28.969,0.796,29.001,0.391,29.001,0,29.001,0008,29.001,01,29.030,10,29.030,57.7,29.030,0,29.030,0.78,28.969,3.342,28.969,00,29.030,00,29.001,150,28.969,2.064,,,,,,,,,,,,,,,,,,,,,,,,,,,,,,,,,,,,,,,,,,,,
29.122,28.150,000000,28.221,0,,,,,,,29.063,0,28.700,008700100000,28.700,0,29.152,58,29.152,0,29.051,0,29.089,1.012,29.129,1.0130000000000001,29.089,24.8,29.030,55.5,29.089,-48,29.030,30.700000000000003,29.129,0,29.089,0.796,29.089,0.391,29.129,0,29.129,0008,29.129,01,29.030,10,29.129,57.7,29.129,0,29.030,0.78,29.089,3.34,29.089,00,29.030,00,29.129,150,29.089,2.065,,,,,,,,,,,,,,,,,,,,,,,,,,,,,,,,,,,,,,,,,,,,
29.221,29.250,000000,28.221,0,,,,,,,29.063,0,29.232,008700100000,29.232,0,29.152,58,29.152,0,29.051,0,29.181,1.012,29.209,1.0130000000000001,29.181,24.8,29.181,55.5,29.181,-48,29.181,30.700000000000003,29.209,0,29.209,0.796,29.209,0.391,29.129,0,29.129,0008,29.129,01,29.181,10,29.209,57.7,29.209,0,29.181,0.78,29.209,3.34,29.209,00,29.181,00,29.129,150,29.089,2.065,,,,,,,,,,,,,,,,,,,,,,,,,,,,,,,,,,,,,,,,,,,,
29.321,29.250,000000,29.290,0,,,,,,,29.063,0,29.232,008700100000,29.232,0,29.152,58,29.152,0,29.051,0,29.270,1.012,29.363,1.0130000000000001,29.270,24.8,29.363,55.5,29.270,-48,29.363,30.700000000000003,29.363,0,29.209,0.796,29.209,0.391,29.270,0,29.270,0008,29.270,01,29.363,10,29.363,57.7,29.363,0,29.363,0.78,29.209,3.34,29.209,00,29.181,00,29.270,150,29.270,2.065,,,,,,,,,,,,,,,,,,,,,,,,,,,,,,,,,,,,,,,,,,,,
29.422,29.250,000000,29.290,0,,,,,,,29.063,0,29.232,008700100000,29.232,0,29.152,58,29.152,0,29.051,0,29.450,1.012,29.363,1.0130000000000001,29.389,24.8,29.450,55.5,29.389,-48,29.363,30.700000000000003,29.363,0,29.389,0.796,29.420,0.391,29.420,0,29.420,0008,29.420,01,29.363,10,29.363,57.7,29.363,0,29.363,0.78,29.389,3.341,29.389,00,29.389,00,29.420,150,29.389,2.065,,,,,,,,,,,,,,,,,,,,,,,,,,,,,,,,,,,,,,,,,,,,
29.525,29.250,000000,29.290,0,,,,,,,29.063,0,29.232,008700100000,29.232,0,29.152,58,29.152,0,29.051,0,29.580,1.012,29.510,1.0130000000000001,29.481,24.8,29.510,55.5,29.481,-48,29.510,30.700000000000003,29.481,0,29.510,0.796,29.420,0.391,29.420,0,29.420,0008,29.420,01,29.510,10,29.481,57.7,29.510,0,29.510,0.78,29.510,3.342,29.389,00,29.389,00,29.420,150,29.389,2.065,,,,,,,,,,,,,,,,,,,,,,,,,,,,,,,,,,,,,,,,,,,,
29.620,29.250,000000,29.290,0,,,,,,,29.670,0,29.232,008700100000,29.232,0,29.152,58,29.152,0,29.630,0,29.650,1.012,29.610,1.0130000000000001,29.580,24.8,29.610,56.2,29.580,-48,29.650,30.700000000000003,29.610,0,29.510,0.796,29.580,0.391,29.580,0,29.610,0008,29.610,01,29.510,10,29.610,57.7,29.610,0,29.510,0.78,29.510,3.342,29.580,00,29.580,00,29.610,150,29.580,2.064,,,,,,,,,,,,,,,,,,,,,,,,,,,,,,,,,,,,,,,,,,,,
29.733,29.250,000000,29.290,0,,,,,,,29.670,0,29.711,008700100000,29.711,0,29.692,58,29.692,0,29.630,0,29.650,1.012,29.742,1.0130000000000001,29.742,24.8,29.610,56.2,29.742,-48,29.650,30.700000000000003,29.610,0,29.650,0.796,29.742,0.391,29.742,0,29.742,0008,29.742,01,29.650,10,29.610,57.7,29.610,0,29.650,0.78,29.650,3.341,29.650,00,29.650,00,29.610,150,29.742,2.065,,,,,,,,,,,,,,,,,,,,,,,,,,,,,,,,,,,,,,,,,,,,
29.824,29.250,000000,29.290,0,,,,,,,29.670,0,29.711,008700100000,29.711,0,29.692,58,29.692,0,29.630,0,29.781,1.012,29.850,1.0130000000000001,29.742,24.8,29.781,55.5,29.742,-48,29.781,30.700000000000003,29.781,0,29.650,0.796,29.742,0.391,29.742,0,29.742,0008,29.742,01,29.781,10,29.781,57.7,29.781,0,29.650,0.78,29.650,3.341,29.650,00,29.650,00,29.781,150,29.742,2.065,,,,,,,,,,,,,,,,,,,,,,,,,,,,,,,,,,,,,,,,,,,,
29.922,29.250,000000,29.290,0,,,,,,,29.670,0,29.711,008700100000,29.711,0,29.692,58,29.692,0,29.630,0,29.781,1.012,29.850,1.0130000000000001,29.930,24.8,29.850,55.5,29.930,-48,29.850,30.700000000000003,29.781,0,29.850,0.796,29.930,0.386,29.930,0,29.930,0008,29.742,01,29.890,10,29.781,57.7,29.781,0,29.850,0.78,29.850,3.342,29.850,00,29.850,00,29.781,150,29.742,2.065,,,,,,,,,,,,,,,,,,,,,,,,,,,,,,,,,,,,,,,,,,,,
30.022,29.250,000000,29.290,0,,,,,,,29.670,0,29.711,008700100000,29.711,0,29.692,58,29.692,0,29.630,0,29.962,1.012,30.050,1.0130000000000001,30.009,24.8,29.962,55.5,30.009,-48,30.009,30.700000000000003,30.050,0,30.050,0.796,30.009,0.391,30.009,0,30.009,0008,29.962,01,30.009,10,30.050,57.7,29.962,0,30.050,0.78,30.050,3.34,30.050,00,30.050,00,29.962,150,29.962,2.065,,,,,,,,,,,,,,,,,,,,,,,,,,,,,,,,,,,,,,,,,,,,
30.121,29.250,000000,29.290,0,,,,,,,30.147,0,29.711,008700100000,29.711,0,29.692,58,29.692,0,30.130,0,30.080,1.012,30.110,1.0130000000000001,30.080,24.8,30.080,55.5,30.080,-48,30.009,30.700000000000003,30.050,0,30.110,0.796,30.080,0.391,30.080,0,30.110,0008,30.110,01,30.009,10,30.050,57.7,30.080,0,30.110,0.78,30.110,3.34,30.110,00,30.110,00,30.080,150,29.962,2.065,,,,,,,,,,,,,,,,,,,,,,,,,,,,,,,,,,,,,,,,,,,,
30.221,29.250,000000,29.290,0,,,,,,,30.147,0,30.290,008700100000,30.290,0,30.202,58,30.202,0,30.130,0,30.262,1.012,30.230,1.012,30.169,24.8,30.262,56.2,30.230,-48,30.262,30.700000000000003,30.169,0,30.230,0.796,30.230,0.386,30.230,0,30.230,0008,30.262,01,30.169,10,30.169,57.7,30.262,0,30.230,0.78,30.230,3.341,30.262,00,30.262,00,30.262,150,30.169,2.065,,,,,,,,,,,,,,,,,,,,,,,,,,,,,,,,,,,,,,,,,,,,
30.321,30.370,000000,29.290,0,,,,,,,30.147,0,30.290,008700100000,30.290,0,30.202,58,30.202,0,30.130,0,30.262,1.012,30.320,1.0130000000000001,30.320,24.8,30.262,56.2,30.320,-48,30.262,30.700000000000003,30.350,0,30.320,0.796,30.320,0.391,30.320,0,30.320,0008,30.262,01,30.320,10,30.350,57.7,30.350,0,30.350,0.78,30.350,3.342,30.262,00,30.262,00,30.350,150,30.350,2.065,,,,,,,,,,,,,,,,,,,,,,,,,,,,,,,,,,,,,,,,,,,,
30.424,30.370,000000,29.290,0,,,,,,,30.147,0,30.290,008700100000,30.290,0,30.202,58,30.202,0,30.130,0,30.262,1.012,30.320,1.0130000000000001,30.441,24.8,30.390,55.5,30.441,-48,30.390,30.700000000000003,30.470,0,30.320,0.796,30.441,0.386,30.441,0,30.441,0008,30.262,01,30.320,10,30.350,57.7,30.350,0,30.350,0.78,30.350,3.342,30.262,00,30.262,00,30.350,150,30.350,2.065,,,,,,,,,,,,,,,,,,,,,,,,,,,,,,,,,,,,,,,,,,,,
30.521,30.370,000000,30.550,0,,,,,,,30.147,0,30.290,008700100000,30.290,0,30.202,58,30.202,0,30.130,0,30.470,1.012,30.529,1.0130000000000001,30.501,24.8,30.529,56.2,30.501,-48,30.529,30.700000000000003,30.529,0,30.470,0.796,30.529,0.386,30.529,0,30.529,0008,30.470,01,30.529,10,30.501,57.7,30.501,0,30.470,0.78,30.470,3.34,30.470,00,30.470,00,30.501,150,30.501,2.065,,,,,,,,,,,,,,,,,,,,,,,,,,,,,,,,,,,,,,,,,,,,
30.632,30.370,000000,30.550,0,,,,,,,30.147,0,30.290,008700100000,30.290,0,30.202,58,30.202,0,30.130,0,30.589,1.012,30.621,1.0130000000000001,30.589,24.8,30.621,55.5,30.589,-48,30.621,30.700000000000003,30.621,0,30.589,0.796,30.589,0.386,30.589,0,30.589,0008,30.589,01,30.529,10,30.501,57.7,30.501,0,30.621,0.78,30.621,3.34,30.621,00,30.621,00,30.501,150,30.501,2.065,,,,,,,,,,,,,,,,,,,,,,,,,,,,,,,,,,,,,,,,,,,,
30.724,30.370,000000,30.550,0,,,,,,,30.723,0,30.290,008700100000,30.290,0,30.202,58,30.202,0,30.708,0,30.670,1.012,30.750,1.0130000000000001,30.670,24.8,30.621,55.5,30.670,-48,30.621,30.700000000000003,30.621,0,30.750,0.796,30.750,0.386,30.750,0,30.750,0008,30.750,01,30.670,10,30.670,57.7,30.670,0,30.750,0.78,30.750,3.34,30.781,00,30.621,00,30.670,150,30.670,2.065,,,,,,,,,,,,,,,,,,,,,,,,,,,,,,,,,,,,,,,,,,,,
30.826,30.370,000000,30.550,0,,,,,,,30.723,0,30.822,008700100000,30.822,0,30.801,58,30.801,0,30.708,0,30.781,1.012,30.870,1.0130000000000001,30.870,24.8,30.781,55.5,30.670,-48,30.781,30.700000000000003,30.781,0,30.750,0.796,30.750,0.386,30.750,0,30.750,0008,30.750,01,30.670,10,30.781,57.7,30.781,0,30.750,0.78,30.750,3.34,30.781,00,30.781,00,30.670,150,30.670,2.065,,,,,,,,,,,,,,,,,,,,,,,,,,,,,,,,,,,,,,,,,,,,
30.930,30.370,000000,30.550,0,,,,,,,30.723,0,30.822,008700100000,30.822,0,30.801,58,30.801,0,30.708,0,30.781,1.012,30.870,1.0130000000000001,30.870,24.8,30.902,55.5,30.870,-48,30.902,30.700000000000003,30.781,0,30.870,0.796,30.750,0.386,30.750,0,30.750,0008,30.870,01,30.870,10,30.902,57.7,30.902,0,30.902,0.78,30.902,3.341,30.781,00,30.781,00,30.870,150,30.870,2.065,,,,,,,,,,,,,,,,,,,,,,,,,,,,,,,,,,,,,,,,,,,,
31.021,30.370,000000,30.550,0,,,,,,,30.723,0,30.822,008700100000,30.822,0,30.801,58,30.801,0,30.708,0,31.010,1.012,31.041,1.0130000000000001,31.010,24.8,31.041,55.5,31.010,-48,31.041,30.700000000000003,31.010,0,31.010,0.796,30.950,0.386,30.950,0,30.950,0008,31.010,01,31.010,10,31.041,57.7,31.041,0,30.902,0.78,30.902,3.341,31.010,00,31.041,00,31.041,150,31.041,2.065,,,,,,,,,,,,,,,,,,,,,,,,,,,,,,,,,,,,,,,,,,,,
31.120,30.370,000000,30.550,0,,,,,,,31.150,0,30.822,008700100000,30.822,0,30.801,58,30.801,0,31.071,0,31.169,1.012,31.129,1.0130000000000001,31.101,24.8,31.169,55.5,31.101,-48,31.169,30.700000000000003,31.129,0,31.129,0.796,31.101,0.386,31.101,0,31.101,0008,31.129,01,31.129,10,31.169,57.7,31.169,0,31.169,0.78,31.169,3.341,31.129,00,31.129,00,31.129,150,31.169,2.065,,,,,,,,,,,,,,,,,,,,,,,,,,,,,,,,,,,,,,,,,,,,
31.221,30.370,000000,30.550,0,,,,,,,31.150,0,31.211,008700100000,31.211,0,31.191,58,31.191,0,31.071,0,31.169,1.012,31.242,1.0130000000000001,31.242,24.8,31.169,55.5,31.242,-48,31.169,30.700000000000003,31.242,0,31.242,0.796,31.242,0.391,31.242,0,31.242,0008,31.129,01,31.129,10,31.169,57.7,31.169,0,31.169,0.78,31.169,3.341,31.129,00,31.129,00,31.129,150,31.169,2.065,,,,,,,,,,,,,,,,,,,,,,,,,,,,,,,,,,,,,,,,,,,,
31.322,31.291,000000,31.370,0,,,,,,,31.150,0,31.211,008700100000,31.211,0,31.191,58,31.191,0,31.071,0,31.270,1.012,31.320,1.0130000000000001,31.350,24.8,31.270,56.2,31.350,-48,31.320,30.700000000000003,31.350,0,31.350,0.796,31.320,0.391,31.320,0,31.350,0008,31.350,01,31.350,10,31.320,57.7,31.320,0,31.320,0.78,31.320,3.342,31.270,00,31.270,00,31.270,150,31.270,2.064,,,,,,,,,,,,,,,,,,,,,,,,,,,,,,,,,,,,,,,,,,,,
31.421,31.291,000000,31.370,0,,,,,,,31.150,0,31.211,008700100000,31.211,0,31.191,58,31.191,0,31.071,0,31.270,1.012,31.320,1.0130000000000001,31.350,24.8,31.390,55.5,31.350,-48,31.320,30.700000000000003,31.350,0,31.350,0.796,31.421,0.386,31.421,0,31.350,0008,31.350,01,31.350,10,31.320,57.7,31.320,0,31.320,0.78,31.320,3.342,31.390,00,31.390,00,31.390,150,31.390,2.065,,,,,,,,,,,,,,,,,,,,,,,,,,,,,,,,,,,,,,,,,,,,
31.521,31.291,000000,31.370,0,,,,,,,31.150,0,31.211,008700100000,31.211,0,31.191,58,31.191,0,31.071,0,31.481,1.012,31.542,1.0130000000000001,31.481,24.8,31.542,55.5,31.481,-48,31.542,30.700000000000003,31.481,0,31.481,0.796,31.542,0.391,31.421,0,31.481,0008,31.481,01,31.481,10,31.542,57.7,31.542,0,31.542,0.78,31.542,3.341,31.390,00,31.390,00,31.390,150,31.390,2.065,,,,,,,,,,,,,,,,,,,,,,,,,,,,,,,,,,,,,,,,,,,,
31.623,31.291,000000,31.370,0,,,,,,,31.653,0,31.211,008700100000,31.211,0,31.671,58,31.191,0,31.640,0,31.590,1.012,31.620,1.0130000000000001,31.620,24.8,31.542,55.5,31.620,-48,31.590,30.700000000000003,31.620,0,31.481,0.796,31.620,0.386,31.590,0,31.481,0008,31.481,01,31.481,10,31.590,57.7,31.620,0,31.620,0.78,31.620,3.34,31.590,00,31.590,00,31.590,150,31.590,2.065,,,,,,,,,,,,,,,,,,,,,,,,,,,,,,,,,,,,,,,,,,,,
31.732,31.291,000000,31.370,0,,,,,,,31.653,0,31.771,008700100000,31.771,0,31.671,58,31.671,0,31.640,0,31.701,1.012,31.741,1.0130000000000001,31.620,24.8,31.741,55.5,31.620,-48,31.741,30.700000000000003,31.620,0,31.701,0.796,31.620,0.386,31.590,0,31.701,0008,31.701,01,31.701,10,31.741,57.7,31.741,0,31.741,0.78,31.741,3.341,31.701,00,31.701,00,31.701,150,31.741,2.065,,,,,,,,,,,,,,,,,,,,,,,,,,,,,,,,,,,,,,,,,,,,
31.832,31.291,000000,31.370,0,,,,,,,31.653,0,31.771,008700100000,31.771,0,31.671,58,31.671,0,31.640,0,31.801,1.012,31.741,1.0130000000000001,31.801,24.8,31.741,55.5,31.801,-48,31.741,30.700000000000003,31.801,0,31.801,0.796,31.801,0.391,31.801,0,31.801,0008,31.701,01,31.701,10,31.741,57.7,31.741,0,31.741,0.78,31.741,3.341,31.701,00,31.701,00,31.701,150,31.741,2.065,,,,,,,,,,,,,,,,,,,,,,,,,,,,,,,,,,,,,,,,,,,,
31.920,31.291,000000,31.370,0,,,,,,,31.653,0,31.771,008700100000,31.771,0,31.671,58,31.671,0,31.640,0,31.921,1.012,31.870,1.0130000000000001,31.801,24.8,31.921,55.5,31.801,-48,31.921,30.700000000000003,31.801,0,31.801,0.796,31.801,0.391,31.801,0,31.801,0008,31.870,01,31.870,10,31.921,57.7,31.921,0,31.921,0.78,31.921,3.34,31.870,00,31.870,00,31.870,150,31.921,2.065,,,,,,,,,,,,,,,,,,,,,,,,,,,,,,,,,,,,,,,,,,,,
32.021,31.291,000000,31.370,0,,,,,,,31.653,0,31.771,008700100000,31.771,0,31.671,58,31.671,0,32.060,0,32.001,1.012,32.029,1.0130000000000001,32.029,24.8,31.921,55.5,32.029,-48,31.921,30.700000000000003,32.001,0,32.001,0.796,32.001,0.391,32.001,0,32.001,0008,32.029,01,32.029,10,31.921,57.7,31.921,0,31.921,0.78,31.921,3.34,32.029,00,32.029,00,32.029,150,31.921,2.065,,,,,,,,,,,,,,,,,,,,,,,,,,,,,,,,,,,,,,,,,,,,
32.121,31.291,000000,31.370,0,,,,,,,32.140,0,31.771,008700100000,31.771,0,32.164,58,32.164,0,32.060,0,32.081,1.012,32.120,1.0130000000000001,32.029,24.8,32.081,55.5,32.029,-48,32.081,30.700000000000003,32.081,0,32.120,0.796,32.081,0.386,32.081,0,32.120,0008,32.120,01,32.120,10,32.081,57.7,32.081,0,32.120,0.78,32.120,3.342,32.029,00,32.029,00,32.029,150,32.120,2.065,,,,,,,,,,,,,,,,,,,,,,,,,,,,,,,,,,,,,,,,,,,,
32.222,32.260,000000,31.370,0,,,,,,,32.140,0,32.241,008700100000,32.241,0,32.164,58,32.164,0,32.060,0,32.190,1.012,32.220,1.0130000000000001,32.190,24.8,32.220,55.5,32.190,-48,32.220,30.700000000000003,32.190,0,32.120,0.796,32.190,0.386,32.220,0,32.120,0008,32.120,01,32.120,10,32.220,57.7,32.220,0,32.220,0.78,32.220,3.341,32.190,00,32.190,00,32.190,150,32.120,2.065,,,,,,,,,,,,,,,,,,,,,,,,,,,,,,,,,,,,,,,,,,,,
32.321,32.260,000000,31.370,0,,,,,,,32.140,0,32.241,008700100000,32.241,0,32.164,58,32.164,0,32.060,0,32.281,1.012,32.321,1.0130000000000001,32.321,24.8,32.321,55.5,32.321,-48,32.321,30.700000000000003,32.321,0,32.350,0.796,32.321,0.391,32.220,0,32.350,0008,32.350,01,32.281,10,32.350,57.7,32.350,0,32.350,0.78,32.350,3.34,32.281,00,32.281,00,32.321,150,32.281,2.065,,,,,,,,,,,,,,,,,,,,,,,,,,,,,,,,,,,,,,,,,,,,
32.421,32.260,000000,31.370,0,,,,,,,32.140,0,32.241,008700100000,32.241,0,32.164,58,32.164,0,32.060,0,32.430,1.012,32.462,1.0130000000000001,32.321,24.8,32.430,55.5,32.321,-48,32.430,30.700000000000003,32.321,0,32.462,0.796,32.321,0.391,32.401,0,32.462,0008,32.462,01,32.462,10,32.350,57.7,32.350,0,32.350,0.78,32.350,3.34,32.462,00,32.462,00,32.321,150,32.462,2.065,,,,,,,,,,,,,,,,,,,,,,,,,,,,,,,,,,,,,,,,,,,,
32.522,32.260,000000,32.560,0,,,,,,,32.140,0,32.241,008700100000,32.241,0,32.164,58,32.164,0,32.060,0,32.490,1.012,32.530,1.0130000000000001,32.490,24.8,32.430,55.5,32.490,-48,32.430,30.700000000000003,32.490,0,32.530,0.796,32.490,0.391,32.490,0,32.530,0008,32.530,01,32.462,10,32.490,57.7,32.530,0,32.530,0.78,32.530,3.34,32.462,00,32.462,00,32.490,150,32.530,2.065,,,,,,,,,,,,,,,,,,,,,,,,,,,,,,,,,,,,,,,,,,,,
32.622,32.260,000000,32.560,0,,,,,,,32.140,0,32.241,008700100000,32.241,0,32.164,58,32.164,0,32.060,0,32.581,1.012,32.642,1.0130000000000001,32.581,24.8,32.642,55.5,32.581,-48,32.642,30.700000000000003,32.581,0,32.530,0.796,32.642,0.386,32.581,0,32.530,0008,32.530,01,32.581,10,32.642,57.7,32.642,0,32.642,0.78,32.530,3.34,32.581,00,32.581,00,32.642,150,32.530,2.065,,,,,,,,,,,,,,,,,,,,,,,,,,,,,,,,,,,,,,,,,,,,
32.720,32.260,000000,32.560,0,,,,,,,32.760,0,32.241,008700100000,32.241,0,32.164,58,32.164,0,32.720,0,32.701,1.012,32.741,1.0130000000000001,32.741,24.8,32.741,55.5,32.741,-48,32.741,30.700000000000003,32.741,0,32.701,0.796,32.642,0.386,32.741,0,32.701,0008,32.701,01,32.701,10,32.642,57.7,32.642,0,32.642,0.78,32.701,3.341,32.701,00,32.741,00,32.642,150,32.701,2.065,,,,,,,,,,,,,,,,,,,,,,,,,,,,,,,,,,,,,,,,,,,,
32.822,32.260,000000,32.560,0,,,,,,,32.760,0,32.850,008700100000,32.850,0,32.781,58,32.781,0,32.720,0,32.810,1.012,32.881,1.0130000000000001,32.741,24.8,32.741,55.5,32.741,-48,32.741,30.700000000000003,32.741,0,32.810,0.796,32.810,0.391,32.741,0,32.810,0008,32.701,01,32.701,10,32.810,57.7,32.810,0,32.810,0.78,32.701,3.341,32.701,00,32.741,00,32.810,150,32.701,2.065,,,,,,,,,,,,,,,,,,,,,,,,,,,,,,,,,,,,,,,,,,,,
32.925,32.260,000000,32.560,0,,,,,,,32.760,0,32.850,008700100000,32.850,0,32.781,58,32.781,0,32.720,0,32.810,1.012,32.881,1.0130000000000001,32.941,24.8,32.941,55.5,32.941,-48,32.941,30.700000000000003,32.941,0,32.810,0.796,32.910,0.386,32.941,0,32.970,0008,32.881,01,32.881,10,32.810,57.7,32.810,0,32.810,0.78,32.881,3.342,32.881,00,32.741,00,32.910,150,32.881,2.065,,,,,,,,,,,,,,,,,,,,,,,,,,,,,,,,,,,,,,,,,,,,
33.030,32.260,000000,32.560,0,,,,,,,32.760,0,32.850,008700100000,32.850,0,32.781,58,32.781,0,32.720,0,33.030,1.012,33.001,1.0130000000000001,33.001,24.8,33.030,55.5,33.030,-48,33.030,30.700000000000003,33.030,0,33.030,0.796,33.001,0.391,33.030,0,33.030,0008,32.970,01,32.970,10,33.001,57.7,33.001,0,33.001,0.78,32.970,3.341,32.970,00,32.970,00,33.001,150,33.001,2.065,,,,,,,,,,,,,,,,,,,,,,,,,,,,,,,,,,,,,,,,,,,,
33.122,32.260,000000,32.560,0,,,,,,,33.173,0,32.850,008700100000,32.850,0,32.781,58,32.781,0,33.160,0,33.130,1.012,33.101,1.0130000000000001,33.130,24.8,33.130,55.5,33.130,-48,33.130,30.700000000000003,33.030,0,33.030,0.796,33.130,0.391,33.030,0,33.030,0008,33.101,01,33.101,10,33.101,57.7,33.101,0,33.130,0.78,33.101,3.341,33.101,00,32.970,00,33.130,150,33.101,2.065,,,,,,,,,,,,,,,,,,,,,,,,,,,,,,,,,,,,,,,,,,,,
33.222,32.260,000000,32.560,0,,,,,,,33.173,0,32.850,008700100000,32.850,0,33.262,58,33.262,0,33.160,0,33.230,1.012,33.201,1.0130000000000001,33.230,24.8,33.230,55.5,33.230,-48,33.230,30.700000000000003,33.201,0,33.230,0.796,33.130,0.391,33.201,0,33.230,0008,33.230,01,33.101,10,33.201,57.7,33.201,0,33.130,0.78,33.101,3.341,33.101,00,33.201,00,33.130,150,33.101,2.065,,,,,,,,,,,,,,,,,,,,,,,,,,,,,,,,,,,,,,,,,,,,
33.322,32.260,000000,32.560,0,,,,,,,33.173,0,32.850,008700100000,32.850,0,33.262,58,33.262,0,33.160,0,33.321,1.012,33.364,1.0130000000000001,33.321,24.8,33.321,55.5,33.321,-48,33.321,30.700000000000003,33.321,0,33.364,0.796,33.290,0.386,33.364,0,33.364,0008,33.364,01,33.364,10,33.290,57.7,33.290,0,33.321,0.78,33.364,3.342,33.290,00,33.364,00,33.321,150,33.290,2.065,,,,,,,,,,,,,,,,,,,,,,,,,,,,,,,,,,,,,,,,,,,,
33.421,32.260,000000,32.560,0,,,,,,,33.173,0,33.412,008700100000,33.412,0,33.262,58,33.262,0,33.160,0,33.321,1.012,33.364,1.0130000000000001,33.321,24.8,33.321,55.5,33.321,-48,33.321,30.700000000000003,33.321,0,33.364,0.796,33.441,0.386,33.364,0,33.364,0008,33.364,01,33.364,10,33.390,57.7,33.390,0,33.441,0.78,33.364,3.342,33.390,00,33.364,00,33.321,150,33.390,2.065,,,,,,,,,,,,,,,,,,,,,,,,,,,,,,,,,,,,,,,,,,,,
33.522,33.560,000000,32.560,0,,,,,,,33.173,0,33.412,008700100000,33.412,0,33.262,58,33.262,0,33.160,0,33.541,1.012,33.510,1.0130000000000001,33.481,24.8,33.481,56.2,33.481,-48,33.481,30.700000000000003,33.541,0,33.510,0.796,33.541,0.386,33.541,0,33.510,0008,33.510,01,33.510,10,33.541,57.7,33.541,0,33.541,0.78,33.510,3.341,33.510,00,33.510,00,33.481,150,33.541,2.065,,,,,,,,,,,,,,,,,,,,,,,,,,,,,,,,,,,,,,,,,,,,
33.621,33.560,000000,33.600,0,,,,,,,33.173,0,33.412,008700100000,33.412,0,33.262,58,33.262,0,33.160,0,33.581,1.012,33.621,1.0130000000000001,33.581,24.8,33.581,55.5,33.581,-48,33.581,30.700000000000003,33.581,0,33.621,0.796,33.541,0.386,33.581,0,33.621,0008,33.621,01,33.621,10,33.541,57.7,33.541,0,33.541,0.78,33.621,3.34,33.621,00,33.621,00,33.581,150,33.541,2.065,,,,,,,,,,,,,,,,,,,,,,,,,,,,,,,,,,,,,,,,,,,,
33.721,33.560,000000,33.600,0,,,,,,,33.770,0,33.412,008700100000,33.412,0,33.262,58,33.262,0,33.730,0,33.710,1.012,33.750,1.0130000000000001,33.710,24.8,33.710,55.5,33.750,-48,33.750,30.700000000000003,33.750,0,33.750,0.796,33.710,0.386,33.750,0,33.750,0008,33.621,01,33.621,10,33.710,57.7,33.710,0,33.710,0.78,33.621,3.34,33.621,00,33.621,00,33.750,150,33.710,2.067,,,,,,,,,,,,,,,,,,,,,,,,,,,,,,,,,,,,,,,,,,,,
33.821,33.560,000000,33.600,0,,,,,,,33.770,0,33.860,008700100000,33.860,0,33.791,58,33.791,0,33.730,0,33.821,1.012,33.750,1.0130000000000001,33.710,24.8,33.710,55.5,33.750,-48,33.750,30.700000000000003,33.750,0,33.750,0.796,33.710,0.386,33.750,0,33.750,0008,33.821,01,33.821,10,33.821,57.7,33.821,0,33.710,0.78,33.821,3.341,33.821,00,33.821,00,33.750,150,33.710,2.067,,,,,,,,,,,,,,,,,,,,,,,,,,,,,,,,,,,,,,,,,,,,
33.933,33.560,000000,33.600,0,,,,,,,33.770,0,33.860,008700100000,33.860,0,33.791,58,33.791,0,33.730,0,33.821,1.012,33.902,1.0130000000000001,33.902,24.8,33.902,55.5,33.902,-48,33.902,30.700000000000003,33.930,0,33.930,0.796,33.902,0.391,33.930,0,33.930,0008,33.821,01,33.821,10,33.962,57.7,33.821,0,33.902,0.78,33.821,3.341,33.821,00,33.821,00,33.930,150,33.902,2.065,,,,,,,,,,,,,,,,,,,,,,,,,,,,,,,,,,,,,,,,,,,,
34.033,33.560,000000,33.600,0,,,,,,,33.770,0,33.860,008700100000,33.860,0,33.791,58,33.791,0,33.730,0,33.990,1.012,34.030,1.0130000000000001,34.030,24.900000000000002,34.030,55.5,34.030,-48,34.030,30.700000000000003,33.930,0,33.930,0.796,34.030,0.386,33.930,0,33.930,0008,33.990,01,33.990,10,33.962,57.7,33.990,0,34.030,0.78,33.990,3.34,33.990,00,33.990,00,33.930,150,34.030,2.065,,,,,,,,,,,,,,,,,,,,,,,,,,,,,,,,,,,,,,,,,,,,
34.126,33.560,000000,33.600,0,,,,,,,33.770,0,33.860,008700100000,33.860,0,33.791,58,33.791,0,33.730,0,34.110,1.012,34.030,1.0130000000000001,34.030,24.900000000000002,34.030,55.5,34.030,-48,34.030,30.700000000000003,34.110,0,34.110,0.796,34.030,0.386,34.151,0,33.930,0008,34.110,01,34.110,10,33.962,57.7,33.990,0,34.030,0.78,34.110,3.339,34.110,00,34.110,00,33.930,150,34.030,2.065,,,,,,,,,,,,,,,,,,,,,,,,,,,,,,,,,,,,,,,,,,,,
34.231,33.560,000000,33.600,0,,,,,,,34.250,0,33.860,008700100000,33.860,0,33.791,58,33.791,0,34.180,0,34.201,1.012,34.230,1.0130000000000001,34.230,24.8,34.151,55.5,34.151,-48,34.201,30.700000000000003,34.230,0,34.230,0.796,34.201,0.386,34.151,0,34.151,0008,34.201,01,34.201,10,34.230,57.7,34.201,0,34.201,0.78,34.230,3.341,34.230,00,34.230,00,34.151,150,34.201,2.065,,,,,,,,,,,,,,,,,,,,,,,,,,,,,,,,,,,,,,,,,,,,
34.321,33.560,000000,33.600,0,,,,,,,34.250,0,33.860,008700100000,33.860,0,34.271,58,34.271,0,34.180,0,34.301,1.012,34.351,1.0130000000000001,34.351,24.8,34.301,55.5,34.301,-48,34.351,30.700000000000003,34.301,0,34.301,0.796,34.351,0.386,34.301,0,34.351,0008,34.301,01,34.301,10,34.351,57.7,34.351,0,34.201,0.78,34.230,3.341,34.230,00,34.230,00,34.351,150,34.201,2.065,,,,,,,,,,,,,,,,,,,,,,,,,,,,,,,,,,,,,,,,,,,,
34.421,33.560,000000,33.600,0,,,,,,,34.250,0,33.860,008700100000,33.860,0,34.271,58,34.271,0,34.180,0,34.441,1.012,34.470,1.0130000000000001,34.441,24.8,34.441,55.5,34.470,-48,34.470,30.700000000000003,34.441,0,34.441,0.796,34.470,0.386,34.441,0,34.351,0008,34.470,01,34.381,10,34.441,57.7,34.470,0,34.470,0.78,34.410,3.342,34.410,00,34.441,00,34.351,150,34.470,2.065,,,,,,,,,,,,,,,,,,,,,,,,,,,,,,,,,,,,,,,,,,,,
34.522,33.560,000000,33.600,0,,,,,,,34.250,0,34.571,008700100000,34.571,0,34.271,58,34.271,0,34.180,0,34.501,1.012,34.551,1.0130000000000001,34.501,24.8,34.551,56.2,34.551,-48,34.551,30.700000000000003,34.441,0,34.441,0.796,34.551,0.391,34.441,0,34.501,0008,34.470,01,34.501,10,34.501,57.7,34.551,0,34.551,0.78,34.501,3.341,34.501,00,34.441,00,34.501,150,34.551,2.064,,,,,,,,,,,,,,,,,,,,,,,,,,,,,,,,,,,,,,,,,,,,
34.622,34.660,000000,33.600,0,,,,,,,34.250,0,34.571,008700100000,34.571,0,34.271,58,34.271,0,34.180,0,34.601,1.012,34.630,1.0130000000000001,34.630,24.8,34.630,55.5,34.630,-48,34.551,30.700000000000003,34.601,0,34.601,0.796,34.551,0.391,34.601,0,34.630,0008,34.601,01,34.601,10,34.630,57.7,34.551,0,34.551,0.78,34.601,3.34,34.601,00,34.630,00,34.630,150,34.551,2.064,,,,,,,,,,,,,,,,,,,,,,,,,,,,,,,,,,,,,,,,,,,,
34.722,34.660,000000,34.680,0,,,,,,,34.250,0,34.571,008700100000,34.571,0,34.271,58,34.271,0,34.180,0,34.701,1.012,34.730,1.0130000000000001,34.630,24.8,34.630,55.5,34.630,-48,34.701,30.700000000000003,34.730,0,34.730,0.796,34.701,0.386,34.730,0,34.730,0008,34.701,01,34.701,10,34.630,57.7,34.701,0,34.701,0.78,34.730,3.342,34.730,00,34.730,00,34.630,150,34.701,2.065,,,,,,,,,,,,,,,,,,,,,,,,,,,,,,,,,,,,,,,,,,,,
34.822,34.660,000000,34.680,0,,,,,,,34.250,0,34.571,008700100000,34.571,0,34.271,58,34.271,0,34.870,0,34.790,1.012,34.851,1.0130000000000001,34.790,24.8,34.851,55.5,34.851,-48,34.701,30.700000000000003,34.851,0,34.851,0.796,34.701,0.386,34.851,0,34.851,0008,34.790,01,34.790,10,34.790,57.7,34.701,0,34.701,0.78,34.730,3.342,34.730,00,34.851,00,34.790,150,34.701,2.065,,,,,,,,,,,,,,,,,,,,,,,,,,,,,,,,,,,,,,,,,,,,
34.921,34.660,000000,34.680,0,,,,,,,34.910,0,34.571,008700100000,34.571,0,34.271,58,34.271,0,34.870,0,34.790,1.012,34.851,1.0130000000000001,34.790,24.8,34.851,55.5,34.851,-48,34.890,30.700000000000003,34.851,0,34.851,0.796,34.890,0.391,34.851,0,34.851,0008,34.930,01,34.930,10,34.790,57.7,34.890,0,34.890,0.78,34.730,3.342,34.730,00,34.851,00,34.790,150,34.890,2.067,,,,,,,,,,,,,,,,,,,,,,,,,,,,,,,,,,,,,,,,,,,,
35.022,34.660,000000,34.680,0,,,,,,,34.910,0,35.071,008700100000,35.071,0,35.052,58,35.052,0,34.870,0,35.030,1.012,35.001,1.0130000000000001,35.030,24.8,34.970,55.5,35.001,-48,35.001,30.700000000000003,35.001,0,35.030,0.796,35.001,0.391,35.030,0,35.030,0008,34.930,01,34.930,10,35.030,57.7,35.001,0,35.001,0.78,34.970,3.34,34.970,00,35.030,00,35.030,150,35.001,2.065,,,,,,,,,,,,,,,,,,,,,,,,,,,,,,,,,,,,,,,,,,,,
35.120,34.660,000000,34.680,0,,,,,,,34.910,0,35.071,008700100000,35.071,0,35.052,58,35.052,0,34.870,0,35.030,1.012,35.130,1.0130000000000001,35.030,24.8,35.130,55.5,35.001,-48,35.130,30.700000000000003,35.001,0,35.030,0.796,35.130,0.391,35.030,0,35.030,0008,35.130,01,34.930,10,35.030,57.7,35.130,0,35.130,0.78,34.970,3.34,34.970,00,35.030,00,35.030,150,35.130,2.067,,,,,,,,,,,,,,,,,,,,,,,,,,,,,,,,,,,,,,,,,,,,
35.220,35.260,000000,35.280,0,,,,,,,35.240,0,35.071,008700100000,35.071,0,35.052,58,35.052,0,35.200,0,35.221,1.012,35.221,1.0130000000000001,35.221,24.8,35.130,55.5,35.221,-48,35.130,30.700000000000003,35.173,0,35.173,0.796,35.130,0.391,35.173,0,35.173,0008,35.130,01,35.173,10,35.221,57.7,35.130,0,35.130,0.78,35.221,3.34,35.221,00,35.173,00,35.221,150,35.130,2.067,,,,,,,,,,,,,,,,,,,,,,,,,,,,,,,,,,,,,,,,,,,,
35.334,35.260,000000,35.280,0,,,,,,,35.240,0,35.071,008700100000,35.071,0,35.052,58,35.052,0,35.200,0,35.301,1.012,35.221,1.0130000000000001,35.221,24.8,35.301,55.5,35.221,-48,35.301,30.700000000000003,35.341,0,35.341,0.796,35.301,0.391,35.341,0,35.341,0008,35.301,01,35.341,10,35.221,57.7,35.301,0,35.301,0.78,35.341,3.341,35.221,00,35.341,00,35.221,150,35.301,2.067,,,,,,,,,,,,,,,,,,,,,,,,,,,,,,,,,,,,,,,,,,,,
35.430,35.260,000000,35.280,0,,,,,,,35.240,0,35.071,008700100000,35.071,0,35.052,58,35.052,0,35.200,0,35.450,1.012,35.410,1.0130000000000001,35.370,24.8,35.410,55.5,35.370,-48,35.450,30.700000000000003,35.450,0,35.341,0.796,35.450,0.386,35.341,0,35.341,0008,35.450,01,35.341,10,35.370,57.7,35.450,0,35.450,0.78,35.341,3.341,35.370,00,35.341,00,35.370,150,35.450,2.067,,,,,,,,,,,,,,,,,,,,,,,,,,,,,,,,,,,,,,,,,,,,
35.521,35.260,000000,35.280,0,,,,,,,35.240,0,35.071,008700100000,35.071,0,35.052,58,35.052,0,35.200,0,35.510,1.012,35.541,1.0130000000000001,35.510,24.8,35.541,55.5,35.541,-48,35.541,30.700000000000003,35.510,0,35.481,0.796,35.541,0.391,35.481,0,35.481,0008,35.450,01,35.481,10,35.541,57.7,35.450,0,35.450,0.78,35.481,3.34,35.541,00,35.481,00,35.541,150,35.450,2.067,,,,,,,,,,,,,,,,,,,,,,,,,,,,,,,,,,,,,,,,,,,,
35.621,35.260,000000,35.280,0,,,,,,,35.240,0,35.071,008700100000,35.071,0,35.052,58,35.052,0,35.200,0,35.610,1.012,35.651,1.0130000000000001,35.651,24.8,35.541,55.5,35.651,-48,35.541,30.700000000000003,35.610,0,35.610,0.796,35.541,0.391,35.610,0,35.651,0008,35.610,01,35.651,10,35.651,57.7,35.610,0,35.610,0.78,35.651,3.342,35.541,00,35.651,00,35.541,150,35.610,2.067,,,,,,,,,,,,,,,,,,,,,,,,,,,,,,,,,,,,,,,,,,,,
35.721,35.260,000000,35.280,0,,,,,,,35.240,0,35.762,008700100000,35.762,0,35.720,58,35.720,0,35.780,0,35.701,1.012,35.741,1.0130000000000001,35.651,24.8,35.701,55.5,35.651,-48,35.701,30.700000000000003,35.741,0,35.741,0.796,35.701,0.391,35.741,0,35.741,0008,35.701,01,35.741,10,35.651,57.7,35.701,0,35.741,0.78,35.651,3.342,35.701,00,35.651,00,35.701,150,35.741,2.067,,,,,,,,,,,,,,,,,,,,,,,,,,,,,,,,,,,,,,,,,,,,
35.821,35.260,000000,35.280,0,,,,,,,35.240,0,35.762,008700100000,35.762,0,35.720,58,35.720,0,35.780,0,35.813,1.012,35.741,1.0130000000000001,35.813,24.8,35.851,55.5,35.813,-48,35.851,30.700000000000003,35.851,0,35.851,0.796,35.851,0.391,35.741,0,35.741,0008,35.851,01,35.741,10,35.813,57.7,35.851,0,35.741,0.78,35.813,3.34,35.813,00,35.813,00,35.813,150,35.741,2.067,,,,,,,,,,,,,,,,,,,,,,,,,,,,,,,,,,,,,,,,,,,,
35.921,35.260,000000,35.280,0,,,,,,,35.970,0,35.762,008700100000,35.762,0,35.720,58,35.720,0,35.780,0,35.941,1.012,35.941,1.0130000000000001,35.881,24.8,35.851,55.5,35.881,-48,35.851,30.700000000000003,35.941,0,35.941,0.796,35.851,0.391,35.881,0,35.881,0008,35.851,01,35.881,10,35.910,57.7,35.851,0,35.941,0.78,35.941,3.342,35.910,00,35.813,00,35.910,150,35.941,2.065,,,,,,,,,,,,,,,,,,,,,,,,,,,,,,,,,,,,,,,,,,,,
36.021,35.260,000000,35.280,0,,,,,,,35.970,0,35.762,008700100000,35.762,0,36.080,58,36.080,0,35.780,0,35.990,1.012,36.062,1.0130000000000001,35.990,24.8,36.062,55.5,35.990,-48,36.062,30.700000000000003,36.062,0,35.941,0.796,36.062,0.391,35.881,0,35.881,0008,36.062,01,35.881,10,35.990,57.7,36.062,0,35.990,0.78,35.941,3.342,35.990,00,35.990,00,35.990,150,36.062,2.065,,,,,,,,,,,,,,,,,,,,,,,,,,,,,,,,,,,,,,,,,,,,
36.122,35.260,000000,35.280,0,,,,,,,35.970,0,36.130,008700100000,36.130,0,36.080,58,36.080,0,35.780,0,36.102,1.012,36.062,1.0130000000000001,36.102,24.8,36.062,55.5,35.990,-48,36.062,30.700000000000003,36.062,0,36.102,0.796,36.062,0.391,36.102,0,36.102,0008,36.062,01,36.102,10,35.990,57.7,36.062,0,35.990,0.78,36.102,3.341,35.990,00,36.102,00,35.990,150,36.062,2.065,,,,,,,,,,,,,,,,,,,,,,,,,,,,,,,,,,,,,,,,,,,,
36.221,36.280,000000,35.280,0,,,,,,,35.970,0,36.130,008700100000,36.130,0,36.080,58,36.080,0,36.220,0,36.201,1.012,36.263,1.0130000000000001,36.263,24.8,36.170,55.5,36.263,-48,36.201,30.700000000000003,36.201,0,36.201,0.796,36.201,0.386,36.263,0,36.263,0008,36.201,01,36.263,10,36.170,57.7,36.201,0,36.170,0.78,36.263,3.34,36.170,00,36.263,00,36.170,150,36.201,2.065,,,,,,,,,,,,,,,,,,,,,,,,,,,,,,,,,,,,,,,,,,,,
36.321,36.280,000000,35.280,0,,,,,,,35.970,0,36.130,008700100000,36.130,0,36.080,58,36.080,0,36.220,0,36.301,1.012,36.263,1.0130000000000001,36.263,24.8,36.301,56.2,36.263,-48,36.301,30.700000000000003,36.301,0,36.341,0.796,36.341,0.386,36.341,0,36.341,0008,36.341,01,36.263,10,36.301,57.7,36.341,0,36.301,0.78,36.263,3.34,36.301,00,36.263,00,36.301,150,36.341,2.065,,,,,,,,,,,,,,,,,,,,,,,,,,,,,,,,,,,,,,,,,,,,
36.424,36.280,000000,35.280,0,,,,,,,35.970,0,36.130,008700100000,36.130,0,36.080,58,36.080,0,36.220,0,36.451,1.012,36.410,1.0130000000000001,36.370,24.8,36.451,55.5,36.410,-48,36.451,30.700000000000003,36.451,0,36.341,0.796,36.451,0.386,36.481,0,36.341,0008,36.341,01,36.370,10,36.410,57.7,36.341,0,36.451,0.78,36.370,3.341,36.451,00,36.370,00,36.451,150,36.341,2.065,,,,,,,,,,,,,,,,,,,,,,,,,,,,,,,,,,,,,,,,,,,,
36.524,36.280,000000,36.530,0,,,,,,,35.970,0,36.130,008700100000,36.130,0,36.080,58,36.080,0,36.220,0,36.510,1.012,36.481,1.0130000000000001,36.510,24.8,36.451,55.5,36.510,-48,36.551,30.700000000000003,36.551,0,36.481,0.796,36.451,0.386,36.481,0,36.481,0008,36.481,01,36.481,10,36.510,57.7,36.481,0,36.510,0.78,36.510,3.342,36.510,00,36.510,00,36.451,150,36.481,2.065,,,,,,,,,,,,,,,,,,,,,,,,,,,,,,,,,,,,,,,,,,,,
36.632,36.280,000000,36.530,0,,,,,,,36.680,0,36.130,008700100000,36.130,0,36.080,58,36.080,0,36.220,0,36.611,1.012,36.642,1.0130000000000001,36.611,24.8,36.642,55.5,36.611,-48,36.642,30.700000000000003,36.642,0,36.551,0.796,36.642,0.386,36.551,0,36.611,0008,36.642,01,36.611,10,36.611,57.7,36.642,0,36.611,0.78,36.510,3.342,36.611,00,36.510,00,36.551,150,36.642,2.067,,,,,,,,,,,,,,,,,,,,,,,,,,,,,,,,,,,,,,,,,,,,
36.722,36.280,000000,36.530,0,,,,,,,36.680,0,36.130,008700100000,36.130,0,36.700,58,36.700,0,36.220,0,36.721,1.012,36.750,1.0130000000000001,36.721,24.8,36.750,55.5,36.721,-48,36.750,30.700000000000003,36.750,0,36.721,0.796,36.750,0.386,36.721,0,36.611,0008,36.642,01,36.611,10,36.721,57.7,36.642,0,36.750,0.78,36.721,3.34,36.750,00,36.721,00,36.750,150,36.642,2.067,,,,,,,,,,,,,,,,,,,,,,,,,,,,,,,,,,,,,,,,,,,,
36.835,36.280,000000,36.530,0,,,,,,,36.680,0,36.771,008700100000,36.771,0,36.700,58,36.700,0,36.790,0,36.810,1.012,36.750,1.0130000000000001,36.721,24.8,36.750,55.5,36.810,-48,36.750,30.700000000000003,36.750,0,36.721,0.796,36.750,0.386,36.721,0,36.810,0008,36.810,01,36.810,10,36.810,57.7,36.810,0,36.750,0.78,36.721,3.34,36.750,00,36.721,00,36.750,150,36.810,2.067,,,,,,,,,,,,,,,,,,,,,,,,,,,,,,,,,,,,,,,,,,,,
36.922,36.280,000000,36.530,0,,,,,,,36.680,0,36.771,008700100000,36.771,0,36.700,58,36.700,0,36.790,0,36.810,1.012,36.951,1.0130000000000001,36.921,24.8,36.890,55.5,36.951,-48,36.890,30.700000000000003,36.890,0,36.921,0.796,36.890,0.391,36.921,0,36.810,0008,36.810,01,36.810,10,36.810,57.7,36.810,0,36.890,0.78,36.921,3.341,36.890,00,36.921,00,36.890,150,36.810,2.067,,,,,,,,,,,,,,,,,,,,,,,,,,,,,,,,,,,,,,,,,,,,
37.022,36.280,000000,36.530,0,,,,,,,37.030,0,36.771,008700100000,36.771,0,37.051,58,37.051,0,36.790,0,37.010,1.012,36.951,1.0130000000000001,36.981,24.8,37.010,55.5,37.010,-48,37.010,30.700000000000003,36.890,0,37.010,0.796,36.890,0.391,37.010,0,36.981,0008,36.981,01,36.981,10,36.981,57.7,36.981,0,36.890,0.78,37.010,3.341,36.890,00,37.010,00,36.890,150,36.981,2.065,,,,,,,,,,,,,,,,,,,,,,,,,,,,,,,,,,,,,,,,,,,,
37.121,36.280,000000,36.530,0,,,,,,,37.030,0,36.771,008700100000,36.771,0,37.051,58,37.051,0,36.790,0,37.121,1.012,37.170,1.012,37.121,24.8,37.170,55.5,37.170,-48,37.170,30.700000000000003,37.170,0,37.121,0.796,37.170,0.391,37.121,0,37.091,0008,37.091,01,37.121,10,37.170,57.7,37.121,0,37.091,0.78,37.121,3.342,37.091,00,37.170,00,37.091,150,37.121,2.065,,,,,,,,,,,,,,,,,,,,,,,,,,,,,,,,,,,,,,,,,,,,
37.221,37.221,000000,37.240,0,,,,,,,37.030,0,36.771,008700100000,36.771,0,37.051,58,37.051,0,36.790,0,37.201,1.012,37.263,1.0130000000000001,37.201,24.8,37.263,55.5,37.170,-48,37.263,30.700000000000003,37.263,0,37.201,0.796,37.263,0.386,37.263,0,37.201,0008,37.201,01,37.121,10,37.263,57.7,37.121,0,37.201,0.78,37.263,3.34,37.201,00,37.170,00,37.201,150,37.121,2.065,,,,,,,,,,,,,,,,,,,,,,,,,,,,,,,,,,,,,,,,,,,,
37.326,37.221,000000,37.240,0,,,,,,,37.030,0,36.771,008700100000,36.771,0,37.051,58,37.051,0,36.790,0,37.321,1.012,37.263,1.0130000000000001,37.201,24.8,37.263,55.5,37.170,-48,37.263,30.700000000000003,37.263,0,37.201,0.796,37.263,0.386,37.263,0,37.321,0008,37.321,01,37.321,10,37.263,57.7,37.321,0,37.321,0.78,37.263,3.34,37.321,00,37.170,00,37.321,150,37.364,2.065,,,,,,,,,,,,,,,,,,,,,,,,,,,,,,,,,,,,,,,,,,,,
37.420,37.221,000000,37.240,0,,,,,,,37.030,0,36.771,008700100000,36.771,0,37.051,58,37.051,0,36.790,0,37.470,1.012,37.470,1.0130000000000001,37.364,24.8,37.470,55.5,37.470,-48,37.390,30.700000000000003,37.390,0,37.364,0.796,37.390,0.391,37.470,0,37.390,0008,37.390,01,37.430,10,37.364,57.7,37.430,0,37.321,0.78,37.470,3.34,37.321,00,37.470,00,37.321,150,37.364,2.065,,,,,,,,,,,,,,,,,,,,,,,,,,,,,,,,,,,,,,,,,,,,
37.534,37.221,000000,37.240,0,,,,,,,37.030,0,37.550,008700100000,37.550,0,37.051,58,37.051,0,36.790,0,37.512,1.012,37.470,1.0130000000000001,37.364,24.8,37.470,55.5,37.470,-48,37.512,30.700000000000003,37.512,0,37.364,0.796,37.512,0.386,37.470,0,37.512,0008,37.390,01,37.430,10,37.470,57.7,37.430,0,37.512,0.78,37.470,3.34,37.512,00,37.470,00,37.512,150,37.364,2.065,,,,,,,,,,,,,,,,,,,,,,,,,,,,,,,,,,,,,,,,,,,,
37.628,37.221,000000,37.240,0,,,,,,,37.643,0,37.550,008700100000,37.550,0,37.051,58,37.051,0,37.630,0,37.611,1.012,37.670,1.0130000000000001,37.581,24.8,37.611,55.5,37.581,-48,37.611,30.700000000000003,37.611,0,37.581,0.796,37.611,0.391,37.581,0,37.512,0008,37.581,01,37.430,10,37.611,57.7,37.430,0,37.611,0.78,37.581,3.341,37.512,00,37.611,00,37.512,150,37.581,2.065,,,,,,,,,,,,,,,,,,,,,,,,,,,,,,,,,,,,,,,,,,,,
37.721,37.221,000000,37.240,0,,,,,,,37.643,0,37.550,008700100000,37.550,0,37.731,58,37.731,0,37.630,0,37.701,1.012,37.670,1.0130000000000001,37.670,24.8,37.701,55.5,37.670,-48,37.701,30.700000000000003,37.611,0,37.701,0.796,37.611,0.391,37.701,0,37.670,0008,37.701,01,37.670,10,37.611,57.7,37.670,0,37.611,0.78,37.701,3.341,37.670,00,37.611,00,37.670,150,37.701,2.067,,,,,,,,,,,,,,,,,,,,,,,,,,,,,,,,,,,,,,,,,,,,
37.822,37.221,000000,37.240,0,,,,,,,37.643,0,37.860,008700100000,37.860,0,37.731,58,37.731,0,37.630,0,37.821,1.012,37.790,1.0130000000000001,37.821,24.8,37.701,55.5,37.821,-48,37.701,30.700000000000003,37.790,0,37.821,0.796,37.790,0.386,37.821,0,37.790,0008,37.701,01,37.790,10,37.790,57.7,37.821,0,37.790,0.78,37.701,3.341,37.821,00,37.790,00,37.821,150,37.701,2.067,,,,,,,,,,,,,,,,,,,,,,,,,,,,,,,,,,,,,,,,,,,,
37.924,37.221,000000,37.240,0,,,,,,,37.643,0,37.860,008700100000,37.860,0,37.731,58,37.731,0,37.630,0,37.821,1.012,37.970,1.0130000000000001,37.821,24.8,37.890,56.2,37.821,-48,37.890,30.700000000000003,37.890,0,37.821,0.796,37.890,0.386,37.821,0,37.790,0008,37.890,01,37.790,10,37.921,57.7,37.821,0,37.921,0.78,37.890,3.341,37.821,00,37.921,00,37.821,150,37.890,2.064,,,,,,,,,,,,,,,,,,,,,,,,,,,,,,,,,,,,,,,,,,,,
38.021,37.221,000000,37.240,0,,,,,,,37.643,0,37.860,008700100000,37.860,0,37.731,58,37.731,0,37.630,0,38.001,1.012,38.070,1.0130000000000001,38.001,24.8,38.070,55.5,38.001,-48,38.041,30.700000000000003,38.041,0,38.001,0.796,38.041,0.386,38.001,0,38.070,0008,38.041,01,38.041,10,38.070,57.7,38.041,0,38.070,0.78,38.070,3.342,38.001,00,38.070,00,38.001,150,38.070,2.067,,,,,,,,,,,,,,,,,,,,,,,,,,,,,,,,,,,,,,,,,,,,
38.134,37.221,000000,37.240,0,,,,,,,38.133,0,37.860,008700100000,37.860,0,37.731,58,37.731,0,38.120,0,38.101,1.012,38.070,1.0130000000000001,38.101,24.8,38.070,55.5,38.101,-48,38.041,30.700000000000003,38.041,0,38.001,0.796,38.041,0.386,38.001,0,38.070,0008,38.101,01,38.101,10,38.070,57.7,38.101,0,38.070,0.78,38.101,3.342,38.001,00,38.070,00,38.001,150,38.101,2.067,,,,,,,,,,,,,,,,,,,,,,,,,,,,,,,,,,,,,,,,,,,,
38.220,38.230,000000,38.250,0,,,,,,,38.133,0,37.860,008700100000,37.860,0,37.731,58,37.731,0,38.120,0,38.202,1.012,38.171,1.0130000000000001,38.101,24.8,38.171,55.5,38.101,-48,38.202,30.700000000000003,38.202,0,38.171,0.796,38.202,0.391,38.171,0,38.202,0008,38.101,01,38.202,10,38.171,57.7,38.202,0,38.171,0.78,38.101,3.342,38.171,00,38.202,00,38.171,150,38.101,2.067,,,,,,,,,,,,,,,,,,,,,,,,,,,,,,,,,,,,,,,,,,,,
38.321,38.230,000000,38.250,0,,,,,,,38.133,0,37.860,008700100000,37.860,0,37.731,58,37.731,0,38.120,0,38.310,1.012,38.270,1.0130000000000001,38.270,24.8,38.310,55.5,38.270,-48,38.310,30.700000000000003,38.351,0,38.270,0.796,38.351,0.391,38.270,0,38.351,0008,38.351,01,38.351,10,38.310,57.7,38.351,0,38.310,0.78,38.351,3.342,38.310,00,38.310,00,38.310,150,38.270,2.065,,,,,,,,,,,,,,,,,,,,,,,,,,,,,,,,,,,,,,,,,,,,
38.421,38.230,000000,38.250,0,,,,,,,38.133,0,37.860,008700100000,37.860,0,37.731,58,37.731,0,38.120,0,38.310,1.012,38.463,1.0130000000000001,38.402,24.8,38.310,55.5,38.402,-48,38.463,30.700000000000003,38.351,0,38.402,0.796,38.351,0.391,38.402,0,38.463,0008,38.463,01,38.463,10,38.430,57.7,38.463,0,38.430,0.78,38.463,3.341,38.310,00,38.430,00,38.310,150,38.402,2.065,,,,,,,,,,,,,,,,,,,,,,,,,,,,,,,,,,,,,,,,,,,,
38.525,38.230,000000,38.250,0,,,,,,,38.133,0,37.860,008700100000,37.860,0,37.731,58,37.731,0,38.120,0,38.581,1.012,38.521,1.0130000000000001,38.490,24.8,38.490,55.5,38.490,-48,38.463,30.700000000000003,38.521,0,38.490,0.796,38.521,0.386,38.490,0,38.521,0008,38.521,01,38.521,10,38.430,57.7,38.521,0,38.430,0.78,38.463,3.341,38.490,00,38.430,00,38.521,150,38.490,2.067,,,,,,,,,,,,,,,,,,,,,,,,,,,,,,,,,,,,,,,,,,,,
38.634,38.230,000000,38.250,0,,,,,,,38.133,0,37.860,008700100000,37.860,0,37.731,58,37.731,0,38.120,0,38.581,1.012,38.521,1.0130000000000001,38.581,24.8,38.581,55.5,38.581,-48,38.463,30.700000000000003,38.521,0,38.581,0.796,38.521,0.386,38.581,0,38.521,0008,38.521,01,38.521,10,38.430,57.7,38.521,0,38.430,0.78,38.581,3.341,38.581,00,38.430,00,38.521,150,38.490,2.067,,,,,,,,,,,,,,,,,,,,,,,,,,,,,,,,,,,,,,,,,,,,
38.721,38.230,000000,38.250,0,,,,,,,38.758,0,38.661,008700100000,38.661,0,38.640,58,38.640,0,38.740,0,38.690,1.012,38.721,1.0130000000000001,38.690,24.8,38.721,55.5,38.690,-48,38.621,30.700000000000003,38.621,0,38.721,0.796,38.621,0.386,38.721,0,38.621,0008,38.690,01,38.690,10,38.721,57.7,38.690,0,38.721,0.78,38.690,3.341,38.721,00,38.621,00,38.721,150,38.690,2.067,,,,,,,,,,,,,,,,,,,,,,,,,,,,,,,,,,,,,,,,,,,,
38.821,38.230,000000,38.250,0,,,,,,,38.758,0,38.661,008700100000,38.661,0,38.640,58,38.640,0,38.740,0,38.811,1.012,38.851,1.0130000000000001,38.811,24.900000000000002,38.721,55.5,38.851,-48,38.811,30.700000000000003,38.811,0,38.721,0.796,38.811,0.386,38.721,0,38.811,0008,38.851,01,38.851,10,38.851,57.7,38.851,0,38.851,0.78,38.851,3.342,38.721,00,38.811,00,38.721,150,38.811,2.065,,,,,,,,,,,,,,,,,,,,,,,,,,,,,,,,,,,,,,,,,,,,
38.921,38.230,000000,38.250,0,,,,,,,38.758,0,38.661,008700100000,38.661,0,38.970,58,38.970,0,38.740,0,38.952,1.012,38.921,1.0130000000000001,38.952,24.8,38.890,55.5,38.851,-48,38.952,30.700000000000003,38.952,0,38.890,0.796,38.811,0.386,38.890,0,38.811,0008,38.952,01,38.952,10,38.851,57.7,38.952,0,38.851,0.78,38.952,3.341,38.890,00,38.811,00,38.921,150,38.811,2.065,,,,,,,,,,,,,,,,,,,,,,,,,,,,,,,,,,,,,,,,,,,,
39.022,38.230,000000,38.250,0,,,,,,,38.758,0,38.990,008700100000,38.990,0,38.970,58,38.970,0,38.740,0,39.063,1.012,39.021,1.0130000000000001,38.952,24.8,39.021,55.5,39.063,-48,38.952,30.700000000000003,38.952,0,39.021,0.796,39.021,0.386,39.021,0,39.021,0008,39.063,01,39.063,10,39.063,57.7,39.063,0,39.063,0.78,38.952,3.341,39.063,00,39.021,00,38.921,150,39.021,2.065,,,,,,,,,,,,,,,,,,,,,,,,,,,,,,,,,,,,,,,,,,,,
39.124,39.140,000000,38.250,0,,,,,,,38.758,0,38.990,008700100000,38.990,0,38.970,58,38.970,0,38.740,0,39.121,1.012,39.090,1.0130000000000001,39.121,24.8,39.121,55.5,39.063,-48,39.121,30.700000000000003,39.121,0,39.121,0.796,39.121,0.386,39.021,0,39.021,0008,39.090,01,39.090,10,39.063,57.7,39.121,0,39.063,0.78,39.090,3.341,39.063,00,39.162,00,39.090,150,39.021,2.065,,,,,,,,,,,,,,,,,,,,,,,,,,,,,,,,,,,,,,,,,,,,
39.221,39.140,000000,39.180,0,,,,,,,38.758,0,38.990,008700100000,38.990,0,38.970,58,38.970,0,38.740,0,39.230,1.012,39.162,1.0130000000000001,39.230,24.8,39.121,55.5,39.162,-48,39.121,30.700000000000003,39.121,0,39.121,0.796,39.121,0.386,39.162,0,39.162,0008,39.230,01,39.230,10,39.162,57.7,39.230,0,39.230,0.78,39.230,3.342,39.230,00,39.162,00,39.162,150,39.162,2.067,,,,,,,,,,,,,,,,,,,,,,,,,,,,,,,,,,,,,,,,,,,,
39.321,39.140,000000,39.180,0,,,,,,,38.758,0,38.990,008700100000,38.990,0,38.970,58,38.970,0,38.740,0,39.351,1.012,39.290,1.0130000000000001,39.230,24.8,39.290,55.5,39.351,-48,39.290,30.700000000000003,39.290,0,39.290,0.796,39.290,0.386,39.290,0,39.290,0008,39.230,01,39.230,10,39.351,57.7,39.230,0,39.351,0.78,39.230,3.342,39.351,00,39.351,00,39.351,150,39.351,2.065,,,,,,,,,,,,,,,,,,,,,,,,,,,,,,,,,,,,,,,,,,,,
39.422,39.140,000000,39.180,0,,,,,,,38.758,0,38.990,008700100000,38.990,0,38.970,58,38.970,0,38.740,0,39.351,1.012,39.441,1.0130000000000001,39.381,24.8,39.410,55.5,39.351,-48,39.381,30.700000000000003,39.381,0,39.410,0.796,39.410,0.391,39.410,0,39.410,0008,39.441,01,39.381,10,39.351,57.7,39.381,0,39.351,0.78,39.381,3.34,39.351,00,39.351,00,39.351,150,39.351,2.065,,,,,,,,,,,,,,,,,,,,,,,,,,,,,,,,,,,,,,,,,,,,
39.532,39.140,000000,39.180,0,,,,,,,38.758,0,38.990,008700100000,38.990,0,38.970,58,38.970,0,39.560,0,39.541,1.012,39.510,1.0130000000000001,39.481,24.8,39.481,55.5,39.510,-48,39.481,30.700000000000003,39.481,0,39.510,0.796,39.510,0.386,39.510,0,39.510,0008,39.541,01,39.541,10,39.510,57.7,39.541,0,39.510,0.78,39.481,3.342,39.541,00,39.541,00,39.541,150,39.541,2.065,,,,,,,,,,,,,,,,,,,,,,,,,,,,,,,,,,,,,,,,,,,,
39.633,39.140,000000,39.180,0,,,,,,,39.600,0,39.671,008700100000,38.990,0,39.650,58,39.650,0,39.560,0,39.621,1.012,39.581,1.0130000000000001,39.581,24.8,39.581,55.5,39.621,-48,39.581,30.700000000000003,39.581,0,39.581,0.796,39.581,0.391,39.621,0,39.621,0008,39.541,01,39.541,10,39.621,57.7,39.541,0,39.621,0.78,39.581,3.342,39.621,00,39.621,00,39.541,150,39.541,2.065,,,,,,,,,,,,,,,,,,,,,,,,,,,,,,,,,,,,,,,,,,,,
39.721,39.140,000000,39.180,0,,,,,,,39.600,0,39.671,008700100000,39.671,0,39.650,58,39.650,0,39.560,0,39.741,1.012,39.710,1.0130000000000001,39.710,24.8,39.581,55.5,39.621,-48,39.581,30.700000000000003,39.581,0,39.581,0.796,39.581,0.391,39.621,0,39.621,0008,39.710,01,39.710,10,39.621,57.7,39.710,0,39.621,0.78,39.710,3.341,39.621,00,39.621,00,39.710,150,39.710,2.067,,,,,,,,,,,,,,,,,,,,,,,,,,,,,,,,,,,,,,,,,,,,
39.824,39.140,000000,39.180,0,,,,,,,39.600,0,39.671,008700100000,39.671,0,39.650,58,39.650,0,39.868,0,39.830,1.012,39.830,1.0130000000000001,39.802,24.8,39.741,55.5,39.802,-48,39.741,30.700000000000003,39.741,0,39.741,0.796,39.741,0.386,39.802,0,39.802,0008,39.830,01,39.830,10,39.802,57.7,39.830,0,39.802,0.78,39.830,3.342,39.802,00,39.802,00,39.830,150,39.830,2.065,,,,,,,,,,,,,,,,,,,,,,,,,,,,,,,,,,,,,,,,,,,,
39.931,39.140,000000,39.180,0,,,,,,,39.600,0,39.671,008700100000,39.671,0,39.650,58,39.650,0,39.868,0,39.830,1.012,39.830,1.0130000000000001,39.902,24.8,39.941,55.5,39.802,-48,39.941,30.700000000000003,39.941,0,39.741,0.796,39.741,0.386,39.902,0,39.902,0008,39.830,01,39.830,10,39.802,57.7,39.830,0,39.802,0.78,39.830,3.342,39.802,00,39.802,00,39.830,150,39.830,2.065,,,,,,,,,,,,,,,,,,,,,,,,,,,,,,,,,,,,,,,,,,,,
40.028,39.140,000000,39.180,0,,,,,,,39.600,0,39.671,008700100000,39.671,0,39.650,58,39.650,0,39.868,0,40.041,1.012,40.070,1.0130000000000001,40.010,24.8,40.041,55.5,39.981,-48,40.041,30.700000000000003,40.041,0,39.981,0.796,39.981,0.386,40.041,0,40.041,0008,40.041,01,40.041,10,39.981,57.7,39.981,0,40.010,0.78,40.010,3.342,40.010,00,40.010,00,40.010,150,40.010,2.065,,,,,,,,,,,,,,,,,,,,,,,,,,,,,,,,,,,,,,,,,,,,
40.121,39.140,000000,39.180,0,,,,,,,40.090,0,40.161,008700100000,40.161,0,40.140,58,40.140,0,39.868,0,40.121,1.012,40.070,1.0130000000000001,40.070,24.8,40.041,55.5,40.070,-48,40.041,30.700000000000003,40.041,0,40.070,0.796,40.070,0.386,40.041,0,40.041,0008,40.121,01,40.121,10,40.070,57.7,40.121,0,40.121,0.78,40.121,3.342,40.121,00,40.121,00,40.010,150,40.010,2.065,,,,,,,,,,,,,,,,,,,,,,,,,,,,,,,,,,,,,,,,,,,,
40.221,40.240,000000,40.260,0,,,,,,,40.090,0,40.161,008700100000,40.161,0,40.140,58,40.140,0,39.868,0,40.221,1.012,40.190,1.0130000000000001,40.190,24.8,40.190,55.5,40.221,-48,40.190,30.700000000000003,40.190,0,40.221,0.796,40.221,0.391,40.190,0,40.221,0008,40.221,01,40.221,10,40.221,57.7,40.121,0,40.121,0.78,40.121,3.342,40.121,00,40.121,00,40.190,150,40.190,2.065,,,,,,,,,,,,,,,,,,,,,,,,,,,,,,,,,,,,,,,,,,,,
40.321,40.240,000000,40.260,0,,,,,,,40.090,0,40.161,008700100000,40.161,0,40.140,58,40.140,0,39.868,0,40.327,1.012,40.281,1.0130000000000001,40.327,24.8,40.327,55.5,40.327,-48,40.327,30.700000000000003,40.327,0,40.221,0.796,40.221,0.391,40.327,0,40.327,0008,40.221,01,40.221,10,40.221,57.7,40.281,0,40.281,0.78,40.281,3.34,40.281,00,40.281,00,40.281,150,40.281,2.065,,,,,,,,,,,,,,,,,,,,,,,,,,,,,,,,,,,,,,,,,,,,
40.421,40.240,000000,40.260,0,,,,,,,40.090,0,40.161,008700100000,40.161,0,40.140,58,40.140,0,39.868,0,40.327,1.012,40.463,1.0130000000000001,40.327,24.8,40.430,55.5,40.463,-48,40.430,30.700000000000003,40.463,0,40.370,0.796,40.370,0.391,40.463,0,40.463,0008,40.463,01,40.463,10,40.370,57.7,40.463,0,40.370,0.78,40.402,3.34,40.402,00,40.402,00,40.402,150,40.402,2.067,,,,,,,,,,,,,,,,,,,,,,,,,,,,,,,,,,,,,,,,,,,,
40.522,40.240,000000,40.260,0,,,,,,,40.090,0,40.161,008700100000,40.161,0,40.140,58,40.140,0,39.868,0,40.562,1.012,40.521,1.0130000000000001,40.490,24.900000000000002,40.521,55.5,40.521,-48,40.521,30.700000000000003,40.463,0,40.521,0.796,40.521,0.391,40.463,0,40.463,0008,40.521,01,40.562,10,40.521,57.7,40.562,0,40.562,0.78,40.562,3.341,40.562,00,40.562,00,40.562,150,40.490,2.068,,,,,,,,,,,,,,,,,,,,,,,,,,,,,,,,,,,,,,,,,,,,
40.622,40.240,000000,40.260,0,,,,,,,40.090,0,40.161,008700100000,40.161,0,40.140,58,40.140,0,39.868,0,40.630,1.012,40.590,1.0130000000000001,40.590,24.8,40.590,55.5,40.630,-48,40.590,30.700000000000003,40.590,0,40.630,0.796,40.630,0.386,40.590,0,40.590,0008,40.630,01,40.630,10,40.630,57.7,40.630,0,40.562,0.78,40.562,3.341,40.562,00,40.562,00,40.562,150,40.590,2.065,,,,,,,,,,,,,,,,,,,,,,,,,,,,,,,,,,,,,,,,,,,,
40.720,40.240,000000,40.260,0,,,,,,,40.720,0,40.161,008700100000,40.161,0,40.770,58,40.770,0,40.679,0,40.752,1.012,40.702,1.0130000000000001,40.702,24.8,40.752,55.5,40.752,-48,40.752,30.700000000000003,40.752,0,40.752,0.796,40.630,0.386,40.752,0,40.752,0008,40.630,01,40.630,10,40.630,57.7,40.630,0,40.702,0.78,40.702,3.34,40.702,00,40.702,00,40.702,150,40.702,2.065,,,,,,,,,,,,,,,,,,,,,,,,,,,,,,,,,,,,,,,,,,,,
40.820,40.240,000000,40.260,0,,,,,,,40.720,0,40.791,008700100000,40.791,0,40.770,58,40.770,0,40.679,0,40.752,1.012,40.851,1.0130000000000001,40.702,24.8,40.752,55.5,40.752,-48,40.752,30.700000000000003,40.752,0,40.752,0.796,40.851,0.386,40.752,0,40.752,0008,40.851,01,40.851,10,40.851,57.7,40.851,0,40.851,0.78,40.851,3.34,40.702,00,40.702,00,40.702,150,40.702,2.065,,,,,,,,,,,,,,,,,,,,,,,,,,,,,,,,,,,,,,,,,,,,
40.924,40.240,000000,40.260,0,,,,,,,40.720,0,40.791,008700100000,40.791,0,40.770,58,40.770,0,40.679,0,40.890,1.012,40.962,1.0130000000000001,40.890,24.8,40.752,55.5,40.921,-48,40.752,30.700000000000003,40.890,0,40.921,0.796,40.851,0.386,40.890,0,40.921,0008,40.851,01,40.851,10,40.851,57.7,40.851,0,40.851,0.78,40.851,3.34,40.890,00,40.890,00,40.890,150,40.890,2.067,,,,,,,,,,,,,,,,,,,,,,,,,,,,,,,,,,,,,,,,,,,,
41.025,40.240,000000,40.260,0,,,,,,,40.720,0,40.791,008700100000,40.791,0,40.770,58,40.770,0,40.679,0,41.063,1.012,41.030,1.0130000000000001,41.030,24.8,40.962,55.5,40.921,-48,40.962,30.700000000000003,41.030,0,40.921,0.796,41.001,0.391,41.030,0,40.921,0008,41.001,01,41.001,10,41.001,57.7,41.001,0,41.001,0.78,41.001,3.341,41.030,00,41.030,00,41.030,150,41.030,2.067,,,,,,,,,,,,,,,,,,,,,,,,,,,,,,,,,,,,,,,,,,,,
41.133,41.180,000000,40.260,0,,,,,,,41.158,0,40.791,008700100000,40.791,0,40.770,58,40.770,0,41.140,0,41.121,1.012,41.090,1.0130000000000001,41.090,24.8,41.063,55.5,41.121,-48,41.063,30.700000000000003,41.090,0,41.121,0.796,41.063,0.391,41.121,0,41.063,0008,41.063,01,41.090,10,41.090,57.7,41.090,0,41.090,0.78,41.090,3.341,41.121,00,41.121,00,41.121,150,41.121,2.065,,,,,,,,,,,,,,,,,,,,,,,,,,,,,,,,,,,,,,,,,,,,
41.220,41.180,000000,41.250,0,,,,,,,41.158,0,40.791,008700100000,40.791,0,40.770,58,40.770,0,41.140,0,41.230,1.012,41.202,1.0130000000000001,41.230,24.8,41.202,55.5,41.121,-48,41.202,30.700000000000003,41.230,0,41.121,0.796,41.202,0.386,41.230,0,41.202,0008,41.202,01,41.202,10,41.202,57.7,41.230,0,41.230,0.78,41.230,3.341,41.230,00,41.121,00,41.121,150,41.121,2.065,,,,,,,,,,,,,,,,,,,,,,,,,,,,,,,,,,,,,,,,,,,,
41.321,41.180,000000,41.250,0,,,,,,,41.158,0,40.791,008700100000,40.791,0,40.770,58,40.770,0,41.140,0,41.341,1.012,41.302,1.0130000000000001,41.230,24.8,41.302,55.5,41.302,-48,41.341,30.700000000000003,41.230,0,41.302,0.796,41.341,0.386,41.230,0,41.302,0008,41.341,01,41.341,10,41.341,57.7,41.341,0,41.341,0.78,41.230,3.341,41.230,00,41.302,00,41.302,150,41.302,2.065,,,,,,,,,,,,,,,,,,,,,,,,,,,,,,,,,,,,,,,,,,,,
41.422,41.180,000000,41.250,0,,,,,,,41.158,0,40.791,008700100000,40.791,0,40.770,58,40.770,0,41.140,0,41.341,1.012,41.302,1.0130000000000001,41.392,24.8,41.451,55.5,41.421,-48,41.451,30.700000000000003,41.392,0,41.421,0.796,41.451,0.386,41.392,0,41.421,0008,41.451,01,41.451,10,41.451,57.7,41.341,0,41.341,0.78,41.392,3.342,41.392,00,41.302,00,41.302,150,41.302,2.065,,,,,,,,,,,,,,,,,,,,,,,,,,,,,,,,,,,,,,,,,,,,
41.522,41.180,000000,41.250,0,,,,,,,41.158,0,40.791,008700100000,40.791,0,40.770,58,40.770,0,41.140,0,41.541,1.012,41.481,1.0130000000000001,41.541,24.8,41.451,55.5,41.541,-48,41.451,30.700000000000003,41.541,0,41.541,0.796,41.510,0.386,41.541,0,41.421,0008,41.510,01,41.510,10,41.510,57.7,41.481,0,41.481,0.78,41.510,3.342,41.541,00,41.541,00,41.510,150,41.510,2.065,,,,,,,,,,,,,,,,,,,,,,,,,,,,,,,,,,,,,,,,,,,,
41.622,41.180,000000,41.250,0,,,,,,,41.158,0,41.652,008700100000,41.652,0,41.602,58,41.602,0,41.140,0,41.630,1.012,41.581,1.0130000000000001,41.630,24.8,41.581,55.5,41.541,-48,41.581,30.700000000000003,41.630,0,41.541,0.796,41.581,0.386,41.630,0,41.581,0008,41.581,01,41.581,10,41.581,57.7,41.630,0,41.630,0.78,41.630,3.342,41.630,00,41.541,00,41.510,150,41.510,2.065,,,,,,,,,,,,,,,,,,,,,,,,,,,,,,,,,,,,,,,,,,,,
41.731,41.180,000000,41.250,0,,,,,,,41.740,0,41.652,008700100000,41.652,0,41.602,58,41.602,0,41.700,0,41.721,1.012,41.681,1.0130000000000001,41.630,24.8,41.681,55.5,41.681,-48,41.721,30.700000000000003,41.630,0,41.681,0.796,41.721,0.391,41.630,0,41.681,0008,41.721,01,41.721,10,41.721,57.7,41.721,0,41.721,0.78,41.630,3.342,41.630,00,41.681,00,41.681,150,41.681,2.065,,,,,,,,,,,,,,,,,,,,,,,,,,,,,,,,,,,,,,,,,,,,
41.822,41.180,000000,41.250,0,,,,,,,41.740,0,41.652,008700100000,41.652,0,41.810,58,41.810,0,41.700,0,41.721,1.012,41.790,1.0130000000000001,41.790,24.8,41.851,55.5,41.681,-48,41.721,30.700000000000003,41.790,0,41.681,0.796,41.721,0.391,41.790,0,41.681,0008,41.721,01,41.721,10,41.721,57.7,41.721,0,41.721,0.78,41.790,3.342,41.790,00,41.790,00,41.790,150,41.681,2.065,,,,,,,,,,,,,,,,,,,,,,,,,,,,,,,,,,,,,,,,,,,,
41.921,41.180,000000,41.250,0,,,,,,,41.740,0,41.971,008700100000,41.971,0,41.810,58,41.810,0,41.700,0,41.890,1.012,41.952,1.0130000000000001,41.952,24.8,41.952,55.5,41.851,-48,41.952,30.700000000000003,41.952,0,41.851,0.796,41.952,0.391,41.790,0,41.851,0008,41.952,01,41.890,10,41.890,57.7,41.890,0,41.890,0.78,41.790,3.342,41.790,00,41.890,00,41.890,150,41.851,2.065,,,,,,,,,,,,,,,,,,,,,,,,,,,,,,,,,,,,,,,,,,,,
42.021,41.180,000000,41.250,0,,,,,,,41.740,0,41.971,008700100000,41.971,0,41.810,58,41.810,0,41.700,0,42.011,1.012,42.050,1.0130000000000001,42.050,24.8,41.952,55.5,42.011,-48,41.952,30.700000000000003,42.050,0,42.011,0.796,41.952,0.391,42.011,0,42.050,0008,41.952,01,42.050,10,42.050,57.7,42.050,0,41.890,0.78,42.011,3.341,42.011,00,42.011,00,42.011,150,42.050,2.065,,,,,,,,,,,,,,,,,,,,,,,,,,,,,,,,,,,,,,,,,,,,
42.122,42.180,000000,41.250,0,,,,,,,41.740,0,41.971,008700100000,41.971,0,41.810,58,41.810,0,41.700,0,42.141,1.012,42.110,1.0130000000000001,42.110,24.8,42.081,55.5,42.141,-48,42.081,30.700000000000003,42.110,0,42.141,0.796,42.081,0.386,42.141,0,42.050,0008,42.110,01,42.110,10,42.110,57.7,42.110,0,42.110,0.78,42.141,3.342,42.141,00,42.141,00,42.141,150,42.050,2.065,,,,,,,,,,,,,,,,,,,,,,,,,,,,,,,,,,,,,,,,,,,,
42.222,42.180,000000,42.262,0,,,,,,,41.740,0,41.971,008700100000,41.971,0,41.810,58,41.810,0,41.700,0,42.141,1.012,42.202,1.0130000000000001,42.202,24.8,42.202,55.5,42.141,-48,42.202,30.700000000000003,42.110,0,42.141,0.796,42.202,0.391,42.141,0,42.202,0008,42.202,01,42.110,10,42.110,57.7,42.110,0,42.110,0.78,42.141,3.342,42.141,00,42.141,00,42.141,150,42.202,2.067,,,,,,,,,,,,,,,,,,,,,,,,,,,,,,,,,,,,,,,,,,,,
42.332,42.180,000000,42.262,0,,,,,,,41.740,0,41.971,008700100000,41.971,0,41.810,58,41.810,0,41.700,0,42.351,1.012,42.311,1.0130000000000001,42.351,24.8,42.351,55.5,42.311,-48,42.351,30.700000000000003,42.351,0,42.311,0.796,42.351,0.386,42.230,0,42.311,0008,42.351,01,42.351,10,42.230,57.7,42.230,0,42.230,0.78,42.230,3.34,42.311,00,42.311,00,42.311,150,42.311,2.067,,,,,,,,,,,,,,,,,,,,,,,,,,,,,,,,,,,,,,,,,,,,
42.425,42.180,000000,42.262,0,,,,,,,41.740,0,41.971,008700100000,41.971,0,41.810,58,41.810,0,42.410,0,42.351,1.012,42.451,1.0130000000000001,42.351,24.8,42.351,55.5,42.311,-48,42.351,30.700000000000003,42.351,0,42.311,0.796,42.351,0.386,42.390,0,42.311,0008,42.351,01,42.351,10,42.390,57.7,42.390,0,42.390,0.78,42.390,3.341,42.311,00,42.311,00,42.390,150,42.311,2.067,,,,,,,,,,,,,,,,,,,,,,,,,,,,,,,,,,,,,,,,,,,,
42.521,42.180,000000,42.262,0,,,,,,,41.740,0,41.971,008700100000,41.971,0,41.810,58,41.810,0,42.410,0,42.570,1.012,42.541,1.0130000000000001,42.541,24.8,42.570,55.5,42.570,-48,42.570,30.700000000000003,42.541,0,42.451,0.796,42.451,0.391,42.541,0,42.451,0008,42.510,01,42.541,10,42.541,57.7,42.541,0,42.541,0.78,42.570,3.34,42.570,00,42.570,00,42.570,150,42.451,2.067,,,,,,,,,,,,,,,,,,,,,,,,,,,,,,,,,,,,,,,,,,,,
42.622,42.180,000000,42.262,0,,,,,,,42.650,0,41.971,008700100000,41.971,0,42.669,58,42.669,0,42.410,0,42.630,1.012,42.602,1.0130000000000001,42.602,24.8,42.570,55.5,42.570,-48,42.570,30.700000000000003,42.602,0,42.602,0.796,42.602,0.391,42.630,0,42.602,0008,42.602,01,42.630,10,42.630,57.7,42.630,0,42.630,0.78,42.630,3.341,42.630,00,42.570,00,42.570,150,42.602,2.067,,,,,,,,,,,,,,,,,,,,,,,,,,,,,,,,,,,,,,,,,,,,
42.721,42.180,000000,42.262,0,,,,,,,42.650,0,42.720,008700100000,42.720,0,42.669,58,42.669,0,42.410,0,42.741,1.012,42.690,1.0130000000000001,42.741,24.8,42.690,55.5,42.690,-48,42.690,30.700000000000003,42.741,0,42.690,0.796,42.690,0.391,42.741,0,42.741,0008,42.741,01,42.741,10,42.630,57.7,42.630,0,42.630,0.78,42.630,3.341,42.630,00,42.690,00,42.690,150,42.741,2.067,,,,,,,,,,,,,,,,,,,,,,,,,,,,,,,,,,,,,,,,,,,,
42.821,42.180,000000,42.262,0,,,,,,,42.840,0,42.720,008700100000,42.720,0,42.669,58,42.669,0,42.820,0,42.741,1.012,42.802,1.0130000000000001,42.741,24.8,42.871,55.5,42.871,-48,42.871,30.700000000000003,42.741,0,42.871,0.796,42.871,0.386,42.741,0,42.871,0008,42.871,01,42.741,10,42.802,57.7,42.802,0,42.802,0.78,42.802,3.342,42.802,00,42.802,00,42.802,150,42.871,2.065,,,,,,,,,,,,,,,,,,,,,,,,,,,,,,,,,,,,,,,,,,,,
42.932,42.180,000000,42.262,0,,,,,,,42.840,0,42.720,008700100000,42.720,0,42.669,58,42.669,0,42.820,0,42.922,1.012,42.802,1.0130000000000001,42.922,24.8,42.871,55.5,42.871,-48,42.871,30.700000000000003,42.922,0,42.871,0.796,42.871,0.386,42.922,0,42.871,0008,42.871,01,42.922,10,42.802,57.7,42.802,0,42.802,0.78,42.802,3.342,42.802,00,42.802,00,42.922,150,42.871,2.065,,,,,,,,,,,,,,,,,,,,,,,,,,,,,,,,,,,,,,,,,,,,
43.024,43.040,000000,43.060,0,,,,,,,42.840,0,42.720,008700100000,42.720,0,43.000,58,43.000,0,42.820,0,43.021,1.012,43.081,1.0130000000000001,42.922,24.8,43.021,55.5,43.021,-48,43.021,30.700000000000003,42.922,0,43.021,0.796,43.021,0.386,42.922,0,43.021,0008,42.970,01,42.922,10,42.970,57.7,42.970,0,42.970,0.78,42.970,3.341,42.970,00,42.970,00,42.922,150,43.021,2.067,,,,,,,,,,,,,,,,,,,,,,,,,,,,,,,,,,,,,,,,,,,,
43.125,43.040,000000,43.060,0,,,,,,,42.840,0,42.720,008700100000,42.720,0,43.000,58,43.000,0,42.820,0,43.021,1.012,43.081,1.0130000000000001,43.081,24.8,43.021,55.5,43.021,-48,43.021,30.700000000000003,42.922,0,43.021,0.796,43.021,0.386,42.922,0,43.021,0008,42.970,01,42.922,10,43.081,57.7,43.081,0,43.081,0.78,43.081,3.34,43.081,00,43.081,00,42.922,150,43.021,2.067,,,,,,,,,,,,,,,,,,,,,,,,,,,,,,,,,,,,,,,,,,,,
43.231,43.040,000000,43.060,0,,,,,,,42.840,0,43.271,008700100000,42.720,0,43.000,58,43.000,0,42.820,0,43.230,1.012,43.202,1.0130000000000001,43.230,24.8,43.230,55.5,43.230,-48,43.141,30.700000000000003,43.141,0,43.202,0.796,43.202,0.391,43.141,0,43.202,0008,43.202,01,43.141,10,43.202,57.7,43.202,0,43.230,0.78,43.230,3.342,43.230,00,43.230,00,43.141,150,43.202,2.067,,,,,,,,,,,,,,,,,,,,,,,,,,,,,,,,,,,,,,,,,,,,
43.324,43.040,000000,43.060,0,,,,,,,42.840,0,43.271,008700100000,43.271,0,43.000,58,43.000,0,42.820,0,43.230,1.012,43.303,1.0130000000000001,43.230,24.8,43.230,55.5,43.230,-48,43.303,30.700000000000003,43.303,0,43.202,0.796,43.202,0.391,43.303,0,43.202,0008,43.202,01,43.303,10,43.303,57.7,43.303,0,43.230,0.78,43.230,3.342,43.230,00,43.230,00,43.303,150,43.364,2.067,,,,,,,,,,,,,,,,,,,,,,,,,,,,,,,,,,,,,,,,,,,,
43.422,43.040,000000,43.060,0,,,,,,,42.840,0,43.271,008700100000,43.271,0,43.000,58,43.000,0,42.820,0,43.364,1.012,43.470,1.0130000000000001,43.470,24.8,43.470,55.5,43.470,-48,43.303,30.700000000000003,43.390,0,43.364,0.796,43.364,0.386,43.390,0,43.364,0008,43.364,01,43.431,10,43.390,57.7,43.390,0,43.470,0.78,43.470,3.344,43.470,00,43.470,00,43.431,150,43.364,2.067,,,,,,,,,,,,,,,,,,,,,,,,,,,,,,,,,,,,,,,,,,,,
43.533,43.040,000000,43.060,0,,,,,,,42.840,0,43.271,008700100000,43.271,0,43.000,58,43.000,0,42.820,0,43.502,1.012,43.530,1.0130000000000001,43.470,24.8,43.530,55.5,43.530,-48,43.502,30.700000000000003,43.530,0,43.502,0.796,43.502,0.386,43.530,0,43.502,0008,43.502,01,43.530,10,43.502,57.7,43.530,0,43.470,0.78,43.470,3.344,43.470,00,43.470,00,43.530,150,43.502,2.067,,,,,,,,,,,,,,,,,,,,,,,,,,,,,,,,,,,,,,,,,,,,
43.622,43.040,000000,43.060,0,,,,,,,43.660,0,43.271,008700100000,43.271,0,43.000,58,43.000,0,42.820,0,43.641,1.012,43.602,1.0130000000000001,43.570,24.8,43.570,55.5,43.602,-48,43.602,30.700000000000003,43.641,0,43.602,0.796,43.602,0.386,43.641,0,43.602,0008,43.602,01,43.641,10,43.641,57.7,43.641,0,43.570,0.78,43.570,3.341,43.570,00,43.570,00,43.641,150,43.602,2.067,,,,,,,,,,,,,,,,,,,,,,,,,,,,,,,,,,,,,,,,,,,,
43.731,43.040,000000,43.060,0,,,,,,,43.660,0,43.271,008700100000,43.271,0,43.740,58,43.740,0,43.700,0,43.721,1.012,43.681,1.0130000000000001,43.681,24.8,43.681,55.5,43.681,-48,43.721,30.700000000000003,43.641,0,43.721,0.796,43.721,0.391,43.641,0,43.721,0008,43.721,01,43.641,10,43.721,57.7,43.641,0,43.681,0.78,43.681,3.341,43.681,00,43.681,00,43.641,150,43.721,2.065,,,,,,,,,,,,,,,,,,,,,,,,,,,,,,,,,,,,,,,,,,,,
43.821,43.040,000000,43.060,0,,,,,,,43.870,0,43.852,008700100000,43.852,0,43.740,58,43.740,0,43.700,0,43.830,1.012,43.790,1.0130000000000001,43.790,24.8,43.830,55.5,43.830,-48,43.830,30.700000000000003,43.790,0,43.830,0.796,43.721,0.391,43.790,0,43.721,0008,43.721,01,43.790,10,43.721,57.7,43.790,0,43.790,0.78,43.830,3.34,43.830,00,43.830,00,43.790,150,43.721,2.065,,,,,,,,,,,,,,,,,,,,,,,,,,,,,,,,,,,,,,,,,,,,
43.921,43.040,000000,43.060,0,,,,,,,43.870,0,43.852,008700100000,43.852,0,43.740,58,43.740,0,43.700,0,43.830,1.012,43.951,1.0130000000000001,43.951,24.8,43.830,55.5,43.830,-48,43.830,30.700000000000003,43.921,0,43.830,0.796,43.890,0.391,43.951,0,43.890,0008,43.890,01,43.951,10,43.890,57.7,43.951,0,43.951,0.78,43.951,3.342,43.830,00,43.830,00,43.951,150,43.890,2.065,,,,,,,,,,,,,,,,,,,,,,,,,,,,,,,,,,,,,,,,,,,,
44.021,43.040,000000,43.060,0,,,,,,,43.870,0,43.852,008700100000,43.852,0,43.740,58,43.740,0,43.700,0,44.063,1.012,44.021,1.0130000000000001,44.021,24.8,43.990,55.5,43.990,-48,44.063,30.700000000000003,44.063,0,44.063,0.796,44.063,0.391,44.063,0,44.021,0008,44.021,01,44.063,10,44.021,57.7,43.951,0,44.021,0.78,44.063,3.34,43.990,00,43.990,00,43.951,150,44.021,2.067,,,,,,,,,,,,,,,,,,,,,,,,,,,,,,,,,,,,,,,,,,,,
44.132,44.120,000000,43.060,0,,,,,,,43.870,0,43.852,008700100000,43.852,0,43.740,58,43.740,0,43.700,0,44.063,1.012,44.090,1.0130000000000001,44.090,24.8,44.090,55.5,44.090,-48,44.063,30.700000000000003,44.063,0,44.063,0.796,44.063,0.391,44.063,0,44.021,0008,44.021,01,44.063,10,44.021,57.7,44.090,0,44.090,0.78,44.090,3.34,44.142,00,43.990,00,44.090,150,44.021,2.067,,,,,,,,,,,,,,,,,,,,,,,,,,,,,,,,,,,,,,,,,,,,
44.233,44.120,000000,44.160,0,,,,,,,43.870,0,43.852,008700100000,43.852,0,43.740,58,43.740,0,43.700,0,44.142,1.012,44.221,1.0130000000000001,44.090,24.8,44.090,55.5,44.090,-48,44.142,30.700000000000003,44.221,0,44.142,0.796,44.142,0.386,44.221,0,44.142,0008,44.142,01,44.221,10,44.221,57.7,44.221,0,44.090,0.78,44.090,3.34,44.142,00,44.142,00,44.221,150,44.221,2.067,,,,,,,,,,,,,,,,,,,,,,,,,,,,,,,,,,,,,,,,,,,,
44.321,44.120,000000,44.160,0,,,,,,,43.870,0,43.852,008700100000,43.852,0,43.740,58,43.740,0,43.700,0,44.351,1.012,44.310,1.0130000000000001,44.351,24.8,44.250,55.5,44.250,-48,44.310,30.700000000000003,44.351,0,44.310,0.796,44.310,0.386,44.351,0,44.310,0008,44.310,01,44.351,10,44.310,57.7,44.351,0,44.351,0.78,44.250,3.34,44.250,00,44.250,00,44.351,150,44.310,2.067,,,,,,,,,,,,,,,,,,,,,,,,,,,,,,,,,,,,,,,,,,,,
44.421,44.120,000000,44.160,0,,,,,,,43.870,0,43.852,008700100000,43.852,0,43.740,58,43.740,0,43.700,0,44.351,1.012,44.310,1.0130000000000001,44.351,24.8,44.430,55.5,44.430,-48,44.430,30.700000000000003,44.351,0,44.430,0.796,44.463,0.391,44.351,0,44.463,0008,44.463,01,44.351,10,44.463,57.7,44.351,0,44.351,0.78,44.430,3.342,44.430,00,44.430,00,44.351,150,44.463,2.067,,,,,,,,,,,,,,,,,,,,,,,,,,,,,,,,,,,,,,,,,,,,
44.522,44.120,000000,44.160,0,,,,,,,43.870,0,43.852,008700100000,43.852,0,44.558,58,44.558,0,44.540,0,44.521,1.012,44.521,1.0130000000000001,44.490,24.8,44.430,55.5,44.430,-48,44.521,30.700000000000003,44.521,0,44.521,0.796,44.463,0.391,44.521,0,44.463,0008,44.463,01,44.521,10,44.463,57.7,44.521,0,44.490,0.78,44.430,3.342,44.430,00,44.430,00,44.351,150,44.463,2.067,,,,,,,,,,,,,,,,,,,,,,,,,,,,,,,,,,,,,,,,,,,,
44.622,44.120,000000,44.160,0,,,,,,,44.593,0,44.581,008700100000,44.581,0,44.558,58,44.558,0,44.540,0,44.630,1.012,44.663,1.0130000000000001,44.490,24.8,44.630,55.5,44.630,-48,44.521,30.700000000000003,44.630,0,44.521,0.796,44.663,0.386,44.663,0,44.663,0008,44.663,01,44.663,10,44.663,57.7,44.663,0,44.490,0.78,44.630,3.341,44.630,00,44.630,00,44.630,150,44.463,2.067,,,,,,,,,,,,,,,,,,,,,,,,,,,,,,,,,,,,,,,,,,,,
44.721,44.120,000000,44.160,0,,,,,,,44.593,0,44.581,008700100000,44.581,0,44.757,58,44.757,0,44.740,0,44.721,1.012,44.721,1.0130000000000001,44.721,24.8,44.630,55.5,44.630,-48,44.721,30.700000000000003,44.721,0,44.721,0.796,44.663,0.386,44.663,0,44.663,0008,44.663,01,44.663,10,44.663,57.7,44.663,0,44.721,0.78,44.630,3.341,44.630,00,44.630,00,44.630,150,44.721,2.067,,,,,,,,,,,,,,,,,,,,,,,,,,,,,,,,,,,,,,,,,,,,
44.824,44.120,000000,44.160,0,,,,,,,44.593,0,44.781,008700100000,44.781,0,44.757,58,44.757,0,44.740,0,44.721,1.012,44.721,1.0130000000000001,44.721,24.8,44.821,55.5,44.821,-48,44.721,30.700000000000003,44.821,0,44.721,0.796,44.871,0.386,44.663,0,44.663,0008,44.663,01,44.663,10,44.663,57.7,44.663,0,44.721,0.78,44.821,3.34,44.821,00,44.821,00,44.821,150,44.721,2.067,,,,,,,,,,,,,,,,,,,,,,,,,,,,,,,,,,,,,,,,,,,,
44.934,44.120,000000,44.160,0,,,,,,,44.593,0,44.781,008700100000,44.781,0,44.757,58,44.757,0,44.740,0,44.911,1.012,44.911,1.0110000000000001,44.911,24.8,44.821,55.5,44.821,-48,44.911,30.700000000000003,44.943,0,44.911,0.796,44.871,0.386,44.871,166,44.871,0008,44.871,01,44.871,10,44.871,55.5,44.871,0,44.911,0.78,44.821,3.34,44.821,00,44.821,00,44.821,150,44.943,2.067,,,,,,,,,,,,,,,,,,,,,,,,,,,,,,,,,,,,,,,,,,,,
45.034,45.080,000000,44.160,0,,,,,,,45.051,0,44.781,008700100000,44.781,0,44.757,58,44.757,0,44.740,0,45.031,1.012,45.031,1.0110000000000001,45.031,24.8,45.031,55.5,45.002,-48,45.002,30.700000000000003,45.031,0,45.002,0.796,44.970,0.386,44.970,251,44.970,0008,44.970,01,44.970,10,44.970,55.5,44.970,0,45.002,0.78,45.002,3.341,45.031,00,45.031,00,45.031,150,44.943,2.067,,,,,,,,,,,,,,,,,,,,,,,,,,,,,,,,,,,,,,,,,,,,
45.121,45.080,000000,45.100,0,,,,,,,45.051,0,44.781,008700100000,44.781,0,44.757,58,44.757,0,44.740,0,45.131,1.012,45.031,1.0110000000000001,45.031,24.8,45.031,55.5,45.131,-48,45.131,30.700000000000003,45.131,0,45.131,0.796,44.970,0.386,44.970,251,44.970,0008,44.970,01,44.970,10,44.970,55.5,44.970,0,45.131,0.78,45.131,3.34,45.031,00,45.031,00,45.031,150,45.131,2.065,,,,,,,,,,,,,,,,,,,,,,,,,,,,,,,,,,,,,,,,,,,,
45.221,45.080,000000,45.100,0,,,,,,,45.051,0,44.781,008700100000,44.781,0,44.757,58,44.757,0,44.740,0,45.230,1.012,45.171,1.012,45.230,24.8,45.230,55.5,45.131,-48,45.131,30.700000000000003,45.230,0,45.131,0.796,45.171,0.386,45.171,287,45.171,0008,45.171,01,45.171,10,45.171,55.5,45.171,0,45.131,0.78,45.131,3.34,45.230,00,45.230,00,45.230,150,45.230,2.065,,,,,,,,,,,,,,,,,,,,,,,,,,,,,,,,,,,,,,,,,,,,
45.322,45.080,000000,45.100,0,,,,,,,45.051,0,44.781,008700100000,44.781,0,44.757,58,44.757,0,44.740,0,45.230,1.012,45.263,1.0130000000000001,45.230,24.8,45.230,55.5,45.331,-48,45.331,30.700000000000003,45.331,0,45.331,0.796,45.365,0.391,45.365,545,45.365,0008,45.365,01,45.365,10,45.365,55.5,45.365,0,45.331,0.78,45.331,3.341,45.230,00,45.230,00,45.230,150,45.331,2.068,,,,,,,,,,,,,,,,,,,,,,,,,,,,,,,,,,,,,,,,,,,,
45.422,45.080,000000,45.100,0,,,,,,,45.051,0,44.781,008700100000,44.781,0,44.757,58,44.757,0,44.740,0,45.452,1.012,45.392,1.0130000000000001,45.423,24.8,45.423,55.5,45.331,-48,45.331,30.700000000000003,45.452,0,45.331,0.796,45.452,0.386,45.452,968,45.452,0008,45.452,01,45.452,10,45.452,55.5,45.365,0,45.331,0.78,45.331,3.341,45.423,00,45.423,00,45.423,150,45.423,2.065,,,,,,,,,,,,,,,,,,,,,,,,,,,,,,,,,,,,,,,,,,,,
45.521,45.080,000000,45.100,0,,,,,,,45.051,0,44.781,008700100000,44.781,0,44.757,58,44.757,0,45.590,0,45.530,1.012,45.571,1.0150000000000001,45.502,24.8,45.530,55.5,45.571,-48,45.571,30.700000000000003,45.530,0,45.502,0.796,45.530,0.386,45.571,1007,45.571,0008,45.571,01,45.571,10,45.571,55.5,45.502,0,45.502,0,45.502,3.34,45.530,00,45.530,00,45.530,150,45.530,2.067,,,,,,,,,,,,,,,,,,,,,,,,,,,,,,,,,,,,,,,,,,,,
45.621,45.080,000000,45.100,0,,,,,,,45.051,0,44.781,008700100000,44.781,0,45.608,58,45.608,0,45.590,0,45.631,1.012,45.664,1.0170000000000001,45.631,24.8,45.631,55.5,45.571,-48,45.571,30.700000000000003,45.664,0,45.631,0.796,45.664,0.386,45.664,1041,45.664,0008,45.664,01,45.571,10,45.571,55.5,45.502,0,45.631,0,45.631,3.341,45.631,00,45.631,00,45.664,150,45.664,2.068,,,,,,,,,,,,,,,,,,,,,,,,,,,,,,,,,,,,,,,,,,,,
45.721,45.080,000000,45.100,0,,,,,,,45.710,0,45.691,008700100000,45.691,0,45.608,58,45.608,0,45.590,0,45.751,1.012,45.664,1.0170000000000001,45.751,24.8,45.751,55.5,45.751,-48,45.751,30.700000000000003,45.664,0,45.631,0.796,45.664,0.386,45.664,1041,45.664,0008,45.664,01,45.751,10,45.751,55.5,45.751,0,45.631,0,45.631,3.341,45.631,00,45.631,00,45.664,150,45.664,2.068,,,,,,,,,,,,,,,,,,,,,,,,,,,,,,,,,,,,,,,,,,,,
45.821,45.080,000000,45.100,0,,,,,,,45.710,0,45.691,008700100000,45.691,0,45.608,58,45.608,0,45.590,0,45.867,1.012,45.867,1.018,45.751,24.8,45.751,55.5,45.751,-48,45.751,30.700000000000003,45.831,0,45.783,0.796,45.783,0.386,45.783,1003,45.783,0008,45.783,01,45.751,10,45.751,55.5,45.751,0,45.831,0,45.831,3.341,45.783,00,45.783,00,45.831,150,45.831,2.068,,,,,,,,,,,,,,,,,,,,,,,,,,,,,,,,,,,,,,,,,,,,
45.921,45.080,000000,45.100,0,,,,,,,45.710,0,45.691,008700100000,45.691,0,45.608,58,45.608,0,45.590,0,45.952,1.012,45.867,1.018,45.927,24.8,45.927,55.5,45.927,-48,45.927,30.700000000000003,45.952,0,45.927,0.796,45.952,0.386,45.952,942,45.952,0008,45.783,01,45.927,10,45.927,55.5,45.952,0,45.831,0,45.831,3.341,45.783,00,45.783,00,45.952,150,45.952,2.068,,,,,,,,,,,,,,,,,,,,,,,,,,,,,,,,,,,,,,,,,,,,
46.022,45.080,000000,45.100,0,,,,,,,45.710,0,45.691,008700100000,45.691,0,46.088,58,45.608,0,46.000,0,46.032,1.012,46.065,1.0170000000000001,45.983,24.8,46.032,55.5,46.032,-48,46.032,30.700000000000003,46.032,0,46.065,0.796,46.065,0.386,46.065,893,46.065,0008,45.983,01,46.032,10,46.032,55.5,45.952,0,46.065,0,46.065,3.34,45.983,00,45.983,00,46.032,150,46.065,2.069,,,,,,,,,,,,,,,,,,,,,,,,,,,,,,,,,,,,,,,,,,,,
46.126,45.080,000000,45.100,0,,,,,,,45.710,0,46.111,008700100000,46.111,0,46.088,58,46.088,0,46.000,0,46.153,1.012,46.065,1.0170000000000001,46.153,24.8,46.032,55.5,46.032,-48,46.032,30.700000000000003,46.032,0,46.065,0.796,46.065,0.386,46.065,893,46.065,0008,45.983,01,46.032,10,46.032,55.5,45.952,0,46.065,0,46.065,3.34,45.983,00,45.983,00,46.032,150,46.065,2.069,,,,,,,,,,,,,,,,,,,,,,,,,,,,,,,,,,,,,,,,,,,,
46.231,46.250,000000,46.271,0,,,,,,,46.210,0,46.111,008700100000,46.111,0,46.088,58,46.088,0,46.000,0,46.230,1.012,46.230,1.0170000000000001,46.153,24.8,46.153,55.5,46.153,-48,46.153,30.700000000000003,46.181,0,46.230,0.796,46.181,0.386,46.181,840,46.181,0008,46.181,01,46.153,10,46.153,55.5,46.230,0,46.230,0.78,46.230,3.341,46.181,00,46.230,00,46.181,150,46.230,2.07,,,,,,,,,,,,,,,,,,,,,,,,,,,,,,,,,,,,,,,,,,,,
46.324,46.250,000000,46.271,0,,,,,,,46.210,0,46.111,008700100000,46.111,0,46.088,58,46.088,0,46.000,0,46.230,1.012,46.230,1.0170000000000001,46.321,24.8,46.321,55.5,46.321,-48,46.321,30.700000000000003,46.181,0,46.230,0.796,46.181,0.386,46.181,840,46.181,0008,46.181,01,46.321,10,46.321,55.5,46.321,0,46.230,0.78,46.230,3.341,46.365,00,46.230,00,46.181,150,46.230,2.07,,,,,,,,,,,,,,,,,,,,,,,,,,,,,,,,,,,,,,,,,,,,
46.421,46.250,000000,46.271,0,,,,,,,46.210,0,46.111,008700100000,46.111,0,46.088,58,46.088,0,46.000,0,46.471,1.012,46.391,1.016,46.431,24.8,46.471,55.5,46.471,-48,46.471,30.700000000000003,46.365,0,46.431,0.796,46.365,0.386,46.365,784,46.365,0008,46.365,01,46.471,10,46.471,55.5,46.471,0,46.431,0.78,46.431,3.342,46.365,00,46.431,00,46.391,150,46.471,2.07,,,,,,,,,,,,,,,,,,,,,,,,,,,,,,,,,,,,,,,,,,,,
46.522,46.250,000000,46.271,0,,,,,,,46.210,0,46.111,008700100000,46.111,0,46.088,58,46.088,0,46.000,0,46.530,1.012,46.530,1.014,46.530,24.8,46.471,55.5,46.471,-48,46.471,30.700000000000003,46.503,0,46.503,0.796,46.503,0.386,46.503,756,46.503,0008,46.503,01,46.471,10,46.471,55.5,46.471,0,46.530,0.78,46.530,3.34,46.503,00,46.530,00,46.530,150,46.530,2.072,,,,,,,,,,,,,,,,,,,,,,,,,,,,,,,,,,,,,,,,,,,,
46.621,46.250,000000,46.271,0,,,,,,,46.210,0,46.111,008700100000,46.111,0,46.088,58,46.088,0,46.599,0,46.621,1.012,46.530,1.014,46.621,24.8,46.621,55.5,46.621,-48,46.471,30.700000000000003,46.503,0,46.621,0.796,46.503,0.386,46.503,756,46.503,0008,46.503,01,46.471,10,46.471,55.5,46.471,0,46.621,0.78,46.621,3.34,46.503,00,46.621,00,46.530,150,46.530,2.072,,,,,,,,,,,,,,,,,,,,,,,,,,,,,,,,,,,,,,,,,,,,
46.721,46.250,000000,46.271,0,,,,,,,46.710,0,46.691,208700100000,46.691,0,46.670,58,46.670,0,46.599,0,46.730,1.012,46.764,1.0130000000000001,46.764,24.8,46.764,55.5,46.764,-48,46.764,30.700000000000003,46.651,0,46.730,0.796,46.730,0.386,46.730,743,46.730,0008,46.730,01,46.764,10,46.651,55.5,46.651,0,46.730,0.78,46.764,3.34,46.730,00,46.764,00,46.651,150,46.651,2.073,,,,,,,,,,,,,,,,,,,,,,,,,,,,,,,,,,,,,,,,,,,,
46.821,46.250,000000,46.271,0,,,,,,,46.710,0,46.691,208700100000,46.691,0,46.670,58,46.670,0,46.599,0,46.867,1.012,46.867,1.0130000000000001,46.764,24.8,46.764,55.5,46.764,-48,46.764,30.700000000000003,46.830,0,46.730,0.796,46.730,0.386,46.730,743,46.730,0008,46.730,01,46.764,10,46.830,55.5,46.830,0,46.730,0.78,46.764,3.34,46.730,00,46.764,00,46.830,150,46.830,2.075,,,,,,,,,,,,,,,,,,,,,,,,,,,,,,,,,,,,,,,,,,,,
46.922,46.250,000000,46.271,0,,,,,,,46.710,0,46.691,208700100000,46.691,0,47.000,58,46.670,0,46.599,0,46.922,1.012,46.952,1.0130000000000001,46.922,24.8,46.922,55.5,46.922,-48,46.922,30.700000000000003,46.830,0,46.952,0.796,46.952,0.386,46.952,741,46.952,0008,46.952,01,46.922,10,46.830,55.5,46.830,0,46.952,0.78,46.922,3.341,46.952,00,46.922,00,46.830,150,46.830,2.075,,,,,,,,,,,,,,,,,,,,,,,,,,,,,,,,,,,,,,,,,,,,
47.031,46.250,000000,46.271,0,,,,,,,46.710,0,46.691,208700100000,46.691,0,47.000,58,47.000,0,46.980,0,47.023,1.012,47.051,1.0130000000000001,47.023,24.8,47.023,55.5,47.051,-48,47.051,30.700000000000003,47.023,0,47.051,0.796,47.051,0.391,46.952,741,46.952,0008,46.952,01,47.051,10,47.023,55.5,47.023,0,46.952,0.78,47.051,3.34,46.952,00,47.051,00,47.023,150,47.023,2.075,,,,,,,,,,,,,,,,,,,,,,,,,,,,,,,,,,,,,,,,,,,,
47.135,47.110,000000,47.180,0,,,,,,,47.090,0,47.072,208700100000,47.072,0,47.000,58,47.000,0,46.980,0,47.130,1.012,47.164,1.0130000000000001,47.164,24.8,47.164,55.5,47.164,-48,47.164,30.700000000000003,47.130,0,47.051,0.796,47.051,0.391,47.130,739,47.130,0008,47.130,01,47.051,10,47.130,55.5,47.164,0,47.130,0.78,47.051,3.34,47.130,00,47.051,00,47.164,150,47.164,2.078,,,,,,,,,,,,,,,,,,,,,,,,,,,,,,,,,,,,,,,,,,,,
47.233,47.110,000000,47.180,0,,,,,,,47.090,0,47.072,208700100000,47.072,0,47.000,58,47.000,0,46.980,0,47.230,1.012,47.164,1.0130000000000001,47.164,24.8,47.164,55.5,47.164,-48,47.164,30.700000000000003,47.230,0,47.230,0.796,47.230,0.386,47.130,739,47.130,0008,47.130,01,47.230,10,47.230,55.5,47.164,0,47.130,0.78,47.230,3.341,47.130,00,47.230,00,47.164,150,47.164,2.078,,,,,,,,,,,,,,,,,,,,,,,,,,,,,,,,,,,,,,,,,,,,
47.322,47.110,000000,47.180,0,,,,,,,47.090,0,47.072,208700100000,47.072,0,47.000,58,47.000,0,46.980,0,47.342,1.012,47.342,1.0130000000000001,47.310,24.8,47.310,55.5,47.310,-48,47.310,30.700000000000003,47.264,0,47.230,0.796,47.230,0.386,47.264,736,47.264,0008,47.264,01,47.230,10,47.264,55.5,47.310,0,47.264,0.78,47.230,3.341,47.264,00,47.230,00,47.310,150,47.310,2.079,,,,,,,,,,,,,,,,,,,,,,,,,,,,,,,,,,,,,,,,,,,,
47.422,47.110,000000,47.180,0,,,,,,,47.090,0,47.072,208700100000,47.072,0,47.000,58,47.000,0,46.980,0,47.443,1.012,47.342,1.0130000000000001,47.310,24.8,47.310,55.5,47.310,-48,47.310,30.700000000000003,47.443,0,47.371,0.796,47.371,0.386,47.371,733,47.371,0008,47.371,01,47.443,10,47.443,55.5,47.310,0,47.443,0.78,47.443,3.342,47.443,00,47.443,00,47.310,150,47.310,2.079,,,,,,,,,,,,,,,,,,,,,,,,,,,,,,,,,,,,,,,,,,,,
47.522,47.110,000000,47.180,0,,,,,,,47.090,0,47.072,208700100000,47.072,0,47.577,58,47.000,0,47.500,0,47.521,1.012,47.551,1.0130000000000001,47.481,24.8,47.481,55.5,47.481,-48,47.481,30.700000000000003,47.551,0,47.551,0.796,47.551,0.386,47.521,744,47.521,0008,47.521,01,47.521,10,47.551,55.5,47.481,0,47.521,0.78,47.551,3.341,47.551,00,47.551,00,47.481,150,47.481,2.08,,,,,,,,,,,,,,,,,,,,,,,,,,,,,,,,,,,,,,,,,,,,
47.622,47.110,000000,47.180,0,,,,,,,47.090,0,47.601,208700100000,47.601,0,47.577,58,47.577,0,47.500,0,47.643,1.012,47.551,1.0130000000000001,47.643,24.900000000000002,47.643,55.5,47.481,-48,47.481,30.700000000000003,47.551,0,47.551,0.796,47.551,0.386,47.643,744,47.643,0008,47.643,01,47.643,10,47.551,55.5,47.481,0,47.643,0.78,47.551,3.341,47.551,00,47.551,00,47.481,150,47.481,2.08,,,,,,,,,,,,,,,,,,,,,,,,,,,,,,,,,,,,,,,,,,,,
47.721,47.110,000000,47.180,0,,,,,,,47.690,0,47.601,208700100000,47.601,0,47.577,58,47.577,0,47.500,0,47.742,1.012,47.672,1.0130000000000001,47.643,24.900000000000002,47.643,55.5,47.672,-48,47.672,30.700000000000003,47.742,0,47.672,0.796,47.672,0.386,47.742,729,47.742,0008,47.742,01,47.742,10,47.742,55.5,47.672,0,47.742,0.78,47.551,3.341,47.551,00,47.551,00,47.672,150,47.672,2.081,,,,,,,,,,,,,,,,,,,,,,,,,,,,,,,,,,,,,,,,,,,,
47.821,47.110,000000,47.180,0,,,,,,,47.690,0,47.601,208700100000,47.601,0,47.577,58,47.577,0,47.500,0,47.742,1.012,47.782,1.0130000000000001,47.821,24.8,47.821,55.5,47.821,-48,47.821,30.700000000000003,47.821,0,47.782,0.796,47.782,0.386,47.742,729,47.742,0008,47.742,01,47.742,10,47.821,55.5,47.821,0,47.742,0.78,47.782,3.34,47.782,00,47.782,00,47.867,150,47.672,2.081,,,,,,,,,,,,,,,,,,,,,,,,,,,,,,,,,,,,,,,,,,,,
47.922,47.110,000000,47.180,0,,,,,,,47.690,0,47.601,208700100000,47.601,0,47.577,58,47.577,0,47.989,0,47.931,1.012,47.964,1.0130000000000001,47.964,24.8,47.964,55.5,47.964,-48,47.964,30.700000000000003,47.931,0,47.891,0.796,47.891,0.386,47.891,730,47.931,0008,47.931,01,47.931,10,47.931,55.5,47.964,0,47.931,0.78,47.931,3.344,47.964,00,47.964,00,47.867,150,47.867,2.084,,,,,,,,,,,,,,,,,,,,,,,,,,,,,,,,,,,,,,,,,,,,
48.021,47.110,000000,47.180,0,,,,,,,47.690,0,47.601,208700100000,47.601,0,48.007,58,48.007,0,47.989,0,48.030,1.012,47.964,1.0130000000000001,47.964,24.8,47.964,55.5,47.964,-48,47.964,30.700000000000003,47.931,0,48.030,0.796,48.030,0.386,48.030,748,48.030,0008,48.030,01,47.931,10,47.931,55.5,47.964,0,47.931,0.78,47.931,3.344,47.964,00,47.964,00,48.030,150,48.030,2.087,,,,,,,,,,,,,,,,,,,,,,,,,,,,,,,,,,,,,,,,,,,,
48.123,47.110,000000,47.180,0,,,,,,,47.690,0,48.102,208700100000,48.102,0,48.007,58,48.007,0,47.989,0,48.143,1.012,48.081,1.0130000000000001,48.143,24.8,48.143,55.5,48.143,-48,48.143,30.700000000000003,48.081,0,48.143,0.796,48.143,0.386,48.030,748,48.030,0008,48.030,01,48.081,10,48.081,55.5,48.143,0,48.081,0.78,48.171,3.34,48.081,00,48.081,00,48.030,150,48.030,2.087,,,,,,,,,,,,,,,,,,,,,,,,,,,,,,,,,,,,,,,,,,,,
48.232,48.200,000000,47.180,0,,,,,,,47.690,0,48.102,208700100000,48.102,0,48.007,58,48.007,0,47.989,0,48.222,1.012,48.251,1.0130000000000001,48.251,24.8,48.251,55.5,48.251,-48,48.251,30.700000000000003,48.222,0,48.222,0.796,48.222,0.386,48.171,739,48.171,0000,48.171,01,48.222,10,48.222,55.5,48.251,0,48.222,0.78,48.171,3.34,48.171,00,48.171,00,48.251,150,48.251,2.087,,,,,,,,,,,,,,,,,,,,,,,,,,,,,,,,,,,,,,,,,,,,
48.332,48.200,000000,48.283,0,,,,,,,47.690,0,48.102,208700100000,48.102,0,48.007,58,48.007,0,47.989,0,48.222,1.012,48.251,1.0130000000000001,48.251,24.8,48.251,55.5,48.251,-48,48.251,30.700000000000003,48.321,0,48.321,0.796,48.321,0.391,48.321,732,48.351,0000,48.351,01,48.321,10,48.321,55.5,48.251,0,48.321,0.78,48.351,3.341,48.351,00,48.351,00,48.251,150,48.251,2.087,,,,,,,,,,,,,,,,,,,,,,,,,,,,,,,,,,,,,,,,,,,,
48.433,48.200,000000,48.283,0,,,,,,,47.690,0,48.102,208700100000,48.102,0,48.007,58,48.007,0,47.989,0,48.422,1.012,48.452,1.0130000000000001,48.422,24.8,48.422,55.5,48.422,-48,48.422,30,48.452,0,48.452,0.796,48.452,0.386,48.452,732,48.351,0000,48.351,01,48.452,10,48.452,55.5,48.422,0,48.452,0.78,48.351,3.341,48.351,00,48.351,00,48.422,150,48.422,2.091,,,,,,,,,,,,,,,,,,,,,,,,,,,,,,,,,,,,,,,,,,,,
48.532,48.200,000000,48.283,0,,,,,,,48.580,0,48.102,208700100000,48.102,0,48.007,58,48.007,0,47.989,0,48.523,1.012,48.564,1.0130000000000001,48.523,24.8,48.523,55.5,48.564,-48,48.564,30,48.564,0,48.452,0.796,48.452,0.386,48.452,732,48.523,0000,48.523,01,48.564,10,48.452,55.5,48.564,0,48.452,0.78,48.523,3.34,48.523,00,48.523,00,48.564,150,48.564,2.092,,,,,,,,,,,,,,,,,,,,,,,,,,,,,,,,,,,,,,,,,,,,
48.626,48.200,000000,48.283,0,,,,,,,48.580,0,48.102,208700100000,48.102,0,48.677,58,48.677,0,48.599,0,48.621,1.012,48.651,1.0130000000000001,48.621,24.8,48.621,55.5,48.564,-48,48.564,30,48.651,0,48.621,0.796,48.621,0.386,48.621,731,48.651,0000,48.651,01,48.651,10,48.621,55.5,48.564,0,48.621,0.78,48.651,3.341,48.651,00,48.651,00,48.564,150,48.564,2.092,,,,,,,,,,,,,,,,,,,,,,,,,,,,,,,,,,,,,,,,,,,,
48.724,48.200,000000,48.283,0,,,,,,,48.580,0,48.706,208700100000,48.706,0,48.677,58,48.677,0,48.599,0,48.730,1.012,48.651,1.0130000000000001,48.730,24.8,48.730,54.7,48.730,-48,48.730,30,48.651,0,48.730,0.796,48.730,0.386,48.621,731,48.651,0000,48.651,01,48.651,10,48.621,55.5,48.730,0,48.621,0.78,48.764,3.342,48.651,00,48.651,00,48.564,150,48.564,2.092,,,,,,,,,,,,,,,,,,,,,,,,,,,,,,,,,,,,,,,,,,,,
48.821,48.200,000000,48.283,0,,,,,,,48.580,0,48.706,208700100000,48.706,0,48.677,58,48.677,0,48.599,0,48.867,1.012,48.867,1.0130000000000001,48.730,24.8,48.730,54.7,48.867,-48,48.867,30,48.764,0,48.831,0.796,48.831,0.386,48.831,732,48.764,0000,48.764,01,48.764,10,48.831,55.5,48.867,0,48.831,0.78,48.764,3.342,48.831,00,48.831,00,48.764,150,48.764,2.097,,,,,,,,,,,,,,,,,,,,,,,,,,,,,,,,,,,,,,,,,,,,
48.932,48.200,000000,48.283,0,,,,,,,48.580,0,48.706,208700100000,48.706,0,48.677,58,48.677,0,48.599,0,48.867,1.012,48.867,1.0130000000000001,48.730,24.8,48.730,54.7,48.867,-48,48.867,30,48.764,0,48.831,0.796,48.831,0.386,48.831,732,48.891,0000,48.891,01,48.764,10,48.831,55.5,48.867,0,48.831,0.78,48.891,3.342,48.831,00,48.831,00,48.931,150,48.764,2.097,,,,,,,,,,,,,,,,,,,,,,,,,,,,,,,,,,,,,,,,,,,,
49.021,48.200,000000,48.283,0,,,,,,,49.000,0,48.706,208700100000,48.706,0,48.677,58,48.677,0,49.070,0,49.021,1.012,49.052,1.0130000000000001,48.972,24.8,48.972,54.7,49.052,-48,49.052,30,49.052,0,49.021,0.796,49.021,0.391,49.021,731,49.052,0000,48.972,01,49.052,10,49.021,55.5,49.052,0,49.021,0.78,48.972,3.342,49.021,00,49.021,00,49.052,150,48.972,2.1,,,,,,,,,,,,,,,,,,,,,,,,,,,,,,,,,,,,,,,,,,,,
49.121,48.200,000000,48.283,0,,,,,,,49.000,0,49.111,208700100000,49.111,0,49.087,58,49.087,0,49.070,0,49.164,1.012,49.052,1.0130000000000001,49.164,24.8,49.164,54.7,49.052,-48,49.052,30,49.052,0,49.021,0.796,49.021,0.391,49.164,719,49.052,0000,49.164,01,49.052,10,49.164,55.5,49.052,0,49.164,0.78,49.164,3.341,49.021,00,49.021,00,49.052,150,48.972,2.1,,,,,,,,,,,,,,,,,,,,,,,,,,,,,,,,,,,,,,,,,,,,
49.221,49.280,000000,48.283,0,,,,,,,49.000,0,49.111,208700100000,49.111,0,49.087,58,49.087,0,49.070,0,49.221,1.012,49.252,1.0130000000000001,49.252,24.8,49.252,54.7,49.191,-48,49.191,30,49.191,0,49.191,0.796,49.191,0.386,49.252,722,49.221,0000,49.252,01,49.221,10,49.252,55.5,49.221,0,49.252,0.78,49.252,3.34,49.191,00,49.191,00,49.221,150,49.221,2.106,,,,,,,,,,,,,,,,,,,,,,,,,,,,,,,,,,,,,,,,,,,,
49.323,49.280,000000,48.283,0,,,,,,,49.000,0,49.111,208700100000,49.111,0,49.087,58,49.087,0,49.070,0,49.221,1.012,49.252,1.0130000000000001,49.252,24.8,49.252,54.7,49.310,-48,49.310,30,49.310,0,49.310,0.796,49.310,0.386,49.252,722,49.221,0000,49.252,01,49.221,10,49.252,55.5,49.221,0,49.252,0.78,49.252,3.34,49.310,00,49.310,00,49.382,150,49.221,2.106,,,,,,,,,,,,,,,,,,,,,,,,,,,,,,,,,,,,,,,,,,,,
49.419,49.280,000000,49.410,0,,,,,,,49.000,0,49.111,208700100000,49.111,0,49.087,58,49.087,0,49.070,0,49.431,1.012,49.464,1.0130000000000001,49.431,24.8,49.431,54.7,49.464,-48,49.310,30,49.310,0,49.310,0.796,49.310,0.386,49.431,713,49.343,0000,49.431,01,49.343,10,49.431,55.5,49.343,0,49.431,0.78,49.431,3.341,49.464,00,49.464,00,49.382,150,49.382,2.106,,,,,,,,,,,,,,,,,,,,,,,,,,,,,,,,,,,,,,,,,,,,
49.532,49.280,000000,49.410,0,,,,,,,49.000,0,49.111,208700100000,49.111,0,49.087,58,49.087,0,49.070,0,49.521,1.012,49.551,1.0130000000000001,49.521,24.8,49.521,54.7,49.551,-48,49.551,30,49.464,0,49.464,0.796,49.464,0.386,49.551,704,49.521,0000,49.551,01,49.521,10,49.551,55.5,49.521,0,49.551,0.78,49.551,3.341,49.464,00,49.464,00,49.521,150,49.521,2.109,,,,,,,,,,,,,,,,,,,,,,,,,,,,,,,,,,,,,,,,,,,,
49.625,49.280,000000,49.410,0,,,,,,,49.600,0,49.111,208700100000,49.111,0,49.687,57,49.087,0,49.670,0,49.622,1.012,49.651,1.0130000000000001,49.622,24.8,49.622,54.7,49.651,-48,49.651,30,49.622,0,49.622,0.796,49.622,0.386,49.551,704,49.651,0000,49.551,01,49.651,10,49.551,55.5,49.651,0,49.551,0.78,49.551,3.341,49.622,00,49.622,00,49.651,150,49.651,2.112,,,,,,,,,,,,,,,,,,,,,,,,,,,,,,,,,,,,,,,,,,,,
49.719,49.280,000000,49.410,0,,,,,,,49.600,0,49.711,208700100000,49.711,0,49.687,57,49.687,0,49.670,0,49.742,1.012,49.772,1.0130000000000001,49.742,24.8,49.742,54.7,49.772,-48,49.772,30,49.772,0,49.772,0.796,49.772,0.386,49.742,691,49.772,0000,49.742,01,49.772,10,49.742,55.5,49.651,0,49.742,0.78,49.742,3.341,49.622,00,49.622,00,49.651,150,49.651,2.112,,,,,,,,,,,,,,,,,,,,,,,,,,,,,,,,,,,,,,,,,,,,
49.822,49.280,000000,49.410,0,,,,,,,49.600,0,49.711,208700100000,49.711,0,49.687,57,49.687,0,49.670,0,49.742,1.012,49.772,1.0130000000000001,49.742,24.8,49.742,54.7,49.772,-48,49.772,30,49.772,0,49.772,0.796,49.772,0.386,49.843,691,49.772,0000,49.843,01,49.772,10,49.742,55.5,49.843,0,49.742,0.78,49.742,3.341,49.843,00,49.843,00,49.843,150,49.843,2.115,,,,,,,,,,,,,,,,,,,,,,,,,,,,,,,,,,,,,,,,,,,,
49.921,49.280,000000,49.410,0,,,,,,,49.600,0,49.711,208700100000,49.711,0,49.687,57,49.687,0,49.670,0,49.911,1.012,49.911,1.0130000000000001,49.942,24.8,49.942,54.7,49.881,-48,49.881,30,49.911,0,49.911,0.796,49.911,0.391,49.942,691,49.911,0000,49.843,01,49.911,10,49.881,55.5,49.843,0,49.881,0.78,49.881,3.34,49.843,00,49.843,00,49.843,150,49.843,2.115,,,,,,,,,,,,,,,,,,,,,,,,,,,,,,,,,,,,,,,,,,,,
50.021,49.280,000000,49.410,0,,,,,,,49.990,0,49.711,208700100000,49.711,0,49.687,57,49.687,0,50.014,0,50.043,1.012,49.972,1.012,49.942,24.8,49.942,54.7,49.972,-48,49.972,30,49.972,0,49.972,0.796,49.972,0.391,49.942,691,50.043,0000,49.972,01,50.043,10,49.881,55.5,50.043,0,49.881,0.78,49.881,3.34,50.043,00,50.043,00,50.043,150,50.043,2.118,,,,,,,,,,,,,,,,,,,,,,,,,,,,,,,,,,,,,,,,,,,,
50.120,49.280,000000,49.410,0,,,,,,,49.990,0,49.711,208700100000,49.711,0,50.110,57,50.110,0,50.014,0,50.130,1.012,50.081,1.0110000000000001,50.130,24.8,50.130,54.7,50.081,-48,50.081,30,50.081,0,49.972,0.796,49.972,0.391,49.942,691,50.043,0000,49.972,01,50.043,10,49.881,55.5,50.043,0,49.881,0.78,49.881,3.34,50.043,00,50.043,00,50.043,150,50.043,2.118,,,,,,,,,,,,,,,,,,,,,,,,,,,,,,,,,,,,,,,,,,,,
50.220,49.280,000000,49.410,0,,,,,,,49.990,0,50.202,208700100000,50.202,0,50.110,57,50.110,0,50.014,0,50.130,1.012,50.171,1.012,50.171,24.8,50.130,54.7,50.171,-48,50.171,30,50.171,0,50.130,0.796,50.130,0.386,50.081,689,50.043,0000,50.171,01,50.043,10,50.081,55.5,50.130,0,50.081,0.78,50.081,3.34,50.130,00,50.130,00,50.171,150,50.171,2.12,,,,,,,,,,,,,,,,,,,,,,,,,,,,,,,,,,,,,,,,,,,,
50.321,49.280,000000,49.410,0,,,,,,,49.990,0,50.202,208700100000,50.202,0,50.110,57,50.110,0,50.014,0,50.252,1.012,50.281,1.012,50.322,24.8,50.322,54.7,50.351,-48,50.351,30,50.281,0,50.322,0.796,50.322,0.386,50.281,688,50.322,0000,50.351,01,50.322,10,50.281,55.5,50.322,0,50.281,0.78,50.281,3.34,50.351,00,50.351,00,50.351,150,50.351,2.124,,,,,,,,,,,,,,,,,,,,,,,,,,,,,,,,,,,,,,,,,,,,
50.422,49.280,000000,49.410,0,,,,,,,49.990,0,50.202,208700100000,50.202,0,50.110,57,50.110,0,50.014,0,50.391,1.012,50.391,1.012,50.431,24.8,50.431,54.7,50.351,-48,50.351,30,50.391,0,50.431,0.796,50.431,0.386,50.281,688,50.431,0000,50.351,01,50.322,10,50.281,55.5,50.322,0,50.281,0.78,50.281,3.34,50.351,00,50.351,00,50.351,150,50.351,2.124,,,,,,,,,,,,,,,,,,,,,,,,,,,,,,,,,,,,,,,,,,,,
50.522,49.280,000000,49.410,0,,,,,,,49.990,0,50.202,208700100000,50.202,0,50.110,57,50.110,0,50.014,0,50.543,1.012,50.512,1.012,50.543,24.8,50.543,54,50.512,-48,50.512,30,50.512,0,50.512,0.796,50.512,0.391,50.543,689,50.543,0000,50.543,01,50.481,10,50.481,55.5,50.481,0,50.512,0.78,50.512,3.341,50.543,00,50.543,00,50.481,150,50.481,2.125,,,,,,,,,,,,,,,,,,,,,,,,,,,,,,,,,,,,,,,,,,,,
50.621,50.591,000000,50.610,0,,,,,,,49.990,0,50.202,208700100000,50.202,0,50.110,57,50.110,0,50.014,0,50.631,1.012,50.670,1.012,50.543,24.8,50.543,54,50.670,-48,50.670,30,50.670,0,50.670,0.796,50.670,0.386,50.631,694,50.572,0000,50.631,01,50.631,10,50.631,55.5,50.631,0,50.670,0.78,50.670,3.341,50.572,00,50.572,00,50.631,150,50.631,2.129,,,,,,,,,,,,,,,,,,,,,,,,,,,,,,,,,,,,,,,,,,,,
50.722,50.591,000000,50.610,0,,,,,,,49.990,0,50.202,208700100000,50.202,0,50.110,57,50.110,0,50.014,0,50.752,1.012,50.670,1.012,50.752,24.8,50.752,54,50.670,-48,50.670,30,50.670,0,50.670,0.796,50.670,0.386,50.631,694,50.752,0000,50.631,01,50.752,10,50.631,55.5,50.752,0,50.670,0.78,50.670,3.341,50.752,00,50.752,00,50.631,150,50.631,2.129,,,,,,,,,,,,,,,,,,,,,,,,,,,,,,,,,,,,,,,,,,,,
50.820,50.591,000000,50.610,0,,,,,,,49.990,0,50.202,208700100000,50.202,0,50.110,57,50.110,0,50.014,0,50.752,1.012,50.670,1.012,50.752,24.8,50.752,54,50.670,-48,50.670,30,50.670,0,50.670,0.796,50.670,0.386,50.631,694,50.752,0000,50.631,01,50.752,10,50.631,55.5,50.752,0,50.670,0.78,50.670,3.341,50.752,00,50.752,00,50.782,150,50.631,2.129,,,,,,,,,,,,,,,,,,,,,,,,,,,,,,,,,,,,,,,,,,,,
50.926,50.591,000000,50.610,0,,,,,,,50.800,0,50.202,208700100000,50.202,0,50.110,57,50.110,0,50.819,0,50.891,1.012,50.891,1.0110000000000001,50.931,24.8,50.931,54,50.891,-48,50.891,30,50.851,0,50.851,0.796,50.851,0.386,50.964,701,50.931,0000,50.782,01,50.851,10,50.782,55.5,50.851,0,50.851,0.78,50.851,3.341,50.752,00,50.752,00,50.782,150,50.782,2.13,,,,,,,,,,,,,,,,,,,,,,,,,,,,,,,,,,,,,,,,,,,,
51.032,50.591,000000,50.610,0,,,,,,,50.800,0,50.202,208700100000,50.202,0,51.016,57,51.016,0,50.819,0,51.043,1.012,51.072,1.0110000000000001,51.072,24.8,51.072,54,51.072,-48,51.072,30,50.991,0,50.991,0.796,51.043,0.386,51.043,695,50.991,0000,51.043,01,51.043,10,51.072,55.5,51.043,0,51.043,0.78,51.043,3.34,50.964,00,50.964,00,51.072,150,51.072,2.134,,,,,,,,,,,,,,,,,,,,,,,,,,,,,,,,,,,,,,,,,,,,
51.124,50.591,000000,50.610,0,,,,,,,50.800,0,51.104,208700100000,51.104,0,51.016,57,51.016,0,50.819,0,51.164,1.012,51.072,1.0110000000000001,51.072,24.8,51.072,54,51.072,-48,51.072,30,50.991,0,50.991,0.796,51.043,0.386,51.043,695,50.991,0000,51.043,01,51.043,10,51.072,55.5,51.043,0,51.043,0.78,51.043,3.34,50.964,00,50.964,00,51.072,150,51.072,2.134,,,,,,,,,,,,,,,,,,,,,,,,,,,,,,,,,,,,,,,,,,,,
51.222,50.591,000000,50.610,0,,,,,,,51.220,0,51.104,208700100000,51.104,0,51.287,57,51.287,0,51.270,0,51.243,1.012,51.243,1.0110000000000001,51.243,24.8,51.243,54,51.243,-48,51.243,30,51.243,0,51.164,0.796,51.164,0.391,51.191,705,51.164,0000,51.191,01,51.164,10,51.191,55.5,51.191,0,51.191,0.78,51.191,3.339,51.164,00,51.164,00,51.191,150,51.243,2.136,,,,,,,,,,,,,,,,,,,,,,,,,,,,,,,,,,,,,,,,,,,,
51.322,50.591,000000,50.610,0,,,,,,,51.220,0,51.104,208700100000,51.104,0,51.287,57,51.287,0,51.270,0,51.243,1.012,51.243,1.0110000000000001,51.342,24.8,51.342,54,51.243,-48,51.243,30,51.243,0,51.342,0.796,51.342,0.386,51.191,705,51.342,0000,51.191,01,51.342,10,51.191,55.5,51.191,0,51.191,0.78,51.191,3.339,51.342,00,51.164,00,51.191,150,51.243,2.136,,,,,,,,,,,,,,,,,,,,,,,,,,,,,,,,,,,,,,,,,,,,
51.422,50.591,000000,50.610,0,,,,,,,51.220,0,51.104,208700100000,51.104,0,51.287,57,51.287,0,51.270,0,51.412,1.012,51.412,1.0110000000000001,51.443,24.8,51.342,54,51.243,-48,51.243,30,51.243,0,51.342,0.796,51.342,0.386,51.382,706,51.342,0000,51.382,01,51.342,10,51.382,55.5,51.382,0,51.382,0.78,51.382,3.341,51.342,00,51.382,00,51.412,150,51.243,2.136,,,,,,,,,,,,,,,,,,,,,,,,,,,,,,,,,,,,,,,,,,,,
51.521,51.561,000000,51.580,0,,,,,,,51.220,0,51.104,208700100000,51.104,0,51.287,57,51.287,0,51.270,0,51.543,1.012,51.543,1.012,51.543,24.8,51.543,54,51.502,-48,51.502,30,51.471,0,51.471,0.796,51.471,0.386,51.543,706,51.471,0000,51.502,01,51.471,10,51.502,55.5,51.502,0,51.502,0.78,51.502,3.34,51.471,00,51.543,00,51.543,150,51.543,2.14,,,,,,,,,,,,,,,,,,,,,,,,,,,,,,,,,,,,,,,,,,,,
51.621,51.561,000000,51.580,0,,,,,,,51.220,0,51.104,208700100000,51.104,0,51.287,57,51.287,0,51.270,0,51.622,1.012,51.652,1.012,51.622,24.8,51.622,54,51.622,-48,51.622,30,51.622,0,51.652,0.796,51.652,0.386,51.652,713,51.652,0000,51.652,01,51.652,10,51.502,55.5,51.502,0,51.502,0.78,51.502,3.34,51.652,00,51.622,00,51.543,150,51.622,2.141,,,,,,,,,,,,,,,,,,,,,,,,,,,,,,,,,,,,,,,,,,,,
51.722,51.561,000000,51.580,0,,,,,,,51.220,0,51.711,208700100000,51.711,0,51.287,57,51.287,0,51.270,0,51.752,1.012,51.652,1.012,51.622,24.8,51.622,54,51.622,-48,51.622,30,51.622,0,51.652,0.796,51.652,0.386,51.652,713,51.652,0000,51.652,01,51.652,10,51.502,55.5,51.502,0,51.502,0.78,51.502,3.34,51.652,00,51.622,00,51.543,150,51.622,2.141,,,,,,,,,,,,,,,,,,,,,,,,,,,,,,,,,,,,,,,,,,,,
51.824,51.561,000000,51.580,0,,,,,,,51.220,0,51.711,208700100000,51.711,0,51.287,57,51.287,0,51.270,0,51.852,1.012,51.852,1.012,51.782,24.8,51.782,54,51.823,-48,51.823,30,51.782,0,51.782,0.796,51.782,0.386,51.823,713,51.823,0000,51.823,01,51.823,10,51.752,55.5,51.752,0,51.752,0.78,51.752,3.341,51.823,00,51.782,00,51.752,150,51.782,2.141,,,,,,,,,,,,,,,,,,,,,,,,,,,,,,,,,,,,,,,,,,,,
51.931,51.561,000000,51.580,0,,,,,,,51.220,0,51.711,208700100000,51.711,0,51.287,57,51.287,0,51.270,0,51.922,1.012,51.852,1.012,51.922,24.8,51.922,54,51.922,-48,51.922,30,51.922,0,51.922,0.796,51.922,0.391,51.823,713,51.823,0000,51.823,01,51.823,10,51.891,55.5,51.891,0,51.891,0.78,51.891,3.341,51.823,00,51.782,00,51.891,150,51.782,2.141,,,,,,,,,,,,,,,,,,,,,,,,,,,,,,,,,,,,,,,,,,,,
52.022,51.561,000000,51.580,0,,,,,,,51.990,0,51.711,208700100000,51.711,0,51.287,57,51.287,0,52.009,0,52.031,1.012,51.971,1.0110000000000001,51.922,24.8,51.922,54,52.031,-48,52.031,30,51.922,0,51.922,0.796,51.922,0.391,51.971,726,51.971,0000,51.971,01,51.971,10,52.031,55.5,52.031,0,52.031,0.78,52.031,3.341,51.971,00,51.971,00,52.031,150,51.971,2.144,,,,,,,,,,,,,,,,,,,,,,,,,,,,,,,,,,,,,,,,,,,,
52.122,51.561,000000,51.580,0,,,,,,,51.990,0,51.711,208700100000,51.711,0,52.090,57,52.090,0,52.009,0,52.143,1.012,52.064,1.012,52.064,24.8,52.064,54,52.031,-48,52.031,30,52.064,0,52.064,0.796,52.064,0.386,52.143,730,52.143,0000,52.143,01,52.143,10,52.143,55.5,52.143,0,52.031,0.78,52.031,3.341,52.143,00,52.064,00,52.031,150,52.064,2.145,,,,,,,,,,,,,,,,,,,,,,,,,,,,,,,,,,,,,,,,,,,,
52.232,51.561,000000,51.580,0,,,,,,,51.990,0,52.211,208700100000,52.211,0,52.090,57,52.090,0,52.009,0,52.143,1.012,52.183,1.012,52.183,24.8,52.183,54,52.183,-48,52.183,30,52.064,0,52.064,0.796,52.064,0.386,52.143,730,52.143,0000,52.143,01,52.143,10,52.143,55.5,52.143,0,52.183,0.78,52.183,3.341,52.143,00,52.064,00,52.183,150,52.064,2.145,,,,,,,,,,,,,,,,,,,,,,,,,,,,,,,,,,,,,,,,,,,,
52.321,51.561,000000,51.580,0,,,,,,,51.990,0,52.211,208700100000,52.211,0,52.090,57,52.090,0,52.009,0,52.252,1.012,52.282,1.012,52.331,24.8,52.331,54,52.331,-48,52.331,30,52.252,0,52.252,0.796,52.252,0.386,52.282,724,52.282,0000,52.282,01,52.282,10,52.282,55.5,52.282,0,52.331,0.78,52.331,3.341,52.282,00,52.252,00,52.331,150,52.252,2.146,,,,,,,,,,,,,,,,,,,,,,,,,,,,,,,,,,,,,,,,,,,,
52.421,51.561,000000,51.580,0,,,,,,,52.490,0,52.211,208700100000,52.211,0,52.090,57,52.090,0,52.009,0,52.443,1.012,52.471,1.012,52.471,24.8,52.471,54,52.471,-48,52.471,30,52.411,0,52.411,0.796,52.411,0.391,52.443,723,52.443,0000,52.443,01,52.443,10,52.443,55.5,52.443,0,52.471,0.78,52.471,3.341,52.443,00,52.411,00,52.471,150,52.411,2.148,,,,,,,,,,,,,,,,,,,,,,,,,,,,,,,,,,,,,,,,,,,,
52.521,52.581,000000,51.580,0,,,,,,,52.490,0,52.211,208700100000,52.211,0,52.090,57,52.090,0,52.510,0,52.531,1.012,52.564,1.0130000000000001,52.564,24.8,52.564,54,52.471,-48,52.471,30,52.531,0,52.531,0.796,52.531,0.391,52.531,730,52.531,0000,52.564,01,52.564,10,52.564,55.5,52.564,0,52.471,0.78,52.471,3.341,52.564,00,52.531,00,52.471,150,52.531,2.148,,,,,,,,,,,,,,,,,,,,,,,,,,,,,,,,,,,,,,,,,,,,
52.623,52.581,000000,52.602,0,,,,,,,52.490,0,52.211,208700100000,52.211,0,52.090,57,52.090,0,52.510,0,52.631,1.012,52.664,1.012,52.564,24.8,52.564,54,52.471,-48,52.471,30,52.631,0,52.631,0.796,52.631,0.391,52.631,731,52.631,0000,52.564,01,52.564,10,52.564,55.5,52.564,0,52.471,0.78,52.471,3.341,52.564,00,52.631,00,52.471,150,52.631,2.148,,,,,,,,,,,,,,,,,,,,,,,,,,,,,,,,,,,,,,,,,,,,
52.721,52.581,000000,52.602,0,,,,,,,52.490,0,52.211,208700100000,52.211,0,52.090,57,52.090,0,52.510,0,52.723,1.012,52.751,1.0130000000000001,52.664,24.8,52.664,54,52.751,-48,52.751,30,52.723,0,52.723,0.796,52.723,0.386,52.723,732,52.723,0000,52.751,01,52.751,10,52.751,55.5,52.751,0,52.664,0.78,52.664,3.34,52.751,00,52.723,00,52.664,150,52.723,2.1510000000000002,,,,,,,,,,,,,,,,,,,,,,,,,,,,,,,,,,,,,,,,,,,,
52.832,52.581,000000,52.602,0,,,,,,,52.490,0,52.211,208700100000,52.211,0,52.090,57,52.090,0,52.510,0,52.723,1.012,52.751,1.0130000000000001,52.822,24.8,52.822,54,52.751,-48,52.751,30,52.822,0,52.822,0.796,52.723,0.386,52.723,732,52.723,0000,52.751,01,52.751,10,52.751,55.5,52.751,0,52.822,0.78,52.822,3.34,52.751,00,52.723,00,52.822,150,52.852,2.1510000000000002,,,,,,,,,,,,,,,,,,,,,,,,,,,,,,,,,,,,,,,,,,,,
52.922,52.581,000000,52.602,0,,,,,,,52.490,0,52.211,208700100000,52.211,0,52.975,57,52.090,0,52.510,0,52.952,1.012,52.922,1.012,52.952,24.8,52.952,54,52.891,-48,52.891,30,52.922,0,52.952,0.796,52.852,0.386,52.852,727,52.852,0000,52.952,01,52.952,10,52.891,55.5,52.891,0,52.952,0.78,52.952,3.34,52.891,00,52.852,00,52.822,150,52.852,2.1510000000000002,,,,,,,,,,,,,,,,,,,,,,,,,,,,,,,,,,,,,,,,,,,,
53.025,52.581,000000,52.602,0,,,,,,,52.490,0,53.001,208700100000,53.001,0,52.975,57,52.975,0,52.510,0,53.043,1.012,53.072,1.0130000000000001,52.952,24.8,52.952,54,53.072,-48,52.891,30,53.043,0,52.952,0.796,53.043,0.386,53.043,729,53.043,0000,52.952,01,52.952,10,52.891,55.5,52.891,0,52.952,0.78,52.952,3.34,52.891,00,53.043,00,53.043,150,53.043,2.1510000000000002,,,,,,,,,,,,,,,,,,,,,,,,,,,,,,,,,,,,,,,,,,,,
53.133,52.581,000000,52.602,0,,,,,,,53.090,0,53.001,208700100000,53.001,0,52.975,57,52.975,0,53.110,0,53.131,1.012,53.164,1.0130000000000001,53.131,24.8,53.131,54,53.164,-48,53.164,30,53.131,0,53.131,0.796,53.131,0.386,53.164,730,53.164,0000,53.072,01,53.072,10,53.164,55.5,53.072,0,53.131,0.78,53.131,3.342,53.072,00,53.164,00,53.043,150,53.164,2.1510000000000002,,,,,,,,,,,,,,,,,,,,,,,,,,,,,,,,,,,,,,,,,,,,
53.222,52.581,000000,52.602,0,,,,,,,53.090,0,53.001,208700100000,53.001,0,52.975,57,52.975,0,53.110,0,53.223,1.012,53.164,1.0130000000000001,53.131,24.8,53.131,54,53.164,-48,53.164,30,53.223,0,53.223,0.796,53.223,0.386,53.164,730,53.164,0000,53.223,01,53.072,10,53.164,55.5,53.223,0,53.131,0.78,53.131,3.342,53.223,00,53.164,00,53.223,150,53.164,2.1510000000000002,,,,,,,,,,,,,,,,,,,,,,,,,,,,,,,,,,,,,,,,,,,,
53.321,52.581,000000,52.602,0,,,,,,,53.090,0,53.001,208700100000,53.001,0,53.295,57,53.295,0,53.110,0,53.223,1.012,53.271,1.0130000000000001,53.271,24.8,53.271,54,53.371,-48,53.371,30,53.331,0,53.331,0.796,53.331,0.386,53.331,731,53.331,0000,53.371,01,53.371,10,53.371,55.5,53.223,0,53.331,0.78,53.331,3.341,53.223,00,53.371,00,53.271,150,53.371,2.153,,,,,,,,,,,,,,,,,,,,,,,,,,,,,,,,,,,,,,,,,,,,
53.420,52.581,000000,52.602,0,,,,,,,53.090,0,53.001,208700100000,53.001,0,53.295,57,53.295,0,53.110,0,53.411,1.012,53.411,1.012,53.443,24.8,53.443,54,53.371,-48,53.371,30,53.443,0,53.331,0.796,53.331,0.386,53.331,731,53.331,0000,53.371,01,53.371,10,53.371,55.5,53.411,0,53.331,0.78,53.331,3.341,53.411,00,53.371,00,53.443,150,53.371,2.153,,,,,,,,,,,,,,,,,,,,,,,,,,,,,,,,,,,,,,,,,,,,
53.522,52.581,000000,52.602,0,,,,,,,53.090,0,53.001,208700100000,53.001,0,53.295,57,53.295,0,53.110,0,53.491,1.012,53.523,1.0130000000000001,53.443,24.8,53.443,54,53.491,-48,53.523,30,53.443,0,53.491,0.796,53.491,0.386,53.491,737,53.491,0000,53.491,01,53.491,10,53.523,55.5,53.551,0,53.523,0.78,53.523,3.341,53.523,00,53.523,00,53.443,150,53.371,2.153,,,,,,,,,,,,,,,,,,,,,,,,,,,,,,,,,,,,,,,,,,,,
53.621,52.581,000000,52.602,0,,,,,,,53.590,0,53.572,208700100000,53.572,0,53.295,57,53.295,0,53.609,0,53.631,1.012,53.664,1.0130000000000001,53.551,24.8,53.631,54,53.664,-48,53.664,30,53.631,0,53.631,0.796,53.631,0.391,53.664,742,53.664,0000,53.664,01,53.664,10,53.664,55.5,53.551,0,53.551,0.78,53.551,3.341,53.551,00,53.631,00,53.631,150,53.631,2.153,,,,,,,,,,,,,,,,,,,,,,,,,,,,,,,,,,,,,,,,,,,,
53.722,53.702,000000,52.602,0,,,,,,,53.590,0,53.572,208700100000,53.572,0,53.295,57,53.295,0,53.609,0,53.731,1.012,53.764,1.0130000000000001,53.731,24.8,53.731,54,53.664,-48,53.664,30,53.731,0,53.764,0.796,53.764,0.391,53.764,743,53.764,0000,53.664,01,53.664,10,53.664,55.5,53.731,0,53.731,0.78,53.731,3.342,53.731,00,53.764,00,53.764,150,53.764,2.153,,,,,,,,,,,,,,,,,,,,,,,,,,,,,,,,,,,,,,,,,,,,
53.821,53.702,000000,53.790,0,,,,,,,53.590,0,53.572,208700100000,53.572,0,53.295,57,53.295,0,53.609,0,53.731,1.012,53.764,1.0130000000000001,53.851,24.8,53.851,54,53.822,-48,53.822,30,53.851,0,53.851,0.796,53.851,0.386,53.851,737,53.851,0000,53.822,01,53.822,10,53.822,55.5,53.731,0,53.822,0.78,53.822,3.34,53.731,00,53.764,00,53.764,150,53.764,2.153,,,,,,,,,,,,,,,,,,,,,,,,,,,,,,,,,,,,,,,,,,,,
53.921,53.702,000000,53.790,0,,,,,,,53.590,0,53.572,208700100000,53.572,0,53.295,57,53.295,0,53.609,0,53.964,1.012,53.964,1.0130000000000001,53.851,24.8,53.851,54,53.822,-48,53.822,30,53.851,0,53.964,0.796,53.964,0.386,53.964,742,53.964,0000,53.822,01,53.822,10,53.822,55.5,53.964,0,53.922,0.78,53.922,3.34,53.922,00,53.922,00,53.922,150,53.964,2.153,,,,,,,,,,,,,,,,,,,,,,,,,,,,,,,,,,,,,,,,,,,,
54.021,53.702,000000,53.790,0,,,,,,,53.590,0,53.572,208700100000,53.572,0,53.295,57,53.295,0,53.609,0,54.022,1.012,54.064,1.0130000000000001,54.064,24.8,54.064,54,54.022,-48,54.022,30,54.064,0,53.964,0.796,53.964,0.386,53.964,742,53.964,0000,54.022,01,54.022,10,54.022,55.5,53.964,0,54.022,0.78,54.064,3.341,54.022,00,54.064,00,54.064,150,54.064,2.153,,,,,,,,,,,,,,,,,,,,,,,,,,,,,,,,,,,,,,,,,,,,
54.130,53.702,000000,53.790,0,,,,,,,53.590,0,53.572,208700100000,53.572,0,54.095,57,54.095,0,53.609,0,54.130,1.012,54.164,1.012,54.064,24.8,54.064,54,54.130,-48,54.164,30,54.064,0,54.130,0.796,54.130,0.386,54.130,734,54.130,0000,54.164,01,54.164,10,54.164,55.5,54.130,0,54.164,0.78,54.064,3.341,54.130,00,54.164,00,54.164,150,54.064,2.153,,,,,,,,,,,,,,,,,,,,,,,,,,,,,,,,,,,,,,,,,,,,
54.225,53.702,000000,53.790,0,,,,,,,53.590,0,54.192,208700100000,54.192,0,54.095,57,54.095,0,53.609,0,54.222,1.012,54.251,1.0130000000000001,54.222,24.8,54.222,54,54.222,-48,54.164,30,54.222,0,54.251,0.796,54.130,0.386,54.130,734,54.130,0000,54.164,01,54.164,10,54.164,55.5,54.222,0,54.164,0.78,54.064,3.341,54.222,00,54.164,00,54.164,150,54.222,2.153,,,,,,,,,,,,,,,,,,,,,,,,,,,,,,,,,,,,,,,,,,,,
54.331,53.702,000000,53.790,0,,,,,,,54.270,0,54.192,208700100000,54.192,0,54.095,57,54.095,0,54.289,0,54.222,1.012,54.251,1.0130000000000001,54.343,24.8,54.343,54,54.343,-48,54.343,30,54.343,0,54.251,0.796,54.251,0.386,54.251,748,54.251,0000,54.343,01,54.343,10,54.164,55.5,54.251,0,54.164,0.78,54.251,3.34,54.251,00,54.164,00,54.164,150,54.222,2.153,,,,,,,,,,,,,,,,,,,,,,,,,,,,,,,,,,,,,,,,,,,,
54.422,53.702,000000,53.790,0,,,,,,,54.270,0,54.192,208700100000,54.192,0,54.095,57,54.095,0,54.289,0,54.382,1.012,54.412,1.012,54.443,24.8,54.443,54,54.343,-48,54.343,30,54.343,0,54.412,0.796,54.412,0.386,54.412,747,54.412,0000,54.343,01,54.343,10,54.382,55.5,54.443,0,54.382,0.78,54.251,3.34,54.443,00,54.382,00,54.382,150,54.412,2.152,,,,,,,,,,,,,,,,,,,,,,,,,,,,,,,,,,,,,,,,,,,,
54.521,53.702,000000,53.790,0,,,,,,,54.270,0,54.192,208700100000,54.192,0,54.095,57,54.095,0,54.289,0,54.552,1.012,54.482,1.0130000000000001,54.552,24.8,54.552,54,54.552,-48,54.482,30,54.482,0,54.552,0.796,54.552,0.386,54.552,741,54.552,0000,54.482,01,54.482,10,54.382,55.5,54.443,0,54.382,0.78,54.482,3.341,54.443,00,54.382,00,54.382,150,54.482,2.153,,,,,,,,,,,,,,,,,,,,,,,,,,,,,,,,,,,,,,,,,,,,
54.621,53.702,000000,53.790,0,,,,,,,54.270,0,54.192,208700100000,54.192,0,54.675,57,54.675,0,54.289,0,54.622,1.012,54.652,1.0130000000000001,54.622,24.8,54.622,54,54.652,-48,54.622,30,54.622,0,54.652,0.796,54.652,0.386,54.652,745,54.552,0000,54.622,01,54.622,10,54.592,55.5,54.652,0,54.592,0.78,54.622,3.342,54.652,00,54.592,00,54.592,150,54.652,2.152,,,,,,,,,,,,,,,,,,,,,,,,,,,,,,,,,,,,,,,,,,,,
54.722,53.702,000000,53.790,0,,,,,,,54.270,0,54.702,208700100000,54.702,0,54.675,57,54.675,0,54.289,0,54.732,1.012,54.652,1.0130000000000001,54.732,24.8,54.732,54,54.652,-48,54.732,30,54.732,0,54.652,0.796,54.652,0.386,54.652,745,54.732,0000,54.732,01,54.732,10,54.592,55.5,54.652,0,54.592,0.78,54.622,3.342,54.652,00,54.592,00,54.592,150,54.652,2.152,,,,,,,,,,,,,,,,,,,,,,,,,,,,,,,,,,,,,,,,,,,,
54.822,53.702,000000,53.790,0,,,,,,,54.270,0,54.702,208700100000,54.702,0,54.675,57,54.675,0,54.289,0,54.732,1.012,54.782,1.0130000000000001,54.822,24.8,54.852,54,54.822,-48,54.852,30,54.852,0,54.822,0.796,54.822,0.386,54.822,746,54.822,0000,54.852,01,54.852,10,54.852,55.5,54.782,0,54.782,0.78,54.852,3.34,54.822,00,54.782,00,54.782,150,54.782,2.152,,,,,,,,,,,,,,,,,,,,,,,,,,,,,,,,,,,,,,,,,,,,
54.921,53.702,000000,53.790,0,,,,,,,54.270,0,54.702,208700100000,54.702,0,54.675,57,54.675,0,54.289,0,54.943,1.012,54.882,1.0130000000000001,54.943,24.8,54.852,54,54.943,-48,54.943,29.200000000000003,54.852,0,54.943,0.796,54.943,0.386,54.943,747,54.943,0000,54.852,01,54.852,10,54.852,55.5,54.911,0,54.882,0.78,54.852,3.34,54.911,00,54.882,00,54.882,150,54.882,2.152,,,,,,,,,,,,,,,,,,,,,,,,,,,,,,,,,,,,,,,,,,,,
55.021,53.702,000000,53.790,0,,,,,,,54.993,0,54.702,208700100000,54.702,0,54.675,57,54.675,0,55.012,0,55.043,1.012,54.971,1.0130000000000001,54.943,24.8,54.852,54,55.043,-48,54.943,29.200000000000003,54.971,0,55.043,0.796,55.043,0.391,54.943,747,54.943,0000,54.971,01,54.971,10,54.971,55.5,55.043,0,54.971,0.78,54.971,3.34,55.043,00,54.971,00,55.043,150,55.043,2.1510000000000002,,,,,,,,,,,,,,,,,,,,,,,,,,,,,,,,,,,,,,,,,,,,
55.121,55.100,000000,55.141,0,,,,,,,54.993,0,54.702,208700100000,54.702,0,54.675,57,54.675,0,55.012,0,55.122,1.012,55.164,1.0130000000000001,55.071,24.8,55.071,54,55.122,-48,55.071,29.200000000000003,55.122,0,55.122,0.796,55.122,0.391,55.071,744,55.071,0000,55.164,01,55.164,10,55.164,55.5,55.122,0,55.164,0.78,55.164,3.342,55.122,00,55.122,00,55.164,150,55.164,2.1510000000000002,,,,,,,,,,,,,,,,,,,,,,,,,,,,,,,,,,,,,,,,,,,,
55.220,55.100,000000,55.141,0,,,,,,,54.993,0,54.702,208700100000,54.702,0,54.675,57,54.675,0,55.012,0,55.232,1.012,55.264,1.0130000000000001,55.232,24.8,55.232,54,55.232,-48,55.264,29.200000000000003,55.264,0,55.232,0.796,55.232,0.391,55.264,752,55.264,0000,55.264,01,55.264,10,55.164,55.5,55.232,0,55.164,0.78,55.264,3.341,55.232,00,55.122,00,55.164,150,55.164,2.1510000000000002,,,,,,,,,,,,,,,,,,,,,,,,,,,,,,,,,,,,,,,,,,,,
55.322,55.100,000000,55.141,0,,,,,,,54.993,0,55.361,208700100000,54.702,0,55.295,57,55.295,0,55.012,0,55.232,1.012,55.264,1.0130000000000001,55.232,24.8,55.232,54,55.232,-48,55.264,29.200000000000003,55.264,0,55.232,0.796,55.232,0.391,55.264,752,55.264,0000,55.264,01,55.264,10,55.332,55.5,55.332,0,55.332,0.78,55.264,3.341,55.332,00,55.332,00,55.332,150,55.332,2.1510000000000002,,,,,,,,,,,,,,,,,,,,,,,,,,,,,,,,,,,,,,,,,,,,
55.434,55.100,000000,55.141,0,,,,,,,54.993,0,55.361,208700100000,55.361,0,55.295,57,55.295,0,55.012,0,55.443,1.012,55.264,1.0130000000000001,55.415,24.8,55.415,54,55.415,-48,55.415,29.200000000000003,55.415,0,55.415,0.796,55.415,0.386,55.443,749,55.443,0000,55.443,01,55.443,10,55.332,55.5,55.332,0,55.332,0.78,55.443,3.34,55.332,00,55.332,00,55.332,150,55.332,2.1510000000000002,,,,,,,,,,,,,,,,,,,,,,,,,,,,,,,,,,,,,,,,,,,,
55.520,55.100,000000,55.141,0,,,,,,,55.500,0,55.361,208700100000,55.361,0,55.295,57,55.295,0,55.519,0,55.543,1.012,55.482,1.0130000000000001,55.543,24.8,55.415,54,55.415,-48,55.415,29.200000000000003,55.415,0,55.415,0.796,55.415,0.386,55.443,749,55.443,0000,55.443,01,55.443,10,55.543,55.5,55.543,0,55.543,0.78,55.443,3.34,55.543,00,55.543,00,55.482,150,55.543,2.148,,,,,,,,,,,,,,,,,,,,,,,,,,,,,,,,,,,,,,,,,,,,
55.621,55.100,000000,55.141,0,,,,,,,55.500,0,55.361,208700100000,55.361,0,55.295,57,55.295,0,55.519,0,55.652,1.012,55.582,1.012,55.652,24.8,55.652,54,55.582,-48,55.582,29.200000000000003,55.582,0,55.582,0.796,55.582,0.386,55.582,738,55.652,0000,55.652,01,55.652,10,55.543,55.5,55.543,0,55.543,0.78,55.652,3.341,55.543,00,55.543,00,55.652,150,55.543,2.148,,,,,,,,,,,,,,,,,,,,,,,,,,,,,,,,,,,,,,,,,,,,
55.722,55.100,000000,55.141,0,,,,,,,55.500,0,55.732,208700100000,55.732,0,55.705,57,55.705,0,55.519,0,55.764,1.012,55.682,1.0130000000000001,55.764,24.8,55.652,54,55.682,-48,55.682,29.200000000000003,55.682,0,55.682,0.796,55.682,0.386,55.682,761,55.652,0000,55.652,01,55.652,10,55.682,55.5,55.764,0,55.764,0.78,55.652,3.341,55.764,00,55.764,00,55.764,150,55.764,2.15,,,,,,,,,,,,,,,,,,,,,,,,,,,,,,,,,,,,,,,,,,,,
55.821,55.100,000000,55.141,0,,,,,,,55.500,0,55.732,208700100000,55.732,0,55.705,57,55.705,0,55.519,0,55.764,1.012,55.802,1.0130000000000001,55.852,24.8,55.802,54,55.802,-48,55.802,29.200000000000003,55.802,0,55.802,0.796,55.802,0.386,55.802,755,55.852,0000,55.852,01,55.852,10,55.852,55.5,55.764,0,55.764,0.78,55.852,3.341,55.764,00,55.764,00,55.852,150,55.764,2.15,,,,,,,,,,,,,,,,,,,,,,,,,,,,,,,,,,,,,,,,,,,,
55.922,55.100,000000,55.141,0,,,,,,,55.500,0,55.732,208700100000,55.732,0,55.705,57,55.705,0,55.519,0,55.904,1.012,55.932,1.0130000000000001,55.932,24.8,55.932,54,55.802,-48,55.802,29.200000000000003,55.802,0,55.802,0.796,55.802,0.386,55.904,741,55.904,0000,55.904,01,55.904,10,55.852,55.5,55.904,0,55.932,0.78,55.904,3.341,55.932,00,55.932,00,55.932,150,55.932,2.1470000000000002,,,,,,,,,,,,,,,,,,,,,,,,,,,,,,,,,,,,,,,,,,,,
56.020,55.100,000000,55.141,0,,,,,,,56.020,0,55.732,208700100000,55.732,0,55.705,57,55.705,0,55.519,0,56.055,1.012,56.082,1.0130000000000001,56.055,24.8,56.055,54,56.055,-48,56.055,29.200000000000003,56.082,0,56.082,0.796,56.082,0.391,56.082,750,56.082,0000,56.082,01,56.002,10,56.082,55.5,56.002,0,56.002,0.78,56.002,3.342,56.002,00,56.055,00,56.055,150,56.055,2.1470000000000002,,,,,,,,,,,,,,,,,,,,,,,,,,,,,,,,,,,,,,,,,,,,
56.121,56.122,000000,55.141,0,,,,,,,56.020,0,55.732,208700100000,55.732,0,55.705,57,55.705,0,56.100,0,56.152,1.012,56.082,1.0130000000000001,56.055,24.8,56.055,54,56.055,-48,56.055,29.200000000000003,56.082,0,56.082,0.796,56.082,0.391,56.082,750,56.082,0000,56.082,01,56.152,10,56.082,55.5,56.152,0,56.152,0.78,56.152,3.341,56.152,00,56.152,00,56.055,150,56.152,2.146,,,,,,,,,,,,,,,,,,,,,,,,,,,,,,,,,,,,,,,,,,,,
56.225,56.122,000000,56.201,0,,,,,,,56.020,0,55.732,208700100000,55.732,0,55.705,57,55.705,0,56.100,0,56.264,1.012,56.182,1.0130000000000001,56.182,24.8,56.182,54,56.182,-48,56.182,29.200000000000003,56.182,0,56.182,0.796,56.082,0.391,56.082,750,56.082,0000,56.082,01,56.152,10,56.082,55.5,56.152,0,56.152,0.78,56.152,3.341,56.152,00,56.152,00,56.182,150,56.152,2.146,,,,,,,,,,,,,,,,,,,,,,,,,,,,,,,,,,,,,,,,,,,,
56.321,56.122,000000,56.201,0,,,,,,,56.020,0,55.732,208700100000,55.732,0,55.705,57,55.705,0,56.100,0,56.264,1.012,56.292,1.0130000000000001,56.292,24.8,56.292,54,56.343,-48,56.343,29.200000000000003,56.343,0,56.343,0.796,56.264,0.386,56.264,747,56.343,0000,56.343,01,56.343,10,56.264,55.5,56.292,0,56.292,0.78,56.372,3.341,56.292,00,56.292,00,56.372,150,56.292,2.146,,,,,,,,,,,,,,,,,,,,,,,,,,,,,,,,,,,,,,,,,,,,
56.432,56.122,000000,56.201,0,,,,,,,56.020,0,55.732,208700100000,55.732,0,55.705,57,55.705,0,56.100,0,56.403,1.012,56.452,1.0130000000000001,56.452,24.8,56.452,54,56.343,-48,56.343,29.200000000000003,56.343,0,56.343,0.796,56.403,0.386,56.403,752,56.403,0000,56.452,01,56.452,10,56.403,55.5,56.452,0,56.452,0.78,56.372,3.341,56.292,00,56.292,00,56.452,150,56.292,2.146,,,,,,,,,,,,,,,,,,,,,,,,,,,,,,,,,,,,,,,,,,,,
56.524,56.122,000000,56.201,0,,,,,,,56.020,0,55.732,208700100000,55.732,0,56.534,57,56.534,0,56.100,0,56.492,1.012,56.564,1.0130000000000001,56.452,24.8,56.452,54,56.492,-48,56.492,29.200000000000003,56.492,0,56.492,0.796,56.403,0.386,56.403,752,56.403,0000,56.452,01,56.452,10,56.403,55.5,56.452,0,56.452,0.78,56.372,3.341,56.492,00,56.492,00,56.452,150,56.492,2.145,,,,,,,,,,,,,,,,,,,,,,,,,,,,,,,,,,,,,,,,,,,,
56.631,56.122,000000,56.201,0,,,,,,,56.020,0,56.632,208700100000,56.632,0,56.534,57,56.534,0,56.100,0,56.664,1.012,56.664,1.0130000000000001,56.603,24.8,56.603,54,56.664,-48,56.664,29.200000000000003,56.664,0,56.664,0.796,56.564,0.391,56.564,753,56.564,0000,56.564,01,56.564,10,56.564,55.5,56.603,0,56.603,0.78,56.664,3.339,56.603,00,56.603,00,56.603,150,56.664,2.144,,,,,,,,,,,,,,,,,,,,,,,,,,,,,,,,,,,,,,,,,,,,
56.721,56.122,000000,56.201,0,,,,,,,56.730,0,56.632,208700100000,56.632,0,56.534,57,56.534,0,56.750,0,56.664,1.012,56.712,1.0130000000000001,56.603,24.8,56.603,54,56.664,-48,56.664,29.200000000000003,56.664,0,56.664,0.796,56.712,0.386,56.712,753,56.712,0000,56.712,01,56.712,10,56.712,55.5,56.603,0,56.603,0.78,56.712,3.339,56.603,00,56.603,00,56.603,150,56.664,2.144,,,,,,,,,,,,,,,,,,,,,,,,,,,,,,,,,,,,,,,,,,,,
56.824,56.122,000000,56.201,0,,,,,,,56.730,0,56.632,208700100000,56.632,0,56.534,57,56.534,0,56.750,0,56.783,1.012,56.811,1.0130000000000001,56.783,24.900000000000002,56.783,54,56.811,-48,56.811,29.200000000000003,56.811,0,56.811,0.796,56.811,0.386,56.811,758,56.867,0000,56.712,01,56.712,10,56.712,55.5,56.783,0,56.783,0.78,56.712,3.339,56.783,00,56.783,00,56.783,150,56.811,2.142,,,,,,,,,,,,,,,,,,,,,,,,,,,,,,,,,,,,,,,,,,,,
56.921,56.122,000000,56.201,0,,,,,,,56.730,0,56.632,208700100000,56.632,0,56.534,57,56.534,0,56.750,0,56.931,1.012,56.964,1.0130000000000001,56.867,24.8,56.867,54,56.931,-48,56.964,29.200000000000003,56.964,0,56.964,0.796,56.964,0.386,56.964,754,56.867,0000,56.867,01,56.867,10,56.867,55.5,56.891,0,56.891,0.78,56.964,3.341,56.891,00,56.891,00,56.891,150,56.964,2.141,,,,,,,,,,,,,,,,,,,,,,,,,,,,,,,,,,,,,,,,,,,,
57.032,56.122,000000,56.201,0,,,,,,,56.730,0,56.632,208700100000,56.632,0,56.534,57,56.534,0,56.750,0,57.003,1.012,57.031,1.0130000000000001,57.003,24.8,57.003,54,57.003,-48,56.964,29.200000000000003,56.964,0,56.964,0.796,57.003,0.386,57.003,754,57.003,0000,57.003,01,57.031,10,57.031,55.5,57.031,0,57.031,0.78,57.031,3.342,57.031,00,57.031,00,56.891,150,56.964,2.141,,,,,,,,,,,,,,,,,,,,,,,,,,,,,,,,,,,,,,,,,,,,
57.132,56.122,000000,56.201,0,,,,,,,56.730,0,56.632,208700100000,56.632,0,56.534,57,56.534,0,56.750,0,57.064,1.012,57.092,1.0130000000000001,57.092,24.8,57.003,54,57.064,-48,57.064,29.200000000000003,57.064,0,57.064,0.796,57.064,0.386,57.092,751,57.092,0000,57.092,01,57.092,10,57.092,55.5,57.031,0,57.031,0.78,57.092,3.342,57.031,00,57.031,00,57.064,150,57.064,2.14,,,,,,,,,,,,,,,,,,,,,,,,,,,,,,,,,,,,,,,,,,,,
57.234,56.122,000000,56.201,0,,,,,,,56.730,0,57.231,208700100000,57.231,0,57.174,57,57.174,0,56.750,0,57.151,1.012,57.203,1.0130000000000001,57.092,24.8,57.151,54,57.151,-48,57.203,29.200000000000003,57.203,0,57.203,0.796,57.203,0.386,57.203,742,57.203,0000,57.092,01,57.092,10,57.092,55.5,57.151,0,57.151,0.78,57.092,3.342,57.151,00,57.151,00,57.151,150,57.203,2.1390000000000002,,,,,,,,,,,,,,,,,,,,,,,,,,,,,,,,,,,,,,,,,,,,
57.333,56.122,000000,56.201,0,,,,,,,57.310,0,57.231,208700100000,57.231,0,57.174,57,57.174,0,56.750,0,57.264,1.012,57.291,1.0130000000000001,57.264,24.8,57.264,54,57.291,-48,57.291,29.200000000000003,57.291,0,57.203,0.796,57.203,0.386,57.203,742,57.203,0000,57.264,01,57.264,10,57.264,55.5,57.264,0,57.291,0.78,57.264,3.341,57.291,00,57.291,00,57.291,150,57.203,2.1390000000000002,,,,,,,,,,,,,,,,,,,,,,,,,,,,,,,,,,,,,,,,,,,,
57.424,56.122,000000,56.201,0,,,,,,,57.310,0,57.231,208700100000,57.231,0,57.174,57,57.174,0,57.440,0,57.464,1.012,57.291,1.0130000000000001,57.383,24.8,57.383,54,57.291,-48,57.291,29.200000000000003,57.291,0,57.351,0.796,57.351,0.386,57.351,751,57.351,0000,57.351,01,57.351,10,57.383,55.5,57.383,0,57.383,0.78,57.383,3.341,57.383,00,57.412,00,57.412,150,57.351,2.1390000000000002,,,,,,,,,,,,,,,,,,,,,,,,,,,,,,,,,,,,,,,,,,,,
57.533,57.520,000000,57.541,0,,,,,,,57.310,0,57.231,208700100000,57.231,0,57.174,57,57.174,0,57.440,0,57.464,1.012,57.491,1.0130000000000001,57.491,24.8,57.491,54,57.464,-48,57.464,29.200000000000003,57.464,0,57.464,0.796,57.491,0.386,57.491,752,57.491,0000,57.491,01,57.491,10,57.383,55.5,57.383,0,57.383,0.78,57.383,3.341,57.383,00,57.412,00,57.412,150,57.464,2.1350000000000002,,,,,,,,,,,,,,,,,,,,,,,,,,,,,,,,,,,,,,,,,,,,
57.620,57.520,000000,57.541,0,,,,,,,57.310,0,57.231,208700100000,57.231,0,57.174,57,57.174,0,57.440,0,57.664,1.012,57.612,1.0130000000000001,57.664,24.8,57.664,54,57.612,-48,57.612,29.200000000000003,57.612,0,57.612,0.796,57.664,0.386,57.664,754,57.664,0000,57.664,01,57.664,10,57.612,55.5,57.583,0,57.583,0.78,57.612,3.342,57.583,00,57.583,00,57.583,150,57.612,2.1350000000000002,,,,,,,,,,,,,,,,,,,,,,,,,,,,,,,,,,,,,,,,,,,,
57.723,57.520,000000,57.541,0,,,,,,,57.310,0,57.231,208700100000,57.231,0,57.770,57,57.174,0,57.440,0,57.664,1.012,57.691,1.0130000000000001,57.664,24.8,57.664,54,57.691,-48,57.691,29.200000000000003,57.691,0,57.691,0.796,57.664,0.386,57.664,754,57.664,0000,57.664,01,57.664,10,57.612,55.5,57.583,0,57.583,0.78,57.612,3.342,57.583,00,57.691,00,57.691,150,57.691,2.1350000000000002,,,,,,,,,,,,,,,,,,,,,,,,,,,,,,,,,,,,,,,,,,,,
57.833,57.520,000000,57.541,0,,,,,,,57.310,0,57.231,208700100000,57.231,0,57.770,57,57.770,0,57.440,0,57.811,1.012,57.843,1.0130000000000001,57.811,24.8,57.811,54,57.691,-48,57.691,29.200000000000003,57.691,0,57.691,0.796,57.843,0.386,57.843,755,57.843,0000,57.843,01,57.843,10,57.811,55.5,57.811,0,57.811,0.78,57.811,3.34,57.811,00,57.843,00,57.843,150,57.691,2.1350000000000002,,,,,,,,,,,,,,,,,,,,,,,,,,,,,,,,,,,,,,,,,,,,
57.922,57.520,000000,57.541,0,,,,,,,57.310,0,57.231,208700100000,57.231,0,57.770,57,57.770,0,57.440,0,57.912,1.012,57.952,1.0130000000000001,57.952,24.8,57.952,54,57.882,-48,57.882,29.200000000000003,57.882,0,57.882,0.796,57.843,0.386,57.843,755,57.843,0000,57.843,01,57.843,10,57.952,55.5,57.952,0,57.952,0.78,57.952,3.34,57.952,00,57.843,00,57.843,150,57.882,2.134,,,,,,,,,,,,,,,,,,,,,,,,,,,,,,,,,,,,,,,,,,,,
58.022,57.520,000000,57.541,0,,,,,,,57.310,0,58.052,208700100000,58.052,0,57.770,57,57.770,0,57.440,0,57.992,1.012,58.023,1.0130000000000001,58.023,24.8,58.023,54,58.023,-48,58.023,29.200000000000003,58.023,0,58.023,0.796,57.992,0.386,57.992,757,57.992,0000,57.992,01,57.992,10,57.952,55.5,57.952,0,57.952,0.78,57.952,3.34,57.952,00,57.992,00,57.992,150,58.023,2.133,,,,,,,,,,,,,,,,,,,,,,,,,,,,,,,,,,,,,,,,,,,,
58.122,57.520,000000,57.541,0,,,,,,,58.150,0,58.052,208700100000,58.052,0,57.770,57,57.770,0,57.440,0,58.082,1.012,58.122,1.0130000000000001,58.023,24.8,58.023,54,58.122,-48,58.122,29.200000000000003,58.023,0,58.023,0.796,58.082,0.386,58.082,756,58.122,0000,58.122,01,58.122,10,58.082,55.5,58.082,0,58.082,0.78,58.082,3.342,58.082,00,58.122,00,58.122,150,58.023,2.133,,,,,,,,,,,,,,,,,,,,,,,,,,,,,,,,,,,,,,,,,,,,
58.231,57.520,000000,57.541,0,,,,,,,58.150,0,58.052,208700100000,58.052,0,57.770,57,57.770,0,58.230,0,58.171,1.012,58.211,1.0130000000000001,58.171,24.8,58.171,54,58.122,-48,58.122,29.200000000000003,58.171,0,58.171,0.796,58.211,0.386,58.211,760,58.211,0000,58.211,01,58.122,10,58.171,55.5,58.171,0,58.211,0.78,58.211,3.34,58.211,00,58.122,00,58.122,150,58.171,2.1310000000000002,,,,,,,,,,,,,,,,,,,,,,,,,,,,,,,,,,,,,,,,,,,,
58.320,57.520,000000,57.541,0,,,,,,,58.150,0,58.052,208700100000,58.052,0,57.770,57,57.770,0,58.230,0,58.283,1.012,58.311,1.0130000000000001,58.311,24.8,58.311,54,58.283,-48,58.283,29.200000000000003,58.283,0,58.283,0.796,58.383,0.386,58.311,766,58.352,0000,58.352,01,58.283,10,58.311,55.5,58.311,0,58.352,0.78,58.352,3.341,58.352,00,58.283,00,58.283,150,58.311,2.129,,,,,,,,,,,,,,,,,,,,,,,,,,,,,,,,,,,,,,,,,,,,
58.421,57.520,000000,57.541,0,,,,,,,58.150,0,58.052,208700100000,58.052,0,57.770,57,57.770,0,58.230,0,58.422,1.012,58.464,1.0130000000000001,58.464,24.8,58.464,54,58.422,-48,58.422,29.200000000000003,58.422,0,58.422,0.796,58.383,0.386,58.422,768,58.352,0000,58.352,01,58.422,10,58.464,55.5,58.311,0,58.464,0.78,58.464,3.341,58.464,00,58.422,00,58.464,150,58.311,2.129,,,,,,,,,,,,,,,,,,,,,,,,,,,,,,,,,,,,,,,,,,,,
58.522,57.520,000000,57.541,0,,,,,,,58.150,0,58.052,208700100000,58.052,0,58.545,57,58.545,0,58.230,0,58.491,1.012,58.522,1.0130000000000001,58.464,24.8,58.464,54,58.491,-48,58.522,29.200000000000003,58.522,0,58.522,0.796,58.491,0.386,58.491,764,58.491,0000,58.491,01,58.522,10,58.464,55.5,58.491,0,58.522,0.78,58.464,3.341,58.464,00,58.522,00,58.522,150,58.491,2.128,,,,,,,,,,,,,,,,,,,,,,,,,,,,,,,,,,,,,,,,,,,,
58.622,57.520,000000,57.541,0,,,,,,,58.150,0,58.602,208700100000,58.602,0,58.545,57,58.545,0,58.230,0,58.582,1.012,58.652,1.0110000000000001,58.582,24.8,58.582,54.7,58.652,-48,58.652,29.200000000000003,58.652,0,58.522,0.796,58.652,0.386,58.652,762,58.652,0000,58.652,01,58.522,10,58.582,55.5,58.582,0,58.522,0.78,58.582,3.341,58.582,00,58.522,00,58.522,150,58.582,2.126,,,,,,,,,,,,,,,,,,,,,,,,,,,,,,,,,,,,,,,,,,,,
58.721,58.751,000000,58.772,0,,,,,,,58.730,0,58.602,208700100000,58.602,0,58.545,57,58.545,0,58.230,0,58.682,1.012,58.711,1.0030000000000001,58.711,24.8,58.711,54.7,58.652,-48,58.652,29.200000000000003,58.652,0,58.682,0.796,58.711,0.386,58.711,759,58.652,0000,58.652,01,58.682,10,58.711,55.5,58.711,0,58.682,0.78,58.682,3.34,58.682,00,58.682,00,58.682,150,58.711,2.126,,,,,,,,,,,,,,,,,,,,,,,,,,,,,,,,,,,,,,,,,,,,
58.833,58.751,000000,58.772,0,,,,,,,58.730,0,58.602,208700100000,58.602,0,58.545,57,58.545,0,58.230,0,58.803,1.012,58.711,1.0030000000000001,58.711,24.8,58.711,54.7,58.803,-48,58.803,29.200000000000003,58.803,0,58.803,0.796,58.711,0.386,58.711,759,58.803,0000,58.803,01,58.803,10,58.711,55.5,58.711,0,58.682,0.78,58.682,3.34,58.682,00,58.682,00,58.682,150,58.711,2.126,,,,,,,,,,,,,,,,,,,,,,,,,,,,,,,,,,,,,,,,,,,,
58.924,58.751,000000,58.772,0,,,,,,,58.730,0,58.602,208700100000,58.602,0,58.545,57,58.545,0,58.230,0,58.952,1.012,58.983,1.0130000000000001,58.871,24.8,58.871,54.7,58.803,-48,58.803,29.200000000000003,58.803,0,58.803,0.796,58.923,0.391,58.923,928,58.803,0000,58.803,01,58.803,10,58.923,55.5,58.923,0,58.871,0.78,58.871,3.34,58.871,00,58.871,00,58.871,150,58.923,2.124,,,,,,,,,,,,,,,,,,,,,,,,,,,,,,,,,,,,,,,,,,,,
59.032,58.751,000000,58.772,0,,,,,,,58.730,0,58.602,208700100000,58.602,0,58.545,57,58.545,0,58.230,0,59.011,1.012,59.043,1.0130000000000001,59.011,24.8,59.011,54.7,59.043,-48,59.043,29.200000000000003,59.043,0,59.043,0.796,58.923,0.391,58.923,928,59.043,0000,59.043,01,59.043,10,58.923,55.5,58.923,0,59.011,0.78,59.011,3.34,59.011,00,59.011,00,59.011,150,58.923,2.124,,,,,,,,,,,,,,,,,,,,,,,,,,,,,,,,,,,,,,,,,,,,
59.120,58.751,000000,58.772,0,,,,,,,58.730,0,58.602,208700100000,58.602,0,58.545,57,58.545,0,58.230,0,59.103,1.012,59.132,1.016,59.103,24.8,59.103,54.7,59.132,-48,59.132,29.200000000000003,59.043,0,59.043,0.796,59.103,0.391,59.103,1028,59.043,0000,59.043,01,59.043,10,59.103,55.5,59.103,0,59.132,0.78,59.132,3.337,59.132,00,59.132,00,59.132,150,59.103,2.12,,,,,,,,,,,,,,,,,,,,,,,,,,,,,,,,,,,,,,,,,,,,
59.223,58.751,000000,58.772,0,,,,,,,58.730,0,59.272,208700100000,58.602,0,58.545,57,58.545,0,59.220,0,59.172,1.012,59.203,1.0170000000000001,59.203,24.900000000000002,59.203,54.7,59.132,-48,59.132,29.200000000000003,59.172,0,59.172,0.796,59.172,0.391,59.172,1062,59.172,0000,59.172,01,59.172,10,59.203,55.5,59.203,0,59.203,0.78,59.203,3.337,59.132,00,59.132,00,59.132,150,59.203,2.122,,,,,,,,,,,,,,,,,,,,,,,,,,,,,,,,,,,,,,,,,,,,
59.322,58.751,000000,58.772,0,,,,,,,58.730,0,59.272,208700100000,59.272,0,59.245,57,59.245,0,59.220,0,59.312,1.012,59.343,1.0190000000000001,59.203,24.900000000000002,59.203,54.7,59.312,-48,59.312,29.200000000000003,59.312,0,59.312,0.796,59.343,0.386,59.343,1090,59.343,0000,59.343,01,59.343,10,59.343,55.5,59.343,0,59.203,0.78,59.203,3.337,59.312,00,59.312,00,59.312,150,59.203,2.122,,,,,,,,,,,,,,,,,,,,,,,,,,,,,,,,,,,,,,,,,,,,
59.422,58.751,000000,58.772,0,,,,,,,58.730,0,59.272,208700100000,59.272,0,59.245,57,59.245,0,59.220,0,59.422,1.012,59.452,1.0190000000000001,59.383,24.8,59.383,54.7,59.452,-48,59.452,29.200000000000003,59.452,0,59.452,0.796,59.343,0.386,59.343,1090,59.343,0000,59.343,01,59.343,10,59.343,55.5,59.343,0,59.383,0.78,59.383,3.341,59.452,00,59.452,00,59.452,150,59.383,2.12,,,,,,,,,,,,,,,,,,,,,,,,,,,,,,,,,,,,,,,,,,,,
59.522,58.751,000000,58.772,0,,,,,,,59.550,0,59.272,208700100000,59.272,0,59.245,57,59.245,0,59.220,0,59.482,1.012,59.531,1.0190000000000001,59.531,24.8,59.531,54.7,59.531,-48,59.531,29.200000000000003,59.452,0,59.452,0.796,59.482,0.386,59.482,1080,59.482,0000,59.482,01,59.482,10,59.482,55.5,59.482,0,59.531,0.78,59.531,3.34,59.452,00,59.452,00,59.452,150,59.531,2.118,,,,,,,,,,,,,,,,,,,,,,,,,,,,,,,,,,,,,,,,,,,,
59.621,58.751,000000,58.772,0,,,,,,,59.550,0,59.272,208700100000,59.272,0,59.245,57,59.245,0,59.220,0,59.664,1.012,59.603,1.0170000000000001,59.603,24.8,59.603,54.7,59.664,-48,59.664,29.200000000000003,59.664,0,59.664,0.796,59.571,0.386,59.571,1069,59.603,0000,59.603,01,59.603,10,59.603,55.5,59.603,0,59.664,0.78,59.664,3.341,59.571,00,59.571,00,59.571,150,59.664,2.114,,,,,,,,,,,,,,,,,,,,,,,,,,,,,,,,,,,,,,,,,,,,
59.722,58.751,000000,58.772,0,,,,,,,59.550,0,59.763,208700100000,59.763,0,59.734,57,59.734,0,59.710,0,59.664,1.012,59.692,1.0170000000000001,59.603,24.8,59.603,54.7,59.664,-48,59.664,29.200000000000003,59.664,0,59.664,0.796,59.692,0.386,59.692,1021,59.692,0000,59.692,01,59.603,10,59.603,55.5,59.603,0,59.664,0.78,59.664,3.341,59.692,00,59.692,00,59.692,150,59.664,2.114,,,,,,,,,,,,,,,,,,,,,,,,,,,,,,,,,,,,,,,,,,,,
59.820,59.872,000000,58.772,0,,,,,,,59.853,0,59.763,208700100000,59.763,0,59.734,57,59.734,0,59.710,0,59.791,1.012,59.822,1.0170000000000001,59.791,24.8,59.791,54.7,59.822,-48,59.822,29.200000000000003,59.822,0,59.822,0.796,59.692,0.386,59.692,1021,59.692,0000,59.692,01,59.791,10,59.791,55.5,59.791,0,59.791,0.78,59.791,3.341,59.822,00,59.822,00,59.692,150,59.822,2.115,,,,,,,,,,,,,,,,,,,,,,,,,,,,,,,,,,,,,,,,,,,,
59.920,59.872,000000,59.900,0,,,,,,,59.853,0,59.763,208700100000,59.763,0,59.734,57,59.734,0,59.710,0,59.972,1.012,59.822,1.0170000000000001,59.791,24.8,59.791,54.7,59.822,-48,59.822,29.200000000000003,59.822,0,59.822,0.796,59.923,0.391,59.923,946,59.923,0000,59.923,01,59.791,10,59.791,55.5,59.791,0,59.791,0.78,59.791,3.341,59.822,00,59.822,00,59.923,150,59.822,2.115,,,,,,,,,,,,,,,,,,,,,,,,,,,,,,,,,,,,,,,,,,,,
60.032,59.872,000000,59.900,0,,,,,,,59.853,0,59.763,208700100000,59.763,0,59.734,57,59.734,0,59.710,0,60.031,1.012,60.002,1.016,60.002,24.8,60.002,54.7,60.031,-48,60.031,29.200000000000003,60.031,0,60.031,0.796,59.923,0.391,59.923,946,59.923,0000,59.923,01,60.002,10,60.002,55.5,60.002,0,60.002,0.78,60.002,3.341,60.031,00,60.031,00,59.923,150,60.031,2.113,,,,,,,,,,,,,,,,,,,,,,,,,,,,,,,,,,,,,,,,,,,,
60.128,59.872,000000,59.900,0,,,,,,,59.853,0,59.763,208700100000,59.763,0,60.153,57,59.734,0,60.132,0,60.072,1.012,60.072,1.016,60.072,24.8,60.002,54.7,60.031,-48,60.031,29.200000000000003,60.031,0,60.031,0.796,60.072,0.386,60.072,893,60.072,0000,60.072,01,60.002,10,60.002,55.5,60.002,0,60.002,0.78,60.002,3.341,60.031,00,60.031,00,60.072,150,60.031,2.113,,,,,,,,,,,,,,,,,,,,,,,,,,,,,,,,,,,,,,,,,,,,
60.229,59.872,000000,59.900,0,,,,,,,59.853,0,59.763,208700100000,59.763,0,60.153,57,60.153,0,60.132,0,60.271,1.012,60.243,1.0130000000000001,60.072,24.8,60.203,54.7,60.243,-48,60.243,29.200000000000003,60.243,0,60.271,0.796,60.203,0.391,60.243,830,60.243,0000,60.243,01,60.271,10,60.203,55.5,60.203,0,60.203,0.78,60.203,3.34,60.271,00,60.271,00,60.243,150,60.271,2.112,,,,,,,,,,,,,,,,,,,,,,,,,,,,,,,,,,,,,,,,,,,,
60.322,59.872,000000,59.900,0,,,,,,,59.853,0,60.302,208700100000,60.302,0,60.153,57,60.153,0,60.132,0,60.271,1.012,60.331,1.0130000000000001,60.331,24.8,60.331,54.7,60.243,-48,60.243,29.200000000000003,60.243,0,60.271,0.796,60.331,0.386,60.243,830,60.243,0000,60.243,01,60.271,10,60.331,55.5,60.331,0,60.331,0.78,60.331,3.341,60.271,00,60.271,00,60.243,150,60.271,2.112,,,,,,,,,,,,,,,,,,,,,,,,,,,,,,,,,,,,,,,,,,,,
60.422,59.872,000000,59.900,0,,,,,,,59.853,0,60.302,208700100000,60.302,0,60.153,57,60.153,0,60.132,0,60.452,1.012,60.452,1.0130000000000001,60.331,24.8,60.331,54.7,60.412,-48,60.412,29.200000000000003,60.412,0,60.452,0.796,60.331,0.386,60.412,803,60.412,0000,60.452,01,60.372,10,60.331,55.5,60.331,0,60.331,0.78,60.331,3.341,60.452,00,60.452,00,60.452,150,60.452,2.111,,,,,,,,,,,,,,,,,,,,,,,,,,,,,,,,,,,,,,,,,,,,
60.522,59.872,000000,59.900,0,,,,,,,60.530,0,60.302,208700100000,60.302,0,60.153,57,60.153,0,60.132,0,60.483,1.012,60.512,1.0130000000000001,60.483,24.8,60.483,54.7,60.512,-48,60.512,29.200000000000003,60.512,0,60.512,0.796,60.483,0.386,60.512,792,60.512,0000,60.452,01,60.483,10,60.483,55.5,60.483,0,60.483,0.78,60.512,3.34,60.452,00,60.452,00,60.452,150,60.452,2.111,,,,,,,,,,,,,,,,,,,,,,,,,,,,,,,,,,,,,,,,,,,,
60.621,59.872,000000,59.900,0,,,,,,,60.530,0,60.302,208700100000,60.302,0,60.153,57,60.153,0,60.650,0,60.672,1.012,60.632,1.0130000000000001,60.672,24.8,60.672,54.7,60.632,-48,60.632,29.200000000000003,60.632,0,60.672,0.796,60.602,0.386,60.672,780,60.672,0000,60.672,01,60.602,10,60.632,55.5,60.632,0,60.632,0.78,60.632,3.34,60.602,00,60.602,00,60.672,150,60.602,2.108,,,,,,,,,,,,,,,,,,,,,,,,,,,,,,,,,,,,,,,,,,,,
60.722,59.872,000000,59.900,0,,,,,,,60.530,0,60.742,208700100000,60.742,0,60.724,57,60.724,0,60.650,0,60.672,1.012,60.704,1.0130000000000001,60.672,24.8,60.672,54.7,60.704,-48,60.704,29.200000000000003,60.704,0,60.672,0.796,60.704,0.386,60.672,780,60.672,0000,60.672,01,60.704,10,60.632,55.5,60.632,0,60.632,0.78,60.632,3.34,60.704,00,60.704,00,60.672,150,60.602,2.108,,,,,,,,,,,,,,,,,,,,,,,,,,,,,,,,,,,,,,,,,,,,
60.821,60.791,000000,59.900,0,,,,,,,60.530,0,60.742,208700100000,60.742,0,60.724,57,60.724,0,60.650,0,60.771,1.012,60.832,1.004,60.771,24.8,60.771,54.7,60.832,-48,60.832,29.200000000000003,60.832,0,60.832,0.796,60.771,0.386,60.832,785,60.832,0000,60.672,01,60.704,10,60.771,55.5,60.771,0,60.771,0.78,60.832,3.341,60.704,00,60.704,00,60.672,150,60.771,2.106,,,,,,,,,,,,,,,,,,,,,,,,,,,,,,,,,,,,,,,,,,,,
60.932,60.791,000000,59.900,0,,,,,,,60.530,0,60.742,208700100000,60.742,0,60.724,57,60.724,0,60.650,0,60.771,1.012,60.832,1.004,60.871,24.8,60.871,54.7,60.932,-48,60.832,29.200000000000003,60.832,0,60.832,0.796,60.932,0.386,60.965,806,60.832,0000,60.871,01,60.903,10,60.932,55.5,60.932,0,60.932,0.78,60.932,3.342,60.871,00,60.871,00,60.871,150,60.871,2.104,,,,,,,,,,,,,,,,,,,,,,,,,,,,,,,,,,,,,,,,,,,,
61.033,60.791,000000,61.061,0,,,,,,,60.530,0,60.742,208700100000,60.742,0,60.724,57,60.724,0,60.650,0,60.991,1.012,61.034,1.01,61.034,24.8,60.991,54.7,60.932,-48,60.965,29.200000000000003,60.965,0,60.991,0.796,60.932,0.386,60.991,849,61.034,0000,61.034,01,60.991,10,60.932,55.5,60.932,0,60.932,0.78,60.932,3.342,61.034,00,61.034,00,61.034,150,61.034,2.102,,,,,,,,,,,,,,,,,,,,,,,,,,,,,,,,,,,,,,,,,,,,
61.121,60.791,000000,61.061,0,,,,,,,60.530,0,60.742,208700100000,60.742,0,60.724,57,60.724,0,60.650,0,61.092,1.012,61.131,1.014,61.034,24.8,61.092,54.7,61.092,-48,61.131,29.200000000000003,61.131,0,61.131,0.796,61.092,0.386,61.131,967,61.131,0000,61.131,01,61.092,10,61.092,55.5,61.092,0,61.092,0.78,61.131,3.341,61.034,00,61.034,00,61.034,150,61.034,2.102,,,,,,,,,,,,,,,,,,,,,,,,,,,,,,,,,,,,,,,,,,,,
61.221,60.791,000000,61.061,0,,,,,,,60.530,0,60.742,208700100000,60.742,0,60.724,57,60.724,0,60.650,0,61.203,1.012,61.231,1.0150000000000001,61.203,24.8,61.203,54.7,61.231,-48,61.231,29.200000000000003,61.131,0,61.131,0.796,61.231,0.386,61.131,967,61.131,0000,61.131,01,61.203,10,61.231,55.5,61.231,0,61.231,0.78,61.231,3.341,61.203,00,61.203,00,61.203,150,61.203,2.102,,,,,,,,,,,,,,,,,,,,,,,,,,,,,,,,,,,,,,,,,,,,
61.322,60.791,000000,61.061,0,,,,,,,61.300,0,60.742,208700100000,60.742,0,60.724,57,60.724,0,61.320,0,61.283,1.012,61.344,1.0170000000000001,61.344,24.8,61.383,54.7,61.231,-48,61.344,29.200000000000003,61.283,0,61.283,0.796,61.231,0.386,61.283,1008,61.283,0000,61.283,01,61.344,10,61.231,55.5,61.231,0,61.231,0.78,61.231,3.341,61.344,00,61.344,00,61.344,150,61.344,2.1,,,,,,,,,,,,,,,,,,,,,,,,,,,,,,,,,,,,,,,,,,,,
61.425,60.791,000000,61.061,0,,,,,,,61.300,0,60.742,208700100000,60.742,0,60.724,57,60.724,0,61.320,0,61.283,1.012,61.344,1.0170000000000001,61.344,24.8,61.383,54.7,61.412,-48,61.344,29.200000000000003,61.283,0,61.283,0.796,61.412,0.391,61.283,1008,61.283,0000,61.283,01,61.344,10,61.412,55.5,61.412,0,61.412,0.78,61.444,3.34,61.344,00,61.344,00,61.344,150,61.344,2.1,,,,,,,,,,,,,,,,,,,,,,,,,,,,,,,,,,,,,,,,,,,,
61.533,60.791,000000,61.061,0,,,,,,,61.300,0,61.552,208700100000,61.552,0,61.465,57,61.465,0,61.320,0,61.531,1.012,61.503,1.0170000000000001,61.503,24.8,61.503,54.7,61.503,-48,61.531,29.200000000000003,61.531,0,61.444,0.801,61.531,0.396,61.444,996,61.444,0000,61.444,01,61.531,10,61.531,55.5,61.531,0,61.531,0.78,61.444,3.34,61.503,00,61.503,00,61.503,150,61.503,2.1,,,,,,,,,,,,,,,,,,,,,,,,,,,,,,,,,,,,,,,,,,,,
61.622,60.791,000000,61.061,0,,,,,,,61.300,0,61.552,208700100000,61.552,0,61.465,57,61.465,0,61.320,0,61.651,1.012,61.612,1.0170000000000001,61.651,24.8,61.651,55.5,61.651,-48,61.651,29.200000000000003,61.531,0,61.612,0.806,61.531,0.396,61.612,977,61.612,0000,61.612,01,61.651,10,61.531,55.5,61.531,0,61.531,0.78,61.651,3.34,61.612,00,61.612,00,61.612,150,61.651,2.096,,,,,,,,,,,,,,,,,,,,,,,,,,,,,,,,,,,,,,,,,,,,
61.722,60.791,000000,61.061,0,,,,,,,61.740,0,61.552,208700100000,61.552,0,61.465,57,61.465,0,61.760,0,61.692,1.012,61.723,1.0170000000000001,61.651,24.8,61.651,55.5,61.651,-48,61.692,29.200000000000003,61.692,0,61.723,0.806,61.692,0.391,61.723,975,61.723,0000,61.723,01,61.692,10,61.692,55.5,61.692,0,61.692,0.78,61.651,3.34,61.723,00,61.723,00,61.723,150,61.651,2.096,,,,,,,,,,,,,,,,,,,,,,,,,,,,,,,,,,,,,,,,,,,,
61.822,61.851,000000,61.061,0,,,,,,,61.740,0,61.552,208700100000,61.552,0,61.833,57,61.833,0,61.760,0,61.792,1.012,61.723,1.0170000000000001,61.792,24.8,61.792,55.5,61.792,-48,61.692,29.200000000000003,61.692,0,61.723,0.806,61.792,0.391,61.723,975,61.723,0000,61.723,01,61.692,10,61.792,55.5,61.792,0,61.792,0.78,61.651,3.34,61.723,00,61.723,00,61.723,150,61.651,2.096,,,,,,,,,,,,,,,,,,,,,,,,,,,,,,,,,,,,,,,,,,,,
61.921,61.851,000000,61.061,0,,,,,,,61.740,0,61.552,208700100000,61.552,0,61.833,57,61.833,0,61.760,0,61.792,1.012,61.922,1.0170000000000001,61.792,24.8,61.792,55.5,61.792,-48,61.895,29.200000000000003,61.895,1,61.922,0.811,61.953,0.396,61.922,970,61.922,0000,61.922,01,61.895,10,61.792,55.5,61.792,0,61.792,0.78,61.895,3.341,61.922,00,61.922,00,61.953,150,61.895,2.095,,,,,,,,,,,,,,,,,,,,,,,,,,,,,,,,,,,,,,,,,,,,
62.022,61.851,000000,62.001,0.9400000000000001,,,,,,,61.740,0,61.552,208700100000,61.552,0,61.833,57,61.833,0,61.760,0,61.983,1.012,62.031,1.0170000000000001,61.983,24.900000000000002,61.983,55.5,61.983,-48,62.031,30,61.983,1,62.031,0.8150000000000001,61.953,0.396,62.031,961,62.031,0000,61.922,01,62.031,10,61.983,55.5,61.983,0,61.983,0.78,62.031,3.342,61.922,00,61.922,00,61.953,150,62.031,2.092,,,,,,,,,,,,,,,,,,,,,,,,,,,,,,,,,,,,,,,,,,,,
62.131,61.851,000000,62.001,0.9400000000000001,,,,,,,61.740,0,61.552,208700100000,61.552,0,61.833,57,61.833,0,61.760,0,62.110,1.012,62.031,1.0170000000000001,61.983,24.900000000000002,61.983,55.5,61.983,-48,62.110,30,61.983,1,62.031,0.8150000000000001,62.110,0.4,62.031,961,62.031,0000,62.110,01,62.110,10,61.983,55.5,61.983,0,61.983,0.78,62.031,3.342,62.110,00,62.110,00,62.110,150,62.144,2.09,,,,,,,,,,,,,,,,,,,,,,,,,,,,,,,,,,,,,,,,,,,,
62.222,61.851,000000,62.001,0.9400000000000001,,,,,,,62.260,1.546875,62.212,208700100000,62.212,1,61.833,57,61.833,0,61.760,0,62.191,1.012,62.244,1.0170000000000001,62.144,24.8,62.144,55.5,62.144,-48,62.244,30,62.144,1,62.191,0.8200000000000001,62.244,0.405,62.191,947,62.191,0000,62.191,01,62.244,10,62.144,55.5,62.191,0,62.191,0.78,62.244,3.34,62.191,00,62.244,00,62.244,150,62.244,2.09,,,,,,,,,,,,,,,,,,,,,,,,,,,,,,,,,,,,,,,,,,,,
62.325,61.851,000000,62.001,0.9400000000000001,,,,,,,62.260,1.546875,62.212,208700100000,62.212,1,61.833,57,61.833,0,61.760,0,62.283,1.012,62.244,1.0170000000000001,62.283,24.8,62.283,55.5,62.283,-48,62.244,30,62.283,2,62.283,0.835,62.244,0.405,62.283,940,62.191,0000,62.191,01,62.244,10,62.283,55.5,62.365,0,62.191,0.78,62.244,3.34,62.191,00,62.244,00,62.244,150,62.244,2.09,,,,,,,,,,,,,,,,,,,,,,,,,,,,,,,,,,,,,,,,,,,,
62.432,61.851,000000,62.001,0.9400000000000001,,,,,,,62.260,1.546875,62.212,208700100000,62.212,1,61.833,57,61.833,0,61.760,0,62.431,1.012,62.464,1.016,62.464,24.8,62.464,55.5,62.464,-48,62.431,30,62.464,2,62.393,0.854,62.431,0.42,62.393,941,62.332,0000,62.332,01,62.431,10,62.464,55.5,62.464,0,62.464,0.78,62.431,3.341,62.332,00,62.431,00,62.431,150,62.431,2.089,,,,,,,,,,,,,,,,,,,,,,,,,,,,,,,,,,,,,,,,,,,,
62.522,61.851,000000,62.001,0.9400000000000001,,,,,,,62.260,1.546875,62.212,208700100000,62.212,1,61.833,57,61.833,0,62.510,2.27,62.491,1.012,62.543,1.0170000000000001,62.543,24.8,62.543,55.5,62.464,-48,62.543,30,62.464,2,62.491,0.869,62.491,0.425,62.491,940,62.491,0000,62.491,01,62.543,10,62.464,55.5,62.464,0,62.464,0.78,62.543,3.342,62.491,00,62.491,00,62.543,150,62.543,2.089,,,,,,,,,,,,,,,,,,,,,,,,,,,,,,,,,,,,,,,,,,,,
62.622,61.851,000000,62.001,0.9400000000000001,,,,,,,62.260,1.546875,62.212,208700100000,62.212,1,62.563,57,62.563,2,62.510,2.27,62.603,1.012,62.633,1.0170000000000001,62.543,24.8,62.543,55.5,62.603,-48,62.633,30,62.603,2,62.603,0.889,62.633,0.439,62.603,940,62.633,0000,62.633,01,62.543,10,62.603,55.5,62.603,0,62.603,0.78,62.543,3.342,62.633,00,62.633,00,62.633,150,62.543,2.089,,,,,,,,,,,,,,,,,,,,,,,,,,,,,,,,,,,,,,,,,,,,
62.722,61.851,000000,62.001,0.9400000000000001,,,,,,,62.260,1.546875,62.721,208700100000,62.721,2,62.563,57,62.563,2,62.510,2.27,62.691,0.806,62.764,1.016,62.691,24.8,62.691,55.5,62.764,-48,62.764,30,62.603,2,62.764,1.0010000000000001,62.764,0.488,62.764,944,62.633,0000,62.633,01,62.691,10,62.603,55.5,62.691,0,62.691,0.78,62.691,3.341,62.633,00,62.764,00,62.764,150,62.691,2.085,,,,,,,,,,,,,,,,,,,,,,,,,,,,,,,,,,,,,,,,,,,,
62.822,61.851,000000,62.001,0.9400000000000001,,,,,,,62.860,3.15625,62.721,208700100000,62.721,2,62.563,57,62.563,2,62.510,2.27,62.803,0.806,62.764,1.016,62.843,24.8,62.843,55.5,62.843,-48,62.843,30,62.803,3,62.764,1.0010000000000001,62.803,0.508,62.764,944,62.803,0000,62.803,01,62.843,10,62.803,55.5,62.843,0,62.843,0.78,62.691,3.341,62.803,00,62.764,00,62.803,150,62.691,2.085,,,,,,,,,,,,,,,,,,,,,,,,,,,,,,,,,,,,,,,,,,,,
62.921,61.851,000000,62.001,0.9400000000000001,,,,,,,62.860,3.15625,62.721,208700100000,62.721,2,62.563,57,62.563,2,62.900,3.24,62.964,0.806,62.883,1.0150000000000001,62.843,24.8,62.843,55.5,62.964,-48,62.964,30,62.964,3,62.923,1.089,62.964,0.542,62.964,1018,62.923,0000,62.923,01,62.843,10,62.803,55.5,62.843,0,62.843,0.78,62.883,3.34,62.923,00,62.964,00,62.964,150,62.883,2.085,,,,,,,,,,,,,,,,,,,,,,,,,,,,,,,,,,,,,,,,,,,,
63.030,63.061,000000,63.081,3.88,,,,,,,62.860,3.15625,62.721,208700100000,62.721,2,63.013,58,63.013,3,62.900,3.24,63.044,0.806,62.991,1.0130000000000001,62.991,24.900000000000002,62.991,55.5,63.044,-48,63.044,30,62.964,3,63.044,1.118,62.964,0.542,62.964,1018,63.044,0000,63.044,01,62.991,10,62.991,55.5,62.991,0,62.991,0.78,62.991,3.339,63.044,00,62.964,00,62.964,150,63.044,2.083,,,,,,,,,,,,,,,,,,,,,,,,,,,,,,,,,,,,,,,,,,,,
63.122,63.061,000000,63.081,3.88,,,,,,,62.860,3.15625,62.721,208700100000,62.721,2,63.013,58,63.013,3,62.900,3.24,63.151,0.806,63.112,1.0150000000000001,63.112,24.8,63.112,55.5,63.044,-48,63.151,30,63.112,4,63.151,1.1280000000000001,63.151,0.557,63.151,1155,63.044,0000,63.044,01,63.112,10,63.112,55.5,63.112,0,63.112,0.78,63.151,3.342,63.044,00,63.151,00,63.151,150,63.044,2.083,,,,,,,,,,,,,,,,,,,,,,,,,,,,,,,,,,,,,,,,,,,,
63.222,63.061,000000,63.081,3.88,,,,,,,62.860,3.15625,62.721,208700100000,62.721,2,63.013,58,63.013,3,62.900,3.24,63.244,0.806,63.212,1.0170000000000001,63.244,24.8,63.244,55.5,63.212,-48,63.244,30,63.244,5,63.212,1.1280000000000001,63.212,0.557,63.244,1160,63.212,0000,63.212,01,63.112,10,63.112,55.5,63.112,0,63.112,0.78,63.151,3.342,63.212,00,63.244,00,63.244,150,63.212,2.081,,,,,,,,,,,,,,,,,,,,,,,,,,,,,,,,,,,,,,,,,,,,
63.333,63.061,000000,63.081,3.88,,,,,,,62.860,3.15625,62.721,208700100000,62.721,2,63.013,58,63.013,3,62.900,3.24,63.322,0.806,63.291,1.0170000000000001,63.366,24.8,63.366,55.5,63.212,-48,63.366,30,63.366,5,63.322,1.1520000000000001,63.322,0.5660000000000001,63.322,1170,63.291,0000,63.291,01,63.366,10,63.366,55.5,63.366,0,63.291,0.78,63.291,3.342,63.322,00,63.322,00,63.322,150,63.322,2.079,,,,,,,,,,,,,,,,,,,,,,,,,,,,,,,,,,,,,,,,,,,,
63.433,63.061,000000,63.081,3.88,,,,,,,62.860,3.15625,62.721,208700100000,62.721,2,63.013,58,63.013,3,62.900,3.24,63.464,0.806,63.405,1.0170000000000001,63.366,24.8,63.366,55.5,63.405,-48,63.464,30,63.366,5,63.464,1.196,63.464,0.591,63.464,1189,63.432,0000,63.432,01,63.366,10,63.366,55.5,63.366,0,63.405,0.78,63.432,3.341,63.432,00,63.464,00,63.464,150,63.464,2.076,,,,,,,,,,,,,,,,,,,,,,,,,,,,,,,,,,,,,,,,,,,,
63.531,63.061,000000,63.081,3.88,,,,,,,63.570,5.890625,63.552,208700100000,63.552,6,63.013,58,63.013,3,62.900,3.24,63.531,0.806,63.491,1.018,63.531,24.8,63.491,55.5,63.531,-48,63.531,30,63.491,6,63.464,1.196,63.464,0.591,63.464,1189,63.531,0000,63.531,01,63.491,10,63.491,55.5,63.491,0,63.491,0.78,63.531,3.342,63.531,00,63.464,00,63.464,150,63.464,2.076,,,,,,,,,,,,,,,,,,,,,,,,,,,,,,,,,,,,,,,,,,,,
63.622,63.061,000000,63.081,3.88,,,,,,,63.570,5.890625,63.552,208700100000,63.552,6,63.663,58,63.663,5,63.613,6.18,63.644,0.806,63.592,1.0170000000000001,63.531,24.8,63.592,55.5,63.531,-48,63.531,30,63.592,6,63.644,1.27,63.644,0.63,63.644,1198,63.592,0000,63.644,01,63.592,10,63.592,55.5,63.592,0,63.592,0.78,63.644,3.34,63.644,00,63.644,00,63.464,150,63.464,2.076,,,,,,,,,,,,,,,,,,,,,,,,,,,,,,,,,,,,,,,,,,,,
63.722,63.061,000000,63.081,3.88,,,,,,,63.570,5.890625,63.552,208700100000,63.552,6,63.663,58,63.663,5,63.613,6.18,63.764,0.806,63.722,1.0170000000000001,63.722,24.8,63.722,55.5,63.764,-48,63.722,30,63.722,7,63.764,1.27,63.764,0.63,63.644,1198,63.764,0000,63.644,01,63.722,10,63.764,55.5,63.764,0,63.764,0.78,63.644,3.34,63.644,00,63.644,00,63.722,150,63.722,2.075,,,,,,,,,,,,,,,,,,,,,,,,,,,,,,,,,,,,,,,,,,,,
63.821,63.061,000000,63.081,3.88,,,,,,,63.570,5.890625,63.825,208700100000,63.825,7,63.663,58,63.663,5,63.613,6.18,63.793,0.806,63.867,1.0170000000000001,63.867,24.8,63.867,55.5,63.764,-48,63.867,30,63.722,7,63.793,1.27,63.793,0.63,63.793,1216,63.764,0000,63.793,01,63.722,10,63.764,55.5,63.764,0,63.764,0.78,63.793,3.34,63.793,00,63.793,00,63.722,150,63.722,2.075,,,,,,,,,,,,,,,,,,,,,,,,,,,,,,,,,,,,,,,,,,,,
63.922,63.061,000000,63.081,3.88,,,,,,,63.910,7.453125,63.825,208700100000,63.825,7,63.663,58,63.663,5,63.613,6.18,63.966,0.806,63.966,1.0170000000000001,63.867,24.8,63.867,55.5,63.932,-48,63.867,30,63.891,7,63.966,1.299,63.966,0.64,63.966,1229,63.932,0000,63.932,01,63.891,10,63.932,55.5,63.966,0,63.966,0.78,63.932,3.342,63.932,00,63.966,00,63.891,150,63.932,2.073,,,,,,,,,,,,,,,,,,,,,,,,,,,,,,,,,,,,,,,,,,,,
64.021,63.061,000000,63.081,3.88,,,,,,,63.910,7.453125,63.825,208700100000,63.825,7,63.663,58,63.663,5,64.036,8.19,63.992,0.806,63.966,1.0170000000000001,63.992,24.8,63.992,55.5,63.932,-48,63.992,30,63.992,8,63.966,1.299,63.966,0.64,63.966,1229,63.932,0000,63.992,01,63.992,10,63.932,55.5,63.966,0,63.966,0.78,63.932,3.342,63.932,00,63.966,00,63.992,150,63.932,2.073,,,,,,,,,,,,,,,,,,,,,,,,,,,,,,,,,,,,,,,,,,,,
64.122,64.090,000000,64.180,8.71,,,,,,,63.910,7.453125,63.825,208700100000,63.825,7,63.663,58,63.663,5,64.036,8.19,64.123,0.806,64.153,1.0170000000000001,64.123,24.8,64.123,55.5,64.064,-48,64.123,30,64.123,9,64.153,1.421,64.153,0.7030000000000001,64.153,1282,64.064,0000,64.153,01,64.123,10,64.064,55.5,64.153,0,64.153,0.78,64.064,3.34,64.064,00,64.153,00,64.123,150,64.123,2.072,,,,,,,,,,,,,,,,,,,,,,,,,,,,,,,,,,,,,,,,,,,,
64.221,64.090,000000,64.180,8.71,,,,,,,63.910,7.453125,63.825,208700100000,63.825,7,63.663,58,63.663,5,64.036,8.19,64.233,0.806,64.153,1.0170000000000001,64.233,24.8,64.233,55.5,64.064,-48,64.233,30,64.233,9,64.153,1.421,64.153,0.7030000000000001,64.153,1282,64.064,0000,64.153,01,64.233,10,64.064,55.5,64.153,0,64.153,0.78,64.064,3.34,64.064,00,64.153,00,64.233,150,64.233,2.069,,,,,,,,,,,,,,,,,,,,,,,,,,,,,,,,,,,,,,,,,,,,
64.322,64.090,000000,64.180,8.71,,,,,,,63.910,7.453125,63.825,208700100000,63.825,7,63.663,58,63.663,5,64.036,8.19,64.312,0.806,64.353,1.016,64.353,24.8,64.383,55.5,64.312,-48,64.233,30,64.233,9,64.283,1.5090000000000001,64.283,0.752,64.312,1354,64.353,0000,64.312,01,64.233,10,64.353,55.5,64.283,0,64.283,0.78,64.312,3.34,64.312,00,64.312,00,64.233,150,64.312,2.069,,,,,,,,,,,,,,,,,,,,,,,,,,,,,,,,,,,,,,,,,,,,
64.426,64.090,000000,64.180,8.71,,,,,,,63.910,7.453125,63.825,208700100000,63.825,7,63.663,58,63.663,5,64.036,8.19,64.312,0.806,64.353,1.016,64.353,24.8,64.383,55.5,64.312,-48,64.383,30,64.383,9,64.412,1.5190000000000001,64.412,0.752,64.312,1354,64.353,0000,64.412,01,64.383,10,64.443,55.5,64.412,0,64.443,0.78,64.312,3.34,64.312,00,64.312,00,64.412,150,64.412,2.068,,,,,,,,,,,,,,,,,,,,,,,,,,,,,,,,,,,,,,,,,,,,
64.532,64.090,000000,64.180,8.71,,,,,,,63.910,7.453125,63.825,208700100000,63.825,7,63.663,58,63.663,5,64.036,8.19,64.523,0.806,64.565,1.0170000000000001,64.565,24.8,64.484,55.5,64.523,-48,64.484,30,64.484,10,64.523,1.5090000000000001,64.523,0.752,64.565,1469,64.565,0000,64.523,01,64.484,10,64.565,55.5,64.523,0,64.523,0.78,64.565,3.34,64.565,00,64.565,00,64.484,150,64.523,2.067,,,,,,,,,,,,,,,,,,,,,,,,,,,,,,,,,,,,,,,,,,,,
64.633,64.090,000000,64.180,8.71,,,,,,,63.910,7.453125,63.825,208700100000,63.825,7,63.663,58,63.663,5,64.036,8.19,64.613,0.806,64.565,1.0170000000000001,64.565,24.8,64.613,55.5,64.523,-48,64.613,30,64.613,11,64.523,1.5090000000000001,64.523,0.752,64.565,1469,64.565,0000,64.613,01,64.613,10,64.565,55.5,64.523,0,64.523,0.78,64.565,3.34,64.565,00,64.565,00,64.613,150,64.613,2.067,,,,,,,,,,,,,,,,,,,,,,,,,,,,,,,,,,,,,,,,,,,,
64.720,64.090,000000,64.180,8.71,,,,,,,63.910,7.453125,64.711,208700100000,64.711,11,64.682,59,64.682,10,64.036,8.19,64.743,0.806,64.773,1.014,64.743,24.8,64.743,56.2,64.644,-48,64.743,30,64.773,11,64.773,1.665,64.773,0.835,64.743,1614,64.644,0000,64.773,01,64.773,10,64.644,55.5,64.644,0,64.644,0.78,64.743,3.344,64.743,00,64.743,00,64.773,150,64.773,2.063,,,,,,,,,,,,,,,,,,,,,,,,,,,,,,,,,,,,,,,,,,,,
64.831,64.090,000000,64.180,8.71,,,,,,,64.820,11.375,64.711,208700100000,64.711,11,64.682,59,64.682,10,64.036,8.19,64.804,0.806,64.893,1.0170000000000001,64.743,24.8,64.743,56.2,64.804,-48,64.743,30,64.773,11,64.773,1.665,64.773,0.835,64.743,1614,64.804,0000,64.773,01,64.773,10,64.804,55.5,64.804,0,64.804,0.78,64.743,3.344,64.743,00,64.743,00,64.773,150,64.773,2.063,,,,,,,,,,,,,,,,,,,,,,,,,,,,,,,,,,,,,,,,,,,,
64.922,64.090,000000,64.180,8.71,,,,,,,64.820,11.375,64.711,208700100000,64.711,11,64.682,59,64.682,10,64.036,8.19,64.804,0.806,64.893,1.0170000000000001,64.933,24.8,64.933,56.2,64.804,-48,64.933,30,64.773,11,64.773,1.665,64.773,0.835,64.933,1720,64.804,0000,64.773,01,64.773,10,64.804,55.5,64.804,0,64.804,0.78,64.933,3.341,64.933,00,64.933,00,64.773,150,64.773,2.063,,,,,,,,,,,,,,,,,,,,,,,,,,,,,,,,,,,,,,,,,,,,
65.034,64.090,000000,64.180,8.71,,,,,,,64.820,11.375,64.711,208700100000,64.711,11,64.682,59,64.682,10,64.036,8.19,64.972,0.891,65.004,1.0170000000000001,65.004,24.8,65.004,56.2,65.004,-48,64.933,30,64.972,12,64.972,1.699,64.972,0.85,64.933,1720,65.004,0000,64.972,01,64.972,10,65.004,55.5,65.004,0,65.004,0.78,64.933,3.341,64.933,00,64.933,00,64.972,150,64.972,2.063,,,,,,,,,,,,,,,,,,,,,,,,,,,,,,,,,,,,,,,,,,,,
65.122,64.090,000000,64.180,8.71,,,,,,,64.820,11.375,64.711,208700100000,64.711,11,65.092,59,65.092,13,65.050,12.75,65.144,1.0230000000000001,65.173,1.012,65.144,24.8,65.144,56.2,65.173,-48,65.144,30,65.173,13,65.173,1.953,65.073,0.967,65.144,1949,65.173,0000,65.073,01,65.073,10,65.144,55.5,65.144,0,65.144,0.78,65.173,3.34,65.173,00,65.173,00,65.073,150,65.073,2.059,,,,,,,,,,,,,,,,,,,,,,,,,,,,,,,,,,,,,,,,,,,,
65.224,65.211,000000,64.180,8.71,,,,,,,64.820,11.375,65.192,208700100000,65.192,14,65.092,59,65.092,13,65.050,12.75,65.244,1.054,65.173,1.012,65.244,24.8,65.244,56.2,65.173,-48,65.244,30,65.173,13,65.173,1.953,65.244,0.981,65.244,2045,65.173,0000,65.244,01,65.244,10,65.273,55.5,65.144,0,65.144,0.78,65.173,3.34,65.173,00,65.173,00,65.073,150,65.073,2.059,,,,,,,,,,,,,,,,,,,,,,,,,,,,,,,,,,,,,,,,,,,,
65.332,65.211,000000,65.291,14.06,,,,,,,64.820,11.375,65.192,208700100000,65.192,14,65.092,59,65.092,13,65.050,12.75,65.333,1.079,65.273,1.028,65.333,24.8,65.333,56.2,65.273,-48,65.333,30,65.333,15,65.333,1.938,65.244,0.981,65.333,2109,65.273,0001,65.244,01,65.244,10,65.273,55.5,65.273,0,65.273,0.78,65.333,3.341,65.173,00,65.173,00,65.273,150,65.273,2.058,,,,,,,,,,,,,,,,,,,,,,,,,,,,,,,,,,,,,,,,,,,,
65.432,65.211,000000,65.291,14.06,,,,,,,64.820,11.375,65.192,208700100000,65.192,14,65.092,59,65.092,13,65.050,12.75,65.465,1.085,65.433,1.069,65.433,24.8,65.465,56.2,65.404,-48,65.465,30,65.465,15,65.465,1.9140000000000001,65.373,0.972,65.465,2225,65.404,0001,65.373,01,65.373,10,65.465,55.5,65.404,0,65.404,0.78,65.465,3.341,65.373,00,65.373,00,65.373,150,65.373,2.057,,,,,,,,,,,,,,,,,,,,,,,,,,,,,,,,,,,,,,,,,,,,
65.521,65.211,000000,65.291,14.06,,,,,,,64.820,11.375,65.192,208700100000,65.192,14,65.092,59,65.092,13,65.050,12.75,65.493,1.086,65.553,1.104,65.493,24.8,65.465,56.2,65.553,-48,65.465,30,65.493,15,65.493,1.9140000000000001,65.493,0.962,65.465,2225,65.404,0001,65.553,01,65.553,10,65.465,55.5,65.493,0,65.493,0.78,65.493,3.341,65.553,00,65.553,00,65.553,150,65.553,2.053,,,,,,,,,,,,,,,,,,,,,,,,,,,,,,,,,,,,,,,,,,,,
65.621,65.211,000000,65.291,14.06,,,,,,,64.820,11.375,65.192,208700100000,65.192,14,65.092,59,65.092,13,65.050,12.75,65.583,1.085,65.653,1.1320000000000001,65.583,24.8,65.583,56.2,65.553,-48,65.583,30,65.653,17,65.653,1.9140000000000001,65.653,0.962,65.653,2361,65.583,0001,65.653,01,65.653,10,65.583,55.5,65.583,0,65.583,0.78,65.653,3.339,65.553,00,65.553,00,65.553,150,65.553,2.053,,,,,,,,,,,,,,,,,,,,,,,,,,,,,,,,,,,,,,,,,,,,
65.722,65.211,000000,65.291,14.06,,,,,,,65.711,17.109375,65.192,208700100000,65.192,14,65.092,59,65.092,13,65.730,16.94,65.693,1.075,65.773,1.16,65.773,24.8,65.773,56.2,65.693,-48,65.773,30,65.773,17,65.653,1.9140000000000001,65.653,0.962,65.773,2476,65.693,0001,65.653,01,65.653,10,65.693,55.5,65.773,0,65.773,0.78,65.653,3.339,65.693,00,65.693,00,65.693,150,65.693,2.051,,,,,,,,,,,,,,,,,,,,,,,,,,,,,,,,,,,,,,,,,,,,
65.822,65.211,000000,65.291,14.06,,,,,,,65.711,17.109375,65.192,208700100000,65.192,14,65.844,59,65.844,17,65.730,16.94,65.804,1.096,65.773,1.16,65.773,24.8,65.773,56.2,65.804,-48,65.773,30,65.773,17,65.804,1.992,65.804,1.006,65.773,2476,65.804,0001,65.804,01,65.804,10,65.693,55.5,65.773,0,65.773,0.78,65.804,3.34,65.693,00,65.693,00,65.693,150,65.693,2.051,,,,,,,,,,,,,,,,,,,,,,,,,,,,,,,,,,,,,,,,,,,,
65.921,65.211,000000,65.291,14.06,,,,,,,65.711,17.109375,65.863,208700100000,65.863,18,65.844,59,65.844,17,65.730,16.94,65.984,1.02,65.984,1.226,65.984,24.8,65.906,56.2,65.804,-48,65.906,30,65.906,18,65.804,1.992,65.804,1.006,65.906,2596,65.804,0001,65.804,01,65.804,10,65.906,55.5,65.984,0,65.984,0.78,65.804,3.34,65.906,00,65.906,00,65.933,150,65.933,2.048,,,,,,,,,,,,,,,,,,,,,,,,,,,,,,,,,,,,,,,,,,,,
66.021,65.211,000000,65.291,14.06,,,,,,,65.711,17.109375,65.863,208700100000,65.863,18,65.844,59,65.844,17,65.730,16.94,66.013,0.986,66.073,1.237,65.984,24.8,66.073,56.2,66.013,-48,66.073,30,66.073,19,66.013,1.929,66.013,0.972,66.073,2464,66.013,0001,66.013,01,66.013,10,66.073,55.5,65.984,0,65.984,0.78,66.013,3.34,66.073,00,66.073,00,65.933,150,65.933,2.048,,,,,,,,,,,,,,,,,,,,,,,,,,,,,,,,,,,,,,,,,,,,
66.124,65.211,000000,65.291,14.06,,,,,,,66.120,19.34375,65.863,208700100000,65.863,18,65.844,59,65.844,17,66.140,19.400000000000002,66.105,0.9550000000000001,66.165,1.206,66.105,24.8,66.105,56.2,66.013,-48,66.105,30,66.073,19,66.013,1.929,66.013,0.972,66.073,2464,66.013,0001,66.013,01,66.013,10,66.073,55.5,66.105,0,66.105,0.78,66.013,3.34,66.073,00,66.073,00,66.105,150,66.105,2.0460000000000003,,,,,,,,,,,,,,,,,,,,,,,,,,,,,,,,,,,,,,,,,,,,
66.234,65.211,000000,65.291,14.06,,,,,,,66.120,19.34375,66.243,208700100000,66.243,20,66.222,59,66.222,19,66.140,19.400000000000002,66.203,1.012,66.165,1.206,66.105,24.8,66.105,56.2,66.165,-48,66.105,30,66.165,19,66.165,1.304,66.203,0.386,66.165,2380,66.203,0001,66.203,01,66.203,10,66.165,55.5,66.105,0,66.105,0.78,66.203,3.341,66.165,00,66.165,00,66.203,150,66.203,2.0460000000000003,,,,,,,,,,,,,,,,,,,,,,,,,,,,,,,,,,,,,,,,,,,,
66.320,65.211,000000,65.291,14.06,,,,,,,66.120,19.34375,66.243,208700100000,66.243,20,66.222,59,66.222,19,66.140,19.400000000000002,66.304,1.012,66.272,1.1300000000000001,66.272,24.8,66.344,56.2,66.373,-48,66.344,30,66.373,20,66.373,0.796,66.373,0.386,66.373,2226,66.373,0001,66.344,01,66.344,10,66.304,55.5,66.272,0,66.272,0.78,66.344,3.342,66.304,00,66.304,00,66.344,150,66.344,2.041,,,,,,,,,,,,,,,,,,,,,,,,,,,,,,,,,,,,,,,,,,,,
66.425,65.211,000000,65.291,14.06,,,,,,,66.120,19.34375,66.243,208700100000,66.243,20,66.222,59,66.222,19,66.140,19.400000000000002,66.444,1.012,66.473,1.091,66.444,24.8,66.444,56.2,66.373,-48,66.444,30,66.444,20,66.373,0.796,66.373,0.386,66.444,2238,66.373,0001,66.344,01,66.344,10,66.304,55.5,66.444,0,66.444,0.78,66.344,3.342,66.304,00,66.304,00,66.344,150,66.344,2.041,,,,,,,,,,,,,,,,,,,,,,,,,,,,,,,,,,,,,,,,,,,,
66.526,66.523,000000,66.542,19.73,,,,,,,66.120,19.34375,66.243,208700100000,66.243,20,66.222,59,66.222,19,66.140,19.400000000000002,66.504,1.012,66.573,1.084,66.504,24.8,66.444,56.2,66.473,-48,66.444,30,66.444,20,66.473,0.796,66.473,0.386,66.444,2238,66.473,0001,66.504,01,66.504,10,66.473,55.5,66.504,0,66.444,0.78,66.504,3.34,66.473,00,66.473,00,66.504,150,66.504,2.041,,,,,,,,,,,,,,,,,,,,,,,,,,,,,,,,,,,,,,,,,,,,
66.633,66.523,000000,66.542,19.73,,,,,,,66.120,19.34375,66.243,208700100000,66.243,20,66.222,59,66.222,19,66.140,19.400000000000002,66.615,1.012,66.573,1.084,66.504,24.8,66.573,56.2,66.615,-48,66.573,30,66.573,20,66.615,0.796,66.615,0.386,66.573,2253,66.615,0001,66.615,01,66.615,10,66.573,55.5,66.504,0,66.573,0.78,66.504,3.34,66.573,00,66.615,00,66.504,150,66.504,2.041,,,,,,,,,,,,,,,,,,,,,,,,,,,,,,,,,,,,,,,,,,,,
66.721,66.523,000000,66.542,19.73,,,,,,,66.120,19.34375,66.243,208700100000,66.243,20,66.222,59,66.222,19,66.140,19.400000000000002,66.723,1.012,66.683,1.075,66.683,24.8,66.683,56.2,66.723,-48,66.723,30,66.723,20,66.723,0.796,66.615,0.386,66.723,2272,66.615,0001,66.615,01,66.615,10,66.723,55.5,66.683,0,66.683,0.78,66.683,3.341,66.723,00,66.615,00,66.683,150,66.683,2.036,,,,,,,,,,,,,,,,,,,,,,,,,,,,,,,,,,,,,,,,,,,,
66.822,66.523,000000,66.542,19.73,,,,,,,66.870,19.015625,66.243,208700100000,66.243,20,66.222,59,66.222,19,66.140,19.400000000000002,66.812,1.012,66.784,1.065,66.812,24.8,66.853,56.2,66.784,-48,66.853,30,66.853,19,66.812,0.796,66.784,0.391,66.853,2243,66.784,0001,66.784,01,66.784,10,66.853,55.5,66.812,0,66.812,0.78,66.812,3.342,66.853,00,66.853,00,66.812,150,66.812,2.036,,,,,,,,,,,,,,,,,,,,,,,,,,,,,,,,,,,,,,,,,,,,
66.922,66.523,000000,66.542,19.73,,,,,,,66.870,19.015625,66.243,208700100000,66.243,20,66.952,59,66.952,19,66.910,18.830000000000002,66.812,1.012,66.932,1.055,66.932,24.8,66.853,56.2,66.892,-48,66.853,30,66.853,19,66.812,0.796,66.932,0.386,66.853,2243,66.932,0001,66.932,01,66.932,10,66.853,55.5,66.812,0,66.812,0.78,66.812,3.342,66.853,00,66.853,00,66.812,150,66.812,2.036,,,,,,,,,,,,,,,,,,,,,,,,,,,,,,,,,,,,,,,,,,,,
67.021,66.523,000000,66.542,19.73,,,,,,,66.870,19.015625,67.003,208700100000,67.003,19,66.952,59,66.952,19,66.910,18.830000000000002,66.983,1.012,67.044,1.049,66.932,24.8,66.983,57,67.044,-48,67.044,30,67.044,18,67.044,0.796,66.932,0.386,67.044,2145,66.932,0001,66.932,01,66.932,10,67.044,55.5,66.983,0,66.983,0.78,66.983,3.341,67.044,00,66.983,00,66.983,150,66.983,2.0340000000000003,,,,,,,,,,,,,,,,,,,,,,,,,,,,,,,,,,,,,,,,,,,,
67.121,66.523,000000,66.542,19.73,,,,,,,67.160,17.828125,67.003,208700100000,67.003,19,66.952,59,66.952,19,66.910,18.830000000000002,67.104,1.012,67.184,1.04,67.104,24.8,67.104,57,67.132,-48,67.132,30.700000000000003,67.184,18,67.184,0.796,67.104,0.386,67.184,2058,67.104,0001,67.104,01,67.104,10,67.184,55.5,67.184,0,67.184,0.78,67.132,3.34,67.184,00,67.104,00,67.132,150,67.132,2.029,,,,,,,,,,,,,,,,,,,,,,,,,,,,,,,,,,,,,,,,,,,,
67.221,66.523,000000,66.542,19.73,,,,,,,67.160,17.828125,67.003,208700100000,67.003,19,67.256,59,67.256,17,67.230,17.240000000000002,67.213,1.012,67.184,1.04,67.213,24.8,67.213,57,67.132,-48,67.132,30.700000000000003,67.184,18,67.184,0.796,67.213,0.386,67.184,2058,67.213,0001,67.104,01,67.104,10,67.184,55.5,67.184,0,67.184,0.78,67.213,3.34,67.184,00,67.104,00,67.213,150,67.213,2.029,,,,,,,,,,,,,,,,,,,,,,,,,,,,,,,,,,,,,,,,,,,,
67.321,67.322,000000,66.542,19.73,,,,,,,67.160,17.828125,67.003,208700100000,67.003,19,67.256,59,67.256,17,67.230,17.240000000000002,67.352,1.012,67.283,1.036,67.213,24.8,67.213,57,67.283,-48,67.283,30.700000000000003,67.283,18,67.283,0.796,67.213,0.386,67.352,1952,67.213,0001,67.283,01,67.283,10,67.352,55.5,67.352,0,67.352,0.78,67.352,3.341,67.352,00,67.283,00,67.352,150,67.213,2.029,,,,,,,,,,,,,,,,,,,,,,,,,,,,,,,,,,,,,,,,,,,,
67.431,67.322,000000,66.542,19.73,,,,,,,67.160,17.828125,67.003,208700100000,67.003,19,67.256,59,67.256,17,67.230,17.240000000000002,67.352,1.012,67.444,1.032,67.384,24.8,67.384,57,67.444,-48,67.444,30.700000000000003,67.444,17,67.444,0.796,67.384,0.386,67.352,1952,67.384,0001,67.384,01,67.384,10,67.352,55.5,67.444,0,67.352,0.78,67.352,3.341,67.352,00,67.413,00,67.352,150,67.384,2.0260000000000002,,,,,,,,,,,,,,,,,,,,,,,,,,,,,,,,,,,,,,,,,,,,
67.532,67.322,000000,66.542,19.73,,,,,,,67.160,17.828125,67.003,208700100000,67.003,19,67.256,59,67.256,17,67.230,17.240000000000002,67.484,1.012,67.523,1.03,67.484,24.8,67.484,57,67.444,-48,67.444,30.700000000000003,67.444,17,67.444,0.796,67.484,0.386,67.523,1815,67.552,0001,67.523,01,67.523,10,67.523,55.5,67.523,0,67.523,0.78,67.484,3.34,67.523,00,67.413,00,67.484,150,67.384,2.0260000000000002,,,,,,,,,,,,,,,,,,,,,,,,,,,,,,,,,,,,,,,,,,,,
67.624,67.322,000000,67.632,16.12,,,,,,,67.160,17.828125,67.003,208700100000,67.003,19,67.256,59,67.256,17,67.230,17.240000000000002,67.612,1.012,67.693,1.026,67.612,24.8,67.552,57,67.583,-48,67.583,30.700000000000003,67.583,16,67.583,0.796,67.552,0.386,67.583,1772,67.552,0001,67.523,01,67.523,10,67.583,55.5,67.612,0,67.612,0.78,67.612,3.342,67.612,00,67.583,00,67.612,150,67.612,2.02,,,,,,,,,,,,,,,,,,,,,,,,,,,,,,,,,,,,,,,,,,,,
67.725,67.322,000000,67.632,16.12,,,,,,,67.160,17.828125,67.003,208700100000,67.003,19,67.256,59,67.256,17,67.230,17.240000000000002,67.723,1.012,67.772,1.024,67.772,24.8,67.693,57,67.693,-48,67.723,30.700000000000003,67.723,16,67.723,0.796,67.693,0.386,67.723,1625,67.693,0001,67.693,01,67.693,10,67.723,55.5,67.723,0,67.612,0.78,67.612,3.342,67.723,00,67.693,00,67.612,150,67.612,2.02,,,,,,,,,,,,,,,,,,,,,,,,,,,,,,,,,,,,,,,,,,,,
67.830,67.322,000000,67.632,16.12,,,,,,,67.160,17.828125,67.822,208700100000,67.822,16,67.256,59,67.256,17,67.230,17.240000000000002,67.852,1.012,67.772,1.024,67.772,24.8,67.772,57,67.852,-48,67.852,30.700000000000003,67.852,16,67.723,0.796,67.772,0.386,67.723,1625,67.852,0001,67.852,01,67.852,10,67.723,55.5,67.723,0,67.772,0.78,67.772,3.341,67.723,00,67.852,00,67.772,150,67.772,2.0180000000000002,,,,,,,,,,,,,,,,,,,,,,,,,,,,,,,,,,,,,,,,,,,,
67.921,67.322,000000,67.632,16.12,,,,,,,67.160,17.828125,67.822,208700100000,67.822,16,67.256,59,67.256,17,67.230,17.240000000000002,67.968,1.012,67.968,1.0210000000000001,67.932,24.900000000000002,67.932,57,67.852,-48,67.852,30.700000000000003,67.852,16,67.903,0.796,67.932,0.386,67.903,1365,67.852,0001,67.852,01,67.852,10,67.903,55.5,67.903,0,67.903,0.78,67.903,3.34,67.903,00,67.852,00,67.932,150,67.932,2.0140000000000002,,,,,,,,,,,,,,,,,,,,,,,,,,,,,,,,,,,,,,,,,,,,
68.021,67.322,000000,67.632,16.12,,,,,,,68.020,16.140625,67.822,208700100000,67.822,16,68.082,59,68.082,15,68.061,15.85,68.044,1.012,67.993,1.02,67.932,24.900000000000002,67.932,57,67.993,-48,67.993,30.700000000000003,67.993,16,68.044,0.796,67.932,0.386,68.044,1217,67.993,0001,67.993,01,67.993,10,68.044,55.5,68.044,0,68.044,0.78,68.044,3.341,68.044,00,67.993,00,67.932,150,67.932,2.0140000000000002,,,,,,,,,,,,,,,,,,,,,,,,,,,,,,,,,,,,,,,,,,,,
68.121,67.322,000000,67.632,16.12,,,,,,,68.020,16.140625,67.822,208700100000,67.822,16,68.082,59,68.082,15,68.061,15.85,68.153,1.012,68.123,1.02,68.123,24.8,68.123,57,68.123,-48,68.123,30.700000000000003,68.153,15,68.153,0.796,68.123,0.386,68.153,1148,68.153,0001,68.153,01,68.153,10,68.044,55.5,68.044,0,68.044,0.78,68.044,3.341,68.044,00,68.153,00,68.123,150,68.123,2.0100000000000002,,,,,,,,,,,,,,,,,,,,,,,,,,,,,,,,,,,,,,,,,,,,
68.221,67.322,000000,67.632,16.12,,,,,,,68.020,16.140625,67.822,208700100000,67.822,16,68.082,59,68.082,15,68.061,15.85,68.265,0.806,68.223,1.02,68.223,24.8,68.223,57,68.265,-48,68.265,30.700000000000003,68.153,15,68.265,1.162,68.265,0.562,68.265,1090,68.153,0001,68.153,01,68.153,10,68.223,55.5,68.223,0,68.223,0.78,68.223,3.34,68.223,00,68.153,00,68.265,150,68.265,2.008,,,,,,,,,,,,,,,,,,,,,,,,,,,,,,,,,,,,,,,,,,,,
68.321,67.322,000000,67.632,16.12,,,,,,,68.020,16.140625,68.333,208700100000,68.333,16,68.082,59,68.082,15,68.061,15.85,68.368,0.806,68.293,1.02,68.293,24.8,68.293,57,68.265,-48,68.265,30.700000000000003,68.293,16,68.368,1.6500000000000001,68.265,0.562,68.368,1035,68.293,0001,68.293,01,68.293,10,68.223,55.5,68.223,0,68.223,0.78,68.223,3.34,68.223,00,68.293,00,68.265,150,68.265,2.008,,,,,,,,,,,,,,,,,,,,,,,,,,,,,,,,,,,,,,,,,,,,
68.421,67.322,000000,67.632,16.12,,,,,,,68.020,16.140625,68.333,208700100000,68.333,16,68.082,59,68.082,15,68.061,15.85,68.368,0.806,68.452,1.0150000000000001,68.423,24.8,68.423,57,68.423,-48,68.423,30.700000000000003,68.423,15,68.452,1.24,68.423,0.684,68.368,1035,68.452,0001,68.452,01,68.452,10,68.392,55.5,68.392,0,68.392,0.78,68.392,3.342,68.423,00,68.452,00,68.452,150,68.452,2.007,,,,,,,,,,,,,,,,,,,,,,,,,,,,,,,,,,,,,,,,,,,,
68.525,67.322,000000,67.632,16.12,,,,,,,68.545,14.40625,68.333,208700100000,68.333,16,68.082,59,68.082,15,68.061,15.85,68.523,0.806,68.523,1.016,68.572,24.8,68.523,57.7,68.523,-48,68.523,30.700000000000003,68.523,15,68.523,1.328,68.523,0.654,68.491,1065,68.452,0001,68.452,01,68.452,10,68.491,55.5,68.491,0,68.491,0.78,68.491,3.34,68.491,00,68.452,00,68.452,150,68.452,2.007,,,,,,,,,,,,,,,,,,,,,,,,,,,,,,,,,,,,,,,,,,,,
68.633,67.322,000000,67.632,16.12,,,,,,,68.545,14.40625,68.333,208700100000,68.333,16,68.643,59,68.643,14,68.601,13.88,68.624,0.806,68.572,1.0130000000000001,68.572,24.8,68.572,57.7,68.624,-48,68.624,30.700000000000003,68.624,14,68.523,1.328,68.624,0.664,68.491,1065,68.624,0001,68.624,01,68.624,10,68.572,55.5,68.572,0,68.572,0.78,68.572,3.341,68.572,00,68.452,00,68.452,150,68.452,2.007,,,,,,,,,,,,,,,,,,,,,,,,,,,,,,,,,,,,,,,,,,,,
68.730,68.692,000000,68.742,14.25,,,,,,,68.545,14.40625,68.333,208700100000,68.333,16,68.643,59,68.643,14,68.601,13.88,68.723,0.806,68.672,1.0130000000000001,68.723,24.8,68.723,57.7,68.723,-48,68.723,30.700000000000003,68.624,14,68.672,1.372,68.624,0.664,68.672,1236,68.624,0001,68.624,01,68.624,10,68.672,55.5,68.672,0,68.723,0.78,68.723,3.341,68.723,00,68.672,00,68.672,150,68.672,2.0020000000000002,,,,,,,,,,,,,,,,,,,,,,,,,,,,,,,,,,,,,,,,,,,,
68.820,68.692,000000,68.742,14.25,,,,,,,68.545,14.40625,68.333,208700100000,68.333,16,68.643,59,68.643,14,68.601,13.88,68.844,0.806,68.792,1.01,68.844,24.900000000000002,68.844,57.7,68.723,-48,68.723,30.700000000000003,68.792,15,68.792,1.558,68.792,0.776,68.792,1384,68.792,0001,68.792,01,68.792,10,68.844,55.5,68.844,0,68.844,0.78,68.844,3.339,68.844,00,68.672,00,68.672,150,68.672,2.0020000000000002,,,,,,,,,,,,,,,,,,,,,,,,,,,,,,,,,,,,,,,,,,,,
68.921,68.692,000000,68.742,14.25,,,,,,,68.545,14.40625,68.333,208700100000,68.333,16,68.643,59,68.643,14,68.601,13.88,68.844,0.806,68.932,1.01,68.844,24.900000000000002,68.844,57.7,68.883,-48,68.883,30.700000000000003,68.932,15,68.932,1.548,68.932,0.771,68.883,1353,68.932,0001,68.932,01,68.932,10,68.844,55.5,68.844,0,68.844,0.78,68.844,3.339,68.844,00,68.883,00,68.883,150,68.883,1.997,,,,,,,,,,,,,,,,,,,,,,,,,,,,,,,,,,,,,,,,,,,,
69.021,68.692,000000,68.742,14.25,,,,,,,68.545,14.40625,68.333,208700100000,68.333,16,68.643,59,68.643,14,68.601,13.88,69.065,0.806,69.004,1.0110000000000001,69.065,24.8,68.973,57.7,69.004,-48,69.065,30.700000000000003,69.004,15,69.065,1.538,69.004,0.767,69.065,1307,69.004,0001,69.004,01,69.004,10,68.973,55.5,68.973,0,68.973,0.78,68.973,3.342,69.004,00,69.065,00,69.065,150,69.065,1.993,,,,,,,,,,,,,,,,,,,,,,,,,,,,,,,,,,,,,,,,,,,,
69.130,68.692,000000,68.742,14.25,,,,,,,68.545,14.40625,68.333,208700100000,68.333,16,68.643,59,68.643,14,68.601,13.88,69.065,0.806,69.112,1.012,69.065,24.8,69.112,57.7,69.004,-48,69.065,30.700000000000003,69.112,15,69.065,1.538,69.004,0.767,69.065,1307,69.004,0001,69.004,01,69.004,10,69.112,55.5,69.112,0,69.112,0.78,69.112,3.341,69.112,00,69.065,00,69.065,150,69.065,1.993,,,,,,,,,,,,,,,,,,,,,,,,,,,,,,,,,,,,,,,,,,,,
69.221,68.692,000000,68.742,14.25,,,,,,,68.545,14.40625,69.201,208700100000,69.201,16,68.643,59,68.643,14,68.601,13.88,69.265,0.806,69.232,1.0130000000000001,69.232,24.8,69.232,57.7,69.165,-48,69.165,30.700000000000003,69.265,16,69.232,1.543,69.265,0.781,69.232,1345,69.265,0001,69.165,01,69.165,10,69.232,55.5,69.265,0,69.265,0.78,69.265,3.341,69.265,00,69.165,00,69.232,150,69.232,1.99,,,,,,,,,,,,,,,,,,,,,,,,,,,,,,,,,,,,,,,,,,,,
69.322,68.692,000000,68.742,14.25,,,,,,,69.320,16.09375,69.201,208700100000,69.201,16,68.643,59,68.643,14,69.371,16.4,69.352,0.806,69.292,1.0130000000000001,69.292,24.8,69.292,57.7,69.292,-48,69.292,30.700000000000003,69.352,16,69.232,1.543,69.352,0.781,69.232,1345,69.352,0001,69.292,01,69.292,10,69.352,55.5,69.265,0,69.265,0.78,69.265,3.341,69.265,00,69.292,00,69.232,150,69.232,1.99,,,,,,,,,,,,,,,,,,,,,,,,,,,,,,,,,,,,,,,,,,,,
69.421,68.692,000000,68.742,14.25,,,,,,,69.320,16.09375,69.201,208700100000,69.201,16,68.643,59,68.643,14,69.371,16.4,69.352,0.806,69.292,1.0130000000000001,69.444,24.8,69.444,57.7,69.292,-48,69.292,30.700000000000003,69.352,16,69.413,1.567,69.352,0.781,69.413,1415,69.352,0001,69.292,01,69.292,10,69.352,55.5,69.444,0,69.444,0.78,69.444,3.34,69.265,00,69.292,00,69.444,150,69.444,1.985,,,,,,,,,,,,,,,,,,,,,,,,,,,,,,,,,,,,,,,,,,,,
69.534,68.692,000000,68.742,14.25,,,,,,,69.320,16.09375,69.201,208700100000,69.201,16,69.531,60,69.531,16,69.371,16.4,69.512,0.806,69.483,1.0130000000000001,69.512,24.8,69.512,57.7,69.483,-48,69.483,30.700000000000003,69.483,17,69.512,1.582,69.483,0.791,69.512,1415,69.483,0001,69.483,01,69.512,10,69.352,55.5,69.512,0,69.444,0.78,69.444,3.34,69.483,00,69.512,00,69.444,150,69.444,1.985,,,,,,,,,,,,,,,,,,,,,,,,,,,,,,,,,,,,,,,,,,,,
69.621,68.692,000000,68.742,14.25,,,,,,,69.320,16.09375,69.201,208700100000,69.201,16,69.531,60,69.531,16,69.371,16.4,69.653,0.811,69.613,1.0130000000000001,69.653,24.900000000000002,69.653,57.7,69.613,-48,69.613,30.700000000000003,69.653,17,69.613,1.621,69.483,0.791,69.653,1459,69.483,0001,69.613,01,69.512,10,69.613,55.5,69.653,0,69.613,0.78,69.613,3.342,69.483,00,69.512,00,69.653,150,69.653,1.98,,,,,,,,,,,,,,,,,,,,,,,,,,,,,,,,,,,,,,,,,,,,
69.723,68.692,000000,68.742,14.25,,,,,,,69.750,17.25,69.733,208700100000,69.733,17,69.531,60,69.531,16,69.371,16.4,69.712,0.874,69.772,1.0110000000000001,69.683,24.900000000000002,69.712,57.7,69.712,-48,69.712,30.700000000000003,69.712,17,69.683,1.7530000000000001,69.683,0.879,69.653,1459,69.683,0001,69.712,01,69.683,10,69.712,55.5,69.712,0,69.613,0.78,69.613,3.342,69.683,00,69.683,00,69.653,150,69.653,1.98,,,,,,,,,,,,,,,,,,,,,,,,,,,,,,,,,,,,,,,,,,,,
69.825,68.692,000000,68.742,14.25,,,,,,,69.750,17.25,69.733,208700100000,69.733,17,69.531,60,69.531,16,69.791,17.68,69.844,0.865,69.772,1.0110000000000001,69.844,24.8,69.712,57.7,69.712,-48,69.712,30.700000000000003,69.712,17,69.772,1.748,69.683,0.879,69.772,1520,69.683,0001,69.712,01,69.772,10,69.712,55.5,69.712,0,69.772,0.78,69.772,3.34,69.683,00,69.772,00,69.772,150,69.653,1.98,,,,,,,,,,,,,,,,,,,,,,,,,,,,,,,,,,,,,,,,,,,,
69.931,68.692,000000,68.742,14.25,,,,,,,69.750,17.25,69.733,208700100000,69.733,17,69.531,60,69.531,16,69.791,17.68,69.844,0.865,69.772,1.0110000000000001,69.932,24.8,69.844,57.7,69.872,-48,69.872,30.700000000000003,69.844,18,69.906,1.699,69.844,0.854,69.932,1582,69.844,0001,69.872,01,69.906,10,69.872,55.5,69.844,0,69.872,0.78,69.872,3.34,69.872,00,69.906,00,69.932,150,69.932,1.976,,,,,,,,,,,,,,,,,,,,,,,,,,,,,,,,,,,,,,,,,,,,
70.021,70.045,000000,68.742,14.25,,,,,,,69.750,17.25,69.733,208700100000,69.733,17,69.531,60,69.531,16,69.791,17.68,69.993,0.806,70.023,1.0210000000000001,70.023,24.8,69.965,57.7,69.965,-48,69.993,30.700000000000003,70.023,19,70.023,1.03,70.023,0.552,70.023,1582,69.965,0001,69.993,01,69.993,10,69.993,55.5,69.965,0,69.993,0.78,69.993,3.341,69.965,00,69.993,00,70.023,150,70.023,1.976,,,,,,,,,,,,,,,,,,,,,,,,,,,,,,,,,,,,,,,,,,,,
70.121,70.045,000000,70.092,18.71,,,,,,,69.750,17.25,69.733,208700100000,69.733,17,69.531,60,69.531,16,69.791,17.68,70.072,1.012,70.124,1.03,70.023,24.8,69.965,57.7,70.072,-48,70.072,30.700000000000003,70.023,19,70.124,0.796,70.023,0.552,70.124,1609,70.072,0001,70.072,01,70.124,10,70.072,55.5,69.965,0,70.072,0.78,70.124,3.342,70.072,00,70.124,00,70.124,150,70.124,1.974,,,,,,,,,,,,,,,,,,,,,,,,,,,,,,,,,,,,,,,,,,,,
70.222,70.045,000000,70.092,18.71,,,,,,,69.750,17.25,69.733,208700100000,69.733,17,69.531,60,69.531,16,69.791,17.68,70.172,1.012,70.265,1.032,70.172,24.8,70.172,57.7,70.265,-48,70.265,30.700000000000003,70.172,19,70.265,0.796,70.172,0.386,70.265,1599,70.172,0001,70.265,01,70.124,10,70.265,55.5,70.172,0,70.265,0.78,70.124,3.342,70.172,00,70.124,00,70.124,150,70.124,1.974,,,,,,,,,,,,,,,,,,,,,,,,,,,,,,,,,,,,,,,,,,,,
70.322,70.045,000000,70.092,18.71,,,,,,,69.750,17.25,69.733,208700100000,69.733,17,69.531,60,69.531,16,69.791,17.68,70.323,1.012,70.323,1.03,70.323,24.8,70.323,58.5,70.265,-48,70.265,30.700000000000003,70.293,19,70.265,0.796,70.293,0.386,70.323,1600,70.293,0001,70.265,01,70.366,10,70.265,55.5,70.323,0,70.265,0.78,70.323,3.341,70.293,00,70.323,00,70.293,150,70.293,1.973,,,,,,,,,,,,,,,,,,,,,,,,,,,,,,,,,,,,,,,,,,,,
70.433,70.045,000000,70.092,18.71,,,,,,,69.750,17.25,69.733,208700100000,69.733,17,70.391,60,70.391,18,69.791,17.68,70.323,1.012,70.323,1.03,70.323,24.8,70.323,58.5,70.424,-48,70.424,32.2,70.293,19,70.424,0.796,70.293,0.386,70.323,1600,70.293,0001,70.424,01,70.366,10,70.424,55.5,70.323,0,70.265,0.78,70.323,3.341,70.293,00,70.323,00,70.293,150,70.293,1.973,,,,,,,,,,,,,,,,,,,,,,,,,,,,,,,,,,,,,,,,,,,,
70.521,70.045,000000,70.092,18.71,,,,,,,70.580,18.96875,70.562,208700100000,70.562,19,70.391,60,70.391,18,69.791,17.68,70.492,1.012,70.532,1.026,70.532,24.8,70.532,58.5,70.532,-48,70.532,32.2,70.468,19,70.532,0.796,70.468,0.386,70.468,1589,70.492,0001,70.532,01,70.492,10,70.532,55.5,70.468,0,70.468,0.78,70.492,3.34,70.492,00,70.492,00,70.492,150,70.492,1.97,,,,,,,,,,,,,,,,,,,,,,,,,,,,,,,,,,,,,,,,,,,,
70.622,70.045,000000,70.092,18.71,,,,,,,70.580,18.96875,70.562,208700100000,70.562,19,70.391,60,70.391,18,70.601,18.79,70.623,1.012,70.652,1.024,70.652,24.8,70.532,58.5,70.623,-48,70.652,32.2,70.623,19,70.652,0.796,70.623,0.386,70.652,1629,70.492,0001,70.652,01,70.623,10,70.652,55.5,70.623,0,70.652,0.78,70.623,3.342,70.492,00,70.623,00,70.492,150,70.492,1.97,,,,,,,,,,,,,,,,,,,,,,,,,,,,,,,,,,,,,,,,,,,,
70.721,70.045,000000,70.092,18.71,,,,,,,70.580,18.96875,70.562,208700100000,70.562,19,70.761,60,70.761,18,70.601,18.79,70.744,1.012,70.704,1.0230000000000001,70.744,24.8,70.704,58.5,70.704,-48,70.652,32.2,70.744,18,70.652,0.796,70.744,0.386,70.704,1616,70.704,0001,70.652,01,70.744,10,70.652,55.5,70.744,0,70.744,0.78,70.744,3.341,70.704,00,70.623,00,70.704,150,70.704,1.968,,,,,,,,,,,,,,,,,,,,,,,,,,,,,,,,,,,,,,,,,,,,
70.833,70.045,000000,70.092,18.71,,,,,,,70.580,18.96875,70.853,208700100000,70.853,18,70.761,60,70.761,18,70.601,18.79,70.744,1.012,70.792,1.022,70.831,24.8,70.831,58.5,70.792,-48,70.792,32.2,70.744,18,70.792,0.796,70.744,0.386,70.792,1586,70.831,0001,70.792,01,70.744,10,70.792,55.5,70.744,0,70.831,0.78,70.744,3.341,70.831,00,70.792,00,70.831,150,70.831,1.964,,,,,,,,,,,,,,,,,,,,,,,,,,,,,,,,,,,,,,,,,,,,
70.924,70.045,000000,70.092,18.71,,,,,,,70.580,18.96875,70.853,208700100000,70.853,18,70.761,60,70.761,18,70.601,18.79,70.906,1.012,70.965,1.02,70.831,24.8,70.831,58.5,70.792,-48,70.792,32.2,70.906,18,70.792,0.796,70.906,0.386,70.792,1586,70.831,0001,70.792,01,70.906,10,70.792,55.5,70.906,0,70.831,0.78,70.933,3.342,70.831,00,70.933,00,70.831,150,70.831,1.964,,,,,,,,,,,,,,,,,,,,,,,,,,,,,,,,,,,,,,,,,,,,
71.021,70.045,000000,70.092,18.71,,,,,,,70.580,18.96875,70.853,208700100000,70.853,18,70.761,60,70.761,18,70.601,18.79,71.003,1.012,71.033,1.0190000000000001,71.003,24.8,71.033,58.5,70.965,-48,70.965,32.2,71.003,18,70.965,0.796,71.033,0.386,70.965,1465,71.033,0001,70.965,01,71.033,10,70.965,55.5,71.033,0,70.965,0.78,71.065,3.342,71.033,00,70.933,00,71.033,150,71.003,1.963,,,,,,,,,,,,,,,,,,,,,,,,,,,,,,,,,,,,,,,,,,,,
71.131,70.045,000000,70.092,18.71,,,,,,,71.190,16.546875,70.853,208700100000,70.853,18,70.761,60,70.761,18,70.601,18.79,71.144,1.012,71.173,1.0170000000000001,71.110,24.8,71.110,58.5,71.173,-48,71.173,32.2,71.144,17,71.173,0.796,71.144,0.386,71.173,1486,71.110,0001,71.173,01,71.144,10,71.110,55.5,71.144,0,71.110,0.78,71.173,3.34,71.144,00,71.173,00,71.144,150,71.144,1.962,,,,,,,,,,,,,,,,,,,,,,,,,,,,,,,,,,,,,,,,,,,,
71.222,71.232,000000,70.092,18.71,,,,,,,71.190,16.546875,70.853,208700100000,70.853,18,70.761,60,70.761,18,71.211,16.7,71.266,1.012,71.173,1.0170000000000001,71.266,24.8,71.266,58.5,71.173,-48,71.173,32.2,71.144,17,71.173,0.796,71.144,0.386,71.173,1486,71.266,0001,71.173,01,71.144,10,71.266,55.5,71.144,0,71.266,0.78,71.173,3.34,71.266,00,71.173,00,71.266,150,71.144,1.962,,,,,,,,,,,,,,,,,,,,,,,,,,,,,,,,,,,,,,,,,,,,
71.322,71.232,000000,71.342,16.38,,,,,,,71.190,16.546875,70.853,208700100000,70.853,18,70.761,60,70.761,18,71.211,16.7,71.266,1.012,71.293,1.0170000000000001,71.266,24.8,71.266,58.5,71.173,-48,71.173,32.2,71.293,16,71.173,0.796,71.293,0.386,71.173,1486,71.266,0001,71.173,01,71.293,10,71.266,55.5,71.293,0,71.266,0.78,71.293,3.341,71.266,00,71.293,00,71.266,150,71.293,1.958,,,,,,,,,,,,,,,,,,,,,,,,,,,,,,,,,,,,,,,,,,,,
71.421,71.232,000000,71.342,16.38,,,,,,,71.190,16.546875,70.853,208700100000,70.853,18,70.761,60,70.761,18,71.211,16.7,71.433,1.012,71.465,1.014,71.404,24.8,71.465,58.5,71.372,-48,71.372,32.2,71.433,16,71.372,0.796,71.465,0.386,71.372,1348,71.404,0001,71.372,01,71.465,10,71.372,55.5,71.465,0,71.372,0.78,71.465,3.339,71.404,00,71.465,00,71.404,150,71.404,1.958,,,,,,,,,,,,,,,,,,,,,,,,,,,,,,,,,,,,,,,,,,,,
71.521,71.232,000000,71.342,16.38,,,,,,,71.190,16.546875,70.853,208700100000,70.853,18,70.761,60,70.761,18,71.211,16.7,71.553,1.012,71.512,1.014,71.553,24.8,71.553,58.5,71.512,-48,71.512,32.2,71.553,16,71.512,0.796,71.465,0.386,71.553,1331,71.512,0001,71.553,01,71.465,10,71.553,55.5,71.465,0,71.553,0.78,71.465,3.339,71.512,00,71.465,00,71.512,150,71.512,1.956,,,,,,,,,,,,,,,,,,,,,,,,,,,,,,,,,,,,,,,,,,,,
71.621,71.232,000000,71.342,16.38,,,,,,,71.190,16.546875,70.853,208700100000,70.853,18,71.610,60,71.610,14,71.211,16.7,71.553,1.012,71.632,1.014,71.553,24.8,71.553,58.5,71.632,-48,71.632,32.2,71.553,16,71.512,0.796,71.632,0.386,71.553,1331,71.512,0001,71.553,01,71.632,10,71.553,55.5,71.632,0,71.553,0.78,71.632,3.341,71.512,00,71.632,00,71.512,150,71.512,1.956,,,,,,,,,,,,,,,,,,,,,,,,,,,,,,,,,,,,,,,,,,,,
71.722,71.232,000000,71.342,16.38,,,,,,,71.190,16.546875,71.693,208700100000,71.693,15,71.610,60,71.610,14,71.211,16.7,71.773,1.012,71.723,1.014,71.665,24.8,71.665,58.5,71.773,-48,71.773,32.2,71.723,15,71.773,0.796,71.723,0.386,71.773,1229,71.723,0001,71.665,01,71.723,10,71.665,55.5,71.773,0,71.665,0.78,71.773,3.34,71.723,00,71.773,00,71.723,150,71.723,1.953,,,,,,,,,,,,,,,,,,,,,,,,,,,,,,,,,,,,,,,,,,,,
71.823,71.232,000000,71.342,16.38,,,,,,,71.190,16.546875,71.693,208700100000,71.693,15,71.610,60,71.610,14,71.211,16.7,71.773,1.012,71.804,1.014,71.804,24.8,71.804,58.5,71.773,-48,71.773,32.2,71.804,14,71.773,0.796,71.804,0.386,71.773,1229,71.723,0001,71.804,01,71.844,10,71.804,55.5,71.773,0,71.804,0.78,71.773,3.34,71.723,00,71.773,00,71.723,150,71.723,1.953,,,,,,,,,,,,,,,,,,,,,,,,,,,,,,,,,,,,,,,,,,,,
71.934,71.232,000000,71.342,16.38,,,,,,,71.870,14.28125,71.693,208700100000,71.693,15,71.610,60,71.610,14,71.921,14.18,71.944,1.012,71.804,1.014,71.804,24.8,71.893,58.5,71.844,-48,71.844,32.2,71.804,14,71.844,0.796,71.804,0.386,71.893,1253,71.893,0001,71.804,01,71.844,10,71.804,55.5,71.844,0,71.804,0.78,71.844,3.34,71.893,00,71.844,00,71.893,150,71.944,1.951,,,,,,,,,,,,,,,,,,,,,,,,,,,,,,,,,,,,,,,,,,,,
72.032,71.232,000000,71.342,16.38,,,,,,,71.870,14.28125,71.693,208700100000,71.693,15,71.610,60,71.610,14,71.921,14.18,72.053,0.806,71.984,1.014,71.804,24.8,71.893,58.5,71.984,-48,71.844,32.2,71.984,14,71.844,0.796,71.984,0.425,71.893,1253,71.893,0001,71.804,01,71.984,10,71.804,55.5,71.984,0,71.804,0.78,71.984,3.34,71.893,00,71.984,00,71.893,150,71.944,1.951,,,,,,,,,,,,,,,,,,,,,,,,,,,,,,,,,,,,,,,,,,,,
72.133,71.232,000000,71.342,16.38,,,,,,,71.870,14.28125,72.123,208700100000,72.123,14,72.101,60,72.101,14,71.921,14.18,72.152,0.806,72.083,1.0130000000000001,72.053,24.8,72.053,58.5,72.083,-48,72.053,32.2,72.083,14,72.053,1.235,72.152,0.649,72.152,1209,72.083,0001,72.053,01,72.152,10,72.053,55.5,72.152,0,72.053,0.78,72.152,3.341,72.083,00,72.152,00,72.083,150,72.152,1.948,,,,,,,,,,,,,,,,,,,,,,,,,,,,,,,,,,,,,,,,,,,,
72.222,71.232,000000,71.342,16.38,,,,,,,72.210,13.703125,72.123,208700100000,72.123,14,72.101,60,72.101,14,72.231,13.64,72.253,0.806,72.190,1.0130000000000001,72.190,24.8,72.190,58.5,72.253,-48,72.190,32.2,72.253,14,72.190,1.313,72.253,0.649,72.152,1209,72.083,0001,72.190,01,72.253,10,72.190,55.5,72.253,0,72.190,0.78,72.253,3.342,72.083,00,72.253,00,72.083,150,72.152,1.948,,,,,,,,,,,,,,,,,,,,,,,,,,,,,,,,,,,,,,,,,,,,
72.321,71.232,000000,71.342,16.38,,,,,,,72.210,13.703125,72.123,208700100000,72.123,14,72.101,60,72.101,14,72.231,13.64,72.253,0.806,72.293,1.01,72.293,24.8,72.293,58.5,72.344,-48,72.344,32.2,72.344,14,72.344,1.328,72.373,0.654,72.373,1124,72.293,0001,72.344,01,72.373,10,72.344,55.5,72.373,0,72.344,0.78,72.373,3.339,72.293,00,72.373,00,72.293,150,72.293,1.947,,,,,,,,,,,,,,,,,,,,,,,,,,,,,,,,,,,,,,,,,,,,
72.422,71.232,000000,71.342,16.38,,,,,,,72.210,13.703125,72.123,208700100000,72.123,14,72.101,60,72.101,14,72.231,13.64,72.413,0.806,72.444,1.012,72.444,24.8,72.444,58.5,72.344,-48,72.444,32.2,72.344,14,72.444,1.338,72.373,0.654,72.373,1124,72.293,0001,72.444,01,72.373,10,72.444,55.5,72.373,0,72.344,0.78,72.373,3.339,72.293,00,72.373,00,72.293,150,72.444,1.945,,,,,,,,,,,,,,,,,,,,,,,,,,,,,,,,,,,,,,,,,,,,
72.521,72.523,000000,71.342,16.38,,,,,,,72.210,13.703125,72.123,208700100000,72.123,14,72.101,60,72.101,14,72.231,13.64,72.553,0.806,72.584,1.01,72.584,24.8,72.584,58.5,72.472,-48,72.584,32.2,72.472,14,72.584,1.46,72.553,0.7030000000000001,72.584,1286,72.553,0001,72.504,01,72.553,10,72.504,55.5,72.553,0,72.472,0.78,72.553,3.341,72.553,00,72.553,00,72.584,150,72.584,1.945,,,,,,,,,,,,,,,,,,,,,,,,,,,,,,,,,,,,,,,,,,,,
72.621,72.523,000000,72.615,13.66,,,,,,,72.210,13.703125,72.123,208700100000,72.123,14,72.101,60,72.101,14,72.231,13.64,72.665,0.806,72.584,1.01,72.584,24.8,72.584,58.5,72.665,-48,72.584,32.2,72.665,14,72.584,1.46,72.665,0.723,72.584,1286,72.553,0001,72.665,01,72.665,10,72.665,55.5,72.665,0,72.472,0.78,72.553,3.341,72.553,00,72.553,00,72.584,150,72.584,1.945,,,,,,,,,,,,,,,,,,,,,,,,,,,,,,,,,,,,,,,,,,,,
72.725,72.523,000000,72.615,13.66,,,,,,,72.210,13.703125,72.123,208700100000,72.123,14,72.101,60,72.101,14,72.231,13.64,72.765,0.806,72.692,1.01,72.584,24.8,72.584,58.5,72.665,-48,72.584,32.2,72.665,14,72.584,1.46,72.665,0.723,72.692,1199,72.692,0001,72.665,01,72.665,10,72.665,55.5,72.665,0,72.692,0.78,72.692,3.34,72.692,00,72.692,00,72.584,150,72.692,1.943,,,,,,,,,,,,,,,,,,,,,,,,,,,,,,,,,,,,,,,,,,,,
72.821,72.523,000000,72.615,13.66,,,,,,,72.210,13.703125,72.123,208700100000,72.123,14,72.101,60,72.101,14,72.231,13.64,72.765,0.806,72.804,1.01,72.765,24.8,72.765,58.5,72.853,-48,72.765,32.2,72.853,14,72.765,1.475,72.853,0.762,72.884,1246,72.853,0001,72.804,01,72.804,10,72.804,55.5,72.804,0,72.853,0.78,72.853,3.341,72.853,00,72.884,00,72.804,150,72.804,1.942,,,,,,,,,,,,,,,,,,,,,,,,,,,,,,,,,,,,,,,,,,,,
72.921,72.523,000000,72.615,13.66,,,,,,,72.210,13.703125,72.123,208700100000,72.123,14,72.940,61,72.940,14,72.231,13.64,72.913,0.806,72.804,1.01,72.913,24.8,72.765,58.5,72.853,-48,72.765,32.2,72.853,14,72.765,1.475,72.853,0.762,72.884,1246,72.853,0001,72.913,01,72.804,10,72.913,55.5,72.804,0,72.853,0.78,72.853,3.341,72.853,00,72.884,00,72.804,150,72.913,1.941,,,,,,,,,,,,,,,,,,,,,,,,,,,,,,,,,,,,,,,,,,,,
73.023,72.523,000000,72.615,13.66,,,,,,,73.042,14.953125,73.013,208700100000,73.013,15,72.940,61,72.940,14,72.231,13.64,72.992,0.806,73.072,1.0130000000000001,72.913,24.8,72.965,58.5,72.965,-48,72.965,32.2,72.965,14,72.965,1.294,72.965,0.64,72.884,1246,72.965,0001,72.913,01,72.992,10,72.913,55.5,72.992,0,72.992,0.78,72.992,3.34,72.992,00,72.992,00,72.992,150,72.913,1.941,,,,,,,,,,,,,,,,,,,,,,,,,,,,,,,,,,,,,,,,,,,,
73.121,72.523,000000,72.615,13.66,,,,,,,73.042,14.953125,73.013,208700100000,73.013,15,72.940,61,72.940,14,73.121,14.72,73.104,0.806,73.104,1.0130000000000001,73.072,24.8,73.104,58.5,73.104,-48,73.104,32.2,73.072,14,73.104,1.2550000000000001,73.104,0.62,73.072,1206,73.104,0001,73.072,01,73.172,10,73.072,55.5,72.992,0,72.992,0.78,72.992,3.34,72.992,00,72.992,00,72.992,150,73.072,1.94,,,,,,,,,,,,,,,,,,,,,,,,,,,,,,,,,,,,,,,,,,,,
73.231,72.523,000000,72.615,13.66,,,,,,,73.042,14.953125,73.013,208700100000,73.013,15,73.230,61,73.230,14,73.121,14.72,73.272,0.806,73.204,1.0130000000000001,73.204,24.8,73.204,59.2,73.272,-48,73.204,32.2,73.172,14,73.204,1.24,73.104,0.62,73.204,1320,73.104,0001,73.204,01,73.272,10,73.272,55.5,73.272,0,73.272,0.78,73.272,3.34,73.172,00,73.172,00,73.204,150,73.272,1.936,,,,,,,,,,,,,,,,,,,,,,,,,,,,,,,,,,,,,,,,,,,,
73.323,72.523,000000,72.615,13.66,,,,,,,73.042,14.953125,73.013,208700100000,73.013,15,73.230,61,73.230,14,73.121,14.72,73.272,0.806,73.306,1.0130000000000001,73.204,24.8,73.306,59.2,73.272,-48,73.306,32.2,73.172,14,73.306,1.27,73.306,0.63,73.204,1320,73.306,0001,73.204,01,73.272,10,73.272,55.5,73.272,0,73.272,0.78,73.272,3.34,73.306,00,73.306,00,73.204,150,73.344,1.935,,,,,,,,,,,,,,,,,,,,,,,,,,,,,,,,,,,,,,,,,,,,
73.422,72.523,000000,72.615,13.66,,,,,,,73.042,14.953125,73.401,208700100000,73.401,15,73.230,61,73.230,14,73.121,14.72,73.444,0.806,73.306,1.0130000000000001,73.344,24.8,73.444,59.2,73.344,-48,73.306,32.2,73.344,15,73.306,1.27,73.306,0.63,73.344,1282,73.306,0001,73.344,01,73.372,10,73.344,55.5,73.372,0,73.372,0.78,73.372,3.34,73.306,00,73.306,00,73.372,150,73.344,1.935,,,,,,,,,,,,,,,,,,,,,,,,,,,,,,,,,,,,,,,,,,,,
73.522,72.523,000000,72.615,13.66,,,,,,,73.580,14.609375,73.401,208700100000,73.401,15,73.230,61,73.230,14,73.121,14.72,73.565,0.806,73.565,1.012,73.565,24.8,73.565,59.2,73.523,-48,73.483,33,73.523,14,73.483,1.416,73.523,0.7030000000000001,73.483,1274,73.565,0001,73.483,01,73.523,10,73.483,55.5,73.523,0,73.523,0.78,73.523,3.34,73.565,00,73.565,00,73.565,150,73.483,1.934,,,,,,,,,,,,,,,,,,,,,,,,,,,,,,,,,,,,,,,,,,,,
73.621,73.602,000000,73.623,14.6,,,,,,,73.580,14.609375,73.401,208700100000,73.401,15,73.230,61,73.230,14,73.121,14.72,73.653,0.806,73.565,1.012,73.565,24.8,73.653,59.2,73.523,-48,73.653,33,73.523,14,73.653,1.377,73.523,0.7030000000000001,73.653,1317,73.565,0001,73.653,01,73.523,10,73.653,55.5,73.523,0,73.523,0.78,73.523,3.34,73.565,00,73.565,00,73.565,150,73.653,1.931,,,,,,,,,,,,,,,,,,,,,,,,,,,,,,,,,,,,,,,,,,,,
73.721,73.602,000000,73.623,14.6,,,,,,,73.580,14.609375,73.401,208700100000,73.401,15,73.230,61,73.230,14,73.121,14.72,73.765,0.806,73.691,1.0130000000000001,73.765,24.8,73.765,59.2,73.691,-48,73.765,33,73.691,15,73.653,1.377,73.691,0.762,73.653,1317,73.765,0001,73.653,01,73.691,10,73.653,55.5,73.691,0,73.691,0.78,73.691,3.34,73.765,00,73.765,00,73.765,150,73.653,1.931,,,,,,,,,,,,,,,,,,,,,,,,,,,,,,,,,,,,,,,,,,,,
73.822,73.602,000000,73.623,14.6,,,,,,,73.580,14.609375,73.401,208700100000,73.401,15,73.230,61,73.230,14,73.121,14.72,73.765,0.806,73.792,1.0090000000000001,73.844,24.8,73.844,59.2,73.873,-48,73.873,33,73.873,16,73.792,1.616,73.844,0.781,73.792,1377,73.765,0001,73.792,01,73.844,10,73.792,55.5,73.844,0,73.844,0.78,73.844,3.341,73.765,00,73.765,00,73.765,150,73.792,1.93,,,,,,,,,,,,,,,,,,,,,,,,,,,,,,,,,,,,,,,,,,,,
73.924,73.602,000000,73.623,14.6,,,,,,,73.580,14.609375,73.401,208700100000,73.401,15,73.230,61,73.230,14,73.121,14.72,73.913,0.905,73.952,1.0010000000000001,73.952,24.8,73.952,59.2,73.873,-48,73.952,33,73.873,16,73.952,1.953,73.844,0.781,73.952,1380,73.913,0001,73.952,01,73.983,10,73.792,55.5,73.844,0,73.844,0.78,73.844,3.341,73.913,00,73.913,00,73.952,150,73.792,1.93,,,,,,,,,,,,,,,,,,,,,,,,,,,,,,,,,,,,,,,,,,,,
74.022,73.602,000000,73.623,14.6,,,,,,,73.580,14.609375,73.401,208700100000,73.401,15,73.230,61,73.230,14,73.121,14.72,74.072,0.9520000000000001,74.013,1.01,74.072,24.8,74.013,59.2,73.983,-48,74.072,33,73.983,17,74.072,1.8800000000000001,73.983,0.928,74.072,1435,74.013,0001,74.072,01,73.983,10,74.072,55.5,73.983,0,74.013,0.78,74.013,3.341,74.013,00,74.013,00,74.013,150,74.072,1.926,,,,,,,,,,,,,,,,,,,,,,,,,,,,,,,,,,,,,,,,,,,,
74.121,73.602,000000,73.623,14.6,,,,,,,73.580,14.609375,73.401,208700100000,73.401,15,73.230,61,73.230,14,74.141,16.88,74.165,0.876,74.116,1.004,74.165,24.8,74.165,59.2,74.116,-48,74.165,33,74.116,17,74.072,1.8800000000000001,74.116,0.9520000000000001,74.072,1435,74.165,0001,74.072,01,74.116,10,74.072,55.5,74.116,0,74.116,0.78,74.116,3.34,74.165,00,74.165,00,74.165,150,74.072,1.926,,,,,,,,,,,,,,,,,,,,,,,,,,,,,,,,,,,,,,,,,,,,
74.226,73.602,000000,73.623,14.6,,,,,,,73.580,14.609375,74.233,208700100000,74.233,18,74.210,61,74.210,17,74.141,16.88,74.265,0.806,74.193,1.0150000000000001,74.265,24.8,74.165,59.2,74.193,-48,74.265,33,74.193,17,74.193,1.5330000000000001,74.265,0.771,74.193,1546,74.293,0001,74.193,01,74.265,10,74.193,55.5,74.265,0,74.265,0.78,74.265,3.341,74.165,00,74.165,00,74.165,150,74.193,1.926,,,,,,,,,,,,,,,,,,,,,,,,,,,,,,,,,,,,,,,,,,,,
74.325,73.602,000000,73.623,14.6,,,,,,,73.580,14.609375,74.233,208700100000,74.233,18,74.210,61,74.210,17,74.141,16.88,74.265,0.806,74.293,1.0230000000000001,74.343,24.8,74.293,59.2,74.372,-48,74.343,33,74.372,18,74.343,1.631,74.265,0.771,74.343,1517,74.293,0001,74.343,01,74.265,10,74.343,55.5,74.265,0,74.265,0.78,74.265,3.341,74.293,00,74.293,00,74.293,150,74.343,1.923,,,,,,,,,,,,,,,,,,,,,,,,,,,,,,,,,,,,,,,,,,,,
74.420,73.602,000000,73.623,14.6,,,,,,,74.450,18.4375,74.233,208700100000,74.233,18,74.210,61,74.210,17,74.141,16.88,74.473,0.89,74.432,1.0210000000000001,74.432,24.8,74.432,59.2,74.473,-48,74.473,33,74.372,18,74.473,1.743,74.404,0.8150000000000001,74.473,1624,74.432,0001,74.473,01,74.404,10,74.473,55.5,74.404,0,74.404,0.78,74.432,3.342,74.432,00,74.432,00,74.432,150,74.473,1.921,,,,,,,,,,,,,,,,,,,,,,,,,,,,,,,,,,,,,,,,,,,,
74.522,73.602,000000,73.623,14.6,,,,,,,74.450,18.4375,74.233,208700100000,74.233,18,74.210,61,74.210,17,74.141,16.88,74.473,0.89,74.543,1.0110000000000001,74.432,24.8,74.543,59.2,74.473,-48,74.473,33,74.543,19,74.473,1.743,74.543,0.869,74.473,1624,74.432,0001,74.473,01,74.543,10,74.473,55.5,74.543,0,74.543,0.78,74.543,3.342,74.432,00,74.432,00,74.432,150,74.473,1.921,,,,,,,,,,,,,,,,,,,,,,,,,,,,,,,,,,,,,,,,,,,,
74.632,73.602,000000,73.623,14.6,,,,,,,74.450,18.4375,74.643,208700100000,74.643,20,74.620,62,74.620,19,74.601,18.95,74.584,0.892,74.543,1.0110000000000001,74.584,24.8,74.543,59.2,74.473,-48,74.473,33,74.543,19,74.584,1.685,74.543,0.869,74.584,1670,74.584,0001,74.473,01,74.543,10,74.473,55.5,74.543,0,74.543,0.78,74.543,3.342,74.584,00,74.584,00,74.584,150,74.473,1.921,,,,,,,,,,,,,,,,,,,,,,,,,,,,,,,,,,,,,,,,,,,,
74.722,74.723,000000,74.752,19.86,,,,,,,74.450,18.4375,74.643,208700100000,74.643,20,74.620,62,74.620,19,74.601,18.95,74.704,1.012,74.672,1.022,74.704,24.8,74.704,59.2,74.672,-48,74.704,33,74.543,19,74.704,0.806,74.672,0.732,74.704,1677,74.584,0001,74.672,01,74.672,10,74.672,55.5,74.672,0,74.704,0.78,74.704,3.342,74.584,00,74.584,00,74.584,150,74.672,1.919,,,,,,,,,,,,,,,,,,,,,,,,,,,,,,,,,,,,,,,,,,,,
74.821,74.723,000000,74.752,19.86,,,,,,,74.450,18.4375,74.643,208700100000,74.643,20,74.620,62,74.620,19,74.601,18.95,74.784,1.012,74.784,1.038,74.823,24.8,74.853,59.2,74.784,-48,74.853,33,74.784,20,74.853,0.796,74.823,0.386,74.853,1645,74.784,0001,74.823,01,74.823,10,74.823,55.5,74.823,0,74.853,0.78,74.853,3.34,74.784,00,74.784,00,74.784,150,74.823,1.919,,,,,,,,,,,,,,,,,,,,,,,,,,,,,,,,,,,,,,,,,,,,
74.921,74.723,000000,74.752,19.86,,,,,,,74.450,18.4375,74.643,208700100000,74.643,20,74.620,62,74.620,19,74.601,18.95,74.972,1.012,74.912,1.04,74.972,24.8,74.972,59.2,74.912,-48,74.853,33,74.972,20,74.853,0.796,74.912,0.386,74.853,1645,74.972,0001,74.912,01,74.912,10,74.912,55.5,74.912,0,74.853,0.78,74.853,3.34,74.972,00,74.972,00,74.972,150,74.912,1.919,,,,,,,,,,,,,,,,,,,,,,,,,,,,,,,,,,,,,,,,,,,,
75.021,74.723,000000,74.752,19.86,,,,,,,74.450,18.4375,74.643,208700100000,74.643,20,74.620,62,74.620,19,74.601,18.95,75.053,1.012,75.004,1.038,74.972,24.8,74.972,59.2,75.004,-48,75.004,33,75.053,20,75.004,0.796,75.004,0.386,75.004,1635,75.053,0001,75.053,01,75.053,10,75.053,55.5,75.053,0,75.004,0.78,75.004,3.341,74.972,00,74.972,00,74.972,150,75.053,1.915,,,,,,,,,,,,,,,,,,,,,,,,,,,,,,,,,,,,,,,,,,,,
75.123,74.723,000000,74.752,19.86,,,,,,,75.120,19.6875,74.643,208700100000,74.643,20,74.620,62,74.620,19,75.141,19.5,75.176,1.012,75.083,1.036,75.083,24.8,75.083,59.2,75.083,-48,75.004,33,75.053,20,75.004,0.796,75.083,0.386,75.004,1635,75.053,0001,75.053,01,75.053,10,75.053,55.5,75.053,0,75.004,0.78,75.004,3.341,75.083,00,75.083,00,75.083,150,75.053,1.915,,,,,,,,,,,,,,,,,,,,,,,,,,,,,,,,,,,,,,,,,,,,
75.225,74.723,000000,74.752,19.86,,,,,,,75.120,19.6875,74.643,208700100000,74.643,20,75.230,62,75.230,19,75.141,19.5,75.253,1.012,75.213,1.033,75.213,24.8,75.213,59.2,75.253,-48,75.213,33,75.176,20,75.213,0.796,75.253,0.391,75.213,1695,75.176,0001,75.253,01,75.253,10,75.253,55.5,75.253,0,75.213,0.78,75.213,3.34,75.283,00,75.083,00,75.083,150,75.253,1.913,,,,,,,,,,,,,,,,,,,,,,,,,,,,,,,,,,,,,,,,,,,,
75.333,74.723,000000,74.752,19.86,,,,,,,75.120,19.6875,74.643,208700100000,74.643,20,75.230,62,75.230,19,75.141,19.5,75.253,1.012,75.283,1.03,75.323,24.8,75.323,59.2,75.283,-48,75.353,33,75.283,20,75.353,0.796,75.283,0.386,75.353,1662,75.283,0001,75.323,01,75.323,10,75.323,55.5,75.323,0,75.353,0.78,75.353,3.341,75.283,00,75.283,00,75.283,150,75.323,1.913,,,,,,,,,,,,,,,,,,,,,,,,,,,,,,,,,,,,,,,,,,,,
75.422,74.723,000000,74.752,19.86,,,,,,,75.120,19.6875,74.643,208700100000,74.643,20,75.230,62,75.230,19,75.141,19.5,75.405,1.012,75.444,1.026,75.323,24.8,75.323,59.2,75.405,-48,75.353,33,75.444,19,75.353,0.796,75.444,0.386,75.353,1662,75.283,0001,75.444,01,75.444,10,75.444,55.5,75.444,0,75.353,0.78,75.353,3.341,75.283,00,75.283,00,75.283,150,75.444,1.9100000000000001,,,,,,,,,,,,,,,,,,,,,,,,,,,,,,,,,,,,,,,,,,,,
75.522,74.723,000000,74.752,19.86,,,,,,,75.120,19.6875,75.533,208700100000,75.533,19,75.230,62,75.230,19,75.141,19.5,75.483,1.012,75.512,1.0230000000000001,75.483,24.8,75.483,59.2,75.512,-48,75.483,33,75.444,19,75.512,0.796,75.512,0.386,75.512,1602,75.483,0001,75.512,01,75.444,10,75.444,55.5,75.444,0,75.512,0.78,75.512,3.34,75.483,00,75.483,00,75.483,150,75.444,1.9100000000000001,,,,,,,,,,,,,,,,,,,,,,,,,,,,,,,,,,,,,,,,,,,,
75.622,74.723,000000,74.752,19.86,,,,,,,75.643,18.46875,75.533,208700100000,75.533,19,75.230,62,75.230,19,75.141,19.5,75.565,1.012,75.604,1.0230000000000001,75.604,24.8,75.604,59.2,75.604,-48,75.604,33,75.565,19,75.512,0.796,75.604,0.386,75.512,1602,75.565,0001,75.512,01,75.565,10,75.565,55.5,75.565,0,75.512,0.78,75.512,3.34,75.565,00,75.604,00,75.604,150,75.565,1.9100000000000001,,,,,,,,,,,,,,,,,,,,,,,,,,,,,,,,,,,,,,,,,,,,
75.721,74.723,000000,74.752,19.86,,,,,,,75.643,18.46875,75.533,208700100000,75.533,19,75.760,62,75.760,18,75.741,18.44,75.683,1.012,75.712,1.02,75.712,24.8,75.712,59.2,75.604,-48,75.712,33,75.683,18,75.712,0.796,75.604,0.386,75.712,1598,75.683,0001,75.683,01,75.683,10,75.683,55.5,75.683,0,75.712,0.78,75.512,3.34,75.712,00,75.604,00,75.604,150,75.683,1.9080000000000001,,,,,,,,,,,,,,,,,,,,,,,,,,,,,,,,,,,,,,,,,,,,
75.832,74.723,000000,74.752,19.86,,,,,,,75.643,18.46875,75.533,208700100000,75.533,19,75.760,62,75.760,18,75.741,18.44,75.784,1.012,75.818,1.02,75.853,24.8,75.853,60,75.784,-48,75.853,33,75.784,18,75.853,0.796,75.784,0.386,75.853,1515,75.784,0001,75.818,01,75.818,10,75.818,55.5,75.818,0,75.853,0.78,75.784,3.341,75.853,00,75.818,00,75.818,150,75.818,1.907,,,,,,,,,,,,,,,,,,,,,,,,,,,,,,,,,,,,,,,,,,,,
75.921,74.723,000000,74.752,19.86,,,,,,,75.643,18.46875,75.933,208700100000,75.933,18,75.760,62,75.760,18,75.741,18.44,75.965,1.012,75.906,1.018,75.853,24.8,75.853,60,75.965,-48,75.853,33,75.965,17,75.853,0.796,75.965,0.386,75.853,1515,75.965,0001,75.906,01,75.906,10,75.906,55.5,75.906,0,75.853,0.78,75.965,3.341,75.853,00,75.965,00,75.965,150,75.906,1.907,,,,,,,,,,,,,,,,,,,,,,,,,,,,,,,,,,,,,,,,,,,,
76.024,75.982,000000,76.035,17.46,,,,,,,75.643,18.46875,75.933,208700100000,75.933,18,75.760,62,75.760,18,75.741,18.44,76.073,1.012,76.013,1.0170000000000001,76.013,24.8,76.013,60,75.965,-48,76.013,33,75.965,17,76.013,0.796,75.965,0.386,76.013,1468,75.965,0001,75.906,01,75.906,10,75.906,55.5,75.906,0,76.013,0.78,75.965,3.341,76.013,00,75.965,00,75.965,150,75.906,1.907,,,,,,,,,,,,,,,,,,,,,,,,,,,,,,,,,,,,,,,,,,,,
76.121,75.982,000000,76.035,17.46,,,,,,,75.643,18.46875,75.933,208700100000,75.933,18,75.760,62,75.760,18,75.741,18.44,76.184,1.012,76.104,1.0170000000000001,76.104,24.8,76.104,60,76.073,-48,76.184,33,76.073,17,76.184,0.796,76.104,0.386,76.184,1406,76.104,0001,76.184,01,76.184,10,76.073,55.5,76.073,0,76.184,0.78,76.104,3.342,76.184,00,76.104,00,76.104,150,76.073,1.9020000000000001,,,,,,,,,,,,,,,,,,,,,,,,,,,,,,,,,,,,,,,,,,,,
76.221,75.982,000000,76.035,17.46,,,,,,,75.643,18.46875,75.933,208700100000,75.933,18,75.760,62,75.760,18,75.741,18.44,76.273,1.012,76.273,1.0170000000000001,76.213,24.8,76.213,60,76.213,-48,76.273,33,76.213,17,76.184,0.796,76.273,0.386,76.184,1406,76.273,0001,76.184,01,76.184,10,76.213,55.5,76.213,0,76.184,0.78,76.273,3.34,76.184,00,76.273,00,76.273,150,76.213,1.9020000000000001,,,,,,,,,,,,,,,,,,,,,,,,,,,,,,,,,,,,,,,,,,,,
76.322,75.982,000000,76.035,17.46,,,,,,,76.304,15.9375,75.933,208700100000,75.933,18,75.760,62,75.760,18,75.741,18.44,76.273,1.012,76.273,1.0170000000000001,76.366,24.8,76.366,60,76.366,-48,76.273,33,76.213,17,76.332,0.796,76.332,0.386,76.332,1361,76.366,0001,76.332,01,76.332,10,76.213,55.5,76.213,0,76.332,0.78,76.366,3.34,76.332,00,76.366,00,76.366,150,76.393,1.899,,,,,,,,,,,,,,,,,,,,,,,,,,,,,,,,,,,,,,,,,,,,
76.426,75.982,000000,76.035,17.46,,,,,,,76.304,15.9375,75.933,208700100000,75.933,18,75.760,62,75.760,18,75.741,18.44,76.424,1.012,76.424,1.0170000000000001,76.366,24.8,76.366,60,76.366,-48,76.424,33,76.393,16,76.424,0.796,76.463,0.386,76.463,1352,76.366,0001,76.332,01,76.332,10,76.393,55.5,76.393,0,76.332,0.78,76.366,3.34,76.332,00,76.366,00,76.366,150,76.393,1.899,,,,,,,,,,,,,,,,,,,,,,,,,,,,,,,,,,,,,,,,,,,,
76.532,75.982,000000,76.035,17.46,,,,,,,76.304,15.9375,75.933,208700100000,75.933,18,76.570,62,76.570,15,76.521,15.08,76.543,1.012,76.504,1.016,76.504,24.8,76.504,60,76.504,-48,76.543,33,76.504,15,76.543,0.796,76.463,0.386,76.543,1293,76.463,0001,76.543,01,76.463,10,76.543,55.5,76.543,0,76.463,0.78,76.504,3.342,76.463,00,76.504,00,76.504,150,76.543,1.897,,,,,,,,,,,,,,,,,,,,,,,,,,,,,,,,,,,,,,,,,,,,
76.625,75.982,000000,76.035,17.46,,,,,,,76.304,15.9375,76.613,208700100000,76.613,15,76.570,62,76.570,15,76.521,15.08,76.692,1.012,76.592,1.016,76.504,24.8,76.504,60,76.504,-48,76.543,33,76.504,15,76.543,0.796,76.592,0.386,76.543,1293,76.592,0001,76.543,01,76.592,10,76.543,55.5,76.543,0,76.592,0.78,76.592,3.341,76.592,00,76.592,00,76.504,150,76.543,1.897,,,,,,,,,,,,,,,,,,,,,,,,,,,,,,,,,,,,,,,,,,,,
76.721,75.982,000000,76.035,17.46,,,,,,,76.780,14.328125,76.613,208700100000,76.613,15,76.570,62,76.570,15,76.521,15.08,76.753,1.012,76.723,1.016,76.692,24.8,76.692,60,76.692,-48,76.692,33.7,76.692,14,76.692,0.796,76.723,0.386,76.723,1236,76.723,0001,76.723,01,76.753,10,76.753,55.5,76.753,0,76.753,0.78,76.723,3.34,76.753,00,76.723,00,76.692,150,76.753,1.895,,,,,,,,,,,,,,,,,,,,,,,,,,,,,,,,,,,,,,,,,,,,
76.832,75.982,000000,76.035,17.46,,,,,,,76.780,14.328125,76.613,208700100000,76.613,15,76.570,62,76.570,15,76.521,15.08,76.753,1.012,76.804,1.016,76.804,24.8,76.804,60,76.804,-48,76.804,33.7,76.804,14,76.804,0.796,76.843,0.386,76.843,1216,76.723,0001,76.723,01,76.843,10,76.753,55.5,76.753,0,76.843,0.78,76.723,3.34,76.843,00,76.873,00,76.804,150,76.753,1.895,,,,,,,,,,,,,,,,,,,,,,,,,,,,,,,,,,,,,,,,,,,,
76.921,75.982,000000,76.035,17.46,,,,,,,76.780,14.328125,76.613,208700100000,76.613,15,76.570,62,76.570,15,76.940,13.74,76.965,1.012,76.912,1.0150000000000001,76.912,24.8,76.965,60,76.965,-48,76.965,33.7,76.965,13,76.965,0.796,76.843,0.386,76.843,1216,76.873,0001,76.873,01,76.965,10,76.912,55.5,76.912,0,76.843,0.78,76.873,3.341,76.843,00,76.873,00,76.965,150,76.912,1.893,,,,,,,,,,,,,,,,,,,,,,,,,,,,,,,,,,,,,,,,,,,,
77.021,77.032,000000,76.035,17.46,,,,,,,76.780,14.328125,76.613,208700100000,76.613,15,77.010,62,77.010,13,76.940,13.74,77.065,1.012,76.992,1.0170000000000001,77.065,24.8,77.065,60,77.065,-48,76.965,33.7,76.965,13,76.965,0.796,76.992,0.386,76.992,1148,76.992,0001,76.992,01,76.965,10,77.065,55.5,77.065,0,76.992,0.78,76.992,3.341,76.992,00,77.065,00,76.965,150,77.065,1.8900000000000001,,,,,,,,,,,,,,,,,,,,,,,,,,,,,,,,,,,,,,,,,,,,
77.121,77.032,000000,77.132,13,,,,,,,76.780,14.328125,76.613,208700100000,76.613,15,77.010,62,77.010,13,76.940,13.74,77.165,1.012,77.113,1.0170000000000001,77.165,24.8,77.165,60,77.065,-48,77.113,33.7,77.113,13,77.113,0.796,77.165,0.386,77.165,1087,77.165,0001,77.165,01,77.113,10,77.065,55.5,77.065,0,77.113,0.78,77.165,3.341,77.113,00,77.065,00,77.113,150,77.065,1.8900000000000001,,,,,,,,,,,,,,,,,,,,,,,,,,,,,,,,,,,,,,,,,,,,
77.222,77.032,000000,77.132,13,,,,,,,76.780,14.328125,76.613,208700100000,76.613,15,77.010,62,77.010,13,76.940,13.74,77.265,1.012,77.192,1.0170000000000001,77.265,24.8,77.265,60,77.192,-48,77.265,33.7,77.265,12,77.265,0.796,77.165,0.386,77.165,1087,77.165,0001,77.165,01,77.192,10,77.192,55.5,77.192,0,77.192,0.78,77.165,3.341,77.192,00,77.192,00,77.265,150,77.265,1.887,,,,,,,,,,,,,,,,,,,,,,,,,,,,,,,,,,,,,,,,,,,,
77.321,77.032,000000,77.132,13,,,,,,,76.780,14.328125,76.613,208700100000,76.613,15,77.010,62,77.010,13,76.940,13.74,77.265,1.012,77.293,1.018,77.343,24.900000000000002,77.343,60,77.343,-48,77.372,33.7,77.372,12,77.372,0.796,77.293,0.386,77.293,1090,77.293,0001,77.293,01,77.372,10,77.343,55.5,77.343,0,77.372,0.78,77.343,3.339,77.372,00,77.343,00,77.372,150,77.265,1.887,,,,,,,,,,,,,,,,,,,,,,,,,,,,,,,,,,,,,,,,,,,,
77.434,77.032,000000,77.132,13,,,,,,,76.780,14.328125,76.613,208700100000,76.613,15,77.010,62,77.010,13,76.940,13.74,77.423,1.012,77.293,1.018,77.343,24.900000000000002,77.343,60,77.343,-48,77.372,33.7,77.372,12,77.372,0.796,77.423,0.386,77.423,1027,77.423,0001,77.423,01,77.372,10,77.423,55.5,77.423,0,77.372,0.78,77.423,3.341,77.372,00,77.343,00,77.372,150,77.265,1.887,,,,,,,,,,,,,,,,,,,,,,,,,,,,,,,,,,,,,,,,,,,,
77.522,77.032,000000,77.132,13,,,,,,,76.780,14.328125,77.593,208700100000,76.613,15,77.010,62,77.010,13,76.940,13.74,77.523,1.012,77.565,1.0170000000000001,77.565,24.8,77.565,60,77.483,-48,77.483,33.7,77.483,12,77.523,0.796,77.523,0.386,77.523,982,77.565,0001,77.565,01,77.523,10,77.565,55.5,77.565,0,77.523,0.78,77.565,3.34,77.523,00,77.483,00,77.523,150,77.483,1.8860000000000001,,,,,,,,,,,,,,,,,,,,,,,,,,,,,,,,,,,,,,,,,,,,
77.625,77.032,000000,77.132,13,,,,,,,77.640,11.546875,77.593,208700100000,77.593,11,77.680,62,77.010,13,77.661,11.18,77.623,1.012,77.565,1.0170000000000001,77.565,24.8,77.565,60,77.623,-48,77.623,33.7,77.623,12,77.523,0.796,77.623,0.386,77.623,1011,77.623,0001,77.623,01,77.523,10,77.565,55.5,77.565,0,77.523,0.78,77.565,3.34,77.523,00,77.483,00,77.523,150,77.483,1.8860000000000001,,,,,,,,,,,,,,,,,,,,,,,,,,,,,,,,,,,,,,,,,,,,
77.733,77.032,000000,77.132,13,,,,,,,77.640,11.546875,77.593,208700100000,77.593,11,77.680,62,77.680,11,77.661,11.18,77.755,1.012,77.704,1.0170000000000001,77.704,24.900000000000002,77.704,60,77.623,-48,77.623,33.7,77.623,12,77.755,0.796,77.755,0.386,77.755,948,77.623,0001,77.623,01,77.755,10,77.704,55.5,77.704,0,77.755,0.78,77.704,3.339,77.755,00,77.704,00,77.755,150,77.704,1.8820000000000001,,,,,,,,,,,,,,,,,,,,,,,,,,,,,,,,,,,,,,,,,,,,
77.832,77.032,000000,77.132,13,,,,,,,77.640,11.546875,77.593,208700100000,77.593,11,77.680,62,77.680,11,77.661,11.18,77.792,1.012,77.833,1.0170000000000001,77.833,24.8,77.833,60,77.868,-48,77.868,33.7,77.868,11,77.893,0.796,77.792,0.386,77.792,942,77.792,0001,77.792,01,77.755,10,77.833,55.5,77.833,0,77.755,0.78,77.833,3.341,77.755,00,77.833,00,77.755,150,77.833,1.8800000000000001,,,,,,,,,,,,,,,,,,,,,,,,,,,,,,,,,,,,,,,,,,,,
77.921,77.032,000000,77.132,13,,,,,,,77.640,11.546875,77.593,208700100000,77.593,11,77.680,62,77.680,11,77.661,11.18,77.984,1.012,77.923,1.016,77.984,24.8,77.984,60,77.868,-48,77.868,33.7,77.868,11,77.893,0.796,77.923,0.386,77.923,916,77.923,0001,77.923,01,77.893,10,77.984,55.5,77.984,0,77.893,0.78,77.984,3.341,77.923,00,77.984,00,77.923,150,77.984,1.8800000000000001,,,,,,,,,,,,,,,,,,,,,,,,,,,,,,,,,,,,,,,,,,,,
78.022,77.032,000000,77.132,13,,,,,,,78.080,10.15625,78.033,208700100000,78.033,10,77.680,62,77.680,11,77.661,11.18,78.065,1.012,78.012,1.016,78.065,24.8,78.065,60.7,78.012,-48,78.012,33.7,78.012,10,78.012,0.796,78.065,0.386,78.065,887,78.065,0001,78.065,01,78.012,10,77.984,55.5,77.984,0,78.012,0.78,77.984,3.341,78.012,00,77.984,00,78.065,150,77.984,1.8800000000000001,,,,,,,,,,,,,,,,,,,,,,,,,,,,,,,,,,,,,,,,,,,,
78.121,77.032,000000,77.132,13,,,,,,,78.080,10.15625,78.033,208700100000,78.033,10,78.149,62,78.149,10,78.131,10.040000000000001,78.065,1.012,78.106,1.014,78.065,24.8,78.065,60.7,78.106,-48,78.106,33.7,78.012,10,78.012,0.796,78.065,0.386,78.065,887,78.065,0001,78.065,01,78.012,10,78.106,55.5,78.106,0,78.012,0.78,78.106,3.34,78.012,00,78.106,00,78.065,150,78.106,1.879,,,,,,,,,,,,,,,,,,,,,,,,,,,,,,,,,,,,,,,,,,,,
78.233,78.232,000000,77.132,13,,,,,,,78.080,10.15625,78.033,208700100000,78.033,10,78.149,62,78.149,10,78.131,10.040000000000001,78.183,1.012,78.212,1.014,78.212,24.8,78.212,60.7,78.212,-48,78.212,33.7,78.183,10,78.183,0.796,78.212,0.386,78.212,848,78.183,0001,78.183,01,78.183,10,78.106,55.5,78.106,0,78.183,0.78,78.106,3.34,78.183,00,78.106,00,78.212,150,78.106,1.879,,,,,,,,,,,,,,,,,,,,,,,,,,,,,,,,,,,,,,,,,,,,
78.331,78.232,000000,78.282,9.16,,,,,,,78.080,10.15625,78.033,208700100000,78.033,10,78.149,62,78.149,10,78.131,10.040000000000001,78.265,1.012,78.323,1.0130000000000001,78.212,24.8,78.212,60.7,78.323,-48,78.323,33.7,78.323,10,78.323,0.796,78.323,0.386,78.323,802,78.366,0001,78.265,01,78.183,10,78.265,55.5,78.265,0,78.183,0.78,78.265,3.342,78.183,00,78.265,00,78.323,150,78.265,1.875,,,,,,,,,,,,,,,,,,,,,,,,,,,,,,,,,,,,,,,,,,,,
78.421,78.232,000000,78.282,9.16,,,,,,,78.080,10.15625,78.033,208700100000,78.033,10,78.149,62,78.149,10,78.131,10.040000000000001,78.433,1.012,78.323,1.0130000000000001,78.406,24.8,78.406,60.7,78.323,-48,78.323,33.7,78.323,10,78.323,0.796,78.433,0.391,78.323,802,78.366,0001,78.366,01,78.366,10,78.366,55.5,78.366,0,78.366,0.78,78.406,3.34,78.366,00,78.406,00,78.323,150,78.406,1.875,,,,,,,,,,,,,,,,,,,,,,,,,,,,,,,,,,,,,,,,,,,,
78.521,78.232,000000,78.282,9.16,,,,,,,78.080,10.15625,78.033,208700100000,78.033,10,78.149,62,78.149,10,78.131,10.040000000000001,78.572,1.012,78.543,1.0130000000000001,78.543,24.8,78.543,60.7,78.543,-48,78.543,33.7,78.543,9,78.543,0.796,78.543,0.391,78.466,778,78.504,0001,78.504,01,78.572,10,78.572,55.5,78.572,0,78.572,0.78,78.572,3.341,78.572,00,78.572,00,78.466,150,78.504,1.875,,,,,,,,,,,,,,,,,,,,,,,,,,,,,,,,,,,,,,,,,,,,
78.621,78.232,000000,78.282,9.16,,,,,,,78.080,10.15625,78.033,208700100000,78.033,10,78.149,62,78.149,10,78.131,10.040000000000001,78.572,1.012,78.633,1.0130000000000001,78.543,24.8,78.543,60.7,78.543,-48,78.543,33.7,78.633,9,78.633,0.796,78.633,0.386,78.633,763,78.504,0001,78.504,01,78.633,10,78.572,55.5,78.572,0,78.572,0.78,78.572,3.341,78.572,00,78.572,00,78.633,150,78.633,1.873,,,,,,,,,,,,,,,,,,,,,,,,,,,,,,,,,,,,,,,,,,,,
78.733,78.232,000000,78.282,9.16,,,,,,,78.770,8.8125,78.753,208700100000,78.753,9,78.149,62,78.149,10,78.131,10.040000000000001,78.705,1.012,78.732,1.0130000000000001,78.732,24.8,78.732,60.7,78.732,-48,78.732,33.7,78.633,9,78.633,0.796,78.732,0.386,78.732,756,78.705,0001,78.705,01,78.633,10,78.705,55.5,78.705,0,78.705,0.78,78.705,3.34,78.705,00,78.732,00,78.633,150,78.633,1.873,,,,,,,,,,,,,,,,,,,,,,,,,,,,,,,,,,,,,,,,,,,,
78.833,78.232,000000,78.282,9.16,,,,,,,78.770,8.8125,78.753,208700100000,78.753,9,78.149,62,78.149,10,78.131,10.040000000000001,78.793,1.012,78.852,1.0130000000000001,78.732,24.8,78.732,60.7,78.732,-48,78.732,33.7,78.793,9,78.793,0.796,78.793,0.386,78.793,746,78.852,0001,78.852,01,78.793,10,78.852,55.5,78.852,0,78.852,0.78,78.852,3.341,78.852,00,78.732,00,78.793,150,78.793,1.871,,,,,,,,,,,,,,,,,,,,,,,,,,,,,,,,,,,,,,,,,,,,
78.934,78.232,000000,78.282,9.16,,,,,,,78.770,8.8125,78.753,208700100000,78.753,9,78.968,63,78.968,8,78.951,8.57,78.932,1.012,78.932,1.0130000000000001,78.906,24.8,78.906,60.7,78.906,-48,78.906,33.7,78.932,9,78.932,0.796,78.932,0.386,78.932,741,78.852,0001,78.852,01,78.932,10,78.852,55.5,78.852,0,78.852,0.78,78.852,3.341,78.852,00,78.906,00,78.932,150,78.906,1.869,,,,,,,,,,,,,,,,,,,,,,,,,,,,,,,,,,,,,,,,,,,,
79.025,78.232,000000,78.282,9.16,,,,,,,78.770,8.8125,78.753,208700100000,78.753,9,78.968,63,78.968,8,78.951,8.57,78.992,1.012,79.023,1.0130000000000001,79.023,24.8,79.023,60.7,79.023,-48,79.023,33.7,78.932,9,78.932,0.796,79.023,0.386,79.073,738,78.992,0001,78.992,01,78.932,10,78.992,55.5,78.992,0,78.992,0.78,78.992,3.34,78.992,00,79.023,00,78.932,150,79.023,1.869,,,,,,,,,,,,,,,,,,,,,,,,,,,,,,,,,,,,,,,,,,,,
79.132,78.232,000000,78.282,9.16,,,,,,,79.160,8.90625,79.101,208700100000,79.101,8,78.968,63,78.968,8,78.951,8.57,79.184,1.012,79.143,1.0130000000000001,79.143,24.8,79.184,60.7,79.184,-48,79.184,33.7,79.184,9,79.184,0.796,79.184,0.386,79.073,738,79.073,0001,79.073,01,79.073,10,79.143,55.5,79.143,0,79.143,0.78,79.143,3.342,79.143,00,79.184,00,79.073,150,79.143,1.868,,,,,,,,,,,,,,,,,,,,,,,,,,,,,,,,,,,,,,,,,,,,
79.221,78.232,000000,78.282,9.16,,,,,,,79.160,8.90625,79.101,208700100000,79.101,8,79.250,63,79.250,8,79.231,8.48,79.184,1.012,79.213,1.0130000000000001,79.213,24.8,79.184,60.7,79.184,-48,79.184,33.7,79.184,9,79.184,0.796,79.184,0.386,79.213,727,79.213,0001,79.213,01,79.213,10,79.143,55.5,79.143,0,79.143,0.78,79.143,3.342,79.143,00,79.184,00,79.213,150,79.213,1.868,,,,,,,,,,,,,,,,,,,,,,,,,,,,,,,,,,,,,,,,,,,,
79.324,78.232,000000,78.282,9.16,,,,,,,79.160,8.90625,79.101,208700100000,79.101,8,79.250,63,79.250,8,79.231,8.48,79.292,1.012,79.332,1.0130000000000001,79.332,24.8,79.332,60.7,79.332,-48,79.332,33.7,79.292,9,79.292,0.796,79.332,0.386,79.332,724,79.369,0001,79.213,01,79.213,10,79.292,55.5,79.292,0,79.292,0.78,79.292,3.339,79.292,00,79.184,00,79.213,150,79.332,1.863,,,,,,,,,,,,,,,,,,,,,,,,,,,,,,,,,,,,,,,,,,,,
79.421,79.443,000000,78.282,9.16,,,,,,,79.160,8.90625,79.101,208700100000,79.101,8,79.250,63,79.250,8,79.231,8.48,79.423,1.012,79.484,1.0130000000000001,79.332,24.8,79.484,60.7,79.484,-48,79.484,33.7,79.484,8,79.484,0.796,79.484,0.386,79.423,717,79.369,0001,79.369,01,79.369,10,79.423,55.5,79.423,0,79.423,0.78,79.423,3.34,79.423,00,79.484,00,79.369,150,79.332,1.863,,,,,,,,,,,,,,,,,,,,,,,,,,,,,,,,,,,,,,,,,,,,
79.521,79.443,000000,78.282,9.16,,,,,,,79.160,8.90625,79.101,208700100000,79.101,8,79.250,63,79.250,8,79.231,8.48,79.573,1.012,79.544,1.0130000000000001,79.573,24.8,79.544,60.7,79.544,-48,79.544,33.7,79.544,9,79.544,0.796,79.544,0.386,79.513,716,79.513,0001,79.513,01,79.513,10,79.573,55.5,79.573,0,79.573,0.78,79.573,3.341,79.573,00,79.544,00,79.513,150,79.573,1.86,,,,,,,,,,,,,,,,,,,,,,,,,,,,,,,,,,,,,,,,,,,,
79.622,79.443,000000,79.593,8.75,,,,,,,79.160,8.90625,79.101,208700100000,79.101,8,79.250,63,79.250,8,79.231,8.48,79.573,1.012,79.644,1.0130000000000001,79.573,24.8,79.644,60.7,79.644,-48,79.644,33.7,79.644,9,79.544,0.796,79.644,0.386,79.644,722,79.513,0001,79.513,01,79.513,10,79.573,55.5,79.573,0,79.573,0.78,79.573,3.341,79.573,00,79.644,00,79.513,150,79.573,1.86,,,,,,,,,,,,,,,,,,,,,,,,,,,,,,,,,,,,,,,,,,,,
79.721,79.443,000000,79.593,8.75,,,,,,,79.160,8.90625,79.773,208700100000,79.773,8,79.250,63,79.250,8,79.231,8.48,79.723,1.012,79.753,1.0130000000000001,79.753,24.8,79.753,60.7,79.644,-48,79.644,33.7,79.644,9,79.723,0.796,79.644,0.386,79.753,716,79.723,0001,79.723,01,79.723,10,79.723,55.5,79.723,0,79.753,0.78,79.753,3.342,79.753,00,79.644,00,79.723,150,79.753,1.859,,,,,,,,,,,,,,,,,,,,,,,,,,,,,,,,,,,,,,,,,,,,
79.821,79.443,000000,79.593,8.75,,,,,,,79.860,8.6875,79.773,208700100000,79.773,8,79.250,63,79.250,8,79.231,8.48,79.804,1.012,79.843,1.0130000000000001,79.753,24.8,79.843,60.7,79.804,-48,79.804,33.7,79.804,9,79.843,0.796,79.804,0.386,79.843,719,79.723,0001,79.723,01,79.723,10,79.804,55.5,79.804,0,79.753,0.78,79.753,3.342,79.753,00,79.804,00,79.723,150,79.753,1.859,,,,,,,,,,,,,,,,,,,,,,,,,,,,,,,,,,,,,,,,,,,,
79.932,79.443,000000,79.593,8.75,,,,,,,79.860,8.6875,79.773,208700100000,79.773,8,79.250,63,79.250,8,79.231,8.48,79.932,1.012,79.968,1.0130000000000001,79.932,24.8,79.968,60.7,79.968,-48,79.968,35.2,79.968,8,79.843,0.796,79.804,0.386,79.968,719,79.892,0001,79.892,01,79.892,10,79.932,55.5,79.932,0,79.932,0.78,79.932,3.341,79.968,00,79.804,00,79.892,150,79.968,1.857,,,,,,,,,,,,,,,,,,,,,,,,,,,,,,,,,,,,,,,,,,,,
80.021,79.443,000000,79.593,8.75,,,,,,,79.860,8.6875,79.773,208700100000,79.773,8,79.250,63,79.250,8,80.060,8.4,80.083,1.012,80.032,1.0130000000000001,80.032,24.8,80.032,60.7,80.083,-48,80.083,35.2,80.083,8,80.083,0.801,80.083,0.391,80.032,723,80.083,0001,79.993,01,79.993,10,80.032,55.5,80.032,0,80.032,0.78,80.032,3.34,79.968,00,80.083,00,79.993,150,79.968,1.857,,,,,,,,,,,,,,,,,,,,,,,,,,,,,,,,,,,,,,,,,,,,
80.133,79.443,000000,79.593,8.75,,,,,,,79.860,8.6875,79.773,208700100000,79.773,8,80.108,63,80.108,8,80.060,8.4,80.083,1.012,80.143,1.0130000000000001,80.143,24.8,80.032,60.7,80.083,-48,80.083,35.2,80.083,8,80.083,0.801,80.083,0.391,80.032,723,80.083,0001,80.143,01,80.143,10,80.143,55.5,80.143,0,80.143,0.78,80.032,3.34,79.968,00,80.083,00,80.143,150,79.968,1.857,,,,,,,,,,,,,,,,,,,,,,,,,,,,,,,,,,,,,,,,,,,,
80.225,79.443,000000,79.593,8.75,,,,,,,80.260,8.953125,80.243,208700100000,80.243,9,80.108,63,80.108,8,80.301,8.83,80.192,0.806,80.223,1.012,80.223,24.8,80.192,60.7,80.192,-48,80.192,35.2,80.223,9,80.223,0.928,80.223,0.454,80.192,723,80.223,0001,80.143,01,80.143,10,80.143,55.5,80.143,0,80.223,0.78,80.192,3.34,80.192,00,80.223,00,80.143,150,80.192,1.855,,,,,,,,,,,,,,,,,,,,,,,,,,,,,,,,,,,,,,,,,,,,
80.331,79.443,000000,79.593,8.75,,,,,,,80.260,8.953125,80.243,208700100000,80.243,9,80.108,63,80.108,8,80.301,8.83,80.283,0.806,80.353,1.012,80.353,24.8,80.353,60.7,80.384,-48,80.384,35.2,80.384,9,80.384,0.967,80.223,0.454,80.353,734,80.223,0001,80.283,01,80.283,10,80.283,55.5,80.283,0,80.353,0.78,80.353,3.34,80.353,00,80.223,00,80.283,150,80.353,1.853,,,,,,,,,,,,,,,,,,,,,,,,,,,,,,,,,,,,,,,,,,,,
80.421,79.443,000000,79.593,8.75,,,,,,,80.260,8.953125,80.243,208700100000,80.243,9,80.108,63,80.108,8,80.301,8.83,80.283,0.806,80.353,1.012,80.353,24.8,80.353,60.7,80.384,-48,80.384,35.2,80.384,9,80.384,0.967,80.412,0.47400000000000003,80.353,734,80.412,0001,80.283,01,80.283,10,80.283,55.5,80.283,0,80.353,0.78,80.353,3.34,80.353,00,80.412,00,80.283,150,80.353,1.853,,,,,,,,,,,,,,,,,,,,,,,,,,,,,,,,,,,,,,,,,,,,
80.522,80.510,000000,79.593,8.75,,,,,,,80.260,8.953125,80.243,208700100000,80.243,9,80.108,63,80.108,8,80.301,8.83,80.532,0.806,80.483,1.012,80.532,24.8,80.483,60.7,80.483,-48,80.532,35.2,80.532,9,80.532,0.972,80.532,0.47900000000000004,80.483,747,80.532,0001,80.445,01,80.445,10,80.445,55.5,80.445,0,80.483,0.78,80.483,3.341,80.483,00,80.532,00,80.445,150,80.483,1.852,,,,,,,,,,,,,,,,,,,,,,,,,,,,,,,,,,,,,,,,,,,,
80.622,80.510,000000,80.663,9.02,,,,,,,80.260,8.953125,80.243,208700100000,80.243,9,80.108,63,80.108,8,80.301,8.83,80.613,0.806,80.644,1.0130000000000001,80.613,24.8,80.613,60.7,80.644,-48,80.644,35.2,80.644,9,80.532,0.972,80.532,0.47900000000000004,80.644,773,80.532,0001,80.583,01,80.613,10,80.613,55.5,80.613,0,80.613,0.78,80.644,3.34,80.644,00,80.532,00,80.613,150,80.644,1.851,,,,,,,,,,,,,,,,,,,,,,,,,,,,,,,,,,,,,,,,,,,,
80.720,80.510,000000,80.663,9.02,,,,,,,80.260,8.953125,80.243,208700100000,80.243,9,80.108,63,80.108,8,80.301,8.83,80.732,0.806,80.774,1.01,80.774,24.900000000000002,80.774,61.5,80.644,-48,80.644,35.2,80.644,9,80.732,1.201,80.732,0.591,80.774,827,80.732,0001,80.732,01,80.732,10,80.732,55.5,80.774,0,80.774,0.78,80.774,3.339,80.644,00,80.732,00,80.774,150,80.644,1.851,,,,,,,,,,,,,,,,,,,,,,,,,,,,,,,,,,,,,,,,,,,,
80.822,80.510,000000,80.663,9.02,,,,,,,80.260,8.953125,80.243,208700100000,80.243,9,80.108,63,80.108,8,80.301,8.83,80.804,0.806,80.843,1.01,80.774,24.900000000000002,80.843,61.5,80.804,-48,80.804,35.2,80.804,9,80.804,1.196,80.804,0.591,80.774,827,80.843,0001,80.843,01,80.843,10,80.843,55.5,80.774,0,80.843,0.78,80.774,3.339,80.804,00,80.843,00,80.774,150,80.804,1.848,,,,,,,,,,,,,,,,,,,,,,,,,,,,,,,,,,,,,,,,,,,,
80.921,80.510,000000,80.663,9.02,,,,,,,80.260,8.953125,80.243,208700100000,80.243,9,80.108,63,80.108,8,80.301,8.83,80.984,0.806,80.843,1.01,80.984,24.8,80.984,61.5,80.804,-48,80.932,35.2,80.932,9,80.932,1.167,80.932,0.581,80.984,946,80.843,0001,80.843,01,80.843,10,80.843,55.5,80.984,0,80.984,0.78,80.984,3.34,80.804,00,80.843,00,80.984,150,80.804,1.848,,,,,,,,,,,,,,,,,,,,,,,,,,,,,,,,,,,,,,,,,,,,
81.021,80.510,000000,80.663,9.02,,,,,,,80.260,8.953125,80.243,208700100000,80.243,9,81.041,63,81.041,9,80.301,8.83,81.074,0.806,81.014,1.01,80.984,24.8,81.074,61.5,81.014,-48,81.014,35.2,81.014,9,81.014,1.157,81.014,0.5710000000000001,80.984,946,81.074,0001,81.074,01,81.074,10,81.074,55.5,80.984,0,81.074,0.78,80.984,3.34,81.014,00,81.074,00,80.984,150,81.014,1.848,,,,,,,,,,,,,,,,,,,,,,,,,,,,,,,,,,,,,,,,,,,,
81.124,80.510,000000,80.663,9.02,,,,,,,81.140,10.0625,81.093,208700100000,81.093,10,81.041,63,81.041,9,80.301,8.83,81.168,0.806,81.124,1.0110000000000001,81.124,24.8,81.074,61.5,81.014,-48,81.124,35.2,81.124,10,81.124,1.084,81.124,0.532,81.124,966,81.074,0001,81.074,01,81.074,10,81.074,55.5,80.984,0,81.074,0.78,81.124,3.341,81.014,00,81.074,00,80.984,150,81.014,1.848,,,,,,,,,,,,,,,,,,,,,,,,,,,,,,,,,,,,,,,,,,,,
81.219,80.510,000000,80.663,9.02,,,,,,,81.140,10.0625,81.093,208700100000,81.093,10,81.041,63,81.041,9,81.200,9.63,81.168,0.806,81.224,1.012,81.224,24.900000000000002,81.168,61.5,81.168,-48,81.224,35.2,81.224,10,81.224,1.123,81.224,0.552,81.124,966,81.224,0001,81.224,01,81.274,10,81.274,55.5,81.168,0,81.274,0.78,81.124,3.341,81.274,00,81.074,00,81.168,150,81.168,1.846,,,,,,,,,,,,,,,,,,,,,,,,,,,,,,,,,,,,,,,,,,,,
81.334,80.510,000000,80.663,9.02,,,,,,,81.140,10.0625,81.093,208700100000,81.093,10,81.307,63,81.307,10,81.200,9.63,81.274,0.806,81.333,1.0130000000000001,81.370,24.8,81.370,61.5,81.370,-48,81.333,35.2,81.333,10,81.333,1.118,81.333,0.547,81.333,961,81.370,0001,81.370,01,81.274,10,81.274,55.5,81.370,0,81.274,0.78,81.333,3.34,81.274,00,81.274,00,81.370,150,81.333,1.846,,,,,,,,,,,,,,,,,,,,,,,,,,,,,,,,,,,,,,,,,,,,
81.427,80.510,000000,80.663,9.02,,,,,,,81.140,10.0625,81.093,208700100000,81.093,10,81.307,63,81.307,10,81.200,9.63,81.452,0.806,81.333,1.0130000000000001,81.370,24.8,81.370,61.5,81.370,-48,81.452,35.2,81.452,10,81.452,1.206,81.452,0.596,81.333,961,81.370,0001,81.370,01,81.274,10,81.274,55.5,81.452,0,81.484,0.78,81.333,3.34,81.414,00,81.274,00,81.370,150,81.333,1.846,,,,,,,,,,,,,,,,,,,,,,,,,,,,,,,,,,,,,,,,,,,,
81.521,80.510,000000,80.663,9.02,,,,,,,81.140,10.0625,81.093,208700100000,81.093,10,81.307,63,81.307,10,81.200,9.63,81.572,0.806,81.544,1.0110000000000001,81.572,24.8,81.512,61.5,81.512,-48,81.544,35.2,81.544,11,81.544,1.221,81.572,0.601,81.544,982,81.572,0001,81.572,01,81.572,10,81.572,55.5,81.572,0,81.484,0.78,81.544,3.34,81.512,00,81.484,00,81.484,150,81.544,1.843,,,,,,,,,,,,,,,,,,,,,,,,,,,,,,,,,,,,,,,,,,,,
81.621,80.510,000000,80.663,9.02,,,,,,,81.140,10.0625,81.593,208700100000,81.593,11,81.307,63,81.307,10,81.200,9.63,81.674,0.806,81.645,1.0110000000000001,81.674,24.900000000000002,81.645,61.5,81.645,-48,81.674,35.2,81.674,11,81.674,1.211,81.674,0.601,81.645,984,81.572,0001,81.572,01,81.572,10,81.572,55.5,81.572,0,81.645,0.78,81.674,3.339,81.645,00,81.645,00,81.645,150,81.674,1.843,,,,,,,,,,,,,,,,,,,,,,,,,,,,,,,,,,,,,,,,,,,,
81.722,81.712,000000,80.663,9.02,,,,,,,81.690,10.765625,81.593,208700100000,81.593,11,81.307,63,81.307,10,81.200,9.63,81.674,0.806,81.753,1.01,81.674,24.900000000000002,81.645,61.5,81.645,-48,81.674,35.2,81.674,11,81.674,1.211,81.674,0.601,81.645,984,81.753,0001,81.753,01,81.753,10,81.753,55.5,81.753,0,81.753,0.78,81.674,3.339,81.645,00,81.753,00,81.645,150,81.674,1.843,,,,,,,,,,,,,,,,,,,,,,,,,,,,,,,,,,,,,,,,,,,,
81.822,81.712,000000,81.823,10.72,,,,,,,81.690,10.765625,81.593,208700100000,81.593,11,81.307,63,81.307,10,81.200,9.63,81.784,0.806,81.872,1.01,81.872,24.900000000000002,81.784,61.5,81.784,-48,81.872,35.2,81.872,11,81.872,1.211,81.872,0.601,81.784,992,81.872,0001,81.753,01,81.753,10,81.753,55.5,81.872,0,81.753,0.78,81.784,3.34,81.784,00,81.753,00,81.784,150,81.784,1.843,,,,,,,,,,,,,,,,,,,,,,,,,,,,,,,,,,,,,,,,,,,,
81.921,81.712,000000,81.823,10.72,,,,,,,81.690,10.765625,81.593,208700100000,81.593,11,81.307,63,81.307,10,81.200,9.63,81.967,1.012,81.872,1.01,81.967,24.8,81.907,61.5,81.907,-48,81.872,35.2,81.872,11,81.872,1.211,81.872,0.601,81.967,1027,81.872,0001,81.907,01,81.907,10,81.907,55.5,81.967,0,81.907,0.78,81.967,3.34,81.932,00,81.907,00,81.784,150,81.967,1.842,,,,,,,,,,,,,,,,,,,,,,,,,,,,,,,,,,,,,,,,,,,,
82.022,81.712,000000,81.823,10.72,,,,,,,81.690,10.765625,81.593,208700100000,81.593,11,81.307,63,81.307,10,81.200,9.63,81.967,1.012,82.024,1.0110000000000001,82.024,24.8,81.992,61.5,81.992,-48,81.992,35.2,81.992,11,81.992,0.796,82.024,0.386,81.967,1027,81.992,0001,82.024,01,82.024,10,82.024,55.5,82.024,0,82.024,0.78,81.967,3.34,81.932,00,81.907,00,81.992,150,81.967,1.842,,,,,,,,,,,,,,,,,,,,,,,,,,,,,,,,,,,,,,,,,,,,
82.122,81.712,000000,81.823,10.72,,,,,,,81.690,10.765625,81.593,208700100000,81.593,11,81.307,63,81.307,10,81.200,9.63,82.172,1.012,82.124,1.0130000000000001,82.124,24.900000000000002,82.172,61.5,82.094,-48,82.094,35.2,82.094,12,82.094,0.796,82.124,0.386,82.124,949,82.124,0001,82.172,01,82.172,10,82.172,55.5,82.124,0,82.172,0.78,82.124,3.339,82.094,00,82.172,00,82.172,150,82.124,1.84,,,,,,,,,,,,,,,,,,,,,,,,,,,,,,,,,,,,,,,,,,,,
82.221,81.712,000000,81.823,10.72,,,,,,,81.690,10.765625,81.593,208700100000,81.593,11,82.268,63,82.268,11,82.211,11.870000000000001,82.172,1.012,82.244,1.0170000000000001,82.124,24.900000000000002,82.172,61.5,82.244,-48,82.244,35.2,82.244,12,82.244,0.796,82.244,0.386,82.244,957,82.124,0001,82.172,01,82.172,10,82.172,55.5,82.124,0,82.172,0.78,82.124,3.339,82.244,00,82.172,00,82.172,150,82.124,1.84,,,,,,,,,,,,,,,,,,,,,,,,,,,,,,,,,,,,,,,,,,,,
82.326,81.712,000000,81.823,10.72,,,,,,,81.690,10.765625,81.593,208700100000,81.593,11,82.268,63,82.268,11,82.211,11.870000000000001,82.304,1.012,82.344,1.0170000000000001,82.304,24.8,82.172,61.5,82.244,-48,82.244,35.2,82.244,12,82.244,0.796,82.244,0.386,82.244,957,82.304,0001,82.304,01,82.172,10,82.172,55.5,82.304,0,82.172,0.78,82.304,3.341,82.244,00,82.172,00,82.304,150,82.304,1.838,,,,,,,,,,,,,,,,,,,,,,,,,,,,,,,,,,,,,,,,,,,,
82.431,81.712,000000,81.823,10.72,,,,,,,81.690,10.765625,82.434,208700100000,82.434,11,82.268,63,82.268,11,82.211,11.870000000000001,82.466,1.012,82.344,1.0170000000000001,82.466,24.900000000000002,82.344,61.5,82.466,-48,82.466,35.2,82.466,11,82.374,0.796,82.374,0.386,82.374,985,82.374,0001,82.374,01,82.344,10,82.344,55.5,82.466,0,82.344,0.78,82.466,3.339,82.466,00,82.344,00,82.374,150,82.304,1.838,,,,,,,,,,,,,,,,,,,,,,,,,,,,,,,,,,,,,,,,,,,,
82.521,81.712,000000,81.823,10.72,,,,,,,81.690,10.765625,82.434,208700100000,82.434,11,82.268,63,82.268,11,82.211,11.870000000000001,82.574,1.012,82.544,1.0170000000000001,82.544,24.8,82.574,61.5,82.466,-48,82.466,35.2,82.466,11,82.544,0.796,82.544,0.386,82.544,926,82.574,0001,82.574,01,82.574,10,82.514,55.5,82.544,0,82.544,0.78,82.574,3.34,82.466,00,82.544,00,82.574,150,82.574,1.836,,,,,,,,,,,,,,,,,,,,,,,,,,,,,,,,,,,,,,,,,,,,
82.622,81.712,000000,81.823,10.72,,,,,,,82.590,10.9375,82.434,208700100000,82.434,11,82.268,63,82.268,11,82.211,11.870000000000001,82.574,1.012,82.614,1.016,82.544,24.8,82.574,61.5,82.614,-48,82.614,35.2,82.614,11,82.544,0.796,82.544,0.386,82.544,926,82.574,0001,82.574,01,82.574,10,82.614,55.5,82.544,0,82.614,0.78,82.574,3.34,82.614,00,82.614,00,82.574,150,82.574,1.836,,,,,,,,,,,,,,,,,,,,,,,,,,,,,,,,,,,,,,,,,,,,
82.721,81.712,000000,81.823,10.72,,,,,,,82.590,10.9375,82.434,208700100000,82.434,11,82.268,63,82.268,11,82.700,10.8,82.772,1.012,82.743,1.0150000000000001,82.772,24.8,82.743,61.5,82.772,-48,82.772,35.2,82.772,11,82.672,0.796,82.672,0.386,82.672,886,82.743,0001,82.743,01,82.743,10,82.743,55.5,82.772,0,82.743,0.78,82.672,3.337,82.772,00,82.772,00,82.743,150,82.672,1.836,,,,,,,,,,,,,,,,,,,,,,,,,,,,,,,,,,,,,,,,,,,,
82.822,81.712,000000,81.823,10.72,,,,,,,82.590,10.9375,82.434,208700100000,82.434,11,82.841,63,82.841,10,82.700,10.8,82.772,1.012,82.814,1.014,82.772,24.8,82.814,61.5,82.772,-48,82.772,35.2,82.772,11,82.814,0.796,82.672,0.386,82.672,886,82.743,0001,82.743,01,82.814,10,82.814,55.5,82.772,0,82.814,0.78,82.814,3.341,82.772,00,82.772,00,82.743,150,82.814,1.833,,,,,,,,,,,,,,,,,,,,,,,,,,,,,,,,,,,,,,,,,,,,
82.922,81.712,000000,81.823,10.72,,,,,,,82.590,10.9375,82.434,208700100000,82.434,11,82.841,63,82.841,10,82.700,10.8,82.969,1.012,82.814,1.014,82.883,24.8,82.969,61.5,82.969,-48,82.969,35.2,82.772,11,82.814,0.796,82.883,0.386,82.883,854,82.935,0001,82.935,01,82.969,10,82.969,55.5,82.883,0,82.969,0.78,82.814,3.341,82.772,00,82.772,00,82.935,150,82.814,1.833,,,,,,,,,,,,,,,,,,,,,,,,,,,,,,,,,,,,,,,,,,,,
83.033,81.712,000000,81.823,10.72,,,,,,,82.590,10.9375,83.053,208700100000,83.053,10,82.841,63,82.841,10,82.700,10.8,82.969,1.012,83.024,1.0130000000000001,82.992,24.8,82.969,61.5,83.024,-48,82.969,35.2,82.992,10,82.992,0.796,82.992,0.391,82.992,839,83.024,0001,83.024,01,82.969,10,82.969,55.5,83.024,0,82.969,0.78,83.024,3.34,82.992,00,82.992,00,83.024,150,83.024,1.833,,,,,,,,,,,,,,,,,,,,,,,,,,,,,,,,,,,,,,,,,,,,
83.121,83.103,000000,81.823,10.72,,,,,,,82.590,10.9375,83.053,208700100000,83.053,10,82.841,63,82.841,10,82.700,10.8,83.083,1.012,83.152,1.0130000000000001,83.152,24.900000000000002,83.083,61.5,83.152,-48,83.083,35.2,83.152,10,83.152,0.845,83.152,0.41000000000000003,83.152,830,83.083,0001,83.083,01,83.083,10,83.083,55.5,83.024,0,83.152,0.78,83.024,3.34,82.992,00,82.992,00,83.083,150,83.024,1.833,,,,,,,,,,,,,,,,,,,,,,,,,,,,,,,,,,,,,,,,,,,,
83.224,83.103,000000,83.210,10.06,,,,,,,82.590,10.9375,83.053,208700100000,83.053,10,82.841,63,82.841,10,82.700,10.8,83.284,1.012,83.232,1.0130000000000001,83.152,24.900000000000002,83.232,61.5,83.232,-48,83.232,35.2,83.152,10,83.152,0.845,83.152,0.41000000000000003,83.152,830,83.183,0001,83.183,01,83.232,10,83.232,55.5,83.183,0,83.232,0.78,83.183,3.339,83.183,00,83.183,00,83.232,150,83.183,1.831,,,,,,,,,,,,,,,,,,,,,,,,,,,,,,,,,,,,,,,,,,,,
83.325,83.103,000000,83.210,10.06,,,,,,,82.590,10.9375,83.053,208700100000,83.053,10,82.841,63,82.841,10,82.700,10.8,83.284,1.012,83.360,1.0130000000000001,83.284,24.8,83.360,61.5,83.232,-48,83.232,35.2,83.284,10,83.284,0.874,83.284,0.425,83.284,826,83.183,0001,83.183,01,83.232,10,83.232,55.5,83.183,0,83.232,0.78,83.183,3.339,83.284,00,83.284,00,83.232,150,83.183,1.831,,,,,,,,,,,,,,,,,,,,,,,,,,,,,,,,,,,,,,,,,,,,
83.432,83.103,000000,83.210,10.06,,,,,,,82.590,10.9375,83.053,208700100000,83.053,10,82.841,63,82.841,10,82.700,10.8,83.468,0.806,83.360,1.0130000000000001,83.393,24.8,83.468,61.5,83.393,-48,83.393,35.2,83.393,10,83.393,0.918,83.433,0.464,83.433,825,83.360,0001,83.360,01,83.360,10,83.393,55.5,83.360,0,83.393,0.78,83.360,3.342,83.433,00,83.433,00,83.468,150,83.360,1.831,,,,,,,,,,,,,,,,,,,,,,,,,,,,,,,,,,,,,,,,,,,,
83.522,83.103,000000,83.210,10.06,,,,,,,82.590,10.9375,83.053,208700100000,83.053,10,82.841,63,82.841,10,82.700,10.8,83.523,0.806,83.553,1.0130000000000001,83.493,24.900000000000002,83.523,61.5,83.523,-48,83.523,36,83.493,10,83.493,0.996,83.553,0.483,83.553,837,83.553,0001,83.553,01,83.493,10,83.523,55.5,83.553,0,83.523,0.78,83.523,3.341,83.553,00,83.553,00,83.468,150,83.523,1.829,,,,,,,,,,,,,,,,,,,,,,,,,,,,,,,,,,,,,,,,,,,,
83.622,83.103,000000,83.210,10.06,,,,,,,83.664,9.359375,83.053,208700100000,83.053,10,82.841,63,82.841,10,82.700,10.8,83.594,0.806,83.624,1.012,83.624,24.8,83.594,61.5,83.594,-48,83.594,36,83.624,10,83.624,0.996,83.624,0.488,83.624,839,83.553,0001,83.553,01,83.624,10,83.594,55.5,83.553,0,83.624,0.78,83.594,3.341,83.553,00,83.553,00,83.594,150,83.594,1.829,,,,,,,,,,,,,,,,,,,,,,,,,,,,,,,,,,,,,,,,,,,,
83.722,83.103,000000,83.210,10.06,,,,,,,83.664,9.359375,83.053,208700100000,83.053,10,82.841,63,82.841,10,83.751,9.17,83.704,0.806,83.733,1.0130000000000001,83.733,24.8,83.733,61.5,83.733,-48,83.733,36,83.624,10,83.624,0.996,83.624,0.488,83.624,839,83.704,0001,83.704,01,83.624,10,83.733,55.5,83.704,0,83.733,0.78,83.704,3.341,83.704,00,83.704,00,83.733,150,83.704,1.829,,,,,,,,,,,,,,,,,,,,,,,,,,,,,,,,,,,,,,,,,,,,
83.821,83.103,000000,83.210,10.06,,,,,,,83.664,9.359375,83.053,208700100000,83.053,10,83.857,63,83.857,9,83.751,9.17,83.793,0.806,83.833,1.0130000000000001,83.733,24.8,83.833,61.5,83.733,-48,83.733,36,83.793,9,83.793,0.9520000000000001,83.793,0.46900000000000003,83.793,854,83.833,0001,83.833,01,83.793,10,83.733,55.5,83.833,0,83.733,0.78,83.833,3.34,83.793,00,83.793,00,83.833,150,83.833,1.826,,,,,,,,,,,,,,,,,,,,,,,,,,,,,,,,,,,,,,,,,,,,
83.921,83.103,000000,83.210,10.06,,,,,,,83.664,9.359375,83.933,208700100000,83.933,9,83.857,63,83.857,9,83.751,9.17,83.793,0.806,83.833,1.0130000000000001,83.883,24.8,83.833,61.5,83.883,-48,83.883,36,83.883,9,83.883,0.9470000000000001,83.913,0.464,83.913,791,83.833,0001,83.833,01,83.913,10,83.883,55.5,83.833,0,83.883,0.78,83.833,3.34,83.913,00,83.913,00,83.833,150,83.833,1.826,,,,,,,,,,,,,,,,,,,,,,,,,,,,,,,,,,,,,,,,,,,,
84.021,83.103,000000,83.210,10.06,,,,,,,83.664,9.359375,83.933,208700100000,83.933,9,83.857,63,83.857,9,83.751,9.17,84.033,0.806,84.067,1.01,84.067,24.8,84.033,61.5,84.033,-48,84.033,36,84.067,9,84.067,1.123,84.067,0.552,84.067,770,84.005,0001,84.005,01,83.913,10,84.067,55.5,84.033,0,84.067,0.78,84.033,3.341,83.913,00,83.913,00,84.033,150,84.033,1.825,,,,,,,,,,,,,,,,,,,,,,,,,,,,,,,,,,,,,,,,,,,,
84.122,83.103,000000,83.210,10.06,,,,,,,84.084,9.5,83.933,208700100000,83.933,9,83.857,63,83.857,9,84.101,9.38,84.133,0.806,84.167,1.012,84.167,24.8,84.133,61.5,84.133,-48,84.167,36,84.167,9,84.067,1.123,84.067,0.552,84.067,770,84.133,0001,84.133,01,84.133,10,84.067,55.5,84.167,0,84.067,0.78,84.167,3.341,84.133,00,84.133,00,84.167,150,84.167,1.824,,,,,,,,,,,,,,,,,,,,,,,,,,,,,,,,,,,,,,,,,,,,
84.221,84.213,000000,83.210,10.06,,,,,,,84.084,9.5,83.933,208700100000,83.933,9,84.187,63,84.187,9,84.101,9.38,84.243,0.806,84.273,1.0110000000000001,84.167,24.8,84.273,61.5,84.273,-48,84.273,36,84.167,9,84.243,1.162,84.243,0.5760000000000001,84.243,871,84.243,0001,84.243,01,84.273,10,84.243,55.5,84.273,0,84.243,0.78,84.167,3.341,84.273,00,84.273,00,84.167,150,84.167,1.824,,,,,,,,,,,,,,,,,,,,,,,,,,,,,,,,,,,,,,,,,,,,
84.321,84.213,000000,84.313,9.540000000000001,,,,,,,84.084,9.5,83.933,208700100000,83.933,9,84.187,63,84.187,9,84.101,9.38,84.243,0.806,84.273,1.0110000000000001,84.345,24.8,84.273,61.5,84.273,-48,84.273,36,84.345,10,84.345,1.084,84.345,0.532,84.373,928,84.373,0001,84.373,01,84.273,10,84.373,55.5,84.273,0,84.373,0.78,84.345,3.34,84.273,00,84.273,00,84.345,150,84.345,1.824,,,,,,,,,,,,,,,,,,,,,,,,,,,,,,,,,,,,,,,,,,,,
84.425,84.213,000000,84.313,9.540000000000001,,,,,,,84.084,9.5,83.933,208700100000,83.933,9,84.187,63,84.187,9,84.101,9.38,84.453,0.806,84.453,1.0130000000000001,84.453,24.8,84.453,62.2,84.453,-48,84.453,36,84.484,10,84.345,1.084,84.345,0.532,84.373,928,84.373,0001,84.373,01,84.419,10,84.373,55.5,84.453,0,84.373,0.78,84.345,3.34,84.419,00,84.419,00,84.345,150,84.345,1.824,,,,,,,,,,,,,,,,,,,,,,,,,,,,,,,,,,,,,,,,,,,,
84.527,84.213,000000,84.313,9.540000000000001,,,,,,,84.084,9.5,83.933,208700100000,83.933,9,84.187,63,84.187,9,84.101,9.38,84.554,0.806,84.584,1.0130000000000001,84.554,24.8,84.584,62.2,84.453,-48,84.453,36,84.484,10,84.484,1.025,84.484,0.503,84.554,854,84.484,0001,84.484,01,84.484,10,84.554,55.5,84.453,0,84.373,0.78,84.554,3.341,84.484,00,84.554,00,84.554,150,84.554,1.82,,,,,,,,,,,,,,,,,,,,,,,,,,,,,,,,,,,,,,,,,,,,
84.632,84.213,000000,84.313,9.540000000000001,,,,,,,84.084,9.5,84.633,208700100000,84.633,10,84.187,63,84.187,9,84.101,9.38,84.666,0.806,84.584,1.0130000000000001,84.666,24.8,84.584,62.2,84.584,-48,84.666,36,84.666,10,84.666,0.972,84.484,0.503,84.666,840,84.584,0001,84.584,01,84.584,10,84.666,55.5,84.666,0,84.584,0.78,84.554,3.341,84.584,00,84.554,00,84.554,150,84.554,1.82,,,,,,,,,,,,,,,,,,,,,,,,,,,,,,,,,,,,,,,,,,,,
84.725,84.213,000000,84.313,9.540000000000001,,,,,,,84.711,9.875,84.633,208700100000,84.633,10,84.187,63,84.187,9,84.732,10.03,84.766,0.806,84.694,1.0130000000000001,84.666,24.8,84.694,62.2,84.694,-48,84.666,36,84.666,10,84.666,0.972,84.694,0.454,84.666,840,84.694,0001,84.694,01,84.694,10,84.666,55.5,84.666,0,84.584,0.78,84.554,3.341,84.694,00,84.554,00,84.554,150,84.554,1.82,,,,,,,,,,,,,,,,,,,,,,,,,,,,,,,,,,,,,,,,,,,,
84.821,84.213,000000,84.313,9.540000000000001,,,,,,,84.711,9.875,84.633,208700100000,84.633,10,84.187,63,84.187,9,84.732,10.03,84.766,0.806,84.805,1.0130000000000001,84.869,24.8,84.869,62.2,84.869,-48,84.869,36,84.805,10,84.805,0.986,84.694,0.454,84.869,883,84.805,0001,84.805,01,84.805,10,84.869,55.5,84.869,0,84.805,0.78,84.766,3.339,84.805,00,84.766,00,84.766,150,84.766,1.819,,,,,,,,,,,,,,,,,,,,,,,,,,,,,,,,,,,,,,,,,,,,
84.921,84.213,000000,84.313,9.540000000000001,,,,,,,84.711,9.875,84.633,208700100000,84.633,10,84.187,63,84.187,9,84.732,10.03,84.934,0.806,84.968,1.0130000000000001,84.968,24.900000000000002,84.869,62.2,84.869,-48,84.968,36,84.805,10,84.805,0.986,84.906,0.459,84.968,906,84.906,0001,84.906,01,84.906,10,84.869,55.5,84.968,0,84.805,0.78,84.934,3.337,84.934,00,84.968,00,84.968,150,84.968,1.816,,,,,,,,,,,,,,,,,,,,,,,,,,,,,,,,,,,,,,,,,,,,
85.024,84.213,000000,84.313,9.540000000000001,,,,,,,84.711,9.875,84.633,208700100000,84.633,10,85.017,64,85.017,10,84.732,10.03,84.993,0.806,84.968,1.0130000000000001,84.968,24.900000000000002,84.869,62.2,84.869,-48,84.968,36,84.993,10,84.993,0.9380000000000001,84.906,0.459,84.968,906,84.993,0001,84.993,01,84.993,10,84.993,55.5,84.968,0,84.993,0.78,85.073,3.34,84.934,00,84.968,00,84.968,150,84.968,1.816,,,,,,,,,,,,,,,,,,,,,,,,,,,,,,,,,,,,,,,,,,,,
85.131,84.213,000000,84.313,9.540000000000001,,,,,,,84.711,9.875,85.133,208700100000,85.133,10,85.017,64,85.017,10,84.732,10.03,85.073,1.012,85.113,1.0130000000000001,85.113,24.8,85.073,62.2,85.073,-48,85.113,36,84.993,10,84.993,0.9380000000000001,85.073,0.449,85.073,864,85.073,0001,85.073,01,85.113,10,84.993,55.5,85.113,0,84.993,0.78,85.073,3.34,85.113,00,85.113,00,85.113,150,84.968,1.816,,,,,,,,,,,,,,,,,,,,,,,,,,,,,,,,,,,,,,,,,,,,
85.222,84.213,000000,84.313,9.540000000000001,,,,,,,85.220,10.515625,85.133,208700100000,85.133,10,85.017,64,85.017,10,84.732,10.03,85.245,0.806,85.194,1.0130000000000001,85.194,24.8,85.245,62.2,85.245,-48,85.194,36,85.168,11,85.168,0.9520000000000001,85.168,0.464,85.245,836,85.194,0001,85.194,01,85.194,10,85.168,55.5,85.194,0,85.168,0.78,85.245,3.34,85.194,00,85.245,00,85.245,150,85.245,1.814,,,,,,,,,,,,,,,,,,,,,,,,,,,,,,,,,,,,,,,,,,,,
85.325,84.213,000000,84.313,9.540000000000001,,,,,,,85.220,10.515625,85.133,208700100000,85.133,10,85.017,64,85.017,10,84.732,10.03,85.245,0.806,85.293,1.0130000000000001,85.334,24.8,85.245,62.2,85.245,-48,85.334,36,85.293,11,85.293,0.991,85.293,0.483,85.245,836,85.293,0001,85.293,01,85.334,10,85.293,55.5,85.334,0,85.293,0.78,85.369,3.34,85.334,00,85.334,00,85.334,150,85.245,1.814,,,,,,,,,,,,,,,,,,,,,,,,,,,,,,,,,,,,,,,,,,,,
85.421,84.213,000000,84.313,9.540000000000001,,,,,,,85.220,10.515625,85.133,208700100000,85.133,10,85.017,64,85.017,10,84.732,10.03,85.468,0.806,85.434,1.0130000000000001,85.434,24.8,85.468,62.2,85.468,-48,85.468,36,85.369,10,85.369,1.006,85.406,0.488,85.369,880,85.406,0001,85.406,01,85.334,10,85.406,55.5,85.468,0,85.406,0.78,85.468,3.341,85.334,00,85.468,00,85.468,150,85.369,1.815,,,,,,,,,,,,,,,,,,,,,,,,,,,,,,,,,,,,,,,,,,,,
85.520,84.213,000000,84.313,9.540000000000001,,,,,,,85.220,10.515625,85.133,208700100000,85.133,10,85.017,64,85.017,10,85.532,10.23,85.568,0.806,85.514,1.0130000000000001,85.568,24.8,85.568,62.2,85.568,-48,85.468,36,85.514,10,85.514,0.986,85.568,0.47900000000000004,85.514,916,85.514,0001,85.514,01,85.514,10,85.568,55.5,85.468,0,85.406,0.78,85.568,3.342,85.514,00,85.468,00,85.468,150,85.568,1.812,,,,,,,,,,,,,,,,,,,,,,,,,,,,,,,,,,,,,,,,,,,,
85.625,85.613,000000,85.633,10.3,,,,,,,85.220,10.515625,85.133,208700100000,85.133,10,85.017,64,85.017,10,85.532,10.23,85.685,0.806,85.594,1.0130000000000001,85.594,24.8,85.568,62.2,85.568,-48,85.594,36,85.514,10,85.514,0.986,85.568,0.47900000000000004,85.514,916,85.594,0001,85.594,01,85.594,10,85.568,55.5,85.468,0,85.594,0.78,85.568,3.342,85.594,00,85.468,00,85.468,150,85.568,1.812,,,,,,,,,,,,,,,,,,,,,,,,,,,,,,,,,,,,,,,,,,,,
85.726,85.613,000000,85.633,10.3,,,,,,,85.220,10.515625,85.133,208700100000,85.133,10,85.017,64,85.017,10,85.532,10.23,85.773,0.806,85.773,1.012,85.773,24.8,85.685,62.2,85.685,-48,85.594,36,85.725,11,85.725,0.996,85.725,0.488,85.725,930,85.725,0001,85.594,01,85.594,10,85.725,55.5,85.685,0,85.725,0.78,85.685,3.339,85.594,00,85.685,00,85.685,150,85.685,1.812,,,,,,,,,,,,,,,,,,,,,,,,,,,,,,,,,,,,,,,,,,,,
85.820,85.613,000000,85.633,10.3,,,,,,,85.220,10.515625,85.133,208700100000,85.133,10,85.017,64,85.017,10,85.532,10.23,85.773,0.806,85.773,1.012,85.773,24.8,85.773,62.2,85.845,-48,85.773,36,85.845,10,85.725,0.996,85.725,0.488,85.725,930,85.725,0001,85.773,01,85.773,10,85.725,55.5,85.845,0,85.725,0.78,85.845,3.34,85.773,00,85.845,00,85.845,150,85.845,1.812,,,,,,,,,,,,,,,,,,,,,,,,,,,,,,,,,,,,,,,,,,,,
85.924,85.613,000000,85.633,10.3,,,,,,,85.220,10.515625,85.133,208700100000,85.133,10,85.017,64,85.017,10,85.532,10.23,85.934,0.806,85.968,1.0130000000000001,85.773,24.8,85.773,62.2,85.845,-48,85.773,36,85.845,10,85.885,0.996,85.885,0.488,85.885,946,85.885,0001,85.773,01,85.773,10,85.885,55.5,85.845,0,85.885,0.78,85.845,3.34,85.773,00,85.845,00,85.845,150,85.845,1.812,,,,,,,,,,,,,,,,,,,,,,,,,,,,,,,,,,,,,,,,,,,,
86.021,85.613,000000,85.633,10.3,,,,,,,85.220,10.515625,85.133,208700100000,85.133,10,86.030,64,86.030,10,85.532,10.23,86.054,0.806,85.968,1.0130000000000001,86.054,24.8,85.968,62.2,85.968,-48,86.054,36,86.005,11,86.005,0.972,86.054,0.46900000000000003,86.054,951,86.054,0001,85.968,01,85.968,10,86.054,55.5,86.005,0,86.054,0.78,86.005,3.339,85.968,00,86.005,00,86.005,150,86.005,1.808,,,,,,,,,,,,,,,,,,,,,,,,,,,,,,,,,,,,,,,,,,,,
86.121,85.613,000000,85.633,10.3,,,,,,,86.141,10.421875,86.114,208700100000,86.114,11,86.030,64,86.030,10,85.532,10.23,86.168,0.806,86.085,1.0130000000000001,86.168,24.8,86.085,62.2,86.085,-48,86.168,36,86.085,11,86.085,0.967,86.054,0.46900000000000003,86.054,951,86.054,0001,86.085,01,86.085,10,86.054,55.5,86.168,0,86.054,0.78,86.168,3.34,86.085,00,86.168,00,86.168,150,86.168,1.808,,,,,,,,,,,,,,,,,,,,,,,,,,,,,,,,,,,,,,,,,,,,
86.222,85.613,000000,85.633,10.3,,,,,,,86.141,10.421875,86.114,208700100000,86.114,11,86.030,64,86.030,10,86.211,10.31,86.268,0.806,86.193,1.012,86.268,24.8,86.268,62.2,86.268,-48,86.268,36,86.193,11,86.193,1.0010000000000001,86.193,0.488,86.193,942,86.193,0001,86.268,01,86.268,10,86.193,55.5,86.168,0,86.193,0.78,86.168,3.34,86.268,00,86.168,00,86.168,150,86.168,1.808,,,,,,,,,,,,,,,,,,,,,,,,,,,,,,,,,,,,,,,,,,,,
86.321,85.613,000000,85.633,10.3,,,,,,,86.141,10.421875,86.114,208700100000,86.114,11,86.030,64,86.030,10,86.211,10.31,86.268,0.806,86.293,1.0110000000000001,86.334,24.8,86.373,62.2,86.373,-48,86.334,36,86.373,10,86.373,1.104,86.334,0.522,86.334,943,86.334,0001,86.373,01,86.373,10,86.334,55.5,86.293,0,86.334,0.78,86.293,3.34,86.373,00,86.293,00,86.293,150,86.293,1.807,,,,,,,,,,,,,,,,,,,,,,,,,,,,,,,,,,,,,,,,,,,,
86.421,85.613,000000,85.633,10.3,,,,,,,86.141,10.421875,86.114,208700100000,86.114,11,86.030,64,86.030,10,86.211,10.31,86.453,0.806,86.424,1.012,86.424,24.8,86.453,62.2,86.453,-48,86.453,36,86.373,10,86.373,1.104,86.424,0.542,86.424,941,86.424,0001,86.453,01,86.453,10,86.424,55.5,86.453,0,86.424,0.78,86.293,3.34,86.453,00,86.293,00,86.293,150,86.293,1.807,,,,,,,,,,,,,,,,,,,,,,,,,,,,,,,,,,,,,,,,,,,,
86.523,85.613,000000,85.633,10.3,,,,,,,86.141,10.421875,86.544,208700100000,86.544,10,86.517,64,86.517,10,86.211,10.31,86.593,0.806,86.493,1.012,86.424,24.8,86.453,62.2,86.453,-48,86.453,36,86.493,11,86.493,1.094,86.493,0.537,86.424,941,86.424,0001,86.453,01,86.453,10,86.424,55.5,86.453,0,86.424,0.78,86.493,3.34,86.453,00,86.493,00,86.493,150,86.493,1.805,,,,,,,,,,,,,,,,,,,,,,,,,,,,,,,,,,,,,,,,,,,,
86.621,85.613,000000,85.633,10.3,,,,,,,86.670,10.421875,86.544,208700100000,86.544,10,86.517,64,86.517,10,86.211,10.31,86.654,0.806,86.654,1.0110000000000001,86.593,24.8,86.654,62.2,86.625,-48,86.593,36,86.654,11,86.654,1.099,86.654,0.542,86.593,930,86.593,0001,86.625,01,86.625,10,86.593,55.5,86.625,0,86.593,0.78,86.625,3.341,86.625,00,86.625,00,86.654,150,86.654,1.803,,,,,,,,,,,,,,,,,,,,,,,,,,,,,,,,,,,,,,,,,,,,
86.734,86.693,000000,86.720,10.290000000000001,,,,,,,86.670,10.421875,86.544,208700100000,86.544,10,86.517,64,86.517,10,86.211,10.31,86.745,0.806,86.654,1.0110000000000001,86.745,24.8,86.654,62.2,86.625,-48,86.745,36,86.654,11,86.654,1.099,86.745,0.547,86.745,949,86.745,0001,86.625,01,86.625,10,86.745,55.5,86.625,0,86.745,0.78,86.625,3.341,86.625,00,86.625,00,86.654,150,86.654,1.803,,,,,,,,,,,,,,,,,,,,,,,,,,,,,,,,,,,,,,,,,,,,
86.824,86.693,000000,86.720,10.290000000000001,,,,,,,86.670,10.421875,86.544,208700100000,86.544,10,86.517,64,86.517,10,86.211,10.31,86.745,0.806,86.773,1.012,86.833,24.8,86.869,62.2,86.773,-48,86.869,36,86.833,11,86.833,1.143,86.833,0.562,86.869,976,86.869,0001,86.893,01,86.773,10,86.869,55.5,86.773,0,86.869,0.78,86.773,3.34,86.773,00,86.833,00,86.833,150,86.833,1.802,,,,,,,,,,,,,,,,,,,,,,,,,,,,,,,,,,,,,,,,,,,,
86.924,86.693,000000,86.720,10.290000000000001,,,,,,,86.670,10.421875,86.544,208700100000,86.544,10,86.517,64,86.517,10,86.211,10.31,86.925,0.806,86.973,1.0110000000000001,86.973,24.8,86.869,62.2,86.893,-48,86.869,36,86.925,11,86.925,1.191,86.833,0.562,86.869,976,86.869,0001,86.893,01,86.893,10,86.869,55.5,86.893,0,86.869,0.78,86.893,3.34,86.893,00,86.833,00,86.833,150,86.833,1.802,,,,,,,,,,,,,,,,,,,,,,,,,,,,,,,,,,,,,,,,,,,,
87.020,86.693,000000,86.720,10.290000000000001,,,,,,,86.670,10.421875,86.544,208700100000,86.544,10,86.517,64,86.517,10,86.211,10.31,87.066,0.806,86.973,1.0110000000000001,86.973,24.8,87.010,62.2,87.066,-48,86.973,36,87.066,11,87.066,1.299,86.973,0.605,86.973,983,86.973,0001,87.066,01,87.010,10,87.010,55.5,87.010,0,87.010,0.78,87.066,3.34,87.066,00,87.066,00,86.973,150,86.973,1.801,,,,,,,,,,,,,,,,,,,,,,,,,,,,,,,,,,,,,,,,,,,,
87.120,86.693,000000,86.720,10.290000000000001,,,,,,,86.670,10.421875,86.544,208700100000,86.544,10,87.150,64,87.150,11,87.132,11.25,87.066,0.806,87.093,1.01,87.093,24.8,87.010,62.2,87.066,-48,87.093,36,87.066,11,87.066,1.299,87.093,0.64,87.093,995,87.093,0001,87.066,01,87.093,10,87.010,55.5,87.093,0,87.010,0.78,87.066,3.34,87.066,00,87.066,00,86.973,150,86.973,1.801,,,,,,,,,,,,,,,,,,,,,,,,,,,,,,,,,,,,,,,,,,,,
87.221,86.693,000000,86.720,10.290000000000001,,,,,,,87.251,11.515625,87.234,208700100000,87.234,11,87.150,64,87.150,11,87.132,11.25,87.274,0.806,87.205,1.0110000000000001,87.274,24.8,87.274,62.2,87.173,-48,87.274,36,87.205,11,87.205,1.2790000000000001,87.274,0.64,87.274,1029,87.274,0001,87.173,01,87.205,10,87.274,55.5,87.205,0,87.173,0.78,87.205,3.339,87.205,00,87.205,00,87.173,150,87.173,1.799,,,,,,,,,,,,,,,,,,,,,,,,,,,,,,,,,,,,,,,,,,,,
87.321,86.693,000000,86.720,10.290000000000001,,,,,,,87.251,11.515625,87.234,208700100000,87.234,11,87.150,64,87.150,11,87.132,11.25,87.274,0.806,87.306,1.0110000000000001,87.274,24.8,87.345,62.2,87.374,-48,87.274,36,87.306,11,87.306,1.299,87.274,0.64,87.274,1029,87.274,0001,87.374,01,87.374,10,87.345,55.5,87.374,0,87.306,0.78,87.345,3.34,87.345,00,87.345,00,87.345,150,87.345,1.798,,,,,,,,,,,,,,,,,,,,,,,,,,,,,,,,,,,,,,,,,,,,
87.422,86.693,000000,86.720,10.290000000000001,,,,,,,87.251,11.515625,87.234,208700100000,87.234,11,87.150,64,87.150,11,87.132,11.25,87.408,0.806,87.444,1.0110000000000001,87.444,24.8,87.345,62.2,87.374,-48,87.444,36,87.408,12,87.408,1.318,87.444,0.649,87.444,1060,87.274,0001,87.374,01,87.374,10,87.345,55.5,87.374,0,87.306,0.78,87.444,3.34,87.444,00,87.444,00,87.345,150,87.345,1.798,,,,,,,,,,,,,,,,,,,,,,,,,,,,,,,,,,,,,,,,,,,,
87.522,86.693,000000,86.720,10.290000000000001,,,,,,,87.251,11.515625,87.234,208700100000,87.234,11,87.150,64,87.150,11,87.561,12.24,87.474,0.806,87.514,1.0130000000000001,87.444,24.8,87.474,62.2,87.474,-48,87.444,36,87.514,12,87.514,1.299,87.444,0.649,87.444,1060,87.474,0001,87.514,01,87.514,10,87.474,55.5,87.514,0,87.474,0.78,87.514,3.34,87.514,00,87.444,00,87.474,150,87.474,1.798,,,,,,,,,,,,,,,,,,,,,,,,,,,,,,,,,,,,,,,,,,,,
87.621,86.693,000000,86.720,10.290000000000001,,,,,,,87.251,11.515625,87.234,208700100000,87.234,11,87.150,64,87.150,11,87.561,12.24,87.605,0.806,87.633,1.0130000000000001,87.605,24.8,87.633,62.2,87.633,-48,87.605,36,87.514,12,87.514,1.299,87.605,0.645,87.605,1105,87.605,0001,87.633,01,87.633,10,87.633,55.5,87.514,0,87.633,0.78,87.514,3.34,87.514,00,87.605,00,87.605,150,87.633,1.796,,,,,,,,,,,,,,,,,,,,,,,,,,,,,,,,,,,,,,,,,,,,
87.722,86.693,000000,86.720,10.290000000000001,,,,,,,87.251,11.515625,87.734,208700100000,87.734,13,87.710,64,87.710,12,87.561,12.24,87.768,0.806,87.684,1.0130000000000001,87.768,24.8,87.633,62.2,87.633,-48,87.768,36.7,87.684,13,87.684,1.24,87.768,0.62,87.768,1133,87.768,0001,87.633,01,87.633,10,87.633,55.5,87.684,0,87.633,0.78,87.684,3.339,87.684,00,87.768,00,87.768,150,87.633,1.796,,,,,,,,,,,,,,,,,,,,,,,,,,,,,,,,,,,,,,,,,,,,
87.822,86.693,000000,86.720,10.290000000000001,,,,,,,87.251,11.515625,87.734,208700100000,87.734,13,87.710,64,87.710,12,87.561,12.24,87.768,0.806,87.794,1.0130000000000001,87.833,24.8,87.794,62.2,87.794,-48,87.833,36.7,87.833,13,87.833,1.25,87.874,0.62,87.874,1150,87.874,0001,87.794,01,87.794,10,87.794,55.5,87.833,0,87.794,0.78,87.833,3.34,87.833,00,87.874,00,87.874,150,87.794,1.794,,,,,,,,,,,,,,,,,,,,,,,,,,,,,,,,,,,,,,,,,,,,
87.921,86.693,000000,86.720,10.290000000000001,,,,,,,87.951,13.015625,87.734,208700100000,87.734,13,87.710,64,87.710,12,87.561,12.24,87.933,0.806,87.973,1.0150000000000001,87.973,24.900000000000002,87.908,63,87.908,-48,87.973,36.7,87.933,13,87.933,1.216,87.973,0.591,87.973,1160,87.874,0001,87.933,01,87.933,10,87.933,55.5,87.973,0,87.933,0.78,87.973,3.339,87.973,00,87.874,00,87.874,150,87.933,1.792,,,,,,,,,,,,,,,,,,,,,,,,,,,,,,,,,,,,,,,,,,,,
88.024,88.033,000000,86.720,10.290000000000001,,,,,,,87.951,13.015625,87.734,208700100000,87.734,13,87.710,64,87.710,12,87.561,12.24,88.008,0.806,87.973,1.0150000000000001,87.973,24.900000000000002,88.008,63,88.008,-48,87.973,36.7,88.008,14,88.008,1.211,87.973,0.591,87.973,1160,88.008,0001,88.075,01,87.933,10,87.933,55.5,87.973,0,87.933,0.78,87.973,3.339,87.973,00,88.008,00,88.008,150,87.933,1.792,,,,,,,,,,,,,,,,,,,,,,,,,,,,,,,,,,,,,,,,,,,,
88.132,88.033,000000,88.131,13.56,,,,,,,87.951,13.015625,87.734,208700100000,87.734,13,87.710,64,87.710,12,87.561,12.24,88.075,0.806,88.106,1.0150000000000001,88.075,24.8,88.075,63,88.075,-48,88.075,36.7,88.106,14,88.106,1.191,88.075,0.601,88.075,1174,88.008,0001,88.075,01,88.106,10,88.106,55.5,88.106,0,88.106,0.78,87.973,3.339,87.973,00,88.008,00,88.008,150,88.106,1.7910000000000001,,,,,,,,,,,,,,,,,,,,,,,,,,,,,,,,,,,,,,,,,,,,
88.220,88.033,000000,88.131,13.56,,,,,,,87.951,13.015625,87.734,208700100000,87.734,13,87.710,64,87.710,12,87.561,12.24,88.185,0.806,88.224,1.0170000000000001,88.185,24.900000000000002,88.224,63,88.224,-48,88.185,36.7,88.106,14,88.106,1.191,88.185,0.513,88.185,1195,88.185,0001,88.224,01,88.224,10,88.224,55.5,88.106,0,88.106,0.78,88.185,3.339,88.185,00,88.224,00,88.224,150,88.106,1.7910000000000001,,,,,,,,,,,,,,,,,,,,,,,,,,,,,,,,,,,,,,,,,,,,
88.321,88.033,000000,88.131,13.56,,,,,,,87.951,13.015625,87.734,208700100000,87.734,13,87.710,64,87.710,12,87.561,12.24,88.286,0.806,88.313,1.016,88.286,24.8,88.313,63,88.313,-48,88.369,36.7,88.286,14,88.286,1.099,88.313,0.537,88.313,1206,88.313,0001,88.313,01,88.313,10,88.224,55.5,88.286,0,88.286,0.78,88.185,3.339,88.185,00,88.224,00,88.224,150,88.286,1.79,,,,,,,,,,,,,,,,,,,,,,,,,,,,,,,,,,,,,,,,,,,,
88.421,88.033,000000,88.131,13.56,,,,,,,87.951,13.015625,87.734,208700100000,87.734,13,87.710,64,87.710,12,87.561,12.24,88.468,0.806,88.413,1.0170000000000001,88.468,24.900000000000002,88.413,63,88.413,-48,88.369,36.7,88.413,14,88.468,1.177,88.313,0.537,88.313,1206,88.313,0001,88.413,01,88.413,10,88.369,55.5,88.468,0,88.468,0.78,88.468,3.339,88.468,00,88.369,00,88.369,150,88.468,1.7870000000000001,,,,,,,,,,,,,,,,,,,,,,,,,,,,,,,,,,,,,,,,,,,,
88.522,88.033,000000,88.131,13.56,,,,,,,87.951,13.015625,87.734,208700100000,87.734,13,88.576,65,88.576,14,88.522,13.77,88.553,0.806,88.504,1.014,88.468,24.900000000000002,88.504,63,88.553,-48,88.504,36.7,88.553,14,88.553,1.118,88.504,0.5710000000000001,88.504,1259,88.504,0001,88.553,01,88.553,10,88.553,55.5,88.553,0,88.468,0.78,88.468,3.339,88.468,00,88.504,00,88.504,150,88.468,1.7870000000000001,,,,,,,,,,,,,,,,,,,,,,,,,,,,,,,,,,,,,,,,,,,,
88.622,88.033,000000,88.131,13.56,,,,,,,87.951,13.015625,88.634,208700100000,88.634,14,88.576,65,88.576,14,88.522,13.77,88.668,0.806,88.608,1.016,88.608,24.8,88.668,63,88.553,-48,88.504,36.7,88.668,15,88.668,1.104,88.668,0.547,88.668,1209,88.668,0001,88.553,01,88.553,10,88.668,55.5,88.553,0,88.608,0.78,88.608,3.34,88.608,00,88.608,00,88.608,150,88.608,1.7870000000000001,,,,,,,,,,,,,,,,,,,,,,,,,,,,,,,,,,,,,,,,,,,,
88.721,88.033,000000,88.131,13.56,,,,,,,88.715,14.125,88.634,208700100000,88.634,14,88.576,65,88.576,14,88.522,13.77,88.773,0.806,88.694,1.0150000000000001,88.773,24.8,88.668,63,88.694,-48,88.694,36.7,88.773,14,88.773,1.074,88.668,0.547,88.668,1209,88.668,0001,88.694,01,88.694,10,88.773,55.5,88.694,0,88.773,0.78,88.773,3.34,88.773,00,88.694,00,88.694,150,88.608,1.7870000000000001,,,,,,,,,,,,,,,,,,,,,,,,,,,,,,,,,,,,,,,,,,,,
88.821,88.033,000000,88.131,13.56,,,,,,,88.715,14.125,88.634,208700100000,88.634,14,88.576,65,88.576,14,88.522,13.77,88.773,0.806,88.805,1.016,88.845,24.8,88.805,63,88.805,-48,88.845,36.7,88.773,14,88.773,1.074,88.845,0.513,88.845,1225,88.845,0001,88.805,01,88.805,10,88.773,55.5,88.845,0,88.845,0.78,88.874,3.34,88.874,00,88.874,00,88.874,150,88.874,1.7850000000000001,,,,,,,,,,,,,,,,,,,,,,,,,,,,,,,,,,,,,,,,,,,,
88.924,88.033,000000,88.131,13.56,,,,,,,88.715,14.125,88.634,208700100000,88.634,14,88.576,65,88.576,14,88.522,13.77,88.909,0.806,88.954,1.016,88.845,24.8,88.954,63,88.909,-48,88.845,36.7,88.954,14,88.993,1.099,88.954,0.522,88.954,1214,88.954,0001,88.954,01,88.954,10,88.773,55.5,88.845,0,88.845,0.78,88.874,3.34,88.874,00,88.874,00,88.874,150,88.874,1.7850000000000001,,,,,,,,,,,,,,,,,,,,,,,,,,,,,,,,,,,,,,,,,,,,
89.034,88.033,000000,88.131,13.56,,,,,,,88.715,14.125,88.634,208700100000,88.634,14,88.576,65,88.576,14,89.042,14.34,88.993,0.806,89.025,1.0130000000000001,88.993,24.900000000000002,88.954,63,89.025,-48,88.993,36.7,88.954,14,88.993,1.099,88.954,0.522,88.954,1214,88.954,0001,89.025,01,89.025,10,88.993,55.5,88.993,0,88.993,0.78,88.993,3.337,89.025,00,89.025,00,89.025,150,89.025,1.782,,,,,,,,,,,,,,,,,,,,,,,,,,,,,,,,,,,,,,,,,,,,
89.133,88.033,000000,88.131,13.56,,,,,,,88.715,14.125,89.154,208700100000,89.154,15,89.096,65,89.096,14,89.042,14.34,89.073,0.806,89.125,1.0170000000000001,89.125,24.900000000000002,89.073,63,89.125,-48,89.073,36.7,89.125,15,88.993,1.099,89.073,0.498,89.073,1229,89.073,0001,89.125,01,89.125,10,88.993,55.5,89.073,0,89.125,0.78,89.125,3.339,89.025,00,89.025,00,89.025,150,89.025,1.782,,,,,,,,,,,,,,,,,,,,,,,,,,,,,,,,,,,,,,,,,,,,
89.234,89.233,000000,89.253,14.49,,,,,,,88.715,14.125,89.154,208700100000,89.154,15,89.096,65,89.096,14,89.042,14.34,89.185,0.806,89.213,1.0130000000000001,89.125,24.900000000000002,89.213,63,89.213,-48,89.185,36.7,89.125,15,89.185,1.157,89.213,0.557,89.213,1253,89.073,0001,89.213,01,89.213,10,89.185,55.5,89.185,0,89.125,0.78,89.125,3.339,89.185,00,89.185,00,89.185,150,89.213,1.7810000000000001,,,,,,,,,,,,,,,,,,,,,,,,,,,,,,,,,,,,,,,,,,,,
89.321,89.233,000000,89.253,14.49,,,,,,,88.715,14.125,89.154,208700100000,89.154,15,89.096,65,89.096,14,89.042,14.34,89.284,0.806,89.333,1.0130000000000001,89.333,24.900000000000002,89.213,63,89.333,-48,89.284,36.7,89.284,14,89.284,1.113,89.213,0.557,89.213,1253,89.284,0001,89.213,01,89.213,10,89.284,55.5,89.284,0,89.333,0.78,89.333,3.339,89.284,00,89.333,00,89.333,150,89.333,1.7770000000000001,,,,,,,,,,,,,,,,,,,,,,,,,,,,,,,,,,,,,,,,,,,,
89.422,89.233,000000,89.253,14.49,,,,,,,88.715,14.125,89.154,208700100000,89.154,15,89.096,65,89.096,14,89.042,14.34,89.468,0.806,89.468,1.014,89.333,24.900000000000002,89.393,63,89.468,-48,89.426,36.7,89.468,14,89.393,1.074,89.393,0.527,89.393,1216,89.284,0001,89.393,01,89.393,10,89.393,55.5,89.426,0,89.333,0.78,89.333,3.339,89.426,00,89.333,00,89.333,150,89.333,1.7770000000000001,,,,,,,,,,,,,,,,,,,,,,,,,,,,,,,,,,,,,,,,,,,,
89.524,89.233,000000,89.253,14.49,,,,,,,88.715,14.125,89.154,208700100000,89.154,15,89.096,65,89.096,14,89.042,14.34,89.568,0.806,89.506,1.0130000000000001,89.506,24.900000000000002,89.393,63,89.468,-48,89.426,36.7,89.468,14,89.393,1.074,89.393,0.527,89.393,1216,89.506,0001,89.393,01,89.393,10,89.393,55.5,89.426,0,89.506,0.78,89.506,3.339,89.426,00,89.506,00,89.506,150,89.506,1.7770000000000001,,,,,,,,,,,,,,,,,,,,,,,,,,,,,,,,,,,,,,,,,,,,
89.621,89.233,000000,89.253,14.49,,,,,,,88.715,14.125,89.154,208700100000,89.154,15,89.096,65,89.096,14,89.042,14.34,89.669,0.806,89.614,1.016,89.614,24.900000000000002,89.669,63,89.669,-48,89.614,36.7,89.669,15,89.568,1.035,89.568,0.513,89.568,1256,89.669,0001,89.568,01,89.568,10,89.614,55.5,89.614,0,89.614,0.78,89.614,3.337,89.614,00,89.669,00,89.669,150,89.669,1.7750000000000001,,,,,,,,,,,,,,,,,,,,,,,,,,,,,,,,,,,,,,,,,,,,
89.733,89.233,000000,89.253,14.49,,,,,,,89.721,14.921875,89.154,208700100000,89.154,15,89.096,65,89.096,14,89.742,14.3,89.669,0.806,89.705,1.0130000000000001,89.614,24.900000000000002,89.669,63,89.669,-48,89.705,36.7,89.669,15,89.705,0.923,89.705,0.454,89.705,1241,89.669,0001,89.705,01,89.705,10,89.705,55.5,89.614,0,89.614,0.78,89.614,3.337,89.614,00,89.669,00,89.669,150,89.669,1.7750000000000001,,,,,,,,,,,,,,,,,,,,,,,,,,,,,,,,,,,,,,,,,,,,
89.824,89.233,000000,89.253,14.49,,,,,,,89.721,14.921875,89.154,208700100000,89.154,15,89.096,65,89.096,14,89.742,14.3,89.774,1.012,89.825,1.0130000000000001,89.774,24.8,89.825,63,89.669,-48,89.705,36.7,89.774,14,89.825,0.796,89.825,0.386,89.825,1233,89.774,0001,89.825,01,89.825,10,89.825,55.5,89.774,0,89.774,0.78,89.774,3.34,89.774,00,89.869,00,89.669,150,89.669,1.7750000000000001,,,,,,,,,,,,,,,,,,,,,,,,,,,,,,,,,,,,,,,,,,,,
89.921,89.233,000000,89.253,14.49,,,,,,,89.721,14.921875,89.154,208700100000,89.154,15,89.946,65,89.946,14,89.742,14.3,89.973,1.012,89.925,1.0130000000000001,89.925,24.8,89.973,63,89.869,-48,89.869,36.7,89.973,15,89.973,0.796,89.973,0.386,89.973,1215,89.973,0001,89.973,01,89.825,10,89.825,55.5,89.925,0,89.925,0.78,89.925,3.34,89.925,00,89.869,00,89.869,150,89.869,1.774,,,,,,,,,,,,,,,,,,,,,,,,,,,,,,,,,,,,,,,,,,,,
90.021,89.233,000000,89.253,14.49,,,,,,,89.721,14.921875,90.034,208700100000,90.034,15,89.946,65,89.946,14,89.742,14.3,90.068,1.012,90.014,1.0130000000000001,90.068,24.8,89.973,63,90.014,-48,90.014,36.7,90.068,15,89.973,0.796,89.973,0.386,89.973,1215,90.068,0001,89.973,01,90.014,10,90.014,55.5,90.068,0,90.068,0.78,90.068,3.34,90.068,00,90.014,00,90.014,150,90.014,1.772,,,,,,,,,,,,,,,,,,,,,,,,,,,,,,,,,,,,,,,,,,,,
90.123,89.233,000000,89.253,14.49,,,,,,,90.139,14.59375,90.034,208700100000,90.034,15,89.946,65,89.946,14,89.742,14.3,90.169,1.012,90.093,1.0130000000000001,90.068,24.8,90.093,63,90.093,-48,90.093,36.7,90.068,15,90.093,0.796,90.093,0.386,90.093,1239,90.068,0001,90.093,01,90.014,10,90.014,55.5,90.068,0,90.068,0.78,90.068,3.34,90.068,00,90.014,00,90.014,150,90.014,1.772,,,,,,,,,,,,,,,,,,,,,,,,,,,,,,,,,,,,,,,,,,,,
90.220,89.233,000000,89.253,14.49,,,,,,,90.139,14.59375,90.034,208700100000,90.034,15,89.946,65,89.946,14,90.242,14.22,90.169,1.012,90.225,1.0130000000000001,90.169,24.900000000000002,90.225,63,90.093,-48,90.093,36.7,90.225,14,90.225,0.796,90.225,0.386,90.225,1256,90.225,0001,90.093,01,90.014,10,90.014,55.5,90.169,0,90.169,0.78,90.169,3.337,90.225,00,90.273,00,90.273,150,90.169,1.77,,,,,,,,,,,,,,,,,,,,,,,,,,,,,,,,,,,,,,,,,,,,
90.331,89.233,000000,89.253,14.49,,,,,,,90.139,14.59375,90.034,208700100000,90.034,15,89.946,65,89.946,14,90.242,14.22,90.374,1.012,90.305,1.0130000000000001,90.305,24.900000000000002,90.305,63,90.273,-48,90.273,36.7,90.345,14,90.305,0.796,90.345,0.386,90.345,1211,90.345,0001,90.273,01,90.273,10,90.273,55.5,90.305,0,90.305,0.78,90.305,3.337,90.345,00,90.273,00,90.273,150,90.305,1.77,,,,,,,,,,,,,,,,,,,,,,,,,,,,,,,,,,,,,,,,,,,,
90.433,89.233,000000,89.253,14.49,,,,,,,90.139,14.59375,90.034,208700100000,90.034,15,90.452,65,90.452,14,90.242,14.22,90.374,1.012,90.413,1.0130000000000001,90.305,24.900000000000002,90.305,63,90.413,-48,90.413,36.7,90.345,14,90.305,0.796,90.345,0.386,90.345,1211,90.345,0001,90.413,01,90.413,10,90.413,55.5,90.305,0,90.305,0.78,90.305,3.337,90.345,00,90.413,00,90.413,150,90.305,1.77,,,,,,,,,,,,,,,,,,,,,,,,,,,,,,,,,,,,,,,,,,,,
90.522,89.233,000000,89.253,14.49,,,,,,,90.139,14.59375,90.541,208700100000,90.541,14,90.452,65,90.452,14,90.242,14.22,90.485,1.012,90.513,1.0130000000000001,90.485,24.900000000000002,90.485,63,90.513,-48,90.513,36.7,90.485,14,90.485,0.796,90.513,0.386,90.513,1181,90.485,0001,90.413,01,90.413,10,90.413,55.5,90.485,0,90.513,0.78,90.513,3.339,90.485,00,90.413,00,90.413,150,90.513,1.768,,,,,,,,,,,,,,,,,,,,,,,,,,,,,,,,,,,,,,,,,,,,
90.621,90.624,000000,90.650,13.4,,,,,,,90.139,14.59375,90.541,208700100000,90.541,14,90.452,65,90.452,14,90.242,14.22,90.574,1.012,90.605,1.0130000000000001,90.605,24.900000000000002,90.605,63.7,90.513,-48,90.513,36.7,90.574,13,90.605,0.796,90.605,0.391,90.605,1123,90.574,0001,90.574,01,90.574,10,90.574,55.5,90.605,0,90.513,0.78,90.513,3.339,90.605,00,90.574,00,90.574,150,90.513,1.768,,,,,,,,,,,,,,,,,,,,,,,,,,,,,,,,,,,,,,,,,,,,
90.722,90.624,000000,90.650,13.4,,,,,,,90.139,14.59375,90.541,208700100000,90.541,14,90.452,65,90.452,14,90.242,14.22,90.693,1.012,90.725,1.0130000000000001,90.605,24.900000000000002,90.605,63.7,90.693,-48,90.693,36.7,90.693,13,90.605,0.796,90.725,0.386,90.725,1074,90.693,0001,90.725,01,90.725,10,90.725,55.5,90.605,0,90.693,0.78,90.693,3.337,90.605,00,90.725,00,90.725,150,90.693,1.7650000000000001,,,,,,,,,,,,,,,,,,,,,,,,,,,,,,,,,,,,,,,,,,,,
90.820,90.624,000000,90.650,13.4,,,,,,,90.139,14.59375,90.541,208700100000,90.541,14,90.452,65,90.452,14,90.242,14.22,90.773,1.012,90.804,1.0130000000000001,90.773,24.900000000000002,90.773,63.7,90.885,-48,90.885,36.7,90.885,12,90.773,0.796,90.804,0.386,90.804,1032,90.885,0001,90.804,01,90.804,10,90.885,55.5,90.773,0,90.804,0.78,90.804,3.337,90.773,00,90.885,00,90.885,150,90.804,1.764,,,,,,,,,,,,,,,,,,,,,,,,,,,,,,,,,,,,,,,,,,,,
90.921,90.624,000000,90.650,13.4,,,,,,,90.139,14.59375,90.541,208700100000,90.541,14,90.452,65,90.452,14,90.242,14.22,90.974,1.012,90.974,1.0130000000000001,90.914,24.8,90.914,63.7,90.974,-48,90.885,36.7,90.885,12,90.914,0.796,90.974,0.391,90.974,977,90.885,0001,90.974,01,90.974,10,90.885,55.5,90.914,0,90.914,0.78,90.914,3.34,90.914,00,90.885,00,90.885,150,90.944,1.7610000000000001,,,,,,,,,,,,,,,,,,,,,,,,,,,,,,,,,,,,,,,,,,,,
91.022,90.624,000000,90.650,13.4,,,,,,,91.040,10.640625,90.541,208700100000,90.541,14,90.452,65,90.452,14,91.062,10.4,90.974,1.012,91.005,1.0130000000000001,90.914,24.8,90.914,63.7,91.005,-48,91.005,36.7,91.005,11,90.914,0.796,90.974,0.391,90.974,977,91.005,0001,90.974,01,90.974,10,91.005,55.5,90.914,0,90.914,0.78,90.914,3.34,90.914,00,91.005,00,91.005,150,90.944,1.7610000000000001,,,,,,,,,,,,,,,,,,,,,,,,,,,,,,,,,,,,,,,,,,,,
91.122,90.624,000000,90.650,13.4,,,,,,,91.040,10.640625,90.541,208700100000,90.541,14,91.165,65,91.165,10,91.062,10.4,91.104,1.012,91.144,1.0130000000000001,91.104,24.900000000000002,91.104,63.7,91.005,-48,91.005,36.7,91.005,11,91.104,0.796,91.144,0.386,91.144,885,91.005,0001,91.144,01,90.974,10,91.144,55.5,91.104,0,91.104,0.78,91.104,3.339,91.104,00,91.144,00,91.144,150,91.144,1.7590000000000001,,,,,,,,,,,,,,,,,,,,,,,,,,,,,,,,,,,,,,,,,,,,
91.221,90.624,000000,90.650,13.4,,,,,,,91.040,10.640625,91.254,208700100000,91.254,10,91.165,65,91.165,10,91.062,10.4,91.194,1.012,91.233,1.0130000000000001,91.194,24.8,91.194,63.7,91.194,-48,91.194,36.7,91.194,10,91.233,0.796,91.144,0.386,91.144,885,91.194,0001,91.144,01,91.194,10,91.233,55.5,91.233,0,91.233,0.78,91.233,3.339,91.233,00,91.144,00,91.144,150,91.233,1.7590000000000001,,,,,,,,,,,,,,,,,,,,,,,,,,,,,,,,,,,,,,,,,,,,
91.322,90.624,000000,90.650,13.4,,,,,,,91.040,10.640625,91.254,208700100000,91.254,10,91.165,65,91.165,10,91.062,10.4,91.307,1.012,91.333,1.012,91.333,24.900000000000002,91.333,63.7,91.333,-48,91.307,36.7,91.307,9,91.233,0.796,91.307,0.391,91.307,813,91.333,0001,91.307,01,91.333,10,91.333,55.5,91.385,0,91.233,0.78,91.233,3.339,91.233,00,91.307,00,91.307,150,91.333,1.758,,,,,,,,,,,,,,,,,,,,,,,,,,,,,,,,,,,,,,,,,,,,
91.420,90.624,000000,90.650,13.4,,,,,,,91.040,10.640625,91.254,208700100000,91.254,10,91.165,65,91.165,10,91.062,10.4,91.474,1.012,91.445,1.0130000000000001,91.333,24.900000000000002,91.333,63.7,91.474,-48,91.474,36.7,91.474,9,91.385,0.796,91.445,0.386,91.445,783,91.333,0001,91.445,01,91.333,10,91.445,55.5,91.385,0,91.413,0.78,91.413,3.339,91.413,00,91.474,00,91.474,150,91.445,1.758,,,,,,,,,,,,,,,,,,,,,,,,,,,,,,,,,,,,,,,,,,,,
91.532,90.624,000000,90.650,13.4,,,,,,,91.040,10.640625,91.254,208700100000,91.254,10,91.165,65,91.165,10,91.062,10.4,91.573,1.012,91.505,1.0130000000000001,91.505,24.900000000000002,91.505,63.7,91.474,-48,91.474,36.7,91.474,9,91.474,0.796,91.573,0.391,91.573,782,91.505,0001,91.573,01,91.474,10,91.573,55.5,91.505,0,91.505,0.78,91.505,3.339,91.505,00,91.573,00,91.573,150,91.573,1.7550000000000001,,,,,,,,,,,,,,,,,,,,,,,,,,,,,,,,,,,,,,,,,,,,
91.633,90.624,000000,90.650,13.4,,,,,,,91.620,9.15625,91.254,208700100000,91.254,10,91.665,66,91.665,9,91.642,9.21,91.573,1.012,91.605,1.0130000000000001,91.505,24.900000000000002,91.505,63.7,91.605,-48,91.605,36.7,91.605,9,91.605,0.796,91.573,0.391,91.573,782,91.505,0001,91.573,01,91.605,10,91.573,55.5,91.605,0,91.605,0.78,91.505,3.339,91.505,00,91.573,00,91.573,150,91.573,1.7550000000000001,,,,,,,,,,,,,,,,,,,,,,,,,,,,,,,,,,,,,,,,,,,,
91.727,90.624,000000,90.650,13.4,,,,,,,91.620,9.15625,91.254,208700100000,91.254,10,91.665,66,91.665,9,91.642,9.21,91.773,1.012,91.773,1.0130000000000001,91.773,24.8,91.694,63.7,91.773,-48,91.746,36.7,91.746,9,91.746,0.8200000000000001,91.694,0.4,91.694,781,91.694,0001,91.746,01,91.773,10,91.573,55.5,91.746,0,91.773,0.78,91.694,3.341,91.694,00,91.746,00,91.746,150,91.773,1.754,,,,,,,,,,,,,,,,,,,,,,,,,,,,,,,,,,,,,,,,,,,,
91.821,90.624,000000,90.650,13.4,,,,,,,91.620,9.15625,91.814,208700100000,91.814,9,91.665,66,91.665,9,91.642,9.21,91.773,1.012,91.773,1.0130000000000001,91.773,24.8,91.845,63.7,91.874,-48,91.874,36.7,91.874,9,91.746,0.8200000000000001,91.845,0.425,91.845,774,91.845,0001,91.746,01,91.874,10,91.845,55.5,91.746,0,91.773,0.78,91.845,3.337,91.874,00,91.746,00,91.746,150,91.845,1.754,,,,,,,,,,,,,,,,,,,,,,,,,,,,,,,,,,,,,,,,,,,,
91.921,90.624,000000,90.650,13.4,,,,,,,91.620,9.15625,91.814,208700100000,91.814,9,91.665,66,91.665,9,91.642,9.21,91.945,1.012,91.945,1.0130000000000001,91.773,24.8,91.845,63.7,91.874,-48,91.874,36.7,91.874,9,91.909,0.894,91.845,0.425,91.845,774,91.845,0001,91.909,01,91.874,10,91.945,55.5,91.909,0,91.945,0.78,91.845,3.337,91.874,00,91.909,00,91.909,150,91.945,1.752,,,,,,,,,,,,,,,,,,,,,,,,,,,,,,,,,,,,,,,,,,,,
92.022,92.033,000000,92.053,9.040000000000001,,,,,,,91.620,9.15625,91.814,208700100000,91.814,9,91.665,66,91.665,9,91.642,9.21,91.985,0.806,92.014,1.0130000000000001,91.985,24.900000000000002,91.985,63.7,92.014,-48,92.014,36.7,92.014,9,92.014,0.9420000000000001,91.985,0.459,91.985,767,91.985,0001,92.014,01,92.014,10,91.945,55.5,92.014,0,91.945,0.78,91.985,3.339,91.985,00,91.909,00,91.909,150,91.945,1.752,,,,,,,,,,,,,,,,,,,,,,,,,,,,,,,,,,,,,,,,,,,,
92.121,92.033,000000,92.053,9.040000000000001,,,,,,,91.620,9.15625,91.814,208700100000,91.814,9,91.665,66,91.665,9,91.642,9.21,92.085,0.806,92.125,1.01,92.085,24.900000000000002,92.085,63.7,92.014,-48,92.125,38.2,92.125,9,92.014,0.9420000000000001,92.125,0.552,92.125,780,92.125,0001,92.014,01,92.014,10,92.085,55.5,92.014,0,92.085,0.78,92.125,3.339,92.125,00,92.085,00,92.085,150,92.085,1.75,,,,,,,,,,,,,,,,,,,,,,,,,,,,,,,,,,,,,,,,,,,,
92.222,92.033,000000,92.053,9.040000000000001,,,,,,,91.620,9.15625,91.814,208700100000,91.814,9,91.665,66,91.665,9,91.642,9.21,92.193,0.806,92.225,1.01,92.193,24.900000000000002,92.193,63.7,92.193,-48,92.225,38.2,92.225,9,92.193,1.24,92.125,0.552,92.125,780,92.125,0001,92.193,01,92.193,10,92.225,55.5,92.193,0,92.225,0.78,92.125,3.339,92.125,00,92.225,00,92.225,150,92.225,1.75,,,,,,,,,,,,,,,,,,,,,,,,,,,,,,,,,,,,,,,,,,,,
92.321,92.033,000000,92.053,9.040000000000001,,,,,,,91.620,9.15625,91.814,208700100000,91.814,9,91.665,66,91.665,9,91.642,9.21,92.294,0.806,92.325,1.01,92.294,24.8,92.294,63.7,92.376,-48,92.225,38.2,92.225,9,92.376,1.201,92.376,0.596,92.376,859,92.376,0001,92.376,01,92.294,10,92.325,55.5,92.376,0,92.325,0.78,92.325,3.339,92.325,00,92.325,00,92.325,150,92.325,1.749,,,,,,,,,,,,,,,,,,,,,,,,,,,,,,,,,,,,,,,,,,,,
92.422,92.033,000000,92.053,9.040000000000001,,,,,,,92.450,9.140625,91.814,208700100000,91.814,9,91.665,66,91.665,9,91.642,9.21,92.474,0.806,92.433,1.01,92.474,24.8,92.294,63.7,92.376,-48,92.405,38.2,92.405,9,92.474,1.206,92.376,0.596,92.376,859,92.376,0001,92.474,01,92.405,10,92.433,55.5,92.474,0,92.433,0.78,92.325,3.339,92.325,00,92.474,00,92.474,150,92.474,1.748,,,,,,,,,,,,,,,,,,,,,,,,,,,,,,,,,,,,,,,,,,,,
92.533,92.033,000000,92.053,9.040000000000001,,,,,,,92.450,9.140625,92.565,208700100000,92.565,9,92.545,66,92.545,8,92.522,9.24,92.474,0.806,92.505,1.01,92.474,24.8,92.505,63.7,92.505,-48,92.505,38.2,92.405,9,92.474,1.206,92.505,0.596,92.505,899,92.505,0001,92.474,01,92.505,10,92.433,55.5,92.474,0,92.433,0.78,92.325,3.339,92.325,00,92.474,00,92.474,150,92.474,1.748,,,,,,,,,,,,,,,,,,,,,,,,,,,,,,,,,,,,,,,,,,,,
92.621,92.033,000000,92.053,9.040000000000001,,,,,,,92.450,9.140625,92.565,208700100000,92.565,9,92.545,66,92.545,8,92.522,9.24,92.686,0.806,92.686,1.012,92.634,24.900000000000002,92.686,63.7,92.634,-48,92.686,38.2,92.686,9,92.634,1.191,92.634,0.591,92.686,920,92.686,0001,92.634,01,92.686,10,92.605,55.5,92.634,0,92.605,0.78,92.605,3.337,92.605,00,92.605,00,92.605,150,92.634,1.747,,,,,,,,,,,,,,,,,,,,,,,,,,,,,,,,,,,,,,,,,,,,
92.734,92.033,000000,92.053,9.040000000000001,,,,,,,92.700,9.640625,92.765,208700100000,92.765,9,92.745,66,92.745,9,92.722,9.64,92.686,0.806,92.686,1.012,92.634,24.900000000000002,92.686,63.7,92.634,-48,92.686,38.2,92.686,9,92.634,1.191,92.634,0.591,92.686,920,92.686,0001,92.634,01,92.686,10,92.605,55.5,92.634,0,92.605,0.78,92.605,3.337,92.605,00,92.605,00,92.605,150,92.634,1.747,,,,,,,,,,,,,,,,,,,,,,,,,,,,,,,,,,,,,,,,,,,,
92.824,92.033,000000,92.053,9.040000000000001,,,,,,,92.700,9.640625,92.765,208700100000,92.765,9,92.745,66,92.745,9,92.722,9.64,92.806,0.806,92.845,1.0110000000000001,92.845,24.900000000000002,92.894,63.7,92.845,-48,92.686,38.2,92.686,9,92.845,1.2650000000000001,92.845,0.62,92.686,920,92.686,0001,92.845,01,92.686,10,92.806,55.5,92.845,0,92.806,0.78,92.806,3.337,92.806,00,92.806,00,92.806,150,92.845,1.746,,,,,,,,,,,,,,,,,,,,,,,,,,,,,,,,,,,,,,,,,,,,
92.934,92.033,000000,92.053,9.040000000000001,,,,,,,92.700,9.640625,92.765,208700100000,92.765,9,92.745,66,92.745,9,92.722,9.64,92.945,0.806,92.945,1.0090000000000001,92.845,24.900000000000002,92.894,63.7,92.845,-48,92.894,38.2,92.894,10,92.845,1.2650000000000001,92.845,0.62,92.894,929,92.894,0001,92.845,01,92.894,10,92.945,55.5,92.845,0,92.945,0.78,92.945,3.341,92.945,00,92.945,00,92.945,150,92.845,1.746,,,,,,,,,,,,,,,,,,,,,,,,,,,,,,,,,,,,,,,,,,,,
93.032,93.050,000000,92.053,9.040000000000001,,,,,,,92.700,9.640625,92.765,208700100000,92.765,9,92.745,66,92.745,9,92.722,9.64,93.074,0.806,93.019,1.01,93.074,24.900000000000002,93.074,63.7,92.985,-48,93.074,38.2,93.074,11,92.985,1.46,92.985,0.728,93.074,989,93.074,0001,92.985,01,93.074,10,93.019,55.5,92.985,0,93.019,0.78,93.019,3.341,93.019,00,93.019,00,93.019,150,93.019,1.744,,,,,,,,,,,,,,,,,,,,,,,,,,,,,,,,,,,,,,,,,,,,
93.122,93.050,000000,93.124,10.69,,,,,,,92.700,9.640625,92.765,208700100000,92.765,9,92.745,66,92.745,9,92.722,9.64,93.074,0.806,93.105,1.01,93.074,24.900000000000002,93.074,63.7,93.105,-48,93.074,38.2,93.074,11,93.105,1.514,93.105,0.752,93.074,989,93.074,0001,93.105,01,93.074,10,93.105,55.5,93.105,0,93.019,0.78,93.019,3.341,93.019,00,93.019,00,93.019,150,93.105,1.744,,,,,,,,,,,,,,,,,,,,,,,,,,,,,,,,,,,,,,,,,,,,
93.222,93.050,000000,93.124,10.69,,,,,,,92.700,9.640625,92.765,208700100000,92.765,9,92.745,66,92.745,9,92.722,9.64,93.194,0.806,93.232,1.0110000000000001,93.232,24.900000000000002,93.232,63.7,93.232,-48,93.194,38.2,93.194,11,93.232,1.5230000000000001,93.105,0.752,93.232,1027,93.232,0001,93.105,01,93.232,10,93.105,55.5,93.105,0,93.194,0.78,93.194,3.339,93.194,00,93.194,00,93.194,150,93.105,1.744,,,,,,,,,,,,,,,,,,,,,,,,,,,,,,,,,,,,,,,,,,,,
93.321,93.050,000000,93.124,10.69,,,,,,,92.700,9.640625,92.765,208700100000,92.765,9,92.745,66,92.745,9,92.722,9.64,93.293,0.806,93.325,1.0110000000000001,93.325,24.900000000000002,93.232,63.7,93.325,-48,93.325,38.2,93.325,11,93.374,1.572,93.293,0.781,93.232,1027,93.232,0001,93.293,01,93.232,10,93.374,55.5,93.293,0,93.374,0.78,93.374,3.337,93.325,00,93.325,00,93.325,150,93.293,1.742,,,,,,,,,,,,,,,,,,,,,,,,,,,,,,,,,,,,,,,,,,,,
93.422,93.050,000000,93.124,10.69,,,,,,,92.700,9.640625,92.765,208700100000,92.765,9,92.745,66,92.745,9,92.722,9.64,93.445,0.806,93.445,1.014,93.445,24.8,93.408,63.7,93.445,-48,93.325,38.2,93.325,11,93.374,1.572,93.445,0.757,93.408,1043,93.408,0001,93.445,01,93.408,10,93.374,55.5,93.293,0,93.374,0.78,93.374,3.337,93.325,00,93.325,00,93.325,150,93.293,1.742,,,,,,,,,,,,,,,,,,,,,,,,,,,,,,,,,,,,,,,,,,,,
93.520,93.050,000000,93.124,10.69,,,,,,,93.550,12.265625,92.765,208700100000,92.765,9,92.745,66,92.745,9,93.532,12.17,93.574,0.806,93.514,1.016,93.445,24.8,93.514,63.7,93.445,-48,93.485,38.2,93.485,12,93.574,1.5230000000000001,93.574,0.762,93.514,1067,93.514,0001,93.574,01,93.514,10,93.574,55.5,93.574,0,93.574,0.78,93.485,3.34,93.514,00,93.514,00,93.514,150,93.574,1.738,,,,,,,,,,,,,,,,,,,,,,,,,,,,,,,,,,,,,,,,,,,,
93.621,93.050,000000,93.124,10.69,,,,,,,93.550,12.265625,93.654,208700100000,93.654,13,93.624,66,93.624,12,93.532,12.17,93.574,0.806,93.605,1.0170000000000001,93.445,24.8,93.605,63.7,93.445,-48,93.605,38.2,93.605,13,93.574,1.5230000000000001,93.574,0.762,93.514,1067,93.514,0001,93.574,01,93.514,10,93.574,55.5,93.574,0,93.574,0.78,93.605,3.34,93.605,00,93.605,00,93.605,150,93.574,1.738,,,,,,,,,,,,,,,,,,,,,,,,,,,,,,,,,,,,,,,,,,,,
93.724,93.050,000000,93.124,10.69,,,,,,,93.550,12.265625,93.654,208700100000,93.654,13,93.624,66,93.624,12,93.532,12.17,93.685,0.806,93.713,1.0170000000000001,93.685,24.900000000000002,93.605,63.7,93.685,-48,93.713,38.2,93.713,13,93.685,1.5190000000000001,93.685,0.757,93.685,1112,93.685,0001,93.713,01,93.685,10,93.713,55.5,93.713,0,93.713,0.78,93.773,3.339,93.605,00,93.605,00,93.605,150,93.713,1.738,,,,,,,,,,,,,,,,,,,,,,,,,,,,,,,,,,,,,,,,,,,,
93.820,93.050,000000,93.124,10.69,,,,,,,93.850,13.5,93.654,208700100000,93.654,13,93.624,66,93.624,12,93.822,13.030000000000001,93.773,0.806,93.805,1.018,93.805,24.900000000000002,93.773,63.7,93.805,-48,93.773,38.2,93.773,13,93.805,1.499,93.805,0.747,93.805,1160,93.805,0001,93.713,01,93.805,10,93.713,55.5,93.713,0,93.713,0.78,93.773,3.339,93.773,00,93.773,00,93.773,150,93.713,1.738,,,,,,,,,,,,,,,,,,,,,,,,,,,,,,,,,,,,,,,,,,,,
93.933,93.050,000000,93.124,10.69,,,,,,,93.850,13.5,93.654,208700100000,93.654,13,93.624,66,93.624,12,93.822,13.030000000000001,93.968,0.806,93.968,1.018,93.805,24.900000000000002,93.968,64.5,93.805,-48,93.933,38.2,93.933,14,93.805,1.499,93.805,0.747,93.805,1160,93.805,0001,93.894,01,93.805,10,93.894,55.5,93.894,0,93.894,0.78,93.894,3.34,93.968,00,93.968,00,93.968,150,93.894,1.737,,,,,,,,,,,,,,,,,,,,,,,,,,,,,,,,,,,,,,,,,,,,
94.025,93.050,000000,93.124,10.69,,,,,,,93.850,13.5,94.083,208700100000,93.654,13,94.044,66,94.044,13,93.822,13.030000000000001,93.994,0.806,94.024,1.0210000000000001,93.994,24.900000000000002,94.024,64.5,93.994,-48,93.933,38.2,93.933,14,93.994,1.567,93.994,0.781,93.994,1210,93.994,0001,94.024,01,93.994,10,94.024,55.5,94.024,0,94.024,0.78,94.024,3.34,93.968,00,93.968,00,93.968,150,94.024,1.736,,,,,,,,,,,,,,,,,,,,,,,,,,,,,,,,,,,,,,,,,,,,
94.123,94.133,000000,94.153,14.25,,,,,,,93.850,13.5,94.083,208700100000,94.083,14,94.044,66,94.044,13,93.822,13.030000000000001,94.185,0.806,94.113,1.022,94.185,24.900000000000002,94.113,64.5,93.994,-48,94.113,38.2,94.113,14,93.994,1.567,93.994,0.781,93.994,1210,93.994,0001,94.024,01,93.994,10,94.024,55.5,94.024,0,94.024,0.78,94.024,3.34,94.113,00,94.113,00,94.113,150,94.024,1.736,,,,,,,,,,,,,,,,,,,,,,,,,,,,,,,,,,,,,,,,,,,,
94.219,94.133,000000,94.153,14.25,,,,,,,93.850,13.5,94.083,208700100000,94.083,14,94.044,66,94.044,13,93.822,13.030000000000001,94.185,0.806,94.214,1.024,94.185,24.900000000000002,94.113,64.5,94.185,-48,94.214,38.2,94.214,15,94.185,1.494,94.185,0.747,94.185,1228,94.185,0001,94.214,01,94.185,10,94.214,55.5,94.214,0,94.214,0.78,94.214,3.339,94.113,00,94.113,00,94.113,150,94.024,1.736,,,,,,,,,,,,,,,,,,,,,,,,,,,,,,,,,,,,,,,,,,,,
94.325,94.133,000000,94.153,14.25,,,,,,,93.850,13.5,94.083,208700100000,94.083,14,94.044,66,94.044,13,93.822,13.030000000000001,94.294,0.806,94.325,1.0230000000000001,94.369,24.900000000000002,94.294,64.5,94.294,-48,94.325,38.2,94.325,15,94.294,1.616,94.294,0.806,94.294,1262,94.325,0001,94.214,01,94.325,10,94.214,55.5,94.214,0,94.214,0.78,94.214,3.339,94.325,00,94.325,00,94.325,150,94.294,1.733,,,,,,,,,,,,,,,,,,,,,,,,,,,,,,,,,,,,,,,,,,,,
94.421,94.133,000000,94.153,14.25,,,,,,,93.850,13.5,94.083,208700100000,94.083,14,94.044,66,94.044,13,93.822,13.030000000000001,94.473,0.806,94.445,1.025,94.473,24.900000000000002,94.473,64.5,94.473,-48,94.405,38.2,94.405,15,94.405,1.641,94.405,0.8200000000000001,94.405,1335,94.473,0001,94.369,01,94.473,10,94.369,55.5,94.369,0,94.369,0.78,94.369,3.336,94.473,00,94.325,00,94.325,150,94.473,1.733,,,,,,,,,,,,,,,,,,,,,,,,,,,,,,,,,,,,,,,,,,,,
94.522,94.133,000000,94.153,14.25,,,,,,,93.850,13.5,94.083,208700100000,94.083,14,94.044,66,94.044,13,94.552,17.03,94.473,0.806,94.510,1.026,94.473,24.900000000000002,94.473,64.5,94.473,-48,94.510,38.2,94.510,15,94.405,1.641,94.405,0.8200000000000001,94.405,1335,94.473,0001,94.510,01,94.473,10,94.510,55.5,94.510,0,94.369,0.78,94.369,3.336,94.473,00,94.510,00,94.510,150,94.473,1.733,,,,,,,,,,,,,,,,,,,,,,,,,,,,,,,,,,,,,,,,,,,,
94.622,94.133,000000,94.153,14.25,,,,,,,94.640,16.15625,94.083,208700100000,94.083,14,94.664,67,94.664,15,94.552,17.03,94.585,0.915,94.614,1.016,94.585,24.900000000000002,94.585,64.5,94.585,-48,94.510,38.2,94.510,15,94.585,1.8900000000000001,94.614,0.923,94.614,1420,94.614,0001,94.510,01,94.614,10,94.510,55.5,94.510,0,94.585,0.78,94.585,3.339,94.614,00,94.614,00,94.614,150,94.585,1.733,,,,,,,,,,,,,,,,,,,,,,,,,,,,,,,,,,,,,,,,,,,,
94.722,94.133,000000,94.153,14.25,,,,,,,94.640,16.15625,94.762,208700100000,94.762,17,94.664,67,94.664,15,94.552,17.03,94.694,0.8280000000000001,94.733,1.022,94.733,24.900000000000002,94.694,64.5,94.733,-48,94.694,38.2,94.694,17,94.733,1.582,94.614,0.923,94.614,1420,94.733,0001,94.694,01,94.733,10,94.694,55.5,94.694,0,94.585,0.78,94.585,3.339,94.733,00,94.733,00,94.614,150,94.694,1.731,,,,,,,,,,,,,,,,,,,,,,,,,,,,,,,,,,,,,,,,,,,,
94.822,94.133,000000,94.153,14.25,,,,,,,94.640,16.15625,94.762,208700100000,94.762,17,94.664,67,94.664,15,94.552,17.03,94.805,0.806,94.805,1.024,94.733,24.900000000000002,94.805,64.5,94.733,-48,94.845,38.2,94.845,18,94.733,1.582,94.845,0.801,94.805,1452,94.733,0001,94.845,01,94.733,10,94.845,55.5,94.845,0,94.805,0.78,94.805,3.337,94.733,00,94.733,00,94.805,150,94.845,1.73,,,,,,,,,,,,,,,,,,,,,,,,,,,,,,,,,,,,,,,,,,,,
94.924,94.133,000000,94.153,14.25,,,,,,,94.640,16.15625,94.762,208700100000,94.762,17,94.664,67,94.664,15,94.552,17.03,94.805,0.806,94.805,1.024,94.885,24.900000000000002,94.805,64.5,94.885,-48,94.845,38.2,94.845,18,94.885,1.6360000000000001,94.845,0.801,94.885,1516,94.885,0001,94.845,01,94.935,10,94.845,55.5,94.845,0,94.805,0.78,94.805,3.337,94.935,00,94.935,00,94.969,150,94.845,1.73,,,,,,,,,,,,,,,,,,,,,,,,,,,,,,,,,,,,,,,,,,,,
95.020,94.133,000000,94.153,14.25,,,,,,,94.640,16.15625,94.762,208700100000,94.762,17,94.664,67,94.664,15,94.552,17.03,95.073,0.884,95.045,1.0210000000000001,95.045,24.900000000000002,95.073,64.5,95.045,-48,95.073,38.2,95.013,18,95.045,1.733,95.073,0.869,95.073,1570,95.045,0001,95.013,01,95.045,10,95.013,55.5,95.013,0,95.073,0.78,95.073,3.339,95.045,00,95.045,00,95.073,150,95.013,1.729,,,,,,,,,,,,,,,,,,,,,,,,,,,,,,,,,,,,,,,,,,,,
95.134,94.133,000000,94.153,14.25,,,,,,,94.640,16.15625,94.762,208700100000,94.762,17,94.664,67,94.664,15,95.152,18.66,95.073,0.884,95.105,1.018,95.045,24.900000000000002,95.105,64.5,95.045,-48,95.105,38.2,95.105,18,95.045,1.733,95.073,0.869,95.073,1570,95.045,0001,95.105,01,95.045,10,95.013,55.5,95.013,0,95.105,0.78,95.105,3.339,95.045,00,95.045,00,95.105,150,95.013,1.729,,,,,,,,,,,,,,,,,,,,,,,,,,,,,,,,,,,,,,,,,,,,
95.227,94.133,000000,94.153,14.25,,,,,,,95.240,19.234375,94.762,208700100000,94.762,17,95.264,67,95.264,19,95.152,18.66,95.294,0.889,95.225,1.022,95.185,24.900000000000002,95.105,64.5,95.185,-48,95.105,38.2,95.105,18,95.225,1.709,95.185,0.884,95.185,1617,95.225,0001,95.105,01,95.225,10,95.185,55.5,95.185,0,95.225,0.78,95.225,3.339,95.225,00,95.225,00,95.105,150,95.185,1.727,,,,,,,,,,,,,,,,,,,,,,,,,,,,,,,,,,,,,,,,,,,,
95.322,94.133,000000,94.153,14.25,,,,,,,95.240,19.234375,94.762,208700100000,94.762,17,95.264,67,95.264,19,95.152,18.66,95.294,0.889,95.325,1.029,95.325,24.900000000000002,95.294,64.5,95.325,-48,95.294,38.2,95.294,20,95.325,1.699,95.325,0.85,95.325,1714,95.325,0001,95.294,01,95.225,10,95.294,55.5,95.294,0,95.225,0.78,95.225,3.339,95.225,00,95.225,00,95.294,150,95.325,1.725,,,,,,,,,,,,,,,,,,,,,,,,,,,,,,,,,,,,,,,,,,,,
95.422,94.133,000000,94.153,14.25,,,,,,,95.240,19.234375,94.762,208700100000,94.762,17,95.264,67,95.264,19,95.152,18.66,95.434,0.896,95.469,1.033,95.434,24.900000000000002,95.469,64.5,95.434,-48,95.469,38.2,95.469,20,95.434,1.685,95.325,0.85,95.325,1714,95.434,0001,95.469,01,95.373,10,95.406,55.5,95.406,0,95.469,0.78,95.469,3.339,95.373,00,95.373,00,95.469,150,95.325,1.725,,,,,,,,,,,,,,,,,,,,,,,,,,,,,,,,,,,,,,,,,,,,
95.522,94.133,000000,94.153,14.25,,,,,,,95.240,19.234375,95.554,208700100000,95.554,21,95.264,67,95.264,19,95.152,18.66,95.493,0.907,95.525,1.033,95.493,24.900000000000002,95.525,64.5,95.493,-48,95.525,38.2,95.469,20,95.493,1.704,95.493,0.854,95.493,1759,95.493,0001,95.469,01,95.525,10,95.406,55.5,95.406,0,95.525,0.78,95.525,3.337,95.525,00,95.525,00,95.469,150,95.493,1.724,,,,,,,,,,,,,,,,,,,,,,,,,,,,,,,,,,,,,,,,,,,,
95.621,95.643,000000,95.663,21.080000000000002,,,,,,,95.240,19.234375,95.554,208700100000,95.554,21,95.264,67,95.264,19,95.152,18.66,95.593,0.922,95.626,1.036,95.626,24.8,95.525,64.5,95.626,-48,95.525,38.2,95.593,21,95.626,1.709,95.593,0.854,95.593,1794,95.626,0001,95.593,01,95.626,10,95.593,55.5,95.593,0,95.525,0.78,95.525,3.337,95.626,00,95.525,00,95.593,150,95.626,1.722,,,,,,,,,,,,,,,,,,,,,,,,,,,,,,,,,,,,,,,,,,,,
95.721,95.643,000000,95.663,21.080000000000002,,,,,,,95.240,19.234375,95.554,208700100000,95.554,21,95.264,67,95.264,19,95.152,18.66,95.714,0.92,95.745,1.04,95.745,24.900000000000002,95.714,64.5,95.626,-48,95.714,38.2,95.714,22,95.626,1.709,95.745,0.84,95.745,1868,95.626,0001,95.745,01,95.626,10,95.745,55.5,95.745,0,95.714,0.78,95.714,3.34,95.626,00,95.714,00,95.714,150,95.745,1.721,,,,,,,,,,,,,,,,,,,,,,,,,,,,,,,,,,,,,,,,,,,,
95.822,95.643,000000,95.663,21.080000000000002,,,,,,,95.240,19.234375,95.554,208700100000,95.554,21,95.264,67,95.264,19,95.152,18.66,95.805,0.806,95.805,1.048,95.745,24.900000000000002,95.805,64.5,95.805,-48,95.854,38.2,95.854,22,95.805,1.245,95.745,0.84,95.745,1868,95.805,0001,95.745,01,95.805,10,95.745,55.5,95.745,0,95.854,0.78,95.854,3.339,95.805,00,95.854,00,95.854,150,95.745,1.721,,,,,,,,,,,,,,,,,,,,,,,,,,,,,,,,,,,,,,,,,,,,
95.932,95.643,000000,95.663,21.080000000000002,,,,,,,95.240,19.234375,95.554,208700100000,95.554,21,95.264,67,95.264,19,95.960,22.32,95.933,1.012,95.805,1.048,95.933,24.900000000000002,95.805,64.5,95.805,-48,95.854,38.2,95.854,22,95.805,1.245,95.933,0.386,95.933,1893,95.805,0001,95.933,01,95.805,10,95.933,55.5,95.933,0,95.854,0.78,95.854,3.339,95.805,00,95.854,00,95.854,150,95.933,1.719,,,,,,,,,,,,,,,,,,,,,,,,,,,,,,,,,,,,,,,,,,,,
96.032,95.643,000000,95.663,21.080000000000002,,,,,,,95.240,19.234375,95.554,208700100000,95.554,21,95.264,67,95.264,19,95.960,22.32,95.933,1.012,95.985,1.063,95.933,24.900000000000002,95.985,64.5,95.985,-48,95.985,38.2,95.854,22,95.985,0.796,95.933,0.386,95.933,1893,95.985,0001,95.933,01,95.985,10,95.933,55.5,95.933,0,95.854,0.78,95.854,3.339,95.985,00,95.854,00,95.854,150,95.933,1.719,,,,,,,,,,,,,,,,,,,,,,,,,,,,,,,,,,,,,,,,,,,,
96.131,95.643,000000,95.663,21.080000000000002,,,,,,,96.051,22.578125,96.155,208700100000,96.155,23,96.130,68,96.130,22,95.960,22.32,96.074,1.012,96.105,1.056,96.105,24.900000000000002,96.105,64.5,96.074,-48,96.105,38.2,96.025,23,96.074,0.796,96.105,0.386,96.074,1915,96.105,0002,96.074,01,96.105,10,96.074,55.5,96.074,0,96.025,0.78,96.025,3.336,96.105,00,96.025,00,96.025,150,96.074,1.718,,,,,,,,,,,,,,,,,,,,,,,,,,,,,,,,,,,,,,,,,,,,
96.221,95.643,000000,95.663,21.080000000000002,,,,,,,96.051,22.578125,96.155,208700100000,96.155,23,96.130,68,96.130,22,95.960,22.32,96.273,1.012,96.219,1.055,96.219,24.900000000000002,96.185,64.5,96.273,-48,96.185,38.2,96.185,22,96.273,0.796,96.219,0.386,96.219,1938,96.273,0002,96.219,01,96.273,10,96.219,55.5,96.273,0,96.185,0.78,96.185,3.337,96.273,00,96.219,00,96.219,150,96.273,1.715,,,,,,,,,,,,,,,,,,,,,,,,,,,,,,,,,,,,,,,,,,,,
96.321,95.643,000000,95.663,21.080000000000002,,,,,,,96.051,22.578125,96.155,208700100000,96.155,23,96.130,68,96.130,22,96.342,21.95,96.273,1.012,96.306,1.052,96.306,24.900000000000002,96.306,64.5,96.374,-48,96.306,38.2,96.306,22,96.374,0.796,96.306,0.386,96.374,1931,96.374,0002,96.374,01,96.374,10,96.374,55.5,96.273,0,96.306,0.78,96.306,3.337,96.273,00,96.219,00,96.219,150,96.273,1.715,,,,,,,,,,,,,,,,,,,,,,,,,,,,,,,,,,,,,,,,,,,,
96.421,95.643,000000,95.663,21.080000000000002,,,,,,,96.051,22.578125,96.155,208700100000,96.155,23,96.130,68,96.130,22,96.342,21.95,96.273,1.012,96.306,1.052,96.306,24.900000000000002,96.405,64.5,96.374,-48,96.405,39,96.405,22,96.374,0.796,96.306,0.386,96.374,1931,96.374,0002,96.374,01,96.374,10,96.374,55.5,96.273,0,96.405,0.78,96.405,3.339,96.405,00,96.405,00,96.445,150,96.273,1.715,,,,,,,,,,,,,,,,,,,,,,,,,,,,,,,,,,,,,,,,,,,,
96.521,95.643,000000,95.663,21.080000000000002,,,,,,,96.531,21.109375,96.155,208700100000,96.155,23,96.554,67,96.554,21,96.342,21.95,96.485,1.012,96.514,1.042,96.485,24.900000000000002,96.514,64.5,96.514,-48,96.514,39,96.405,22,96.514,0.796,96.485,0.386,96.485,1878,96.514,0002,96.485,01,96.514,10,96.485,55.5,96.485,0,96.405,0.78,96.405,3.339,96.405,00,96.405,00,96.445,150,96.514,1.711,,,,,,,,,,,,,,,,,,,,,,,,,,,,,,,,,,,,,,,,,,,,
96.621,95.643,000000,95.663,21.080000000000002,,,,,,,96.531,21.109375,96.651,208700100000,96.651,21,96.554,67,96.554,21,96.342,21.95,96.593,1.012,96.625,1.036,96.625,24.900000000000002,96.625,64.5,96.625,-48,96.514,39,96.593,20,96.514,0.796,96.625,0.386,96.593,1815,96.514,0002,96.593,01,96.514,10,96.593,55.5,96.625,0,96.593,0.78,96.593,3.34,96.625,00,96.593,00,96.625,150,96.514,1.711,,,,,,,,,,,,,,,,,,,,,,,,,,,,,,,,,,,,,,,,,,,,
96.721,96.740,000000,96.763,20.21,,,,,,,96.531,21.109375,96.651,208700100000,96.651,21,96.554,67,96.554,21,96.342,21.95,96.685,1.012,96.713,1.033,96.685,24.900000000000002,96.625,64.5,96.625,-48,96.685,39,96.713,20,96.685,0.796,96.713,0.386,96.713,1732,96.685,0002,96.713,01,96.685,10,96.713,55.5,96.625,0,96.713,0.78,96.713,3.337,96.625,00,96.593,00,96.685,150,96.685,1.71,,,,,,,,,,,,,,,,,,,,,,,,,,,,,,,,,,,,,,,,,,,,
96.820,96.740,000000,96.763,20.21,,,,,,,96.531,21.109375,96.651,208700100000,96.651,21,96.554,67,96.554,21,96.342,21.95,96.793,1.012,96.834,1.03,96.834,24.900000000000002,96.873,65.2,96.873,-48,96.793,39,96.834,19,96.793,0.796,96.834,0.386,96.873,1595,96.793,0002,96.873,01,96.793,10,96.873,55.5,96.834,0,96.873,0.78,96.873,3.337,96.834,00,96.793,00,96.834,150,96.834,1.707,,,,,,,,,,,,,,,,,,,,,,,,,,,,,,,,,,,,,,,,,,,,
96.921,96.740,000000,96.763,20.21,,,,,,,96.531,21.109375,96.651,208700100000,96.651,21,96.554,67,96.554,21,96.342,21.95,96.934,1.012,96.968,1.026,96.934,24.900000000000002,96.873,65.2,96.873,-48,96.906,39,96.968,18,96.906,0.796,96.934,0.386,96.968,1521,96.906,0002,96.968,01,96.906,10,96.968,55.5,96.834,0,96.968,0.78,96.968,3.337,96.834,00,96.968,00,96.834,150,96.834,1.707,,,,,,,,,,,,,,,,,,,,,,,,,,,,,,,,,,,,,,,,,,,,
97.024,96.740,000000,96.763,20.21,,,,,,,96.531,21.109375,96.651,208700100000,96.651,21,96.554,67,96.554,21,96.342,21.95,96.993,1.012,97.025,1.026,97.025,24.900000000000002,96.993,65.2,96.993,-48,96.993,39,97.025,18,96.993,0.796,97.025,0.386,97.025,1449,96.993,0002,96.968,01,96.993,10,96.968,55.5,96.993,0,96.968,0.78,96.968,3.337,97.025,00,96.968,00,97.025,150,97.025,1.705,,,,,,,,,,,,,,,,,,,,,,,,,,,,,,,,,,,,,,,,,,,,
97.124,96.740,000000,96.763,20.21,,,,,,,96.531,21.109375,96.651,208700100000,96.651,21,96.554,67,96.554,21,96.342,21.95,97.105,1.012,97.145,1.0230000000000001,97.025,24.900000000000002,97.105,65.2,97.105,-48,97.145,39,97.025,18,97.145,0.796,97.025,0.386,97.025,1449,97.145,0002,97.105,01,97.145,10,97.105,55.5,97.145,0,97.105,0.78,97.105,3.337,97.145,00,97.105,00,97.145,150,97.025,1.705,,,,,,,,,,,,,,,,,,,,,,,,,,,,,,,,,,,,,,,,,,,,
97.229,96.740,000000,96.763,20.21,,,,,,,97.260,16.203125,96.651,208700100000,96.651,21,96.554,67,96.554,21,97.242,16.4,97.193,1.012,97.225,1.0230000000000001,97.193,24.900000000000002,97.193,65.2,97.193,-48,97.145,39,97.193,17,97.145,0.796,97.193,0.386,97.193,1221,97.145,0002,97.225,01,97.145,10,97.225,55.5,97.225,0,97.225,0.78,97.225,3.34,97.225,00,97.105,00,97.225,150,97.193,1.704,,,,,,,,,,,,,,,,,,,,,,,,,,,,,,,,,,,,,,,,,,,,
97.324,96.740,000000,96.763,20.21,,,,,,,97.260,16.203125,96.651,208700100000,96.651,21,96.554,67,96.554,21,97.242,16.4,97.306,1.012,97.225,1.0230000000000001,97.193,24.900000000000002,97.306,65.2,97.306,-48,97.306,39,97.193,17,97.306,0.796,97.193,0.386,97.193,1221,97.306,0001,97.225,01,97.306,10,97.225,55.5,97.225,0,97.225,0.78,97.225,3.34,97.225,00,97.306,00,97.345,150,97.193,1.704,,,,,,,,,,,,,,,,,,,,,,,,,,,,,,,,,,,,,,,,,,,,
97.422,96.740,000000,96.763,20.21,,,,,,,97.260,16.203125,96.651,208700100000,96.651,21,97.463,67,97.463,15,97.242,16.4,97.445,1.012,97.345,1.0230000000000001,97.445,24.900000000000002,97.374,65.2,97.414,-48,97.445,39,97.345,16,97.445,0.796,97.345,0.386,97.345,1033,97.445,0001,97.374,01,97.445,10,97.374,55.5,97.345,0,97.374,0.78,97.374,3.339,97.345,00,97.374,00,97.345,150,97.374,1.702,,,,,,,,,,,,,,,,,,,,,,,,,,,,,,,,,,,,,,,,,,,,
97.532,96.740,000000,96.763,20.21,,,,,,,97.260,16.203125,96.651,208700100000,96.651,21,97.463,67,97.463,15,97.242,16.4,97.534,1.012,97.504,1.0190000000000001,97.445,24.900000000000002,97.534,65.2,97.534,-48,97.445,39,97.504,15,97.445,0.796,97.504,0.386,97.504,879,97.445,0001,97.504,01,97.445,10,97.504,55.5,97.534,0,97.504,0.78,97.534,3.339,97.534,00,97.534,00,97.534,150,97.504,1.699,,,,,,,,,,,,,,,,,,,,,,,,,,,,,,,,,,,,,,,,,,,,
97.622,96.740,000000,96.763,20.21,,,,,,,97.260,16.203125,97.554,208700100000,97.554,14,97.463,67,97.463,15,97.652,13.67,97.634,1.012,97.585,1.02,97.634,24.900000000000002,97.534,65.2,97.534,-48,97.585,39,97.634,14,97.585,0.796,97.634,0.386,97.504,879,97.585,0001,97.585,01,97.634,10,97.585,55.5,97.634,0,97.585,0.78,97.534,3.339,97.634,00,97.534,00,97.634,150,97.504,1.699,,,,,,,,,,,,,,,,,,,,,,,,,,,,,,,,,,,,,,,,,,,,
97.721,96.740,000000,96.763,20.21,,,,,,,97.700,13.3125,97.554,208700100000,97.554,14,97.763,67,97.763,13,97.652,13.67,97.745,1.012,97.685,1.02,97.634,24.900000000000002,97.685,65.2,97.685,-48,97.745,39,97.634,14,97.745,0.796,97.634,0.386,97.685,913,97.745,0001,97.685,01,97.745,10,97.685,55.5,97.745,0,97.685,0.78,97.745,3.34,97.634,00,97.745,00,97.634,150,97.685,1.697,,,,,,,,,,,,,,,,,,,,,,,,,,,,,,,,,,,,,,,,,,,,
97.821,96.740,000000,96.763,20.21,,,,,,,97.700,13.3125,97.554,208700100000,97.554,14,97.763,67,97.763,13,97.652,13.67,97.834,1.012,97.874,1.0170000000000001,97.806,24.8,97.834,65.2,97.834,-48,97.874,39,97.874,12,97.874,0.796,97.874,0.386,97.806,953,97.874,0001,97.834,01,97.874,10,97.834,55.5,97.874,0,97.834,0.78,97.834,3.339,97.806,00,97.834,00,97.806,150,97.806,1.696,,,,,,,,,,,,,,,,,,,,,,,,,,,,,,,,,,,,,,,,,,,,
97.926,96.740,000000,96.763,20.21,,,,,,,97.700,13.3125,97.554,208700100000,97.554,14,97.763,67,97.763,13,97.652,13.67,97.945,1.012,97.874,1.0170000000000001,97.945,24.900000000000002,97.974,65.2,97.834,-48,97.874,39,97.874,12,97.874,0.796,97.874,0.386,97.906,960,97.874,0001,97.834,01,97.874,10,97.834,55.5,97.874,0,97.834,0.78,97.834,3.339,97.945,00,97.834,00,97.945,150,97.906,1.694,,,,,,,,,,,,,,,,,,,,,,,,,,,,,,,,,,,,,,,,,,,,
98.030,96.740,000000,96.763,20.21,,,,,,,97.700,13.3125,97.554,208700100000,97.554,14,97.763,67,97.763,13,97.652,13.67,98.014,1.012,98.045,1.0170000000000001,98.045,24.900000000000002,97.974,65.2,97.974,-48,98.014,39,98.045,11,98.014,0.796,98.045,0.386,98.045,913,98.014,0001,97.974,01,98.014,10,97.974,55.5,98.014,0,97.974,0.78,98.014,3.337,98.045,00,98.014,00,98.045,150,98.045,1.692,,,,,,,,,,,,,,,,,,,,,,,,,,,,,,,,,,,,,,,,,,,,
98.131,98.064,000000,98.084,10.85,,,,,,,97.700,13.3125,97.554,208700100000,97.554,14,97.763,67,97.763,13,97.652,13.67,98.114,1.012,98.045,1.0170000000000001,98.045,24.900000000000002,98.114,65.2,98.114,-48,98.014,39,98.045,11,98.014,0.796,98.045,0.386,98.045,913,98.014,0001,98.114,01,98.014,10,98.114,55.5,98.014,0,98.114,0.78,98.114,3.339,98.045,00,98.114,00,98.045,150,98.045,1.692,,,,,,,,,,,,,,,,,,,,,,,,,,,,,,,,,,,,,,,,,,,,
98.229,98.064,000000,98.084,10.85,,,,,,,97.700,13.3125,97.554,208700100000,97.554,14,97.763,67,97.763,13,97.652,13.67,98.214,1.012,98.254,1.0170000000000001,98.154,24.900000000000002,98.214,65.2,98.214,-48,98.254,39,98.214,10,98.254,0.796,98.214,0.386,98.214,878,98.154,0001,98.254,01,98.154,10,98.254,55.5,98.154,0,98.254,0.78,98.254,3.34,98.154,00,98.254,00,98.214,150,98.214,1.691,,,,,,,,,,,,,,,,,,,,,,,,,,,,,,,,,,,,,,,,,,,,
98.320,98.064,000000,98.084,10.85,,,,,,,97.700,13.3125,97.554,208700100000,97.554,14,97.763,67,97.763,13,97.652,13.67,98.306,1.012,98.357,1.0170000000000001,98.306,24.8,98.357,65.2,98.357,-48,98.357,39,98.357,10,98.357,0.796,98.357,0.386,98.306,868,98.306,0001,98.254,01,98.306,10,98.254,55.5,98.306,0,98.254,0.78,98.254,3.34,98.306,00,98.254,00,98.357,150,98.306,1.689,,,,,,,,,,,,,,,,,,,,,,,,,,,,,,,,,,,,,,,,,,,,
98.422,98.064,000000,98.084,10.85,,,,,,,97.700,13.3125,97.554,208700100000,97.554,14,97.763,67,97.763,13,97.652,13.67,98.306,1.012,98.357,1.0170000000000001,98.306,24.8,98.357,65.2,98.357,-48,98.357,39,98.357,10,98.357,0.796,98.357,0.386,98.394,832,98.306,0001,98.435,01,98.306,10,98.435,55.5,98.306,0,98.435,0.78,98.435,3.336,98.306,00,98.254,00,98.357,150,98.394,1.688,,,,,,,,,,,,,,,,,,,,,,,,,,,,,,,,,,,,,,,,,,,,
98.522,98.064,000000,98.084,10.85,,,,,,,97.700,13.3125,97.554,208700100000,97.554,14,97.763,67,97.763,13,97.652,13.67,98.545,1.012,98.493,1.016,98.469,24.900000000000002,98.545,65.2,98.545,-48,98.545,39,98.469,9,98.545,0.796,98.469,0.386,98.493,786,98.469,0001,98.493,01,98.493,10,98.545,55.5,98.493,0,98.545,0.78,98.545,3.337,98.493,00,98.469,00,98.493,150,98.493,1.687,,,,,,,,,,,,,,,,,,,,,,,,,,,,,,,,,,,,,,,,,,,,
98.621,98.064,000000,98.084,10.85,,,,,,,97.700,13.3125,98.574,208700100000,98.574,9,97.763,67,97.763,13,98.622,8.97,98.654,1.012,98.605,1.016,98.605,24.900000000000002,98.545,65.2,98.545,-48,98.545,39,98.605,9,98.545,0.796,98.605,0.386,98.654,761,98.605,0001,98.654,01,98.605,10,98.654,55.5,98.605,0,98.654,0.78,98.654,3.337,98.605,00,98.469,00,98.654,150,98.654,1.686,,,,,,,,,,,,,,,,,,,,,,,,,,,,,,,,,,,,,,,,,,,,
98.732,98.064,000000,98.084,10.85,,,,,,,98.711,8.875,98.574,208700100000,98.574,9,97.763,67,97.763,13,98.622,8.97,98.685,1.012,98.734,1.014,98.685,24.900000000000002,98.685,65.2,98.685,-48,98.685,39,98.605,9,98.685,0.796,98.605,0.386,98.654,761,98.605,0001,98.654,01,98.605,10,98.654,55.5,98.605,0,98.654,0.78,98.654,3.337,98.605,00,98.685,00,98.654,150,98.654,1.686,,,,,,,,,,,,,,,,,,,,,,,,,,,,,,,,,,,,,,,,,,,,
98.824,98.064,000000,98.084,10.85,,,,,,,98.711,8.875,98.574,208700100000,98.574,9,98.753,67,98.753,8,98.622,8.97,98.825,1.012,98.870,1.0150000000000001,98.685,24.900000000000002,98.825,65.2,98.685,-48,98.685,39,98.734,9,98.685,0.796,98.734,0.386,98.734,756,98.734,0001,98.825,01,98.734,10,98.825,55.5,98.734,0,98.825,0.78,98.825,3.337,98.734,00,98.685,00,98.825,150,98.825,1.682,,,,,,,,,,,,,,,,,,,,,,,,,,,,,,,,,,,,,,,,,,,,
98.933,98.064,000000,98.084,10.85,,,,,,,98.711,8.875,98.574,208700100000,98.574,9,98.753,67,98.753,8,98.622,8.97,98.825,1.012,98.870,1.0150000000000001,98.870,24.900000000000002,98.825,65.2,98.870,-48,98.870,39,98.870,9,98.870,0.796,98.870,0.386,98.945,722,98.906,0001,98.945,01,98.906,10,98.825,55.5,98.906,0,98.825,0.78,98.825,3.337,98.906,00,98.870,00,98.825,150,98.825,1.682,,,,,,,,,,,,,,,,,,,,,,,,,,,,,,,,,,,,,,,,,,,,
99.033,98.064,000000,98.084,10.85,,,,,,,98.711,8.875,98.574,208700100000,98.574,9,98.753,67,98.753,8,98.622,8.97,98.973,1.012,99.067,1.0130000000000001,99.025,24.900000000000002,98.973,65.2,98.973,-48,99.025,39,99.025,9,99.025,0.796,99.025,0.386,98.945,722,99.025,0001,98.945,01,98.906,10,98.973,55.5,98.906,0,98.973,0.78,98.973,3.337,98.906,00,99.025,00,98.973,150,98.973,1.682,,,,,,,,,,,,,,,,,,,,,,,,,,,,,,,,,,,,,,,,,,,,
99.123,98.064,000000,98.084,10.85,,,,,,,98.711,8.875,99.154,208700100000,99.154,8,98.753,67,98.753,8,98.622,8.97,99.185,1.012,99.125,1.0130000000000001,99.125,24.900000000000002,99.093,65.2,99.093,-48,99.125,39,99.125,9,99.125,0.796,99.125,0.386,99.067,709,99.125,0001,99.067,01,99.067,10,99.093,55.5,99.067,0,99.093,0.78,99.093,3.337,99.067,00,99.125,00,99.093,150,99.093,1.681,,,,,,,,,,,,,,,,,,,,,,,,,,,,,,,,,,,,,,,,,,,,
99.220,98.064,000000,98.084,10.85,,,,,,,98.711,8.875,99.154,208700100000,99.154,8,98.753,67,98.753,8,98.622,8.97,99.185,1.012,99.125,1.0130000000000001,99.125,24.900000000000002,99.093,65.2,99.093,-48,99.125,39,99.125,9,99.125,0.796,99.125,0.386,99.185,708,99.125,0001,99.185,01,99.185,10,99.185,55.5,99.185,0,99.185,0.78,99.093,3.337,99.185,00,99.125,00,99.093,150,99.093,1.681,,,,,,,,,,,,,,,,,,,,,,,,,,,,,,,,,,,,,,,,,,,,
99.322,99.324,000000,98.084,10.85,,,,,,,99.304,8.375,99.154,208700100000,99.154,8,98.753,67,98.753,8,99.250,8.27,99.274,1.012,99.225,1.0130000000000001,99.225,24.900000000000002,99.225,66,99.225,-48,99.225,39,99.274,8,99.274,0.796,99.274,0.386,99.274,707,99.274,0001,99.274,01,99.185,10,99.185,55.5,99.185,0,99.185,0.78,99.225,3.339,99.185,00,99.274,00,99.225,150,99.225,1.677,,,,,,,,,,,,,,,,,,,,,,,,,,,,,,,,,,,,,,,,,,,,
99.422,99.324,000000,98.084,10.85,,,,,,,99.304,8.375,99.154,208700100000,99.154,8,98.753,67,98.753,8,99.250,8.27,99.274,1.012,99.355,1.0130000000000001,99.385,24.900000000000002,99.385,66,99.385,-48,99.385,39,99.385,8,99.385,0.796,99.425,0.386,99.454,715,99.425,0001,99.454,01,99.454,10,99.355,55.5,99.454,0,99.355,0.78,99.355,3.337,99.355,00,99.425,00,99.355,150,99.385,1.677,,,,,,,,,,,,,,,,,,,,,,,,,,,,,,,,,,,,,,,,,,,,
99.521,99.324,000000,99.564,8.31,,,,,,,99.304,8.375,99.154,208700100000,99.154,8,98.753,67,98.753,8,99.250,8.27,99.485,1.012,99.545,1.0130000000000001,99.514,24.900000000000002,99.514,66,99.514,-48,99.514,39,99.514,8,99.514,0.801,99.545,0.4,99.545,715,99.545,0001,99.545,01,99.545,10,99.485,55.5,99.545,0,99.485,0.78,99.485,3.336,99.485,00,99.545,00,99.485,150,99.514,1.676,,,,,,,,,,,,,,,,,,,,,,,,,,,,,,,,,,,,,,,,,,,,
99.621,99.324,000000,99.564,8.31,,,,,,,99.304,8.375,99.154,208700100000,99.154,8,98.753,67,98.753,8,99.250,8.27,99.614,1.012,99.674,1.0130000000000001,99.674,24.900000000000002,99.614,66,99.614,-48,99.674,39.7,99.674,8,99.674,0.967,99.674,0.46900000000000003,99.545,715,99.674,0001,99.545,01,99.545,10,99.614,55.5,99.545,0,99.614,0.78,99.614,3.337,99.614,00,99.545,00,99.614,150,99.674,1.674,,,,,,,,,,,,,,,,,,,,,,,,,,,,,,,,,,,,,,,,,,,,
99.722,99.324,000000,99.564,8.31,,,,,,,99.304,8.375,99.154,208700100000,99.154,8,98.753,67,98.753,8,99.250,8.27,99.706,0.806,99.754,1.012,99.754,24.900000000000002,99.754,66,99.754,-48,99.674,39.7,99.674,8,99.674,0.967,99.674,0.46900000000000003,99.706,726,99.674,0001,99.706,01,99.706,10,99.706,55.5,99.706,0,99.706,0.78,99.754,3.339,99.754,00,99.706,00,99.754,150,99.754,1.672,,,,,,,,,,,,,,,,,,,,,,,,,,,,,,,,,,,,,,,,,,,,
99.820,99.324,000000,99.564,8.31,,,,,,,99.304,8.375,99.802,208700100000,99.802,8,99.773,68,99.773,8,99.822,8.19,99.870,0.806,99.754,1.012,99.754,24.900000000000002,99.754,66,99.754,-48,99.870,39.7,99.870,8,99.870,1.24,99.870,0.615,99.870,744,99.870,0001,99.706,01,99.706,10,99.706,55.5,99.706,0,99.706,0.78,99.754,3.339,99.754,00,99.870,00,99.754,150,99.754,1.672,,,,,,,,,,,,,,,,,,,,,,,,,,,,,,,,,,,,,,,,,,,,
99.920,99.324,000000,99.564,8.31,,,,,,,99.304,8.375,99.802,208700100000,99.802,8,99.773,68,99.773,8,99.822,8.19,99.870,0.806,99.906,1.01,99.934,24.900000000000002,99.934,66,99.934,-48,99.870,39.7,99.870,8,99.870,1.24,99.870,0.615,99.969,763,99.870,0001,99.906,01,99.906,10,99.906,55.5,99.906,0,99.906,0.78,99.906,3.336,99.906,00,99.870,00,99.934,150,99.934,1.672,,,,,,,,,,,,,,,,,,,,,,,,,,,,,,,,,,,,,,,,,,,,
100.022,99.324,000000,99.564,8.31,,,,,,,100.011,7.90625,100.085,208700100000,99.802,8,100.063,68,100.063,8,99.822,8.19,99.994,0.806,99.994,1.0110000000000001,99.934,24.900000000000002,99.934,66,99.934,-48,99.994,39.7,99.994,8,99.994,1.289,99.994,0.635,99.969,763,99.994,0001,99.906,01,99.906,10,99.906,55.5,99.906,0,99.906,0.78,99.906,3.336,99.906,00,99.994,00,99.934,150,99.934,1.672,,,,,,,,,,,,,,,,,,,,,,,,,,,,,,,,,,,,,,,,,,,,
100.122,99.324,000000,99.564,8.31,,,,,,,100.011,7.90625,100.085,208700100000,100.085,8,100.063,68,100.063,8,100.173,8.4,100.113,0.806,100.154,1.01,100.154,24.900000000000002,100.154,66,100.154,-48,100.154,39.7,100.154,8,99.994,1.289,99.994,0.635,99.969,763,99.994,0001,100.113,01,100.113,10,100.113,55.5,100.113,0,100.113,0.78,100.113,3.336,100.113,00,99.994,00,100.154,150,100.154,1.67,,,,,,,,,,,,,,,,,,,,,,,,,,,,,,,,,,,,,,,,,,,,
100.231,100.254,000000,100.280,8.38,,,,,,,100.011,7.90625,100.085,208700100000,100.085,8,100.063,68,100.063,8,100.173,8.4,100.205,0.806,100.234,1.01,100.154,24.900000000000002,100.154,66,100.154,-48,100.234,39.7,100.234,8,100.205,1.5090000000000001,100.205,0.752,100.205,901,100.205,0001,100.205,01,100.205,10,100.234,55.5,100.234,0,100.234,0.78,100.234,3.337,100.234,00,100.205,00,100.154,150,100.154,1.67,,,,,,,,,,,,,,,,,,,,,,,,,,,,,,,,,,,,,,,,,,,,
100.332,100.254,000000,100.280,8.38,,,,,,,100.011,7.90625,100.085,208700100000,100.085,8,100.063,68,100.063,8,100.173,8.4,100.326,0.806,100.370,1.01,100.326,24.8,100.326,66,100.326,-48,100.234,39.7,100.234,8,100.205,1.5090000000000001,100.205,0.752,100.205,901,100.205,0001,100.326,01,100.326,10,100.234,55.5,100.234,0,100.234,0.78,100.234,3.337,100.234,00,100.205,00,100.326,150,100.326,1.669,,,,,,,,,,,,,,,,,,,,,,,,,,,,,,,,,,,,,,,,,,,,
100.420,100.254,000000,100.280,8.38,,,,,,,100.011,7.90625,100.085,208700100000,100.085,8,100.063,68,100.063,8,100.173,8.4,100.474,0.806,100.370,1.01,100.474,24.900000000000002,100.474,66,100.474,-48,100.370,39.7,100.370,9,100.474,1.5330000000000001,100.370,0.762,100.370,1028,100.370,0001,100.414,01,100.414,10,100.445,55.5,100.445,0,100.445,0.78,100.445,3.337,100.474,00,100.370,00,100.474,150,100.474,1.665,,,,,,,,,,,,,,,,,,,,,,,,,,,,,,,,,,,,,,,,,,,,
100.522,100.254,000000,100.280,8.38,,,,,,,100.011,7.90625,100.085,208700100000,100.085,8,100.063,68,100.063,8,100.173,8.4,100.474,0.806,100.510,1.01,100.474,24.900000000000002,100.474,66,100.474,-48,100.510,39.7,100.370,9,100.474,1.5330000000000001,100.510,0.757,100.510,1124,100.510,0001,100.510,01,100.510,10,100.445,55.5,100.445,0,100.445,0.78,100.445,3.337,100.474,00,100.510,00,100.474,150,100.474,1.665,,,,,,,,,,,,,,,,,,,,,,,,,,,,,,,,,,,,,,,,,,,,
100.621,100.254,000000,100.280,8.38,,,,,,,100.011,7.90625,100.085,208700100000,100.085,8,100.063,68,100.063,8,100.173,8.4,100.594,0.806,100.634,1.0130000000000001,100.594,24.900000000000002,100.594,66,100.594,-48,100.634,39.7,100.634,10,100.634,1.5090000000000001,100.634,0.752,100.634,1173,100.634,0001,100.545,01,100.545,10,100.545,55.5,100.545,0,100.594,0.78,100.594,3.336,100.594,00,100.510,00,100.594,150,100.634,1.665,,,,,,,,,,,,,,,,,,,,,,,,,,,,,,,,,,,,,,,,,,,,
100.721,100.254,000000,100.280,8.38,,,,,,,100.791,10.578125,100.085,208700100000,100.085,8,100.063,68,100.063,8,100.173,8.4,100.719,0.806,100.767,1.0150000000000001,100.767,24.900000000000002,100.767,66,100.767,-48,100.767,39.7,100.634,10,100.634,1.5090000000000001,100.634,0.752,100.634,1173,100.634,0001,100.719,01,100.719,10,100.719,55.5,100.719,0,100.719,0.78,100.719,3.336,100.767,00,100.719,00,100.767,150,100.767,1.665,,,,,,,,,,,,,,,,,,,,,,,,,,,,,,,,,,,,,,,,,,,,
100.821,100.254,000000,100.280,8.38,,,,,,,100.791,10.578125,100.085,208700100000,100.085,8,100.063,68,100.063,8,100.173,8.4,100.814,0.806,100.854,1.0170000000000001,100.854,25,100.854,66,100.767,-48,100.767,39.7,100.814,10,100.814,1.362,100.814,0.674,100.814,1195,100.814,0001,100.814,01,100.854,10,100.854,55.5,100.854,0,100.854,0.78,100.854,3.335,100.767,00,100.814,00,100.767,150,100.767,1.665,,,,,,,,,,,,,,,,,,,,,,,,,,,,,,,,,,,,,,,,,,,,
100.922,100.254,000000,100.280,8.38,,,,,,,100.791,10.578125,100.085,208700100000,100.085,8,100.063,68,100.063,8,100.173,8.4,100.954,0.806,100.954,1.02,100.914,25,100.954,66,100.885,-48,100.885,39.7,100.954,11,100.954,1.24,100.954,0.615,100.954,1183,100.954,0001,100.814,01,100.854,10,100.854,55.5,100.854,0,100.854,0.78,100.854,3.335,100.885,00,100.814,00,100.885,150,100.885,1.663,,,,,,,,,,,,,,,,,,,,,,,,,,,,,,,,,,,,,,,,,,,,
101.022,100.254,000000,100.280,8.38,,,,,,,100.791,10.578125,101.061,208700100000,101.061,12,100.973,69,100.973,10,101.090,12.040000000000001,101.005,0.806,101.034,1.02,101.034,24.900000000000002,101.034,66,101.034,-48,101.034,39.7,100.954,11,100.954,1.24,100.954,0.615,100.954,1183,100.954,0001,101.005,01,101.005,10,101.005,55.5,101.005,0,101.005,0.78,101.005,3.337,101.034,00,101.005,00,101.034,150,101.034,1.661,,,,,,,,,,,,,,,,,,,,,,,,,,,,,,,,,,,,,,,,,,,,
101.121,100.254,000000,100.280,8.38,,,,,,,100.791,10.578125,101.061,208700100000,101.061,12,100.973,69,100.973,10,101.090,12.040000000000001,101.115,0.806,101.154,1.02,101.154,24.900000000000002,101.154,66,101.034,-48,101.034,39.7,101.115,11,101.115,1.187,101.115,0.591,101.115,1145,101.115,0001,101.115,01,101.154,10,101.154,55.5,101.154,0,101.154,0.78,101.154,3.339,101.034,00,101.115,00,101.034,150,101.034,1.661,,,,,,,,,,,,,,,,,,,,,,,,,,,,,,,,,,,,,,,,,,,,
101.222,100.254,000000,100.280,8.38,,,,,,,101.260,12.28125,101.061,208700100000,101.061,12,101.282,69,100.973,10,101.090,12.040000000000001,101.206,1.012,101.234,1.0170000000000001,101.154,24.900000000000002,101.154,66,101.206,-48,101.206,39.7,101.206,12,101.206,0.796,101.234,0.391,101.234,1061,101.234,0001,101.234,01,101.234,10,101.234,55.5,101.154,0,101.154,0.78,101.154,3.339,101.206,00,101.234,00,101.206,150,101.206,1.6600000000000001,,,,,,,,,,,,,,,,,,,,,,,,,,,,,,,,,,,,,,,,,,,,
101.321,100.254,000000,100.280,8.38,,,,,,,101.260,12.28125,101.061,208700100000,101.061,12,101.282,69,101.282,12,101.090,12.040000000000001,101.314,1.012,101.355,1.02,101.314,25,101.314,66,101.355,-48,101.355,39.7,101.386,12,101.314,0.796,101.234,0.391,101.234,1061,101.234,0001,101.234,01,101.355,10,101.355,55.5,101.314,0,101.314,0.78,101.314,3.335,101.355,00,101.234,00,101.355,150,101.355,1.6580000000000001,,,,,,,,,,,,,,,,,,,,,,,,,,,,,,,,,,,,,,,,,,,,
101.433,100.254,000000,100.280,8.38,,,,,,,101.260,12.28125,101.061,208700100000,101.061,12,101.282,69,101.282,12,101.090,12.040000000000001,101.445,1.012,101.355,1.02,101.445,25,101.445,66,101.445,-48,101.445,39.7,101.386,12,101.386,0.796,101.414,0.386,101.414,993,101.414,0001,101.414,01,101.355,10,101.355,55.5,101.445,0,101.445,0.78,101.314,3.335,101.355,00,101.445,00,101.355,150,101.355,1.6580000000000001,,,,,,,,,,,,,,,,,,,,,,,,,,,,,,,,,,,,,,,,,,,,
101.529,100.254,000000,100.280,8.38,,,,,,,101.260,12.28125,101.061,208700100000,101.061,12,101.282,69,101.282,12,101.090,12.040000000000001,101.525,1.012,101.567,1.02,101.525,24.900000000000002,101.525,66,101.567,-48,101.567,39.7,101.485,12,101.485,0.796,101.485,0.386,101.525,978,101.525,0001,101.525,01,101.525,10,101.525,55.5,101.567,0,101.567,0.78,101.567,3.336,101.567,00,101.445,00,101.567,150,101.485,1.6580000000000001,,,,,,,,,,,,,,,,,,,,,,,,,,,,,,,,,,,,,,,,,,,,
101.621,100.254,000000,100.280,8.38,,,,,,,101.260,12.28125,101.595,208700100000,101.595,12,101.282,69,101.282,12,101.673,12.32,101.625,1.012,101.654,1.0190000000000001,101.654,24.900000000000002,101.654,66,101.654,-48,101.654,39.7,101.625,12,101.625,0.796,101.625,0.386,101.625,1043,101.625,0001,101.625,01,101.654,10,101.654,55.5,101.567,0,101.567,0.78,101.567,3.336,101.567,00,101.654,00,101.567,150,101.625,1.6560000000000001,,,,,,,,,,,,,,,,,,,,,,,,,,,,,,,,,,,,,,,,,,,,
101.721,101.694,000000,100.280,8.38,,,,,,,101.260,12.28125,101.595,208700100000,101.595,12,101.282,69,101.282,12,101.673,12.32,101.725,1.012,101.754,1.018,101.754,24.900000000000002,101.754,66,101.754,-48,101.654,39.7,101.625,12,101.625,0.796,101.725,0.386,101.725,1054,101.754,0001,101.754,01,101.754,10,101.754,55.5,101.725,0,101.725,0.78,101.725,3.337,101.725,00,101.654,00,101.725,150,101.625,1.6560000000000001,,,,,,,,,,,,,,,,,,,,,,,,,,,,,,,,,,,,,,,,,,,,
101.822,101.694,000000,101.780,11.57,,,,,,,101.260,12.28125,101.595,208700100000,101.595,12,101.282,69,101.282,12,101.673,12.32,101.846,1.012,101.754,1.018,101.754,24.900000000000002,101.754,66,101.754,-48,101.846,39.7,101.846,11,101.846,0.796,101.846,0.386,101.846,1008,101.754,0001,101.754,01,101.754,10,101.754,55.5,101.725,0,101.725,0.78,101.725,3.337,101.725,00,101.846,00,101.725,150,101.846,1.6520000000000001,,,,,,,,,,,,,,,,,,,,,,,,,,,,,,,,,,,,,,,,,,,,
101.922,101.694,000000,101.780,11.57,,,,,,,101.260,12.28125,101.595,208700100000,101.595,12,101.282,69,101.282,12,101.673,12.32,101.846,1.012,101.895,1.0170000000000001,101.895,24.900000000000002,101.895,66,101.895,-48,101.846,39.7,101.846,11,101.846,0.796,101.846,0.386,101.846,1008,101.955,0001,101.955,01,101.895,10,101.895,55.5,101.925,0,101.925,0.78,101.925,3.337,101.925,00,101.955,00,101.925,150,101.846,1.6520000000000001,,,,,,,,,,,,,,,,,,,,,,,,,,,,,,,,,,,,,,,,,,,,
102.022,101.694,000000,101.780,11.57,,,,,,,101.260,12.28125,101.595,208700100000,101.595,12,101.282,69,101.282,12,101.673,12.32,102.025,1.012,102.069,1.0170000000000001,102.025,24.900000000000002,102.025,66,102.069,-48,102.069,39.7,101.985,11,101.985,0.796,102.025,0.386,102.025,872,101.955,0001,101.955,01,102.025,10,102.025,55.5,102.069,0,102.069,0.78,102.069,3.336,102.069,00,101.955,00,102.069,150,102.025,1.6520000000000001,,,,,,,,,,,,,,,,,,,,,,,,,,,,,,,,,,,,,,,,,,,,
102.122,101.694,000000,101.780,11.57,,,,,,,101.260,12.28125,101.595,208700100000,101.595,12,101.282,69,101.282,12,101.673,12.32,102.125,1.012,102.154,1.0170000000000001,102.154,24.900000000000002,102.154,66.7,102.154,-48,102.069,39.7,102.125,10,102.125,0.796,102.125,0.391,102.125,862,102.125,0001,102.125,01,102.154,10,102.154,55.5,102.154,0,102.069,0.78,102.069,3.336,102.069,00,102.154,00,102.069,150,102.125,1.6500000000000001,,,,,,,,,,,,,,,,,,,,,,,,,,,,,,,,,,,,,,,,,,,,
102.221,101.694,000000,101.780,11.57,,,,,,,102.200,10.171875,101.595,208700100000,101.595,12,101.282,69,101.282,12,101.673,12.32,102.234,1.012,102.274,1.016,102.154,24.900000000000002,102.154,66.7,102.154,-48,102.234,39.7,102.234,10,102.234,0.796,102.274,0.386,102.274,864,102.274,0001,102.274,01,102.274,10,102.274,55.5,102.154,0,102.234,0.78,102.234,3.337,102.234,00,102.154,00,102.234,150,102.274,1.649,,,,,,,,,,,,,,,,,,,,,,,,,,,,,,,,,,,,,,,,,,,,
102.333,101.694,000000,101.780,11.57,,,,,,,102.200,10.171875,101.595,208700100000,101.595,12,102.292,69,102.292,9,101.673,12.32,102.325,1.012,102.371,1.014,102.325,24.900000000000002,102.325,66.7,102.325,-48,102.325,39.7,102.325,10,102.325,0.796,102.274,0.386,102.274,864,102.274,0001,102.274,01,102.371,10,102.371,55.5,102.325,0,102.234,0.78,102.234,3.337,102.234,00,102.371,00,102.234,150,102.274,1.649,,,,,,,,,,,,,,,,,,,,,,,,,,,,,,,,,,,,,,,,,,,,
102.424,101.694,000000,101.780,11.57,,,,,,,102.200,10.171875,101.595,208700100000,101.595,12,102.292,69,102.292,9,101.673,12.32,102.325,1.012,102.371,1.014,102.325,24.900000000000002,102.325,66.7,102.325,-48,102.440,39.7,102.440,10,102.440,0.796,102.440,0.386,102.440,813,102.485,0001,102.274,01,102.371,10,102.371,55.5,102.407,0,102.407,0.78,102.407,3.336,102.407,00,102.371,00,102.407,150,102.274,1.649,,,,,,,,,,,,,,,,,,,,,,,,,,,,,,,,,,,,,,,,,,,,
102.525,101.694,000000,101.780,11.57,,,,,,,102.200,10.171875,102.575,208700100000,102.575,9,102.292,69,102.292,9,101.673,12.32,102.514,1.012,102.546,1.0130000000000001,102.485,24.900000000000002,102.514,66.7,102.514,-48,102.546,39.7,102.546,9,102.546,0.796,102.546,0.386,102.546,783,102.485,0001,102.485,01,102.546,10,102.485,55.5,102.514,0,102.514,0.78,102.514,3.337,102.514,00,102.546,00,102.514,150,102.485,1.647,,,,,,,,,,,,,,,,,,,,,,,,,,,,,,,,,,,,,,,,,,,,
102.634,101.694,000000,101.780,11.57,,,,,,,102.200,10.171875,102.575,208700100000,102.575,9,102.292,69,102.292,9,102.656,9.200000000000001,102.607,1.012,102.634,1.0130000000000001,102.607,25,102.607,66.7,102.607,-48,102.546,39.7,102.546,9,102.546,0.796,102.634,0.386,102.634,782,102.634,0001,102.634,01,102.546,10,102.607,55.5,102.607,0,102.607,0.78,102.607,3.335,102.634,00,102.634,00,102.634,150,102.485,1.647,,,,,,,,,,,,,,,,,,,,,,,,,,,,,,,,,,,,,,,,,,,,
102.730,101.694,000000,101.780,11.57,,,,,,,102.770,8.9375,102.575,208700100000,102.575,9,102.292,69,102.292,9,102.656,9.200000000000001,102.715,1.012,102.745,1.0130000000000001,102.715,24.900000000000002,102.715,66.7,102.715,-48,102.745,39.7,102.745,9,102.745,0.796,102.745,0.386,102.745,787,102.745,0001,102.796,01,102.715,10,102.607,55.5,102.715,0,102.715,0.78,102.745,3.336,102.634,00,102.634,00,102.634,150,102.715,1.6480000000000001,,,,,,,,,,,,,,,,,,,,,,,,,,,,,,,,,,,,,,,,,,,,
102.834,101.694,000000,101.780,11.57,,,,,,,102.770,8.9375,102.575,208700100000,102.575,9,102.822,69,102.822,8,102.656,9.200000000000001,102.796,1.012,102.745,1.0130000000000001,102.715,24.900000000000002,102.715,66.7,102.715,-48,102.745,39.7,102.745,9,102.745,0.796,102.745,0.386,102.745,787,102.745,0001,102.796,01,102.715,10,102.796,55.5,102.796,0,102.796,0.78,102.745,3.336,102.796,00,102.796,00,102.796,150,102.715,1.6480000000000001,,,,,,,,,,,,,,,,,,,,,,,,,,,,,,,,,,,,,,,,,,,,
102.921,101.694,000000,101.780,11.57,,,,,,,102.770,8.9375,102.867,208700100000,102.867,9,102.822,69,102.822,8,102.656,9.200000000000001,102.796,1.012,102.907,1.0130000000000001,102.935,24.900000000000002,102.935,66.7,102.935,-48,102.745,39.7,102.745,9,102.745,0.796,102.907,0.386,102.907,741,102.907,0001,102.796,01,102.935,10,102.907,55.5,102.935,0,102.935,0.78,102.745,3.336,102.970,00,102.796,00,102.970,150,102.935,1.643,,,,,,,,,,,,,,,,,,,,,,,,,,,,,,,,,,,,,,,,,,,,
103.021,103.054,000000,103.083,8.370000000000001,,,,,,,102.770,8.9375,102.867,208700100000,102.867,9,102.822,69,102.822,8,102.656,9.200000000000001,103.007,1.012,103.035,1.0130000000000001,103.035,25,103.035,66.7,103.035,-48,103.007,39.7,103.007,8,103.007,0.796,103.035,0.386,103.035,728,103.035,0001,103.007,01,102.935,10,103.035,55.5,102.935,0,102.935,0.78,103.007,3.337,102.970,00,103.007,00,102.970,150,102.935,1.643,,,,,,,,,,,,,,,,,,,,,,,,,,,,,,,,,,,,,,,,,,,,
103.120,103.054,000000,103.083,8.370000000000001,,,,,,,102.770,8.9375,102.867,208700100000,102.867,9,102.822,69,102.822,8,102.656,9.200000000000001,103.114,1.012,103.145,1.0130000000000001,103.035,25,103.035,66.7,103.035,-48,103.145,39.7,103.145,8,103.145,0.796,103.114,0.386,103.145,715,103.145,0001,103.145,01,103.114,10,103.035,55.5,103.114,0,103.114,0.78,103.145,3.339,103.114,00,103.007,00,103.114,150,103.114,1.643,,,,,,,,,,,,,,,,,,,,,,,,,,,,,,,,,,,,,,,,,,,,
103.221,103.054,000000,103.083,8.370000000000001,,,,,,,102.770,8.9375,102.867,208700100000,102.867,9,102.822,69,102.822,8,102.656,9.200000000000001,103.215,1.012,103.246,1.0130000000000001,103.215,24.900000000000002,103.215,66.7,103.215,-48,103.145,39.7,103.145,8,103.145,0.796,103.246,0.386,103.246,710,103.246,0001,103.145,01,103.215,10,103.215,55.5,103.215,0,103.246,0.78,103.145,3.339,103.246,00,103.215,00,103.246,150,103.246,1.641,,,,,,,,,,,,,,,,,,,,,,,,,,,,,,,,,,,,,,,,,,,,
103.324,103.054,000000,103.083,8.370000000000001,,,,,,,102.770,8.9375,102.867,208700100000,102.867,9,102.822,69,102.822,8,103.295,8.33,103.325,1.012,103.246,1.0130000000000001,103.325,24.900000000000002,103.325,66.7,103.215,-48,103.325,39.7,103.325,8,103.325,0.796,103.246,0.386,103.246,710,103.246,0001,103.325,01,103.215,10,103.215,55.5,103.215,0,103.246,0.78,103.325,3.336,103.371,00,103.215,00,103.246,150,103.246,1.641,,,,,,,,,,,,,,,,,,,,,,,,,,,,,,,,,,,,,,,,,,,,
103.434,103.054,000000,103.083,8.370000000000001,,,,,,,102.770,8.9375,102.867,208700100000,102.867,9,102.822,69,102.822,8,103.295,8.33,103.325,1.012,103.435,1.0130000000000001,103.435,24.900000000000002,103.435,66.7,103.371,-48,103.325,39.7,103.325,8,103.325,0.796,103.371,0.386,103.371,717,103.406,0001,103.325,01,103.371,10,103.406,55.5,103.371,0,103.435,0.78,103.325,3.336,103.371,00,103.406,00,103.371,150,103.246,1.641,,,,,,,,,,,,,,,,,,,,,,,,,,,,,,,,,,,,,,,,,,,,
103.531,103.054,000000,103.083,8.370000000000001,,,,,,,102.770,8.9375,102.867,208700100000,102.867,9,102.822,69,102.822,8,103.295,8.33,103.534,1.012,103.568,1.0130000000000001,103.509,24.900000000000002,103.509,66.7,103.509,-48,103.568,39.7,103.568,8,103.568,0.796,103.534,0.386,103.534,709,103.534,0001,103.568,01,103.534,10,103.568,55.5,103.534,0,103.509,0.78,103.568,3.335,103.534,00,103.568,00,103.534,150,103.474,1.639,,,,,,,,,,,,,,,,,,,,,,,,,,,,,,,,,,,,,,,,,,,,
103.625,103.054,000000,103.083,8.370000000000001,,,,,,,103.584,8.09375,103.685,208700100000,102.867,9,103.662,69,103.662,8,103.295,8.33,103.614,1.012,103.646,1.0130000000000001,103.614,25,103.614,66.7,103.614,-48,103.568,39.7,103.568,8,103.568,0.796,103.646,0.386,103.646,721,103.646,0001,103.568,01,103.614,10,103.646,55.5,103.614,0,103.614,0.78,103.568,3.335,103.646,00,103.646,00,103.646,150,103.614,1.6380000000000001,,,,,,,,,,,,,,,,,,,,,,,,,,,,,,,,,,,,,,,,,,,,
103.720,103.054,000000,103.083,8.370000000000001,,,,,,,103.584,8.09375,103.685,208700100000,103.685,8,103.662,69,103.662,8,103.295,8.33,103.721,1.012,103.756,1.012,103.721,24.900000000000002,103.721,66.7,103.756,-48,103.721,41.2,103.721,8,103.721,0.796,103.646,0.386,103.646,721,103.646,0001,103.721,01,103.756,10,103.646,55.5,103.756,0,103.756,0.78,103.721,3.336,103.756,00,103.646,00,103.756,150,103.756,1.6380000000000001,,,,,,,,,,,,,,,,,,,,,,,,,,,,,,,,,,,,,,,,,,,,
103.822,103.054,000000,103.083,8.370000000000001,,,,,,,103.584,8.09375,103.685,208700100000,103.685,8,103.662,69,103.662,8,103.843,8.15,103.806,1.012,103.756,1.012,103.875,24.900000000000002,103.875,66.7,103.875,-48,103.806,41.2,103.806,8,103.875,0.796,103.806,0.386,103.806,705,103.806,0001,103.875,01,103.756,10,103.806,55.5,103.756,0,103.756,0.78,103.875,3.336,103.756,00,103.806,00,103.756,150,103.875,1.637,,,,,,,,,,,,,,,,,,,,,,,,,,,,,,,,,,,,,,,,,,,,
103.922,103.054,000000,103.083,8.370000000000001,,,,,,,103.584,8.09375,103.685,208700100000,103.685,8,103.662,69,103.662,8,103.843,8.15,103.806,1.012,103.946,1.0130000000000001,103.875,24.900000000000002,103.875,66.7,103.875,-48,103.907,41.2,103.946,8,103.875,0.796,103.806,0.386,103.806,705,103.806,0001,103.875,01,103.907,10,103.806,55.5,103.907,0,103.756,0.78,103.875,3.336,103.907,00,103.806,00,103.907,150,103.875,1.637,,,,,,,,,,,,,,,,,,,,,,,,,,,,,,,,,,,,,,,,,,,,
104.022,103.054,000000,103.083,8.370000000000001,,,,,,,104.060,8.234375,103.685,208700100000,103.685,8,104.082,69,104.082,8,103.843,8.15,104.014,1.012,104.045,1.0130000000000001,104.014,24.900000000000002,104.014,66.7,104.014,-48,103.986,41.2,103.946,8,104.014,0.796,104.045,0.386,104.045,713,104.045,0001,104.014,01,104.045,10,103.986,55.5,104.045,0,103.986,0.78,104.014,3.336,104.045,00,103.986,00,104.045,150,104.014,1.637,,,,,,,,,,,,,,,,,,,,,,,,,,,,,,,,,,,,,,,,,,,,
104.121,103.054,000000,103.083,8.370000000000001,,,,,,,104.060,8.234375,103.685,208700100000,103.685,8,104.082,69,104.082,8,103.843,8.15,104.114,1.012,104.155,1.0130000000000001,104.114,24.900000000000002,104.114,66.7,104.114,-48,104.114,41.2,104.114,8,104.155,0.864,104.045,0.386,104.045,713,104.045,0001,104.155,01,104.155,10,104.114,55.5,104.155,0,104.155,0.78,104.155,3.337,104.045,00,104.114,00,104.045,150,104.155,1.635,,,,,,,,,,,,,,,,,,,,,,,,,,,,,,,,,,,,,,,,,,,,
104.223,104.210,000000,103.083,8.370000000000001,,,,,,,104.060,8.234375,104.181,208700100000,104.181,8,104.082,69,104.082,8,103.843,8.15,104.235,1.012,104.269,1.0130000000000001,104.114,24.900000000000002,104.114,66.7,104.114,-48,104.114,41.2,104.114,8,104.155,0.864,104.235,0.444,104.235,719,104.235,0001,104.155,01,104.155,10,104.235,55.5,104.155,0,104.155,0.78,104.155,3.337,104.235,00,104.235,00,104.235,150,104.155,1.635,,,,,,,,,,,,,,,,,,,,,,,,,,,,,,,,,,,,,,,,,,,,
104.321,104.210,000000,104.294,8.61,,,,,,,104.060,8.234375,104.181,208700100000,104.181,8,104.082,69,104.082,8,103.843,8.15,104.327,1.012,104.269,1.0130000000000001,104.327,24.900000000000002,104.327,66.7,104.374,-48,104.269,41.2,104.269,9,104.374,0.84,104.235,0.444,104.235,719,104.235,0001,104.374,01,104.327,10,104.235,55.5,104.327,0,104.327,0.78,104.327,3.336,104.235,00,104.235,00,104.235,150,104.327,1.633,,,,,,,,,,,,,,,,,,,,,,,,,,,,,,,,,,,,,,,,,,,,
104.421,104.210,000000,104.294,8.61,,,,,,,104.060,8.234375,104.181,208700100000,104.181,8,104.082,69,104.082,8,103.843,8.15,104.447,1.012,104.474,1.0130000000000001,104.474,24.900000000000002,104.474,66.7,104.474,-48,104.447,41.2,104.447,9,104.474,0.879,104.407,0.41500000000000004,104.407,715,104.447,0001,104.474,01,104.474,10,104.447,55.5,104.474,0,104.327,0.78,104.327,3.336,104.447,00,104.447,00,104.447,150,104.327,1.633,,,,,,,,,,,,,,,,,,,,,,,,,,,,,,,,,,,,,,,,,,,,
104.524,104.210,000000,104.294,8.61,,,,,,,104.060,8.234375,104.181,208700100000,104.181,8,104.082,69,104.082,8,103.843,8.15,104.506,1.012,104.555,1.0130000000000001,104.474,24.900000000000002,104.474,66.7,104.474,-48,104.447,41.2,104.447,9,104.474,0.879,104.506,0.449,104.506,728,104.506,0001,104.474,01,104.474,10,104.506,55.5,104.474,0,104.506,0.78,104.506,3.336,104.447,00,104.447,00,104.447,150,104.506,1.635,,,,,,,,,,,,,,,,,,,,,,,,,,,,,,,,,,,,,,,,,,,,
104.621,104.210,000000,104.294,8.61,,,,,,,104.060,8.234375,104.181,208700100000,104.181,8,104.082,69,104.082,8,103.843,8.15,104.625,0.806,104.654,1.01,104.654,24.900000000000002,104.654,66.7,104.654,-48,104.654,41.2,104.654,9,104.654,1.143,104.625,0.5660000000000001,104.625,733,104.625,0001,104.654,01,104.555,10,104.625,55.5,104.555,0,104.625,0.78,104.625,3.337,104.555,00,104.555,00,104.555,150,104.625,1.6320000000000001,,,,,,,,,,,,,,,,,,,,,,,,,,,,,,,,,,,,,,,,,,,,
104.731,104.210,000000,104.294,8.61,,,,,,,104.771,9.109375,104.181,208700100000,104.181,8,104.082,69,104.082,8,104.723,9.1,104.706,0.806,104.755,1.0110000000000001,104.654,24.900000000000002,104.654,66.7,104.654,-48,104.755,41.2,104.755,9,104.654,1.143,104.706,0.5660000000000001,104.706,751,104.755,0001,104.654,01,104.706,10,104.755,55.5,104.706,0,104.706,0.78,104.706,3.337,104.755,00,104.755,00,104.755,150,104.706,1.6320000000000001,,,,,,,,,,,,,,,,,,,,,,,,,,,,,,,,,,,,,,,,,,,,
104.830,104.210,000000,104.294,8.61,,,,,,,104.771,9.109375,104.181,208700100000,104.181,8,104.801,69,104.801,8,104.723,9.1,104.834,0.806,104.755,1.0110000000000001,104.834,24.900000000000002,104.834,66.7,104.834,-48,104.755,41.2,104.755,9,104.834,1.113,104.706,0.5660000000000001,104.706,751,104.755,0001,104.834,01,104.834,10,104.755,55.5,104.834,0,104.875,0.78,104.706,3.337,104.755,00,104.755,00,104.755,150,104.706,1.6320000000000001,,,,,,,,,,,,,,,,,,,,,,,,,,,,,,,,,,,,,,,,,,,,
104.922,104.210,000000,104.294,8.61,,,,,,,104.771,9.109375,104.966,208700100000,104.966,9,104.801,69,104.801,8,104.723,9.1,104.945,0.806,104.945,1.01,104.834,24.900000000000002,104.834,66.7,104.834,-48,104.907,41.2,104.907,9,104.834,1.113,104.875,0.552,104.875,891,104.945,0001,104.834,01,104.834,10,104.945,55.5,104.834,0,104.875,0.78,104.875,3.336,104.875,00,104.875,00,104.907,150,104.875,1.631,,,,,,,,,,,,,,,,,,,,,,,,,,,,,,,,,,,,,,,,,,,,
105.021,104.210,000000,104.294,8.61,,,,,,,104.771,9.109375,104.966,208700100000,104.966,9,104.801,69,104.801,8,104.723,9.1,105.026,0.806,105.068,1.0110000000000001,105.026,24.900000000000002,105.026,66.7,105.026,-48,104.907,41.2,104.907,9,105.026,1.133,105.068,0.5660000000000001,105.068,907,105.068,0001,105.026,01,105.026,10,105.068,55.5,105.026,0,105.068,0.78,105.068,3.336,105.068,00,104.875,00,104.907,150,104.875,1.631,,,,,,,,,,,,,,,,,,,,,,,,,,,,,,,,,,,,,,,,,,,,
105.122,104.210,000000,104.294,8.61,,,,,,,105.170,9.578125,104.966,208700100000,104.966,9,104.801,69,104.801,8,105.093,9.38,105.126,0.806,105.154,1.01,105.154,25,105.154,66.7,105.154,-48,105.126,41.2,105.126,9,105.154,1.196,105.126,0.581,105.126,916,105.068,0001,105.026,01,105.026,10,105.068,55.5,105.026,0,105.154,0.78,105.154,3.335,105.154,00,105.126,00,105.126,150,105.126,1.6280000000000001,,,,,,,,,,,,,,,,,,,,,,,,,,,,,,,,,,,,,,,,,,,,
105.221,104.210,000000,104.294,8.61,,,,,,,105.170,9.578125,104.966,208700100000,104.966,9,105.192,69,105.192,9,105.093,9.38,105.235,0.806,105.274,1.01,105.154,25,105.154,66.7,105.154,-48,105.274,41.2,105.274,10,105.154,1.196,105.235,0.61,105.235,925,105.235,0001,105.235,01,105.235,10,105.235,55.5,105.235,0,105.274,0.78,105.274,3.337,105.274,00,105.274,00,105.274,150,105.126,1.6280000000000001,,,,,,,,,,,,,,,,,,,,,,,,,,,,,,,,,,,,,,,,,,,,
105.331,104.210,000000,104.294,8.61,,,,,,,105.170,9.578125,104.966,208700100000,104.966,9,105.192,69,105.192,9,105.093,9.38,105.306,0.806,105.274,1.01,105.306,24.900000000000002,105.306,66.7,105.306,-48,105.274,41.2,105.274,10,105.306,1.226,105.347,0.601,105.347,933,105.347,0001,105.306,01,105.306,10,105.347,55.5,105.347,0,105.347,0.78,105.347,3.336,105.374,00,105.274,00,105.274,150,105.306,1.6280000000000001,,,,,,,,,,,,,,,,,,,,,,,,,,,,,,,,,,,,,,,,,,,,
105.421,104.210,000000,104.294,8.61,,,,,,,105.170,9.578125,104.966,208700100000,104.966,9,105.192,69,105.192,9,105.093,9.38,105.306,0.806,105.446,1.012,105.407,24.900000000000002,105.446,66.7,105.446,-48,105.374,41.2,105.374,11,105.446,1.245,105.347,0.601,105.347,933,105.446,0001,105.446,01,105.446,10,105.446,55.5,105.347,0,105.347,0.78,105.347,3.336,105.374,00,105.374,00,105.374,150,105.407,1.627,,,,,,,,,,,,,,,,,,,,,,,,,,,,,,,,,,,,,,,,,,,,
105.532,104.210,000000,104.294,8.61,,,,,,,105.170,9.578125,104.966,208700100000,104.966,9,105.192,69,105.192,9,105.093,9.38,105.514,0.806,105.446,1.012,105.514,24.900000000000002,105.446,66.7,105.446,-48,105.485,41.2,105.485,11,105.446,1.245,105.485,0.674,105.485,957,105.514,0001,105.446,01,105.446,10,105.514,55.5,105.514,0,105.485,0.78,105.485,3.336,105.485,00,105.514,00,105.514,150,105.514,1.6260000000000001,,,,,,,,,,,,,,,,,,,,,,,,,,,,,,,,,,,,,,,,,,,,
105.621,105.564,000000,105.584,10.84,,,,,,,105.170,9.578125,104.966,208700100000,104.966,9,105.192,69,105.192,9,105.093,9.38,105.615,0.806,105.669,1.01,105.615,25,105.615,66.7,105.615,-48,105.545,41.2,105.545,11,105.615,1.45,105.669,0.752,105.669,935,105.669,0001,105.669,01,105.669,10,105.669,55.5,105.669,0,105.545,0.78,105.545,3.335,105.545,00,105.615,00,105.615,150,105.615,1.627,,,,,,,,,,,,,,,,,,,,,,,,,,,,,,,,,,,,,,,,,,,,
105.722,105.564,000000,105.584,10.84,,,,,,,105.170,9.578125,104.966,208700100000,104.966,9,105.192,69,105.192,9,105.093,9.38,105.726,0.806,105.754,1.01,105.754,24.900000000000002,105.754,66.7,105.754,-48,105.726,41.2,105.726,11,105.754,1.514,105.669,0.752,105.669,935,105.754,0001,105.669,01,105.669,10,105.669,55.5,105.754,0,105.726,0.78,105.726,3.337,105.726,00,105.726,00,105.726,150,105.754,1.625,,,,,,,,,,,,,,,,,,,,,,,,,,,,,,,,,,,,,,,,,,,,
105.830,105.564,000000,105.584,10.84,,,,,,,105.170,9.578125,104.966,208700100000,104.966,9,105.192,69,105.192,9,105.093,9.38,105.807,0.806,105.754,1.01,105.754,24.900000000000002,105.754,66.7,105.754,-48,105.726,41.2,105.726,11,105.754,1.514,105.807,0.752,105.807,1026,105.754,0001,105.807,01,105.807,10,105.807,55.5,105.754,0,105.726,0.78,105.726,3.337,105.726,00,105.726,00,105.726,150,105.754,1.625,,,,,,,,,,,,,,,,,,,,,,,,,,,,,,,,,,,,,,,,,,,,
105.932,105.564,000000,105.584,10.84,,,,,,,105.170,9.578125,104.966,208700100000,104.966,9,105.192,69,105.192,9,105.093,9.38,105.955,0.807,105.915,1.012,105.955,25,105.955,66.7,105.955,-48,105.886,41.2,105.886,12,105.955,1.597,105.807,0.752,105.807,1026,105.955,0001,105.955,01,105.955,10,105.807,55.5,105.754,0,105.886,0.78,105.886,3.337,105.886,00,105.886,00,105.915,150,105.754,1.625,,,,,,,,,,,,,,,,,,,,,,,,,,,,,,,,,,,,,,,,,,,,
106.023,105.564,000000,105.584,10.84,,,,,,,105.170,9.578125,106.015,208700100000,106.015,12,105.192,69,105.192,9,105.093,9.38,106.045,0.903,105.995,1.012,105.955,25,105.955,66.7,105.955,-48,105.995,41.2,105.995,12,105.955,1.597,105.995,0.8250000000000001,105.995,1027,105.955,0001,105.955,01,105.955,10,105.995,55.5,105.995,0,105.886,0.78,105.886,3.337,105.886,00,105.886,00,105.915,150,105.995,1.624,,,,,,,,,,,,,,,,,,,,,,,,,,,,,,,,,,,,,,,,,,,,
106.120,105.564,000000,105.584,10.84,,,,,,,106.181,12.796875,106.015,208700100000,106.015,12,105.192,69,105.192,9,106.103,12.42,106.135,0.918,106.167,1.0130000000000001,106.135,24.900000000000002,106.135,67.5,106.079,-48,106.167,41.2,106.135,13,106.079,1.699,106.167,0.85,106.167,1111,106.079,0001,106.167,01,106.167,10,106.167,55.5,106.135,0,106.167,0.78,106.045,3.337,106.045,00,106.045,00,106.045,150,106.135,1.621,,,,,,,,,,,,,,,,,,,,,,,,,,,,,,,,,,,,,,,,,,,,
106.231,105.564,000000,105.584,10.84,,,,,,,106.181,12.796875,106.015,208700100000,106.015,12,106.201,69,106.201,12,106.103,12.42,106.235,0.923,106.167,1.0130000000000001,106.235,25,106.235,67.5,106.235,-48,106.167,41.2,106.135,13,106.079,1.699,106.167,0.85,106.167,1111,106.079,0001,106.167,01,106.167,10,106.167,55.5,106.135,0,106.167,0.78,106.235,3.335,106.235,00,106.235,00,106.235,150,106.135,1.621,,,,,,,,,,,,,,,,,,,,,,,,,,,,,,,,,,,,,,,,,,,,
106.321,105.564,000000,105.584,10.84,,,,,,,106.181,12.796875,106.015,208700100000,106.015,12,106.201,69,106.201,12,106.103,12.42,106.346,0.9430000000000001,106.270,1.0170000000000001,106.235,25,106.235,67.5,106.235,-48,106.346,41.2,106.346,14,106.270,1.67,106.270,0.835,106.270,1135,106.270,0001,106.346,01,106.346,10,106.270,55.5,106.270,0,106.346,0.78,106.346,3.337,106.346,00,106.235,00,106.235,150,106.270,1.62,,,,,,,,,,,,,,,,,,,,,,,,,,,,,,,,,,,,,,,,,,,,
106.422,105.564,000000,105.584,10.84,,,,,,,106.181,12.796875,106.465,208700100000,106.465,14,106.201,69,106.201,12,106.103,12.42,106.446,0.969,106.446,1.018,106.386,24.900000000000002,106.386,67.5,106.386,-48,106.346,41.2,106.346,14,106.386,1.792,106.415,0.894,106.415,1204,106.386,0001,106.346,01,106.346,10,106.415,55.5,106.415,0,106.346,0.78,106.346,3.337,106.346,00,106.386,00,106.386,150,106.415,1.619,,,,,,,,,,,,,,,,,,,,,,,,,,,,,,,,,,,,,,,,,,,,
106.521,105.564,000000,105.584,10.84,,,,,,,106.181,12.796875,106.465,208700100000,106.465,14,106.201,69,106.201,12,106.483,13.65,106.534,0.978,106.569,1.024,106.569,24.900000000000002,106.569,67.5,106.569,-48,106.534,41.2,106.534,14,106.569,1.7530000000000001,106.415,0.894,106.415,1204,106.569,0001,106.534,01,106.534,10,106.415,55.5,106.415,0,106.534,0.78,106.534,3.337,106.534,00,106.569,00,106.569,150,106.415,1.619,,,,,,,,,,,,,,,,,,,,,,,,,,,,,,,,,,,,,,,,,,,,
106.621,105.564,000000,105.584,10.84,,,,,,,106.585,14.109375,106.465,208700100000,106.465,14,106.201,69,106.201,12,106.483,13.65,106.616,0.917,106.645,1.03,106.645,24.900000000000002,106.645,67.5,106.569,-48,106.616,41.2,106.616,15,106.569,1.7530000000000001,106.616,0.879,106.616,1248,106.569,0001,106.645,01,106.645,10,106.616,55.5,106.616,0,106.645,0.78,106.645,3.336,106.645,00,106.569,00,106.569,150,106.616,1.619,,,,,,,,,,,,,,,,,,,,,,,,,,,,,,,,,,,,,,,,,,,,
106.720,106.735,000000,105.584,10.84,,,,,,,106.585,14.109375,106.465,208700100000,106.465,14,106.671,69,106.671,14,106.483,13.65,106.707,0.907,106.768,1.035,106.645,24.900000000000002,106.645,67.5,106.707,-48,106.768,41.2,106.768,15,106.707,1.772,106.707,0.889,106.707,1339,106.707,0001,106.768,01,106.768,10,106.768,55.5,106.768,0,106.645,0.78,106.645,3.336,106.645,00,106.707,00,106.707,150,106.768,1.617,,,,,,,,,,,,,,,,,,,,,,,,,,,,,,,,,,,,,,,,,,,,
106.821,106.735,000000,106.794,15.59,,,,,,,106.585,14.109375,106.465,208700100000,106.465,14,106.671,69,106.671,14,106.483,13.65,106.834,0.884,106.768,1.035,106.834,25,106.834,67.5,106.871,-48,106.768,41.2,106.768,15,106.871,1.7770000000000001,106.834,0.889,106.834,1355,106.871,0001,106.768,01,106.768,10,106.768,55.5,106.768,0,106.834,0.78,106.834,3.335,106.834,00,106.871,00,106.871,150,106.768,1.617,,,,,,,,,,,,,,,,,,,,,,,,,,,,,,,,,,,,,,,,,,,,
106.920,106.735,000000,106.794,15.59,,,,,,,106.585,14.109375,106.465,208700100000,106.465,14,106.671,69,106.671,14,106.483,13.65,106.834,0.884,106.909,1.042,106.834,25,106.834,67.5,106.871,-48,106.768,41.2,106.768,15,106.871,1.7770000000000001,106.834,0.889,106.834,1355,106.871,0001,106.768,01,106.768,10,106.768,55.5,106.768,0,106.834,0.78,106.834,3.335,106.834,00,106.871,00,106.871,150,106.768,1.617,,,,,,,,,,,,,,,,,,,,,,,,,,,,,,,,,,,,,,,,,,,,
107.021,106.735,000000,106.794,15.59,,,,,,,106.585,14.109375,106.465,208700100000,106.465,14,106.671,69,106.671,14,106.483,13.65,107.014,0.873,107.045,1.048,106.985,25,106.985,67.5,107.045,-48,107.014,41.2,107.014,17,107.045,1.7530000000000001,107.014,0.884,107.014,1439,106.985,0001,107.045,01,107.045,10,107.045,55.5,107.045,0,107.014,0.78,107.014,3.335,107.014,00,106.985,00,106.985,150,107.045,1.615,,,,,,,,,,,,,,,,,,,,,,,,,,,,,,,,,,,,,,,,,,,,
107.122,106.735,000000,106.794,15.59,,,,,,,106.585,14.109375,106.465,208700100000,106.465,14,106.671,69,106.671,14,106.483,13.65,107.116,0.848,107.158,1.055,107.116,25,107.116,67.5,107.045,-48,107.158,41.2,107.158,17,107.045,1.7530000000000001,107.116,0.845,107.116,1475,107.116,0001,107.158,01,107.158,10,107.045,55.5,107.045,0,107.158,0.78,107.158,3.336,107.158,00,107.116,00,107.116,150,107.045,1.615,,,,,,,,,,,,,,,,,,,,,,,,,,,,,,,,,,,,,,,,,,,,
107.222,106.735,000000,106.794,15.59,,,,,,,106.585,14.109375,106.465,208700100000,106.465,14,106.671,69,106.671,14,106.483,13.65,107.215,0.806,107.245,1.061,107.215,24.900000000000002,107.215,67.5,107.215,-48,107.245,41.2,107.245,18,107.215,1.6260000000000001,107.245,0.8200000000000001,107.245,1528,107.245,0001,107.245,01,107.245,10,107.215,55.5,107.215,0,107.158,0.78,107.158,3.336,107.158,00,107.116,00,107.116,150,107.215,1.614,,,,,,,,,,,,,,,,,,,,,,,,,,,,,,,,,,,,,,,,,,,,
107.321,106.735,000000,106.794,15.59,,,,,,,106.585,14.109375,107.272,208700100000,107.272,18,106.671,69,106.671,14,106.483,13.65,107.314,0.81,107.245,1.061,107.314,25,107.314,67.5,107.355,-48,107.355,41.2,107.355,18,107.355,1.6460000000000001,107.245,0.8200000000000001,107.245,1528,107.355,0001,107.355,01,107.355,10,107.215,55.5,107.215,0,107.314,0.78,107.314,3.335,107.314,00,107.314,00,107.314,150,107.215,1.614,,,,,,,,,,,,,,,,,,,,,,,,,,,,,,,,,,,,,,,,,,,,
107.431,106.735,000000,106.794,15.59,,,,,,,106.585,14.109375,107.272,208700100000,107.272,18,106.671,69,106.671,14,106.483,13.65,107.314,0.81,107.245,1.061,107.435,24.900000000000002,107.435,67.5,107.355,-48,107.355,41.2,107.355,18,107.355,1.6460000000000001,107.245,0.8200000000000001,107.245,1528,107.355,0001,107.355,01,107.355,10,107.394,55.5,107.394,0,107.314,0.78,107.314,3.335,107.314,00,107.394,00,107.394,150,107.394,1.613,,,,,,,,,,,,,,,,,,,,,,,,,,,,,,,,,,,,,,,,,,,,
107.533,106.735,000000,106.794,15.59,,,,,,,106.585,14.109375,107.272,208700100000,107.272,18,106.671,69,106.671,14,107.541,18.91,107.514,0.806,107.470,1.061,107.435,24.900000000000002,107.435,67.5,107.514,-48,107.470,41.2,107.470,18,107.514,1.597,107.470,0.8250000000000001,107.470,1596,107.514,0001,107.514,01,107.514,10,107.514,55.5,107.514,0,107.470,0.78,107.470,3.336,107.470,00,107.394,00,107.394,150,107.394,1.613,,,,,,,,,,,,,,,,,,,,,,,,,,,,,,,,,,,,,,,,,,,,
107.634,106.735,000000,106.794,15.59,,,,,,,107.590,18.859375,107.272,208700100000,107.272,18,107.651,70,107.651,18,107.541,18.91,107.626,0.806,107.569,1.067,107.626,25,107.626,67.5,107.569,-48,107.626,41.2,107.626,19,107.569,1.567,107.626,0.786,107.626,1647,107.569,0001,107.514,01,107.514,10,107.569,55.5,107.626,0,107.470,0.78,107.470,3.336,107.470,00,107.569,00,107.569,150,107.569,1.611,,,,,,,,,,,,,,,,,,,,,,,,,,,,,,,,,,,,,,,,,,,,
107.731,106.735,000000,106.794,15.59,,,,,,,107.590,18.859375,107.272,208700100000,107.272,18,107.651,70,107.651,18,107.541,18.91,107.714,0.806,107.686,1.068,107.714,25,107.714,67.5,107.686,-48,107.714,41.2,107.714,19,107.686,1.484,107.714,0.742,107.775,1670,107.714,0001,107.686,01,107.686,10,107.714,55.5,107.626,0,107.686,0.78,107.686,3.335,107.686,00,107.569,00,107.569,150,107.569,1.611,,,,,,,,,,,,,,,,,,,,,,,,,,,,,,,,,,,,,,,,,,,,
107.821,106.735,000000,106.794,15.59,,,,,,,107.590,18.859375,107.855,208700100000,107.855,20,107.651,70,107.651,18,107.541,18.91,107.814,0.847,107.775,1.065,107.814,24.900000000000002,107.814,67.5,107.775,-48,107.814,41.2,107.814,19,107.814,1.714,107.814,0.854,107.775,1670,107.714,0001,107.775,01,107.775,10,107.714,55.5,107.814,0,107.686,0.78,107.686,3.335,107.686,00,107.775,00,107.775,150,107.775,1.609,,,,,,,,,,,,,,,,,,,,,,,,,,,,,,,,,,,,,,,,,,,,
107.921,106.735,000000,106.794,15.59,,,,,,,107.590,18.859375,107.855,208700100000,107.855,20,107.651,70,107.651,18,107.541,18.91,107.814,0.847,107.946,1.053,107.915,24.900000000000002,107.915,67.5,107.885,-48,107.946,42,107.814,19,107.885,1.826,107.814,0.854,107.775,1670,107.915,0001,107.885,01,107.885,10,107.915,55.5,107.915,0,107.885,0.78,107.885,3.336,107.885,00,107.775,00,107.775,150,107.775,1.609,,,,,,,,,,,,,,,,,,,,,,,,,,,,,,,,,,,,,,,,,,,,
108.021,106.735,000000,106.794,15.59,,,,,,,107.590,18.859375,107.855,208700100000,107.855,20,107.651,70,107.651,18,107.541,18.91,108.055,0.9570000000000001,108.016,1.06,108.016,25,108.016,67.5,108.016,-48,108.016,42,107.974,20,108.016,1.797,107.974,0.913,108.055,1775,107.915,0001,107.974,01,108.016,10,107.915,55.5,108.016,0,108.055,0.78,108.055,3.335,108.055,00,108.055,00,108.055,150,108.055,1.606,,,,,,,,,,,,,,,,,,,,,,,,,,,,,,,,,,,,,,,,,,,,
108.121,106.735,000000,106.794,15.59,,,,,,,107.590,18.859375,107.855,208700100000,107.855,20,107.651,70,107.651,18,108.143,21.21,108.126,0.9540000000000001,108.094,1.074,108.094,25,108.126,67.5,108.094,-48,108.126,42,108.126,21,108.094,1.772,108.126,0.903,108.126,1797,108.094,0001,108.094,01,108.016,10,108.094,55.5,108.094,0,108.055,0.78,108.055,3.335,108.055,00,108.126,00,108.126,150,108.055,1.606,,,,,,,,,,,,,,,,,,,,,,,,,,,,,,,,,,,,,,,,,,,,
108.221,106.735,000000,106.794,15.59,,,,,,,108.240,21.71875,107.855,208700100000,107.855,20,107.651,70,107.651,18,108.143,21.21,108.225,0.962,108.267,1.083,108.225,25,108.126,67.5,108.185,-48,108.225,42,108.225,22,108.225,1.836,108.267,0.967,108.267,1920,108.225,0001,108.185,01,108.185,10,108.225,55.5,108.225,0,108.267,0.78,108.267,3.333,108.185,00,108.267,00,108.267,150,108.267,1.604,,,,,,,,,,,,,,,,,,,,,,,,,,,,,,,,,,,,,,,,,,,,
108.320,106.735,000000,106.794,15.59,,,,,,,108.240,21.71875,107.855,208700100000,107.855,20,108.291,70,108.291,21,108.143,21.21,108.334,1.014,108.267,1.083,108.334,24.900000000000002,108.334,67.5,108.334,-48,108.371,42,108.371,22,108.225,1.836,108.371,0.9570000000000001,108.371,1926,108.225,0001,108.334,01,108.334,10,108.225,55.5,108.334,0,108.267,0.78,108.267,3.333,108.334,00,108.371,00,108.371,150,108.371,1.603,,,,,,,,,,,,,,,,,,,,,,,,,,,,,,,,,,,,,,,,,,,,
108.421,106.735,000000,106.794,15.59,,,,,,,108.240,21.71875,107.855,208700100000,107.855,20,108.291,70,108.291,21,108.143,21.21,108.334,1.014,108.267,1.083,108.441,25,108.441,67.5,108.334,-48,108.371,42,108.371,22,108.407,1.909,108.371,0.9570000000000001,108.371,1926,108.407,0002,108.334,01,108.334,10,108.407,55.5,108.334,0,108.407,0.78,108.407,3.336,108.334,00,108.371,00,108.371,150,108.371,1.603,,,,,,,,,,,,,,,,,,,,,,,,,,,,,,,,,,,,,,,,,,,,
108.521,108.534,000000,108.554,22.77,,,,,,,108.240,21.71875,107.855,208700100000,107.855,20,108.291,70,108.291,21,108.143,21.21,108.515,1.0230000000000001,108.587,1.1320000000000001,108.441,25,108.441,67.5,108.515,-48,108.515,42,108.587,23,108.474,1.899,108.587,1.035,108.587,2031,108.474,0002,108.515,01,108.515,10,108.515,55.5,108.515,0,108.587,0.78,108.407,3.336,108.515,00,108.587,00,108.587,150,108.587,1.6,,,,,,,,,,,,,,,,,,,,,,,,,,,,,,,,,,,,,,,,,,,,
108.620,108.534,000000,108.554,22.77,,,,,,,108.240,21.71875,107.855,208700100000,107.855,20,108.291,70,108.291,21,108.143,21.21,108.635,1.131,108.587,1.1320000000000001,108.441,25,108.441,67.5,108.635,-48,108.515,42,108.587,23,108.635,2.051,108.587,1.035,108.587,2031,108.635,0002,108.635,01,108.635,10,108.635,55.5,108.515,0,108.587,0.78,108.635,3.336,108.515,00,108.587,00,108.587,150,108.587,1.6,,,,,,,,,,,,,,,,,,,,,,,,,,,,,,,,,,,,,,,,,,,,
108.722,108.534,000000,108.554,22.77,,,,,,,108.240,21.71875,107.855,208700100000,107.855,20,108.291,70,108.291,21,108.143,21.21,108.635,1.131,108.694,1.1460000000000001,108.694,24.900000000000002,108.694,67.5,108.635,-48,108.694,42,108.694,24,108.635,2.051,108.587,1.035,108.587,2031,108.635,0002,108.635,01,108.635,10,108.635,55.5,108.694,0,108.694,0.78,108.635,3.336,108.694,00,108.726,00,108.587,150,108.587,1.6,,,,,,,,,,,,,,,,,,,,,,,,,,,,,,,,,,,,,,,,,,,,
108.834,108.534,000000,108.554,22.77,,,,,,,108.240,21.71875,108.765,208700100000,108.765,25,108.291,70,108.291,21,108.865,24.82,108.827,1.181,108.795,1.189,108.827,25,108.827,67.5,108.726,-48,108.694,42,108.795,25,108.795,2.109,108.827,1.099,108.827,2120,108.795,0002,108.795,01,108.795,10,108.795,55.5,108.694,0,108.726,0.78,108.795,3.335,108.694,00,108.827,00,108.827,150,108.827,1.599,,,,,,,,,,,,,,,,,,,,,,,,,,,,,,,,,,,,,,,,,,,,
108.932,108.534,000000,108.554,22.77,,,,,,,108.240,21.71875,108.765,208700100000,108.765,25,108.291,70,108.291,21,108.865,24.82,108.827,1.181,108.969,1.236,108.827,25,108.827,67.5,108.935,-48,108.895,42,108.969,25,108.935,2.5340000000000003,108.969,1.294,108.827,2120,108.969,0002,108.969,01,108.969,10,108.969,55.5,108.895,0,108.895,0.78,108.969,3.335,108.895,00,108.827,00,108.827,150,108.827,1.599,,,,,,,,,,,,,,,,,,,,,,,,,,,,,,,,,,,,,,,,,,,,
109.030,108.534,000000,108.554,22.77,,,,,,,108.240,21.71875,108.765,208700100000,108.765,25,108.291,70,108.291,21,108.865,24.82,109.054,1.389,109.095,1.281,108.994,25,108.994,67.5,109.054,-48,109.026,42,109.026,26,109.054,2.563,109.026,1.294,108.994,2229,109.054,0002,109.054,01,109.054,10,109.054,55.5,109.026,0,109.054,0.78,108.969,3.335,109.026,00,108.994,00,108.994,150,108.994,1.597,,,,,,,,,,,,,,,,,,,,,,,,,,,,,,,,,,,,,,,,,,,,
109.121,108.534,000000,108.554,22.77,,,,,,,109.140,26.640625,108.765,208700100000,108.765,25,109.160,71,109.160,26,108.865,24.82,109.126,1.437,109.187,1.347,109.095,25,109.126,68.2,109.126,-48,109.095,42,109.187,27,109.187,2.544,109.095,1.299,109.126,2255,109.187,0002,109.187,01,109.187,10,109.187,55.5,109.095,0,109.126,0.78,109.187,3.336,109.095,00,109.126,00,109.126,150,109.126,1.594,,,,,,,,,,,,,,,,,,,,,,,,,,,,,,,,,,,,,,,,,,,,
109.233,108.534,000000,108.554,22.77,,,,,,,109.140,26.640625,108.765,208700100000,108.765,25,109.160,71,109.160,26,108.865,24.82,109.215,1.427,109.187,1.347,109.215,24.900000000000002,109.215,68.2,109.126,-48,109.215,42,109.187,27,109.187,2.544,109.215,1.2790000000000001,109.215,2161,109.187,0002,109.187,01,109.187,10,109.187,55.5,109.215,0,109.126,0.78,109.187,3.336,109.215,00,109.126,00,109.126,150,109.126,1.594,,,,,,,,,,,,,,,,,,,,,,,,,,,,,,,,,,,,,,,,,,,,
109.322,108.534,000000,108.554,22.77,,,,,,,109.140,26.640625,109.311,208700100000,109.311,28,109.160,71,109.160,26,108.865,24.82,109.335,1.417,109.275,1.409,109.215,24.900000000000002,109.215,68.2,109.275,-48,109.335,42,109.335,28,109.275,2.5100000000000002,109.335,1.2550000000000001,109.215,2161,109.275,0002,109.335,01,109.335,10,109.335,55.5,109.215,0,109.275,0.78,109.335,3.335,109.215,00,109.275,00,109.275,150,109.275,1.592,,,,,,,,,,,,,,,,,,,,,,,,,,,,,,,,,,,,,,,,,,,,
109.422,108.534,000000,108.554,22.77,,,,,,,109.140,26.640625,109.311,208700100000,109.311,28,109.160,71,109.160,26,109.400,28.44,109.335,1.417,109.275,1.409,109.371,25,109.371,68.2,109.469,-48,109.335,42,109.335,28,109.469,2.48,109.335,1.2550000000000001,109.371,2027,109.469,0002,109.469,01,109.469,10,109.335,55.5,109.371,0,109.427,0.78,109.335,3.335,109.371,00,109.371,00,109.371,150,109.427,1.591,,,,,,,,,,,,,,,,,,,,,,,,,,,,,,,,,,,,,,,,,,,,
109.520,108.534,000000,108.554,22.77,,,,,,,109.560,29.4375,109.311,208700100000,109.311,28,109.580,71,109.580,28,109.400,28.44,109.547,1.4060000000000001,109.509,1.399,109.547,25,109.547,68.2,109.469,-48,109.509,42,109.509,29,109.469,2.48,109.509,1.25,109.547,1950,109.547,0002,109.547,01,109.469,10,109.509,55.5,109.509,0,109.427,0.78,109.509,3.335,109.509,00,109.547,00,109.547,150,109.427,1.591,,,,,,,,,,,,,,,,,,,,,,,,,,,,,,,,,,,,,,,,,,,,
109.621,109.625,000000,108.554,22.77,,,,,,,109.560,29.4375,109.311,208700100000,109.311,28,109.580,71,109.580,28,109.400,28.44,109.655,0.8320000000000001,109.607,1.3940000000000001,109.547,25,109.547,68.2,109.607,-48,109.509,42,109.509,29,109.607,2.3930000000000002,109.509,1.25,109.547,1950,109.607,0002,109.607,01,109.607,10,109.509,55.5,109.509,0,109.607,0.78,109.509,3.335,109.509,00,109.547,00,109.547,150,109.607,1.589,,,,,,,,,,,,,,,,,,,,,,,,,,,,,,,,,,,,,,,,,,,,
109.720,109.625,000000,109.675,30.21,,,,,,,109.560,29.4375,109.311,208700100000,109.311,28,109.580,71,109.580,28,109.400,28.44,109.769,1.012,109.722,1.286,109.722,25,109.722,68.2,109.769,-48,109.769,42,109.769,30,109.769,0.796,109.769,0.386,109.722,1891,109.769,0002,109.769,01,109.607,10,109.655,55.5,109.655,0,109.722,0.78,109.655,3.335,109.655,00,109.722,00,109.722,150,109.722,1.587,,,,,,,,,,,,,,,,,,,,,,,,,,,,,,,,,,,,,,,,,,,,
109.832,109.625,000000,109.675,30.21,,,,,,,109.560,29.4375,109.311,208700100000,109.311,28,109.580,71,109.580,28,109.400,28.44,109.769,1.012,109.826,1.219,109.722,25,109.722,68.2,109.769,-48,109.769,42,109.769,30,109.769,0.796,109.769,0.386,109.722,1891,109.769,0002,109.769,01,109.826,10,109.826,55.5,109.826,0,109.826,0.78,109.826,3.335,109.826,00,109.722,00,109.722,150,109.826,1.584,,,,,,,,,,,,,,,,,,,,,,,,,,,,,,,,,,,,,,,,,,,,
109.927,109.625,000000,109.675,30.21,,,,,,,109.560,29.4375,109.311,208700100000,109.311,28,109.580,71,109.580,28,109.400,28.44,109.986,1.012,109.826,1.219,109.870,25,109.870,68.2,109.870,-48,109.915,42,109.915,31,109.870,0.796,109.915,0.386,109.870,1782,109.915,0002,109.915,01,109.826,10,109.826,55.5,109.826,0,109.955,0.78,109.826,3.335,109.826,00,109.870,00,109.870,150,109.955,1.582,,,,,,,,,,,,,,,,,,,,,,,,,,,,,,,,,,,,,,,,,,,,
110.032,109.625,000000,109.675,30.21,,,,,,,109.560,29.4375,110.075,208700100000,110.075,31,109.580,71,109.580,28,109.400,28.44,109.986,1.012,110.014,1.145,109.986,25,110.014,68.2,110.014,-48,110.014,42,109.915,31,110.014,0.796,109.915,0.386,110.014,1743,109.915,0002,109.915,01,109.986,10,109.986,55.5,109.986,0,109.955,0.78,109.986,3.333,109.986,00,110.014,00,110.014,150,109.955,1.582,,,,,,,,,,,,,,,,,,,,,,,,,,,,,,,,,,,,,,,,,,,,
110.121,109.625,000000,109.675,30.21,,,,,,,109.560,29.4375,110.075,208700100000,110.075,31,109.580,71,109.580,28,109.400,28.44,110.107,1.012,110.155,1.124,110.155,25,110.155,68.2,110.155,-48,110.014,42,110.107,30,110.014,0.796,110.107,0.386,110.014,1743,110.107,0002,110.107,01,110.107,10,110.107,55.5,110.107,0,110.155,0.78,110.155,3.335,110.155,00,110.014,00,110.014,150,110.155,1.581,,,,,,,,,,,,,,,,,,,,,,,,,,,,,,,,,,,,,,,,,,,,
110.222,109.625,000000,109.675,30.21,,,,,,,110.261,29.625,110.075,208700100000,110.075,31,109.580,71,109.580,28,110.243,29.080000000000002,110.194,1.012,110.226,1.11,110.226,25,110.226,68.2,110.226,-48,110.226,42,110.107,30,110.194,0.796,110.107,0.386,110.194,1777,110.107,0002,110.107,01,110.194,10,110.194,55.5,110.226,0,110.226,0.78,110.155,3.335,110.155,00,110.194,00,110.194,150,110.226,1.577,,,,,,,,,,,,,,,,,,,,,,,,,,,,,,,,,,,,,,,,,,,,
110.321,109.625,000000,109.675,30.21,,,,,,,110.261,29.625,110.075,208700100000,110.075,31,109.580,71,109.580,28,110.243,29.080000000000002,110.286,1.012,110.314,1.097,110.314,25,110.314,68.2,110.314,-48,110.359,42,110.359,29,110.314,0.796,110.359,0.386,110.359,1702,110.359,0002,110.286,01,110.286,10,110.286,55.5,110.226,0,110.314,0.78,110.286,3.334,110.314,00,110.359,00,110.359,150,110.314,1.577,,,,,,,,,,,,,,,,,,,,,,,,,,,,,,,,,,,,,,,,,,,,
110.421,109.625,000000,109.675,30.21,,,,,,,110.261,29.625,110.075,208700100000,110.075,31,109.580,71,109.580,28,110.243,29.080000000000002,110.470,1.012,110.314,1.097,110.470,24.900000000000002,110.470,68.2,110.470,-48,110.359,42,110.359,29,110.470,0.796,110.359,0.386,110.470,1569,110.359,0002,110.389,01,110.389,10,110.389,55.5,110.389,0,110.426,0.78,110.426,3.336,110.426,00,110.470,00,110.359,150,110.470,1.575,,,,,,,,,,,,,,,,,,,,,,,,,,,,,,,,,,,,,,,,,,,,
110.522,109.625,000000,109.675,30.21,,,,,,,110.261,29.625,110.075,208700100000,110.075,31,110.570,71,110.570,27,110.243,29.080000000000002,110.535,1.012,110.507,1.071,110.535,24.900000000000002,110.535,68.2,110.470,-48,110.507,42,110.507,27,110.470,0.796,110.507,0.386,110.470,1569,110.507,0002,110.507,01,110.507,10,110.535,55.5,110.535,0,110.535,0.78,110.535,3.336,110.535,00,110.470,00,110.507,150,110.470,1.575,,,,,,,,,,,,,,,,,,,,,,,,,,,,,,,,,,,,,,,,,,,,
110.621,109.625,000000,109.675,30.21,,,,,,,110.261,29.625,110.675,208700100000,110.675,27,110.570,71,110.570,27,110.243,29.080000000000002,110.595,1.012,110.627,1.061,110.627,24.900000000000002,110.627,68.2,110.595,-48,110.627,42,110.595,26,110.595,0.796,110.595,0.386,110.595,1459,110.595,0002,110.627,01,110.627,10,110.535,55.5,110.535,0,110.627,0.78,110.535,3.336,110.535,00,110.595,00,110.507,150,110.627,1.572,,,,,,,,,,,,,,,,,,,,,,,,,,,,,,,,,,,,,,,,,,,,
110.721,109.625,000000,109.675,30.21,,,,,,,110.261,29.625,110.675,208700100000,110.675,27,110.570,71,110.570,27,110.753,25.39,110.706,1.012,110.734,1.052,110.734,25,110.734,68.2,110.734,-48,110.627,42,110.706,26,110.734,0.796,110.706,0.386,110.595,1459,110.706,0002,110.627,01,110.627,10,110.706,55.5,110.706,0,110.734,0.78,110.706,3.336,110.734,00,110.595,00,110.706,150,110.734,1.569,,,,,,,,,,,,,,,,,,,,,,,,,,,,,,,,,,,,,,,,,,,,
110.824,109.625,000000,109.675,30.21,,,,,,,110.792,25.40625,110.675,208700100000,110.675,27,110.570,71,110.570,27,110.753,25.39,110.826,1.012,110.734,1.052,110.734,25,110.734,68.2,110.734,-48,110.826,42,110.706,26,110.734,0.796,110.706,0.386,110.826,1478,110.706,0002,110.826,01,110.826,10,110.826,55.5,110.826,0,110.734,0.78,110.706,3.336,110.734,00,110.826,00,110.706,150,110.856,1.567,,,,,,,,,,,,,,,,,,,,,,,,,,,,,,,,,,,,,,,,,,,,
110.920,109.625,000000,109.675,30.21,,,,,,,110.792,25.40625,110.675,208700100000,110.675,27,110.570,71,110.570,27,110.753,25.39,110.956,1.012,110.956,1.039,110.956,25,110.956,69,110.956,-48,110.826,42,110.886,25,110.886,0.796,110.886,0.386,110.826,1478,110.886,0002,110.927,01,110.927,10,110.956,55.5,110.956,0,110.856,0.78,110.856,3.335,110.856,00,110.826,00,110.886,150,110.856,1.567,,,,,,,,,,,,,,,,,,,,,,,,,,,,,,,,,,,,,,,,,,,,
111.031,109.625,000000,109.675,30.21,,,,,,,110.792,25.40625,110.675,208700100000,110.675,27,111.060,71,111.060,24,110.753,25.39,110.986,1.012,111.035,1.036,111.035,25,110.956,69,110.956,-48,110.986,42,110.986,24,110.886,0.796,110.986,0.386,110.986,1358,110.986,0002,111.035,01,111.035,10,110.956,55.5,110.956,0,111.035,0.78,111.035,3.335,111.035,00,110.986,00,110.986,150,111.035,1.565,,,,,,,,,,,,,,,,,,,,,,,,,,,,,,,,,,,,,,,,,,,,
111.126,111.084,000000,109.675,30.21,,,,,,,110.792,25.40625,110.675,208700100000,110.675,27,111.060,71,111.060,24,110.753,25.39,111.115,1.012,111.155,1.033,111.035,25,111.115,69,111.115,-48,111.155,42,111.115,23,111.115,0.796,111.115,0.386,111.155,1289,111.115,0002,111.155,01,111.155,10,110.956,55.5,110.956,0,111.155,0.78,111.155,3.334,111.035,00,111.155,00,111.115,150,111.186,1.563,,,,,,,,,,,,,,,,,,,,,,,,,,,,,,,,,,,,,,,,,,,,
111.232,111.084,000000,111.205,22.39,,,,,,,110.792,25.40625,110.675,208700100000,110.675,27,111.060,71,111.060,24,110.753,25.39,111.186,1.012,111.246,1.03,111.186,25,111.246,69,111.246,-48,111.155,42,111.246,22,111.246,0.796,111.246,0.386,111.155,1289,111.246,0002,111.155,01,111.155,10,111.186,55.5,111.186,0,111.186,0.78,111.186,3.334,111.186,00,111.155,00,111.246,150,111.186,1.563,,,,,,,,,,,,,,,,,,,,,,,,,,,,,,,,,,,,,,,,,,,,
111.321,111.084,000000,111.205,22.39,,,,,,,110.792,25.40625,110.675,208700100000,110.675,27,111.060,71,111.060,24,110.753,25.39,111.306,1.012,111.335,1.03,111.335,25,111.335,69,111.335,-48,111.306,42,111.375,22,111.375,0.796,111.375,0.386,111.306,1257,111.375,0002,111.306,01,111.306,10,111.335,55.5,111.335,0,111.306,0.78,111.306,3.335,111.335,00,111.306,00,111.375,150,111.335,1.559,,,,,,,,,,,,,,,,,,,,,,,,,,,,,,,,,,,,,,,,,,,,
111.422,111.084,000000,111.205,22.39,,,,,,,110.792,25.40625,110.675,208700100000,110.675,27,111.060,71,111.060,24,110.753,25.39,111.446,1.012,111.335,1.03,111.446,25,111.335,69,111.335,-48,111.407,42,111.375,22,111.375,0.796,111.375,0.386,111.446,1224,111.375,0002,111.446,01,111.446,10,111.335,55.5,111.335,0,111.446,0.78,111.446,3.335,111.335,00,111.446,00,111.375,150,111.335,1.559,,,,,,,,,,,,,,,,,,,,,,,,,,,,,,,,,,,,,,,,,,,,
111.521,111.084,000000,111.205,22.39,,,,,,,110.792,25.40625,110.675,208700100000,110.675,27,111.060,71,111.060,24,110.753,25.39,111.515,1.012,111.546,1.026,111.546,24.900000000000002,111.486,69,111.486,-48,111.515,42,111.486,21,111.515,0.796,111.515,0.386,111.515,1195,111.515,0002,111.515,01,111.546,10,111.546,55.5,111.546,0,111.546,0.78,111.546,3.336,111.486,00,111.546,00,111.515,150,111.486,1.558,,,,,,,,,,,,,,,,,,,,,,,,,,,,,,,,,,,,,,,,,,,,
111.631,111.084,000000,111.205,22.39,,,,,,,110.792,25.40625,110.675,208700100000,110.675,27,111.060,71,111.060,24,110.753,25.39,111.616,0.806,111.669,1.026,111.546,24.900000000000002,111.616,69,111.616,-48,111.616,42,111.616,20,111.515,0.796,111.515,0.386,111.616,1174,111.515,0002,111.515,01,111.546,10,111.546,55.5,111.546,0,111.546,0.78,111.546,3.336,111.616,00,111.546,00,111.515,150,111.616,1.555,,,,,,,,,,,,,,,,,,,,,,,,,,,,,,,,,,,,,,,,,,,,
111.722,111.084,000000,111.205,22.39,,,,,,,110.792,25.40625,111.695,208700100000,111.695,21,111.060,71,111.060,24,110.753,25.39,111.726,0.806,111.755,1.024,111.755,25,111.755,69,111.755,-48,111.726,42.7,111.616,20,111.669,1.172,111.726,0.64,111.726,1175,111.726,0002,111.669,01,111.726,10,111.755,55.5,111.755,0,111.755,0.78,111.755,3.335,111.616,00,111.726,00,111.726,150,111.616,1.555,,,,,,,,,,,,,,,,,,,,,,,,,,,,,,,,,,,,,,,,,,,,
111.832,111.084,000000,111.205,22.39,,,,,,,111.800,20.03125,111.695,208700100000,111.695,21,111.060,71,111.060,24,111.774,20.02,111.827,0.806,111.755,1.024,111.755,25,111.755,69,111.755,-48,111.827,42.7,111.827,20,111.827,1.426,111.726,0.64,111.827,1193,111.726,0002,111.669,01,111.827,10,111.755,55.5,111.755,0,111.755,0.78,111.755,3.335,111.827,00,111.726,00,111.726,150,111.827,1.55,,,,,,,,,,,,,,,,,,,,,,,,,,,,,,,,,,,,,,,,,,,,
111.921,111.084,000000,111.205,22.39,,,,,,,111.800,20.03125,111.695,208700100000,111.695,21,111.060,71,111.060,24,111.774,20.02,111.827,0.806,111.871,1.0230000000000001,111.871,25,111.871,69,111.871,-48,111.934,42.7,111.827,20,111.827,1.426,111.907,0.806,111.934,1123,111.907,0002,111.871,01,111.934,10,111.871,55.5,111.871,0,111.755,0.78,111.755,3.335,111.827,00,111.871,00,111.907,150,111.827,1.55,,,,,,,,,,,,,,,,,,,,,,,,,,,,,,,,,,,,,,,,,,,,
112.030,111.084,000000,111.205,22.39,,,,,,,111.800,20.03125,111.695,208700100000,111.695,21,111.060,71,111.060,24,111.774,20.02,111.995,0.806,111.969,1.0210000000000001,111.969,24.900000000000002,111.969,69,111.995,-48,111.934,42.7,111.995,20,111.995,1.987,111.995,0.996,111.934,1123,111.995,0002,111.871,01,111.934,10,111.969,55.5,111.969,0,111.969,0.78,111.969,3.336,111.995,00,112.026,00,111.995,150,111.827,1.55,,,,,,,,,,,,,,,,,,,,,,,,,,,,,,,,,,,,,,,,,,,,
112.121,111.084,000000,111.205,22.39,,,,,,,111.800,20.03125,112.165,208700100000,112.165,20,112.050,71,112.050,19,111.774,20.02,112.114,0.806,112.146,1.0190000000000001,112.026,25,112.114,69,112.114,-48,112.146,42.7,112.146,20,112.146,2.0020000000000002,112.114,1.0110000000000001,112.146,1165,112.114,0002,112.026,01,112.146,10,112.114,55.5,112.114,0,111.969,0.78,111.969,3.336,112.146,00,112.026,00,112.114,150,112.146,1.545,,,,,,,,,,,,,,,,,,,,,,,,,,,,,,,,,,,,,,,,,,,,
112.231,111.084,000000,111.205,22.39,,,,,,,111.800,20.03125,112.165,208700100000,112.165,20,112.050,71,112.050,19,111.774,20.02,112.194,0.806,112.146,1.0190000000000001,112.026,25,112.114,69,112.114,-48,112.146,42.7,112.146,20,112.146,2.0020000000000002,112.114,1.0110000000000001,112.146,1165,112.114,0002,112.026,01,112.146,10,112.114,55.5,112.114,0,111.969,0.78,111.969,3.336,112.146,00,112.026,00,112.114,150,112.146,1.545,,,,,,,,,,,,,,,,,,,,,,,,,,,,,,,,,,,,,,,,,,,,
112.322,112.292,000000,111.205,22.39,,,,,,,112.260,19.796875,112.165,208700100000,112.165,20,112.050,71,112.050,19,112.220,19.38,112.325,0.806,112.355,1.0130000000000001,112.355,25,112.246,69,112.246,-48,112.325,42.7,112.325,20,112.325,2.158,112.246,1.0210000000000001,112.325,1128,112.246,0002,112.355,01,112.325,10,112.246,55.5,112.246,0,112.355,0.78,112.355,3.333,112.325,00,112.355,00,112.246,150,112.325,1.543,,,,,,,,,,,,,,,,,,,,,,,,,,,,,,,,,,,,,,,,,,,,
112.431,112.292,000000,111.205,22.39,,,,,,,112.260,19.796875,112.165,208700100000,112.165,20,112.050,71,112.050,19,112.220,19.38,112.446,0.91,112.355,1.0130000000000001,112.446,25,112.386,69,112.386,-48,112.415,42.7,112.415,20,112.446,2.231,112.386,1.123,112.446,1201,112.386,0002,112.355,01,112.446,10,112.386,55.5,112.386,0,112.355,0.78,112.355,3.333,112.446,00,112.355,00,112.446,150,112.446,1.541,,,,,,,,,,,,,,,,,,,,,,,,,,,,,,,,,,,,,,,,,,,,
112.521,112.292,000000,112.504,20.01,,,,,,,112.260,19.796875,112.165,208700100000,112.165,20,112.050,71,112.050,19,112.220,19.38,112.534,0.992,112.569,1.012,112.534,25,112.569,69,112.569,-48,112.534,42.7,112.534,20,112.446,2.231,112.534,1.084,112.446,1201,112.534,0002,112.569,01,112.446,10,112.569,55.5,112.534,0,112.569,0.78,112.569,3.335,112.446,00,112.569,00,112.534,150,112.446,1.541,,,,,,,,,,,,,,,,,,,,,,,,,,,,,,,,,,,,,,,,,,,,
112.621,112.292,000000,112.504,20.01,,,,,,,112.260,19.796875,112.165,208700100000,112.165,20,112.050,71,112.050,19,112.220,19.38,112.626,1.03,112.654,1.016,112.654,25,112.654,69,112.569,-48,112.626,42.7,112.626,20,112.626,2.124,112.534,1.084,112.626,1186,112.534,0002,112.654,01,112.626,10,112.569,55.5,112.534,0,112.654,0.78,112.654,3.335,112.626,00,112.654,00,112.654,150,112.626,1.538,,,,,,,,,,,,,,,,,,,,,,,,,,,,,,,,,,,,,,,,,,,,
112.721,112.292,000000,112.504,20.01,,,,,,,112.260,19.796875,112.165,208700100000,112.165,20,112.710,71,112.710,20,112.220,19.38,112.755,1.099,112.789,1.026,112.789,25,112.654,69,112.755,-48,112.755,42.7,112.755,21,112.789,2.227,112.755,1.084,112.789,1192,112.755,0002,112.789,01,112.789,10,112.755,55.5,112.755,0,112.654,0.78,112.654,3.335,112.789,00,112.654,00,112.654,150,112.789,1.537,,,,,,,,,,,,,,,,,,,,,,,,,,,,,,,,,,,,,,,,,,,,
112.832,112.292,000000,112.504,20.01,,,,,,,112.260,19.796875,112.816,208700100000,112.816,21,112.710,71,112.710,20,112.220,19.38,112.847,1.154,112.875,1.033,112.875,25,112.847,69.7,112.755,-48,112.847,42.7,112.847,21,112.789,2.227,112.755,1.084,112.789,1192,112.755,0002,112.875,01,112.789,10,112.755,55.5,112.755,0,112.847,0.78,112.847,3.335,112.789,00,112.847,00,112.847,150,112.789,1.537,,,,,,,,,,,,,,,,,,,,,,,,,,,,,,,,,,,,,,,,,,,,
112.928,112.292,000000,112.504,20.01,,,,,,,112.260,19.796875,112.816,208700100000,112.816,21,112.710,71,112.710,20,112.220,19.38,112.942,1.056,112.875,1.033,112.875,25,112.847,69.7,112.909,-48,112.847,42.7,112.847,21,112.942,1.528,112.909,1.1380000000000001,112.942,1243,112.986,0002,112.875,01,112.942,10,112.942,55.5,112.942,0,112.847,0.78,112.847,3.335,112.942,00,112.847,00,112.942,150,112.789,1.537,,,,,,,,,,,,,,,,,,,,,,,,,,,,,,,,,,,,,,,,,,,,
113.032,112.292,000000,112.504,20.01,,,,,,,113.081,22.03125,112.816,208700100000,112.816,21,112.710,71,112.710,20,113.063,21.82,113.015,1.0190000000000001,113.046,1.035,113.046,25,112.986,69.7,113.046,-48,113.015,42.7,113.015,22,113.015,0.796,112.986,0.386,113.046,1253,112.986,0002,113.046,01,113.046,10,112.942,55.5,112.942,0,113.015,0.78,113.015,3.335,113.046,00,113.015,00,113.015,150,113.046,1.532,,,,,,,,,,,,,,,,,,,,,,,,,,,,,,,,,,,,,,,,,,,,
113.122,112.292,000000,112.504,20.01,,,,,,,113.081,22.03125,112.816,208700100000,112.816,21,112.710,71,112.710,20,113.063,21.82,113.134,1.014,113.046,1.035,113.046,25,113.134,69.7,113.046,-48,113.134,42.7,113.134,23,113.015,0.796,113.134,0.386,113.046,1253,113.134,0002,113.046,01,113.046,10,113.134,55.5,113.134,0,113.015,0.78,113.015,3.335,113.046,00,113.015,00,113.015,150,113.046,1.532,,,,,,,,,,,,,,,,,,,,,,,,,,,,,,,,,,,,,,,,,,,,
113.221,112.292,000000,112.504,20.01,,,,,,,113.081,22.03125,112.816,208700100000,112.816,21,112.710,71,112.710,20,113.063,21.82,113.226,1.012,113.255,1.056,113.226,25,113.226,69.7,113.255,-48,113.226,42.7,113.255,23,113.255,0.796,113.255,0.386,113.255,1270,113.255,0002,113.226,01,113.255,10,113.134,55.5,113.134,0,113.186,0.78,113.186,3.334,113.226,00,113.186,00,113.186,150,113.226,1.53,,,,,,,,,,,,,,,,,,,,,,,,,,,,,,,,,,,,,,,,,,,,
113.321,112.292,000000,112.504,20.01,,,,,,,113.081,22.03125,113.306,208700100000,113.306,23,113.279,72,113.279,22,113.063,21.82,113.335,1.012,113.375,1.061,113.375,25,113.335,69.7,113.255,-48,113.335,42.7,113.255,23,113.375,0.796,113.255,0.386,113.375,1283,113.255,0002,113.375,01,113.375,10,113.335,55.5,113.335,0,113.335,0.78,113.335,3.334,113.375,00,113.335,00,113.375,150,113.226,1.53,,,,,,,,,,,,,,,,,,,,,,,,,,,,,,,,,,,,,,,,,,,,
113.421,112.292,000000,112.504,20.01,,,,,,,113.081,22.03125,113.306,208700100000,113.306,23,113.279,72,113.279,22,113.063,21.82,113.469,1.012,113.375,1.061,113.375,25,113.469,69.7,113.436,-48,113.469,42.7,113.469,22,113.469,0.796,113.436,0.386,113.375,1283,113.436,0002,113.375,01,113.375,10,113.436,55.5,113.436,0,113.469,0.78,113.469,3.333,113.375,00,113.469,00,113.375,150,113.408,1.526,,,,,,,,,,,,,,,,,,,,,,,,,,,,,,,,,,,,,,,,,,,,
113.521,113.514,000000,112.504,20.01,,,,,,,113.081,22.03125,113.306,208700100000,113.306,23,113.279,72,113.279,22,113.063,21.82,113.555,1.012,113.555,1.061,113.555,25,113.469,69.7,113.436,-48,113.469,42.7,113.469,22,113.555,0.796,113.495,0.386,113.495,1260,113.495,0002,113.555,01,113.495,10,113.555,55.5,113.555,0,113.469,0.78,113.469,3.333,113.495,00,113.469,00,113.555,150,113.408,1.526,,,,,,,,,,,,,,,,,,,,,,,,,,,,,,,,,,,,,,,,,,,,
113.621,113.514,000000,113.660,22.04,,,,,,,113.081,22.03125,113.306,208700100000,113.306,23,113.279,72,113.279,22,113.063,21.82,113.688,1.012,113.635,1.055,113.688,25,113.608,69.7,113.688,-48,113.635,42.7,113.635,22,113.635,0.796,113.688,0.386,113.635,1273,113.608,0002,113.688,01,113.688,10,113.555,55.5,113.555,0,113.635,0.78,113.635,3.334,113.688,00,113.635,00,113.608,150,113.688,1.5250000000000001,,,,,,,,,,,,,,,,,,,,,,,,,,,,,,,,,,,,,,,,,,,,
113.722,113.514,000000,113.660,22.04,,,,,,,113.081,22.03125,113.306,208700100000,113.306,23,113.279,72,113.279,22,113.063,21.82,113.688,1.012,113.748,1.049,113.688,25,113.748,69.7,113.688,-48,113.748,42.7,113.748,22,113.635,0.796,113.688,0.386,113.635,1273,113.748,0002,113.688,01,113.688,10,113.748,55.5,113.748,0,113.635,0.78,113.635,3.334,113.688,00,113.635,00,113.748,150,113.688,1.5250000000000001,,,,,,,,,,,,,,,,,,,,,,,,,,,,,,,,,,,,,,,,,,,,
113.822,113.514,000000,113.660,22.04,,,,,,,113.081,22.03125,113.306,208700100000,113.306,23,113.279,72,113.279,22,113.063,21.82,113.815,1.012,113.855,1.045,113.815,25,113.855,69.7,113.855,-48,113.748,42.7,113.748,22,113.815,0.796,113.855,0.386,113.815,1190,113.748,0002,113.855,01,113.815,10,113.748,55.5,113.748,0,113.815,0.78,113.815,3.335,113.855,00,113.815,00,113.855,150,113.855,1.5210000000000001,,,,,,,,,,,,,,,,,,,,,,,,,,,,,,,,,,,,,,,,,,,,
113.934,113.514,000000,113.660,22.04,,,,,,,113.081,22.03125,113.306,208700100000,113.306,23,113.279,72,113.279,22,113.063,21.82,113.815,1.012,113.855,1.045,113.928,25,113.855,69.7,113.855,-48,113.928,42.7,113.928,20,113.815,0.796,113.855,0.386,113.815,1190,113.956,0002,113.855,01,113.815,10,113.956,55.5,113.956,0,113.815,0.78,113.815,3.335,113.855,00,113.815,00,113.855,150,113.855,1.5210000000000001,,,,,,,,,,,,,,,,,,,,,,,,,,,,,,,,,,,,,,,,,,,,
114.034,113.514,000000,113.660,22.04,,,,,,,113.081,22.03125,113.306,208700100000,113.306,23,113.279,72,113.279,22,114.064,19.6,113.989,1.012,114.046,1.036,113.928,25,113.989,69.7,114.046,-48,113.928,42.7,113.928,20,113.989,0.796,114.046,0.386,113.989,1158,113.956,0002,114.046,01,113.989,10,113.956,55.5,113.956,0,113.989,0.78,114.046,3.335,114.046,00,114.046,00,113.989,150,114.046,1.52,,,,,,,,,,,,,,,,,,,,,,,,,,,,,,,,,,,,,,,,,,,,
114.127,113.514,000000,113.660,22.04,,,,,,,114.140,19.375,113.306,208700100000,113.306,23,114.159,72,114.159,19,114.064,19.6,114.186,1.012,114.126,1.033,114.094,25,113.989,69.7,114.126,-48,114.094,42.7,114.094,19,114.094,0.796,114.126,0.386,114.094,1089,114.126,0002,114.126,01,114.094,10,114.126,55.5,113.956,0,114.094,0.78,114.046,3.335,114.126,00,114.046,00,113.989,150,114.126,1.5190000000000001,,,,,,,,,,,,,,,,,,,,,,,,,,,,,,,,,,,,,,,,,,,,
114.220,113.514,000000,113.660,22.04,,,,,,,114.140,19.375,114.246,208700100000,114.246,19,114.159,72,114.159,19,114.064,19.6,114.186,1.012,114.215,1.031,114.215,25,114.186,69.7,114.215,-48,114.215,42.7,114.215,18,114.186,0.796,114.215,0.386,114.186,1087,114.126,0002,114.126,01,114.186,10,114.126,55.5,114.186,0,114.186,0.78,114.215,3.333,114.126,00,114.215,00,114.186,150,114.126,1.5190000000000001,,,,,,,,,,,,,,,,,,,,,,,,,,,,,,,,,,,,,,,,,,,,
114.321,113.514,000000,113.660,22.04,,,,,,,114.140,19.375,114.246,208700100000,114.246,19,114.159,72,114.159,19,114.064,19.6,114.306,1.012,114.335,1.03,114.335,25,114.370,69.7,114.370,-48,114.335,42.7,114.335,19,114.306,0.796,114.370,0.386,114.306,1083,114.306,0002,114.306,01,114.335,10,114.306,55.5,114.370,0,114.335,0.78,114.335,3.333,114.306,00,114.335,00,114.370,150,114.306,1.5170000000000001,,,,,,,,,,,,,,,,,,,,,,,,,,,,,,,,,,,,,,,,,,,,
114.421,113.514,000000,113.660,22.04,,,,,,,114.140,19.375,114.246,208700100000,114.246,19,114.159,72,114.159,19,114.393,18.41,114.426,1.012,114.460,1.026,114.335,25,114.460,69.7,114.370,-48,114.335,42.7,114.335,19,114.460,0.796,114.370,0.386,114.460,1049,114.460,0002,114.460,01,114.335,10,114.306,55.5,114.460,0,114.335,0.78,114.335,3.333,114.306,00,114.335,00,114.460,150,114.306,1.5170000000000001,,,,,,,,,,,,,,,,,,,,,,,,,,,,,,,,,,,,,,,,,,,,
114.522,113.514,000000,113.660,22.04,,,,,,,114.560,17.984375,114.246,208700100000,114.246,19,114.159,72,114.159,19,114.393,18.41,114.495,1.012,114.535,1.024,114.495,25,114.535,69.7,114.535,-48,114.495,42.7,114.495,18,114.460,0.796,114.535,0.386,114.460,1049,114.460,0002,114.460,01,114.495,10,114.495,55.5,114.535,0,114.535,0.78,114.535,3.334,114.495,00,114.535,00,114.460,150,114.495,1.514,,,,,,,,,,,,,,,,,,,,,,,,,,,,,,,,,,,,,,,,,,,,
114.621,114.681,000000,113.660,22.04,,,,,,,114.560,17.984375,114.246,208700100000,114.246,19,114.649,72,114.649,17,114.393,18.41,114.589,1.012,114.626,1.0230000000000001,114.626,25,114.535,69.7,114.535,-48,114.626,44.2,114.626,17,114.589,0.796,114.535,0.386,114.589,980,114.589,0001,114.589,01,114.626,10,114.589,55.5,114.535,0,114.626,0.78,114.626,3.333,114.589,00,114.535,00,114.589,150,114.626,1.514,,,,,,,,,,,,,,,,,,,,,,,,,,,,,,,,,,,,,,,,,,,,
114.721,114.681,000000,114.755,16.88,,,,,,,114.560,17.984375,114.246,208700100000,114.246,19,114.649,72,114.649,17,114.393,18.41,114.707,1.012,114.735,1.0230000000000001,114.735,25,114.707,69.7,114.707,-48,114.735,44.2,114.735,17,114.707,0.796,114.707,0.386,114.707,929,114.735,0001,114.735,01,114.626,10,114.735,55.5,114.707,0,114.626,0.78,114.626,3.333,114.735,00,114.707,00,114.589,150,114.626,1.514,,,,,,,,,,,,,,,,,,,,,,,,,,,,,,,,,,,,,,,,,,,,
114.821,114.681,000000,114.755,16.88,,,,,,,114.560,17.984375,114.246,208700100000,114.246,19,114.649,72,114.649,17,114.393,18.41,114.806,1.012,114.834,1.02,114.735,25,114.834,70.5,114.834,-48,114.735,44.2,114.735,17,114.834,0.796,114.834,0.386,114.834,949,114.735,0001,114.735,01,114.806,10,114.735,55.5,114.834,0,114.806,0.78,114.806,3.335,114.735,00,114.834,00,114.806,150,114.880,1.51,,,,,,,,,,,,,,,,,,,,,,,,,,,,,,,,,,,,,,,,,,,,
114.922,114.681,000000,114.755,16.88,,,,,,,114.560,17.984375,114.246,208700100000,114.246,19,114.649,72,114.649,17,114.393,18.41,114.946,1.012,114.946,1.02,114.915,25,114.834,70.5,114.834,-48,114.915,44.2,114.915,15,114.834,0.796,114.834,0.386,114.834,949,114.915,0001,114.915,01,114.946,10,114.946,55.5,114.834,0,114.946,0.78,114.946,3.331,114.946,00,114.834,00,114.946,150,114.880,1.51,,,,,,,,,,,,,,,,,,,,,,,,,,,,,,,,,,,,,,,,,,,,
115.034,114.681,000000,114.755,16.88,,,,,,,114.560,17.984375,115.066,208700100000,115.066,15,114.649,72,114.649,17,114.393,18.41,114.995,1.012,115.026,1.02,115.026,25,114.995,70.5,114.995,-48,115.026,44.2,115.026,15,114.995,0.796,114.995,0.386,114.995,1022,115.026,0001,115.026,01,115.026,10,114.946,55.5,114.995,0,114.946,0.78,114.946,3.331,114.946,00,114.995,00,114.946,150,115.026,1.508,,,,,,,,,,,,,,,,,,,,,,,,,,,,,,,,,,,,,,,,,,,,
115.133,114.681,000000,114.755,16.88,,,,,,,114.560,17.984375,115.066,208700100000,115.066,15,114.649,72,114.649,17,115.160,14.18,115.107,1.012,115.135,1.018,115.135,25,115.107,70.5,115.107,-48,115.135,44.2,115.135,14,115.135,0.796,115.107,0.386,115.135,1078,115.135,0001,115.026,01,115.026,10,114.946,55.5,115.107,0,115.107,0.78,115.107,3.334,114.946,00,115.135,00,115.107,150,115.026,1.508,,,,,,,,,,,,,,,,,,,,,,,,,,,,,,,,,,,,,,,,,,,,
115.233,114.681,000000,114.755,16.88,,,,,,,115.251,13.4375,115.066,208700100000,115.066,15,115.270,72,115.270,14,115.160,14.18,115.189,1.012,115.226,1.0170000000000001,115.135,25,115.226,70.5,115.226,-48,115.135,44.2,115.135,14,115.135,0.796,115.226,0.386,115.135,1078,115.135,0001,115.189,01,115.226,10,115.189,55.5,115.226,0,115.226,0.78,115.189,3.333,115.189,00,115.135,00,115.189,150,115.226,1.506,,,,,,,,,,,,,,,,,,,,,,,,,,,,,,,,,,,,,,,,,,,,
115.333,114.681,000000,114.755,16.88,,,,,,,115.251,13.4375,115.066,208700100000,115.066,15,115.270,72,115.270,14,115.160,14.18,115.308,1.012,115.356,1.0170000000000001,115.308,25,115.226,70.5,115.226,-48,115.308,44.2,115.308,13,115.308,0.796,115.226,0.386,115.356,1099,115.356,0001,115.356,01,115.356,10,115.356,55.5,115.226,0,115.226,0.78,115.308,3.335,115.356,00,115.356,00,115.308,150,115.308,1.506,,,,,,,,,,,,,,,,,,,,,,,,,,,,,,,,,,,,,,,,,,,,
115.421,114.681,000000,114.755,16.88,,,,,,,115.251,13.4375,115.066,208700100000,115.066,15,115.270,72,115.270,14,115.160,14.18,115.455,1.012,115.486,1.0170000000000001,115.455,25,115.486,70.5,115.426,-48,115.455,44.2,115.455,12,115.455,0.796,115.426,0.386,115.356,1099,115.356,0001,115.455,01,115.486,10,115.486,55.5,115.426,0,115.486,0.78,115.486,3.334,115.486,00,115.356,00,115.486,150,115.426,1.504,,,,,,,,,,,,,,,,,,,,,,,,,,,,,,,,,,,,,,,,,,,,
115.522,114.681,000000,114.755,16.88,,,,,,,115.251,13.4375,115.576,208700100000,115.576,11,115.270,72,115.270,14,115.160,14.18,115.521,1.012,115.521,1.0170000000000001,115.455,25,115.486,70.5,115.426,-48,115.455,44.2,115.455,12,115.455,0.796,115.426,0.386,115.521,1022,115.521,0001,115.521,01,115.486,10,115.521,55.5,115.426,0,115.486,0.78,115.486,3.334,115.521,00,115.521,00,115.486,150,115.426,1.504,,,,,,,,,,,,,,,,,,,,,,,,,,,,,,,,,,,,,,,,,,,,
115.621,114.681,000000,114.755,16.88,,,,,,,115.670,11.65625,115.576,208700100000,115.576,11,115.270,72,115.270,14,115.653,11.65,115.606,1.012,115.635,1.0170000000000001,115.635,25,115.606,70.5,115.606,-48,115.635,44.2,115.455,12,115.455,0.796,115.606,0.386,115.635,996,115.635,0001,115.521,01,115.606,10,115.521,55.5,115.635,0,115.606,0.78,115.606,3.334,115.521,00,115.635,00,115.606,150,115.635,1.5010000000000001,,,,,,,,,,,,,,,,,,,,,,,,,,,,,,,,,,,,,,,,,,,,
115.722,114.681,000000,114.755,16.88,,,,,,,115.670,11.65625,115.576,208700100000,115.576,11,115.760,72,115.760,11,115.653,11.65,115.695,1.012,115.731,1.0170000000000001,115.731,25,115.695,70.5,115.695,-48,115.731,44.2,115.695,12,115.695,0.796,115.731,0.386,115.731,970,115.731,0001,115.695,01,115.731,10,115.695,55.5,115.635,0,115.606,0.78,115.606,3.334,115.695,00,115.731,00,115.606,150,115.635,1.5010000000000001,,,,,,,,,,,,,,,,,,,,,,,,,,,,,,,,,,,,,,,,,,,,
115.822,115.855,000000,114.755,16.88,,,,,,,115.670,11.65625,115.576,208700100000,115.576,11,115.760,72,115.760,11,115.653,11.65,115.786,1.012,115.815,1.0170000000000001,115.815,25,115.786,70.5,115.786,-48,115.815,44.2,115.815,11,115.695,0.796,115.786,0.386,115.815,946,115.815,0001,115.695,01,115.731,10,115.695,55.5,115.786,0,115.786,0.78,115.786,3.333,115.695,00,115.815,00,115.786,150,115.815,1.5010000000000001,,,,,,,,,,,,,,,,,,,,,,,,,,,,,,,,,,,,,,,,,,,,
115.921,115.855,000000,114.755,16.88,,,,,,,115.670,11.65625,115.576,208700100000,115.576,11,115.760,72,115.760,11,115.653,11.65,115.786,1.012,115.815,1.0170000000000001,115.815,25,115.786,70.5,115.786,-48,115.815,44.2,115.815,11,115.886,0.796,115.786,0.386,115.815,946,115.815,0001,115.886,01,115.886,10,115.886,55.5,115.786,0,115.886,0.78,115.886,3.333,115.886,00,115.815,00,115.926,150,115.815,1.5010000000000001,,,,,,,,,,,,,,,,,,,,,,,,,,,,,,,,,,,,,,,,,,,,
116.021,115.855,000000,116.065,10.43,,,,,,,115.670,11.65625,115.576,208700100000,115.576,11,115.760,72,115.760,11,115.653,11.65,116.015,1.012,116.046,1.0170000000000001,116.015,25,116.046,70.5,116.046,-48,116.015,44.2,116.015,10,116.015,0.8250000000000001,115.926,0.386,115.975,899,116.015,0001,116.015,01,116.046,10,116.046,55.5,115.975,0,116.046,0.78,116.046,3.333,116.046,00,116.015,00,115.926,150,115.975,1.499,,,,,,,,,,,,,,,,,,,,,,,,,,,,,,,,,,,,,,,,,,,,
116.132,115.855,000000,116.065,10.43,,,,,,,115.670,11.65625,115.576,208700100000,115.576,11,115.760,72,115.760,11,115.653,11.65,116.115,0.806,116.161,1.0170000000000001,116.115,25,116.161,70.5,116.046,-48,116.115,44.2,116.161,10,116.161,0.977,116.115,0.459,116.115,850,116.161,0001,116.161,01,116.046,10,116.046,55.5,116.115,0,116.046,0.78,116.046,3.333,116.046,00,116.161,00,116.161,150,116.115,1.499,,,,,,,,,,,,,,,,,,,,,,,,,,,,,,,,,,,,,,,,,,,,
116.227,115.855,000000,116.065,10.43,,,,,,,115.670,11.65625,115.576,208700100000,115.576,11,115.760,72,115.760,11,115.653,11.65,116.226,0.806,116.255,1.016,116.255,25,116.161,70.5,116.226,-48,116.255,44.2,116.255,10,116.255,0.996,116.115,0.459,116.226,850,116.255,0001,116.161,01,116.226,10,116.226,55.5,116.255,0,116.226,0.78,116.226,3.335,116.226,00,116.161,00,116.161,150,116.255,1.495,,,,,,,,,,,,,,,,,,,,,,,,,,,,,,,,,,,,,,,,,,,,
116.321,115.855,000000,116.065,10.43,,,,,,,115.670,11.65625,116.374,208700100000,116.374,9,115.760,72,115.760,11,115.653,11.65,116.315,1.012,116.255,1.016,116.255,25,116.315,70.5,116.315,-48,116.255,44.2,116.255,10,116.255,0.996,116.315,0.386,116.346,827,116.255,0001,116.315,01,116.315,10,116.346,55.5,116.346,0,116.346,0.78,116.346,3.334,116.346,00,116.315,00,116.315,150,116.346,1.495,,,,,,,,,,,,,,,,,,,,,,,,,,,,,,,,,,,,,,,,,,,,
116.422,115.855,000000,116.065,10.43,,,,,,,115.670,11.65625,116.374,208700100000,116.374,9,115.760,72,115.760,11,115.653,11.65,116.315,1.012,116.435,1.0130000000000001,116.407,25,116.435,70.5,116.315,-48,116.407,44.2,116.407,10,116.407,0.796,116.315,0.386,116.346,827,116.407,0001,116.315,01,116.315,10,116.346,55.5,116.346,0,116.346,0.78,116.346,3.334,116.346,00,116.315,00,116.315,150,116.346,1.495,,,,,,,,,,,,,,,,,,,,,,,,,,,,,,,,,,,,,,,,,,,,
116.522,115.855,000000,116.065,10.43,,,,,,,115.670,11.65625,116.374,208700100000,116.374,9,115.760,72,115.760,11,115.653,11.65,116.555,1.012,116.515,1.0130000000000001,116.555,25,116.555,70.5,116.471,-48,116.555,44.2,116.515,9,116.515,0.796,116.555,0.386,116.471,782,116.515,0001,116.555,01,116.471,10,116.471,55.5,116.515,0,116.471,0.78,116.471,3.333,116.471,00,116.555,00,116.555,150,116.515,1.495,,,,,,,,,,,,,,,,,,,,,,,,,,,,,,,,,,,,,,,,,,,,
116.622,115.855,000000,116.065,10.43,,,,,,,116.690,8.578125,116.374,208700100000,116.374,9,115.760,72,115.760,11,116.674,8.57,116.626,1.012,116.655,1.012,116.626,25,116.595,70.5,116.595,-48,116.655,44.2,116.655,9,116.655,0.859,116.655,0.41500000000000004,116.595,808,116.655,0001,116.655,01,116.595,10,116.626,55.5,116.626,0,116.626,0.78,116.626,3.333,116.626,00,116.655,00,116.555,150,116.626,1.493,,,,,,,,,,,,,,,,,,,,,,,,,,,,,,,,,,,,,,,,,,,,
116.722,115.855,000000,116.065,10.43,,,,,,,116.690,8.578125,116.374,208700100000,116.374,9,116.769,72,116.769,8,116.674,8.57,116.715,1.012,116.748,1.012,116.748,25,116.715,70.5,116.715,-48,116.748,44.2,116.748,8,116.655,0.859,116.655,0.41500000000000004,116.715,848,116.655,0001,116.655,01,116.715,10,116.715,55.5,116.748,0,116.715,0.78,116.748,3.331,116.748,00,116.655,00,116.715,150,116.748,1.492,,,,,,,,,,,,,,,,,,,,,,,,,,,,,,,,,,,,,,,,,,,,
116.821,115.855,000000,116.065,10.43,,,,,,,116.690,8.578125,116.374,208700100000,116.374,9,116.769,72,116.769,8,116.674,8.57,116.826,0.806,116.748,1.012,116.748,25,116.826,70.5,116.855,-48,116.748,44.2,116.748,8,116.826,0.9520000000000001,116.826,0.46900000000000003,116.855,888,116.826,0001,116.826,01,116.855,10,116.855,55.5,116.748,0,116.855,0.78,116.855,3.333,116.855,00,116.826,00,116.826,150,116.748,1.492,,,,,,,,,,,,,,,,,,,,,,,,,,,,,,,,,,,,,,,,,,,,
116.921,115.855,000000,116.065,10.43,,,,,,,116.690,8.578125,116.936,208700100000,116.936,8,116.769,72,116.769,8,116.674,8.57,116.826,0.806,116.969,1.0110000000000001,116.886,25,116.969,70.5,116.969,-48,116.886,44.2,116.886,9,116.826,0.9520000000000001,116.915,0.498,116.969,847,116.826,0001,116.915,01,116.969,10,116.969,55.5,116.886,0,116.855,0.78,116.855,3.333,116.855,00,116.969,00,116.969,150,116.886,1.49,,,,,,,,,,,,,,,,,,,,,,,,,,,,,,,,,,,,,,,,,,,,
117.021,115.855,000000,116.065,10.43,,,,,,,116.690,8.578125,116.936,208700100000,116.936,8,116.769,72,116.769,8,117.008,8.73,117.035,0.807,117.069,1.0090000000000001,117.035,25,116.969,70.5,117.069,-48,117.035,44.2,117.069,9,117.069,1.543,117.069,0.767,117.069,820,117.069,0001,117.069,01,116.969,10,116.969,55.5,117.035,0,117.035,0.78,117.035,3.333,117.035,00,116.969,00,116.969,150,117.035,1.489,,,,,,,,,,,,,,,,,,,,,,,,,,,,,,,,,,,,,,,,,,,,
117.124,117.105,000000,117.126,8.870000000000001,,,,,,,117.085,8.875,116.936,208700100000,116.936,8,116.769,72,116.769,8,117.008,8.73,117.155,0.869,117.069,1.0090000000000001,117.155,25,117.155,70.5,117.069,-48,117.155,44.2,117.069,9,117.069,1.543,117.069,0.767,117.069,820,117.069,0001,117.069,01,117.155,10,117.155,55.5,117.035,0,117.035,0.78,117.035,3.333,117.035,00,117.155,00,117.155,150,117.186,1.488,,,,,,,,,,,,,,,,,,,,,,,,,,,,,,,,,,,,,,,,,,,,
117.222,117.105,000000,117.126,8.870000000000001,,,,,,,117.085,8.875,116.936,208700100000,116.936,8,116.769,72,116.769,8,117.008,8.73,117.255,0.864,117.290,1.012,117.155,25,117.186,70.5,117.255,-48,117.155,44.2,117.255,9,117.255,1.675,117.255,0.835,117.255,872,117.255,0001,117.069,01,117.155,10,117.155,55.5,117.186,0,117.186,0.78,117.186,3.333,117.186,00,117.186,00,117.255,150,117.186,1.488,,,,,,,,,,,,,,,,,,,,,,,,,,,,,,,,,,,,,,,,,,,,
117.332,117.105,000000,117.126,8.870000000000001,,,,,,,117.085,8.875,116.936,208700100000,116.936,8,116.769,72,116.769,8,117.008,8.73,117.255,0.864,117.290,1.012,117.290,25,117.326,71.2,117.326,-48,117.290,44.2,117.355,9,117.355,1.816,117.355,0.913,117.355,969,117.355,0001,117.290,01,117.326,10,117.326,55.5,117.290,0,117.290,0.78,117.290,3.333,117.290,00,117.326,00,117.326,150,117.326,1.486,,,,,,,,,,,,,,,,,,,,,,,,,,,,,,,,,,,,,,,,,,,,
117.432,117.105,000000,117.126,8.870000000000001,,,,,,,117.085,8.875,116.936,208700100000,116.936,8,116.769,72,116.769,8,117.008,8.73,117.408,0.9430000000000001,117.440,1.0090000000000001,117.408,25,117.326,71.2,117.326,-48,117.440,44.2,117.355,9,117.355,1.816,117.355,0.913,117.355,969,117.355,0001,117.290,01,117.440,10,117.326,55.5,117.440,0,117.440,0.78,117.440,3.333,117.440,00,117.326,00,117.326,150,117.440,1.484,,,,,,,,,,,,,,,,,,,,,,,,,,,,,,,,,,,,,,,,,,,,
117.521,117.105,000000,117.126,8.870000000000001,,,,,,,117.085,8.875,116.936,208700100000,116.936,8,117.569,72,117.569,9,117.008,8.73,117.546,1.008,117.515,1.0110000000000001,117.546,25,117.475,71.2,117.475,-48,117.546,44.2,117.475,10,117.475,1.899,117.515,0.9570000000000001,117.515,1266,117.515,0001,117.515,01,117.515,10,117.475,55.5,117.546,0,117.546,0.78,117.546,3.335,117.546,00,117.475,00,117.475,150,117.546,1.484,,,,,,,,,,,,,,,,,,,,,,,,,,,,,,,,,,,,,,,,,,,,
117.621,117.105,000000,117.126,8.870000000000001,,,,,,,117.085,8.875,117.616,208700100000,117.616,10,117.569,72,117.569,9,117.008,8.73,117.652,1.041,117.595,1.012,117.652,25,117.595,71.2,117.595,-48,117.652,44.2,117.595,10,117.595,1.909,117.652,0.977,117.652,1367,117.652,0001,117.652,01,117.595,10,117.595,55.5,117.546,0,117.546,0.78,117.546,3.335,117.546,00,117.595,00,117.652,150,117.546,1.484,,,,,,,,,,,,,,,,,,,,,,,,,,,,,,,,,,,,,,,,,,,,
117.721,117.105,000000,117.126,8.870000000000001,,,,,,,117.785,11.109375,117.616,208700100000,117.616,10,117.569,72,117.569,9,117.711,10.76,117.735,1.064,117.769,1.024,117.769,25,117.686,71.2,117.735,-48,117.769,45,117.735,11,117.735,2.012,117.735,1.0110000000000001,117.769,1432,117.769,0001,117.769,01,117.686,10,117.735,55.5,117.769,0,117.769,0.78,117.686,3.333,117.686,00,117.735,00,117.735,150,117.686,1.484,,,,,,,,,,,,,,,,,,,,,,,,,,,,,,,,,,,,,,,,,,,,
117.821,117.105,000000,117.126,8.870000000000001,,,,,,,117.785,11.109375,117.616,208700100000,117.616,10,117.569,72,117.569,9,117.711,10.76,117.735,1.064,117.769,1.024,117.769,25,117.846,71.2,117.846,-48,117.769,45,117.846,11,117.735,2.012,117.735,1.0110000000000001,117.769,1432,117.769,0001,117.769,01,117.846,10,117.735,55.5,117.769,0,117.769,0.78,117.846,3.333,117.846,00,117.735,00,117.735,150,117.846,1.481,,,,,,,,,,,,,,,,,,,,,,,,,,,,,,,,,,,,,,,,,,,,
117.921,117.105,000000,117.126,8.870000000000001,,,,,,,117.785,11.109375,117.616,208700100000,117.616,10,117.569,72,117.569,9,117.711,10.76,117.971,1.047,117.971,1.053,117.971,25,117.971,71.2,117.846,-48,117.971,45,117.846,11,117.908,1.982,117.908,0.996,117.908,1546,117.908,0001,117.935,01,117.846,10,117.908,55.5,117.971,0,117.971,0.78,117.846,3.333,117.846,00,117.908,00,117.908,150,117.846,1.481,,,,,,,,,,,,,,,,,,,,,,,,,,,,,,,,,,,,,,,,,,,,
118.025,118.060,000000,117.126,8.870000000000001,,,,,,,117.785,11.109375,118.016,208700100000,118.016,13,117.990,73,117.990,11,118.034,13,118.095,1.044,117.971,1.053,117.971,25,117.971,71.2,117.846,-48,117.971,45,117.846,11,117.908,1.982,117.908,0.996,117.908,1546,117.908,0001,117.935,01,117.846,10,117.908,55.5,117.971,0,117.971,0.78,117.846,3.333,117.846,00,117.908,00,117.908,150,117.846,1.481,,,,,,,,,,,,,,,,,,,,,,,,,,,,,,,,,,,,,,,,,,,,
118.122,118.060,000000,118.145,13.33,,,,,,,117.785,11.109375,118.016,208700100000,118.016,13,117.990,73,117.990,11,118.034,13,118.175,1.041,118.126,1.088,117.971,25,118.126,71.2,118.095,-48,117.971,45,118.095,14,118.126,1.997,118.095,1.0010000000000001,118.095,1627,118.095,0001,117.935,01,118.095,10,118.126,55.5,117.971,0,117.971,0.78,118.095,3.333,118.126,00,118.126,00,118.126,150,118.126,1.479,,,,,,,,,,,,,,,,,,,,,,,,,,,,,,,,,,,,,,,,,,,,
118.233,118.060,000000,118.145,13.33,,,,,,,118.251,14.671875,118.016,208700100000,118.016,13,117.990,73,117.990,11,118.034,13,118.175,1.041,118.175,1.097,118.175,25,118.126,71.2,118.175,-48,118.175,45,118.095,14,118.126,1.997,118.095,1.0010000000000001,118.095,1627,118.095,0001,118.175,01,118.095,10,118.126,55.5,118.175,0,118.175,0.78,118.095,3.333,118.126,00,118.126,00,118.126,150,118.126,1.479,,,,,,,,,,,,,,,,,,,,,,,,,,,,,,,,,,,,,,,,,,,,
118.327,118.060,000000,118.145,13.33,,,,,,,118.251,14.671875,118.016,208700100000,118.016,13,117.990,73,117.990,11,118.034,13,118.275,1.03,118.326,1.116,118.326,25,118.275,71.2,118.175,-48,118.175,45,118.275,15,118.326,1.992,118.275,0.991,118.275,1602,118.275,0001,118.175,01,118.275,10,118.326,55.5,118.372,0,118.175,0.78,118.275,3.331,118.326,00,118.326,00,118.326,150,118.326,1.477,,,,,,,,,,,,,,,,,,,,,,,,,,,,,,,,,,,,,,,,,,,,
118.421,118.060,000000,118.145,13.33,,,,,,,118.251,14.671875,118.016,208700100000,118.016,13,117.990,73,117.990,11,118.034,13,118.475,0.991,118.475,1.141,118.475,25,118.408,71.2,118.372,-48,118.475,45,118.372,16,118.446,1.87,118.372,0.986,118.408,1619,118.408,0001,118.372,01,118.408,10,118.446,55.5,118.372,0,118.372,0.78,118.408,3.333,118.446,00,118.446,00,118.446,150,118.446,1.476,,,,,,,,,,,,,,,,,,,,,,,,,,,,,,,,,,,,,,,,,,,,
118.522,118.060,000000,118.145,13.33,,,,,,,118.251,14.671875,118.536,208700100000,118.536,16,118.511,73,118.511,15,118.554,16.32,118.475,0.991,118.475,1.141,118.475,25,118.408,71.2,118.372,-48,118.475,45,118.372,16,118.446,1.87,118.372,0.986,118.408,1619,118.408,0001,118.372,01,118.408,10,118.446,55.5,118.372,0,118.372,0.78,118.408,3.333,118.446,00,118.446,00,118.446,150,118.446,1.476,,,,,,,,,,,,,,,,,,,,,,,,,,,,,,,,,,,,,,,,,,,,
118.624,118.060,000000,118.145,13.33,,,,,,,118.251,14.671875,118.536,208700100000,118.536,16,118.511,73,118.511,15,118.554,16.32,118.595,0.865,118.626,1.103,118.475,25,118.595,71.2,118.595,-48,118.475,45,118.595,16,118.626,1.465,118.595,0.728,118.626,1603,118.626,0001,118.595,01,118.626,10,118.626,55.5,118.595,0,118.595,0.78,118.626,3.331,118.626,00,118.675,00,118.446,150,118.446,1.476,,,,,,,,,,,,,,,,,,,,,,,,,,,,,,,,,,,,,,,,,,,,
118.721,118.060,000000,118.145,13.33,,,,,,,118.730,17.109375,118.536,208700100000,118.536,16,118.750,73,118.750,16,118.554,16.32,118.775,0.806,118.708,1.1,118.675,25,118.708,71.2,118.708,-48,118.675,45,118.708,17,118.775,1.504,118.708,0.776,118.775,1577,118.775,0001,118.708,01,118.775,10,118.775,55.5,118.708,0,118.775,0.78,118.775,3.334,118.708,00,118.675,00,118.675,150,118.675,1.473,,,,,,,,,,,,,,,,,,,,,,,,,,,,,,,,,,,,,,,,,,,,
118.822,118.060,000000,118.145,13.33,,,,,,,118.730,17.109375,118.536,208700100000,118.536,16,118.750,73,118.750,16,118.554,16.32,118.775,0.806,118.808,1.094,118.808,25,118.808,71.2,118.808,-48,118.808,45,118.808,17,118.775,1.504,118.808,0.752,118.875,1550,118.875,0001,118.848,01,118.875,10,118.775,55.5,118.848,0,118.848,0.78,118.875,3.333,118.808,00,118.848,00,118.848,150,118.848,1.473,,,,,,,,,,,,,,,,,,,,,,,,,,,,,,,,,,,,,,,,,,,,
118.922,118.060,000000,118.145,13.33,,,,,,,118.730,17.109375,118.536,208700100000,118.536,16,118.750,73,118.750,16,118.554,16.32,118.909,0.806,118.942,1.081,118.942,25,118.942,71.2,118.942,-48,118.942,45,118.942,18,118.909,1.563,118.942,0.776,118.875,1550,118.875,0001,118.942,01,118.875,10,118.909,55.5,118.848,0,118.848,0.78,118.875,3.333,118.909,00,118.848,00,118.848,150,118.848,1.473,,,,,,,,,,,,,,,,,,,,,,,,,,,,,,,,,,,,,,,,,,,,
119.021,118.060,000000,118.145,13.33,,,,,,,118.730,17.109375,118.972,208700100000,118.972,18,118.750,73,118.750,16,118.554,16.32,119.075,0.806,119.046,1.074,119.046,25,119.046,71.2,119.075,-48,119.075,45,119.075,18,119.046,1.484,119.075,0.762,119.075,1563,119.075,0001,119.075,01,119.046,10,119.046,55.5,119.015,0,119.015,0.78,119.046,3.331,119.046,00,119.015,00,119.015,150,119.015,1.472,,,,,,,,,,,,,,,,,,,,,,,,,,,,,,,,,,,,,,,,,,,,
119.133,119.151,000000,118.145,13.33,,,,,,,118.730,17.109375,118.972,208700100000,118.972,18,118.750,73,118.750,16,119.124,18.75,119.075,0.806,119.108,1.068,119.108,25,119.108,71.2,119.108,-48,119.108,45,119.108,19,119.046,1.484,119.108,0.781,119.075,1563,119.075,0001,119.108,01,119.046,10,119.046,55.5,119.015,0,119.015,0.78,119.046,3.331,119.046,00,119.015,00,119.015,150,119.015,1.472,,,,,,,,,,,,,,,,,,,,,,,,,,,,,,,,,,,,,,,,,,,,
119.223,119.151,000000,119.245,19.04,,,,,,,118.730,17.109375,118.972,208700100000,118.972,18,118.750,73,118.750,16,119.124,18.75,119.295,0.8200000000000001,119.226,1.062,119.226,25,119.226,71.2,119.108,-48,119.108,45,119.108,19,119.226,1.538,119.108,0.781,119.195,1637,119.195,0001,119.108,01,119.226,10,119.226,55.5,119.195,0,119.195,0.78,119.226,3.334,119.226,00,119.195,00,119.195,150,119.195,1.47,,,,,,,,,,,,,,,,,,,,,,,,,,,,,,,,,,,,,,,,,,,,
119.334,119.151,000000,119.245,19.04,,,,,,,118.730,17.109375,118.972,208700100000,118.972,18,118.750,73,118.750,16,119.124,18.75,119.295,0.8200000000000001,119.326,1.048,119.356,25,119.356,71.2,119.295,-48,119.295,45,119.295,19,119.326,1.597,119.295,0.8250000000000001,119.326,1628,119.326,0001,119.295,01,119.326,10,119.356,55.5,119.356,0,119.356,0.78,119.356,3.333,119.356,00,119.326,00,119.326,150,119.326,1.469,,,,,,,,,,,,,,,,,,,,,,,,,,,,,,,,,,,,,,,,,,,,
119.420,119.151,000000,119.245,19.04,,,,,,,118.730,17.109375,118.972,208700100000,118.972,18,118.750,73,118.750,16,119.124,18.75,119.415,0.806,119.415,1.052,119.415,25,119.415,71.2,119.415,-48,119.295,45,119.295,19,119.415,1.616,119.295,0.8250000000000001,119.326,1628,119.326,0001,119.295,01,119.415,10,119.356,55.5,119.356,0,119.356,0.78,119.356,3.333,119.356,00,119.326,00,119.326,150,119.326,1.469,,,,,,,,,,,,,,,,,,,,,,,,,,,,,,,,,,,,,,,,,,,,
119.522,119.151,000000,119.245,19.04,,,,,,,119.541,19.90625,118.972,208700100000,118.972,18,119.568,74,119.568,19,119.124,18.75,119.495,0.806,119.526,1.053,119.415,25,119.415,71.2,119.415,-48,119.495,45,119.495,20,119.526,1.3960000000000001,119.495,0.728,119.495,1718,119.526,0001,119.495,01,119.526,10,119.526,55.5,119.495,0,119.495,0.78,119.356,3.333,119.356,00,119.526,00,119.526,150,119.526,1.465,,,,,,,,,,,,,,,,,,,,,,,,,,,,,,,,,,,,,,,,,,,,
119.621,119.151,000000,119.245,19.04,,,,,,,119.541,19.90625,119.656,208700100000,119.656,21,119.568,74,119.568,19,119.124,18.75,119.606,0.806,119.635,1.052,119.606,25,119.606,71.2,119.606,-48,119.635,45,119.635,20,119.635,1.353,119.635,0.674,119.635,1726,119.526,0001,119.495,01,119.635,10,119.635,55.5,119.606,0,119.606,0.78,119.606,3.334,119.606,00,119.526,00,119.526,150,119.526,1.465,,,,,,,,,,,,,,,,,,,,,,,,,,,,,,,,,,,,,,,,,,,,
119.732,119.151,000000,119.245,19.04,,,,,,,119.541,19.90625,119.656,208700100000,119.656,21,119.568,74,119.568,19,119.744,20.34,119.689,0.806,119.726,1.052,119.606,25,119.606,71.2,119.606,-48,119.726,45,119.726,20,119.726,1.2550000000000001,119.726,0.62,119.635,1726,119.689,0001,119.726,01,119.726,10,119.726,55.5,119.689,0,119.689,0.78,119.606,3.334,119.606,00,119.689,00,119.689,150,119.689,1.465,,,,,,,,,,,,,,,,,,,,,,,,,,,,,,,,,,,,,,,,,,,,
119.821,119.151,000000,119.245,19.04,,,,,,,119.541,19.90625,119.656,208700100000,119.656,21,119.568,74,119.568,19,119.744,20.34,119.805,0.806,119.835,1.049,119.805,25,119.805,71.2,119.805,-48,119.726,45,119.726,20,119.835,0.796,119.726,0.62,119.835,1749,119.835,0001,119.726,01,119.835,10,119.726,55.5,119.805,0,119.805,0.78,119.805,3.333,119.805,00,119.835,00,119.835,150,119.835,1.462,,,,,,,,,,,,,,,,,,,,,,,,,,,,,,,,,,,,,,,,,,,,
119.936,119.151,000000,119.245,19.04,,,,,,,119.541,19.90625,119.656,208700100000,119.656,21,119.568,74,119.568,19,119.744,20.34,119.946,1.012,119.946,1.047,119.805,25,119.805,71.2,119.805,-48,119.946,45,119.946,20,119.946,0.796,119.946,0.386,119.915,1704,119.835,0001,119.946,01,119.946,10,119.871,55.5,119.805,0,119.805,0.78,119.805,3.333,119.805,00,119.835,00,119.835,150,119.835,1.462,,,,,,,,,,,,,,,,,,,,,,,,,,,,,,,,,,,,,,,,,,,,
120.021,119.151,000000,119.245,19.04,,,,,,,120.040,20.359375,119.656,208700100000,119.656,21,120.057,74,120.057,20,119.744,20.34,119.975,1.012,120.017,1.046,119.975,25,119.975,72,119.975,-48,120.017,45,119.946,20,119.946,0.796,119.946,0.386,120.017,1686,120.017,0001,119.946,01,119.946,10,120.017,55.5,119.975,0,119.975,0.78,119.975,3.334,119.975,00,120.017,00,120.017,150,120.017,1.461,,,,,,,,,,,,,,,,,,,,,,,,,,,,,,,,,,,,,,,,,,,,
120.124,120.165,000000,119.245,19.04,,,,,,,120.040,20.359375,120.142,208700100000,120.142,20,120.057,74,120.057,20,119.744,20.34,120.195,1.012,120.115,1.042,120.086,25,120.086,72,120.086,-48,120.017,45,120.086,20,119.946,0.796,120.086,0.386,120.017,1686,120.115,0001,120.086,01,119.946,10,120.017,55.5,120.086,0,120.115,0.78,120.115,3.333,120.115,00,120.115,00,120.115,150,120.115,1.462,,,,,,,,,,,,,,,,,,,,,,,,,,,,,,,,,,,,,,,,,,,,
120.223,120.165,000000,120.255,19.67,,,,,,,120.040,20.359375,120.142,208700100000,120.142,20,120.057,74,120.057,20,119.744,20.34,120.195,1.012,120.232,1.038,120.232,25,120.232,72,120.232,-48,120.195,45,120.195,20,120.195,0.796,120.195,0.386,120.195,1704,120.232,0001,120.232,01,120.195,10,120.195,55.5,120.232,0,120.287,0.78,120.115,3.333,120.115,00,120.232,00,120.115,150,120.115,1.462,,,,,,,,,,,,,,,,,,,,,,,,,,,,,,,,,,,,,,,,,,,,
120.332,120.165,000000,120.255,19.67,,,,,,,120.040,20.359375,120.142,208700100000,120.142,20,120.057,74,120.057,20,119.744,20.34,120.287,1.012,120.315,1.035,120.355,25,120.232,72,120.232,-48,120.315,45,120.315,19,120.315,0.796,120.315,0.386,120.315,1682,120.287,0001,120.232,01,120.315,10,120.315,55.5,120.232,0,120.355,0.78,120.355,3.334,120.355,00,120.287,00,120.287,150,120.287,1.46,,,,,,,,,,,,,,,,,,,,,,,,,,,,,,,,,,,,,,,,,,,,
120.424,120.165,000000,120.255,19.67,,,,,,,120.040,20.359375,120.142,208700100000,120.142,20,120.057,74,120.057,20,119.744,20.34,120.287,1.012,120.315,1.035,120.355,25,120.389,72,120.389,-48,120.315,45,120.315,19,120.315,0.796,120.315,0.386,120.315,1682,120.287,0001,120.389,01,120.315,10,120.315,55.5,120.389,0,120.355,0.78,120.355,3.334,120.355,00,120.426,00,120.287,150,120.287,1.46,,,,,,,,,,,,,,,,,,,,,,,,,,,,,,,,,,,,,,,,,,,,
120.520,120.165,000000,120.255,19.67,,,,,,,120.040,20.359375,120.142,208700100000,120.142,20,120.057,74,120.057,20,119.744,20.34,120.495,1.012,120.535,1.03,120.535,25,120.535,72,120.535,-48,120.495,45,120.495,18,120.495,0.796,120.495,0.386,120.495,1489,120.426,0001,120.535,01,120.495,10,120.495,55.5,120.389,0,120.535,0.78,120.535,3.331,120.535,00,120.426,00,120.426,150,120.426,1.458,,,,,,,,,,,,,,,,,,,,,,,,,,,,,,,,,,,,,,,,,,,,
120.622,120.165,000000,120.255,19.67,,,,,,,120.040,20.359375,120.142,208700100000,120.142,20,120.057,74,120.057,20,119.744,20.34,120.590,1.012,120.626,1.027,120.626,25,120.626,72,120.535,-48,120.590,45,120.590,17,120.626,0.796,120.626,0.386,120.626,1379,120.590,0001,120.535,01,120.626,10,120.626,55.5,120.590,0,120.535,0.78,120.535,3.331,120.535,00,120.590,00,120.590,150,120.590,1.458,,,,,,,,,,,,,,,,,,,,,,,,,,,,,,,,,,,,,,,,,,,,
120.721,120.165,000000,120.255,19.67,,,,,,,120.761,15.703125,120.142,208700100000,120.142,20,120.057,74,120.057,20,120.744,15.68,120.695,1.012,120.726,1.026,120.726,25,120.726,72,120.695,-48,120.695,45,120.695,17,120.626,0.796,120.626,0.386,120.626,1379,120.726,0001,120.695,01,120.626,10,120.626,55.5,120.726,0,120.695,0.78,120.695,3.331,120.695,00,120.726,00,120.726,150,120.726,1.455,,,,,,,,,,,,,,,,,,,,,,,,,,,,,,,,,,,,,,,,,,,,
120.820,120.165,000000,120.255,19.67,,,,,,,120.761,15.703125,120.142,208700100000,120.142,20,120.057,74,120.057,20,120.744,15.68,120.791,1.012,120.829,1.0230000000000001,120.829,25.200000000000003,120.829,72,120.875,-48,120.875,45,120.875,14,120.791,0.796,120.791,0.386,120.791,1336,120.829,0001,120.875,01,120.791,10,120.791,55.5,120.829,0,120.829,0.78,120.829,3.3240000000000003,120.829,00,120.875,00,120.875,150,120.875,1.454,,,,,,,,,,,,,,,,,,,,,,,,,,,,,,,,,,,,,,,,,,,,
120.922,120.165,000000,120.255,19.67,,,,,,,120.761,15.703125,120.142,208700100000,120.142,20,120.057,74,120.057,20,120.744,15.68,120.969,1.012,120.969,1.0230000000000001,120.935,25,120.935,72,120.875,-48,120.875,45,120.875,14,120.908,0.796,120.908,0.386,120.908,1217,120.969,0001,120.875,01,120.908,10,120.908,55.5,120.969,0,120.935,0.78,120.935,3.334,120.935,00,120.969,00,120.875,150,120.875,1.454,,,,,,,,,,,,,,,,,,,,,,,,,,,,,,,,,,,,,,,,,,,,
121.032,120.165,000000,120.255,19.67,,,,,,,120.761,15.703125,120.142,208700100000,120.142,20,121.057,74,121.057,13,120.744,15.68,121.007,1.012,121.036,1.0230000000000001,120.935,25,120.935,72,121.007,-48,121.007,45.7,121.007,13,121.007,0.796,121.036,0.386,121.036,1081,121.036,0001,121.007,01,121.036,10,121.036,55.5,121.036,0,120.935,0.78,120.935,3.334,120.935,00,121.036,00,121.007,150,121.007,1.453,,,,,,,,,,,,,,,,,,,,,,,,,,,,,,,,,,,,,,,,,,,,
121.133,120.165,000000,120.255,19.67,,,,,,,120.761,15.703125,121.122,208700100000,121.122,13,121.057,74,121.057,13,120.744,15.68,121.095,1.012,121.095,1.022,121.095,25,121.095,72,121.007,-48,121.007,45.7,121.007,13,121.095,0.796,121.036,0.386,121.036,1081,121.036,0001,121.007,01,121.036,10,121.036,55.5,121.036,0,121.095,0.78,121.095,3.333,121.095,00,121.036,00,121.007,150,121.007,1.453,,,,,,,,,,,,,,,,,,,,,,,,,,,,,,,,,,,,,,,,,,,,
121.233,120.165,000000,120.255,19.67,,,,,,,120.761,15.703125,121.122,208700100000,121.122,13,121.057,74,121.057,13,121.251,11.57,121.195,1.012,121.226,1.02,121.095,25,121.095,72,121.195,-48,121.195,45.7,121.195,12,121.226,0.796,121.226,0.386,121.226,1010,121.195,0001,121.195,01,121.226,10,121.226,55.5,121.195,0,121.095,0.78,121.095,3.333,121.095,00,121.195,00,121.226,150,121.226,1.449,,,,,,,,,,,,,,,,,,,,,,,,,,,,,,,,,,,,,,,,,,,,
121.325,120.165,000000,120.255,19.67,,,,,,,120.761,15.703125,121.122,208700100000,121.122,13,121.057,74,121.057,13,121.251,11.57,121.297,1.012,121.326,1.02,121.297,25.1,121.297,72,121.326,-48,121.326,45.7,121.326,11,121.226,0.796,121.297,0.386,121.297,961,121.326,0001,121.326,01,121.326,10,121.326,55.5,121.195,0,121.297,0.78,121.297,3.33,121.297,00,121.372,00,121.226,150,121.226,1.449,,,,,,,,,,,,,,,,,,,,,,,,,,,,,,,,,,,,,,,,,,,,
121.424,120.165,000000,120.255,19.67,,,,,,,121.451,10.40625,121.122,208700100000,121.122,13,121.057,74,121.057,13,121.251,11.57,121.435,1.012,121.435,1.02,121.435,25,121.435,72,121.475,-48,121.475,45.7,121.475,10,121.372,0.796,121.407,0.386,121.435,918,121.475,0001,121.475,01,121.435,10,121.435,55.5,121.372,0,121.435,0.78,121.475,3.333,121.297,00,121.372,00,121.372,150,121.407,1.449,,,,,,,,,,,,,,,,,,,,,,,,,,,,,,,,,,,,,,,,,,,,
121.534,121.555,000000,120.255,19.67,,,,,,,121.451,10.40625,121.122,208700100000,121.122,13,121.537,74,121.537,10,121.251,11.57,121.475,1.012,121.512,1.02,121.512,25,121.435,72,121.475,-48,121.475,45.7,121.475,10,121.512,0.796,121.512,0.386,121.435,918,121.475,0001,121.475,01,121.435,10,121.435,55.5,121.512,0,121.435,0.78,121.475,3.333,121.475,00,121.512,00,121.512,150,121.512,1.447,,,,,,,,,,,,,,,,,,,,,,,,,,,,,,,,,,,,,,,,,,,,
121.621,121.555,000000,121.645,10.14,,,,,,,121.451,10.40625,121.122,208700100000,121.122,13,121.537,74,121.537,10,121.251,11.57,121.586,1.012,121.626,1.018,121.512,25,121.586,72,121.586,-48,121.586,45.7,121.586,10,121.626,0.796,121.626,0.386,121.626,834,121.586,0001,121.586,01,121.626,10,121.626,55.5,121.512,0,121.586,0.78,121.475,3.333,121.475,00,121.512,00,121.626,150,121.626,1.445,,,,,,,,,,,,,,,,,,,,,,,,,,,,,,,,,,,,,,,,,,,,
121.722,121.555,000000,121.645,10.14,,,,,,,121.451,10.40625,121.122,208700100000,121.122,13,121.537,74,121.537,10,121.251,11.57,121.696,1.012,121.735,1.0170000000000001,121.696,25,121.586,72,121.696,-48,121.696,45.7,121.696,10,121.735,0.796,121.735,0.386,121.626,834,121.696,0001,121.735,01,121.626,10,121.626,55.5,121.735,0,121.586,0.78,121.696,3.333,121.696,00,121.735,00,121.735,150,121.735,1.445,,,,,,,,,,,,,,,,,,,,,,,,,,,,,,,,,,,,,,,,,,,,
121.821,121.555,000000,121.645,10.14,,,,,,,121.451,10.40625,121.122,208700100000,121.122,13,121.537,74,121.537,10,121.251,11.57,121.790,1.012,121.826,1.0170000000000001,121.826,25,121.790,72,121.826,-48,121.871,45.7,121.826,10,121.871,0.796,121.826,0.386,121.790,859,121.826,0001,121.871,01,121.790,10,121.790,55.5,121.871,0,121.790,0.78,121.826,3.333,121.826,00,121.735,00,121.735,150,121.735,1.445,,,,,,,,,,,,,,,,,,,,,,,,,,,,,,,,,,,,,,,,,,,,
121.922,121.555,000000,121.645,10.14,,,,,,,121.451,10.40625,121.122,208700100000,121.122,13,121.537,74,121.537,10,121.251,11.57,121.947,1.012,121.947,1.016,121.826,25,121.947,72,121.826,-48,121.871,45.7,121.826,10,121.871,0.796,121.947,0.391,121.947,807,121.826,0001,121.871,01,121.947,10,121.947,55.5,121.871,0,121.790,0.78,121.826,3.333,121.826,00,121.909,00,121.909,150,121.909,1.443,,,,,,,,,,,,,,,,,,,,,,,,,,,,,,,,,,,,,,,,,,,,
122.034,121.555,000000,121.645,10.14,,,,,,,121.451,10.40625,122.056,208700100000,122.056,9,121.537,74,121.537,10,121.251,11.57,121.986,1.012,122.015,1.016,121.986,25,121.947,72,121.986,-48,121.986,45.7,121.986,9,122.015,0.796,121.947,0.391,121.947,807,122.015,0001,122.015,01,121.947,10,121.947,55.5,122.015,0,121.986,0.78,121.986,3.333,121.986,00,122.015,00,122.015,150,122.015,1.442,,,,,,,,,,,,,,,,,,,,,,,,,,,,,,,,,,,,,,,,,,,,
122.121,121.555,000000,121.645,10.14,,,,,,,121.451,10.40625,122.056,208700100000,122.056,9,121.537,74,121.537,10,122.149,8.85,122.089,1.012,122.127,1.0170000000000001,122.089,25,122.089,72,122.127,-48,122.127,45.7,122.127,9,122.127,0.796,121.947,0.391,122.089,758,122.127,0001,122.127,01,122.089,10,122.089,55.5,122.015,0,122.089,0.78,122.089,3.333,122.127,00,122.015,00,122.015,150,122.015,1.442,,,,,,,,,,,,,,,,,,,,,,,,,,,,,,,,,,,,,,,,,,,,
122.224,121.555,000000,121.645,10.14,,,,,,,122.241,8.671875,122.056,208700100000,122.056,9,122.267,74,122.267,8,122.149,8.85,122.296,1.012,122.227,1.0170000000000001,122.227,25,122.195,72,122.127,-48,122.127,45.7,122.227,9,122.127,0.796,122.195,0.391,122.195,755,122.227,0001,122.127,01,122.227,10,122.227,55.5,122.195,0,122.227,0.78,122.227,3.333,122.127,00,122.195,00,122.195,150,122.195,1.44,,,,,,,,,,,,,,,,,,,,,,,,,,,,,,,,,,,,,,,,,,,,
122.320,121.555,000000,121.645,10.14,,,,,,,122.241,8.671875,122.056,208700100000,122.056,9,122.267,74,122.267,8,122.149,8.85,122.296,1.012,122.329,1.016,122.375,25,122.296,72,122.329,-48,122.329,45.7,122.375,8,122.296,0.806,122.329,0.444,122.296,759,122.375,0001,122.296,01,122.227,10,122.227,55.5,122.329,0,122.227,0.78,122.227,3.333,122.375,00,122.329,00,122.329,150,122.329,1.438,,,,,,,,,,,,,,,,,,,,,,,,,,,,,,,,,,,,,,,,,,,,
122.421,121.555,000000,121.645,10.14,,,,,,,122.241,8.671875,122.056,208700100000,122.056,9,122.267,74,122.267,8,122.149,8.85,122.448,0.806,122.448,1.0130000000000001,122.375,25,122.296,72,122.329,-48,122.329,45.7,122.375,8,122.296,0.806,122.448,0.63,122.296,759,122.375,0001,122.296,01,122.415,10,122.415,55.5,122.448,0,122.415,0.78,122.415,3.333,122.375,00,122.448,00,122.448,150,122.329,1.438,,,,,,,,,,,,,,,,,,,,,,,,,,,,,,,,,,,,,,,,,,,,
122.524,121.555,000000,121.645,10.14,,,,,,,122.241,8.671875,122.056,208700100000,122.056,9,122.267,74,122.267,8,122.149,8.85,122.486,0.806,122.527,1.0130000000000001,122.527,25,122.486,72.7,122.486,-48,122.486,45.7,122.527,8,122.486,1.367,122.448,0.63,122.486,742,122.527,0001,122.486,01,122.527,10,122.527,55.5,122.587,0,122.527,0.78,122.415,3.333,122.527,00,122.448,00,122.448,150,122.486,1.438,,,,,,,,,,,,,,,,,,,,,,,,,,,,,,,,,,,,,,,,,,,,
122.632,121.555,000000,121.645,10.14,,,,,,,122.241,8.671875,122.636,208700100000,122.636,8,122.267,74,122.267,8,122.654,8.03,122.587,0.806,122.615,1.012,122.615,25,122.587,72.7,122.615,-48,122.615,45.7,122.615,8,122.587,1.548,122.587,0.771,122.615,745,122.527,0001,122.615,01,122.527,10,122.527,55.5,122.587,0,122.527,0.78,122.587,3.331,122.615,00,122.587,00,122.587,150,122.486,1.438,,,,,,,,,,,,,,,,,,,,,,,,,,,,,,,,,,,,,,,,,,,,
122.733,121.555,000000,121.645,10.14,,,,,,,122.751,7.953125,122.636,208700100000,122.636,8,122.267,74,122.267,8,122.654,8.03,122.689,0.806,122.726,1.012,122.726,25,122.689,72.7,122.726,-48,122.726,45.7,122.726,8,122.689,1.641,122.726,0.854,122.615,745,122.689,0001,122.615,01,122.689,10,122.689,55.5,122.726,0,122.689,0.78,122.587,3.331,122.726,00,122.587,00,122.587,150,122.689,1.436,,,,,,,,,,,,,,,,,,,,,,,,,,,,,,,,,,,,,,,,,,,,
122.821,121.555,000000,121.645,10.14,,,,,,,122.751,7.953125,122.636,208700100000,122.636,8,122.267,74,122.267,8,122.654,8.03,122.785,0.806,122.815,1.01,122.815,25,122.846,72.7,122.726,-48,122.726,45.7,122.815,8,122.846,1.768,122.846,0.884,122.785,930,122.815,0001,122.785,01,122.815,10,122.815,55.5,122.846,0,122.815,0.78,122.846,3.333,122.726,00,122.846,00,122.846,150,122.815,1.436,,,,,,,,,,,,,,,,,,,,,,,,,,,,,,,,,,,,,,,,,,,,
122.921,121.555,000000,121.645,10.14,,,,,,,122.751,7.953125,122.636,208700100000,122.636,8,122.267,74,122.267,8,122.654,8.03,122.946,0.812,122.946,1.01,122.915,25,122.846,72.7,122.886,-48,122.886,45.7,122.915,8,122.846,1.768,122.946,0.874,122.886,1091,122.946,0001,122.886,01,122.946,10,122.946,55.5,122.846,0,122.946,0.78,122.846,3.333,122.886,00,122.846,00,122.846,150,122.946,1.433,,,,,,,,,,,,,,,,,,,,,,,,,,,,,,,,,,,,,,,,,,,,
123.022,123.055,000000,123.076,8.55,,,,,,,122.751,7.953125,122.636,208700100000,122.636,8,123.002,74,123.002,8,122.654,8.03,122.975,0.8240000000000001,123.035,1.012,123.035,25,122.975,72.7,123.035,-48,123.035,45.7,123.035,8,122.975,1.694,122.946,0.874,122.975,1184,123.035,0001,123.035,01,122.946,10,122.946,55.5,122.975,0,122.946,0.78,122.975,3.333,123.035,00,122.975,00,122.975,150,122.946,1.433,,,,,,,,,,,,,,,,,,,,,,,,,,,,,,,,,,,,,,,,,,,,
123.122,123.055,000000,123.076,8.55,,,,,,,122.751,7.953125,122.636,208700100000,122.636,8,123.002,74,123.002,8,122.654,8.03,123.109,0.806,123.135,1.0130000000000001,123.135,25,123.135,72.7,123.035,-48,123.035,45.7,123.035,8,123.135,1.572,123.109,0.776,123.135,1292,123.135,0001,123.035,01,123.109,10,123.109,55.5,123.109,0,123.109,0.78,123.109,3.333,123.035,00,123.135,00,123.135,150,123.109,1.433,,,,,,,,,,,,,,,,,,,,,,,,,,,,,,,,,,,,,,,,,,,,
123.233,123.055,000000,123.076,8.55,,,,,,,122.751,7.953125,123.256,208700100000,123.256,9,123.002,74,123.002,8,122.654,8.03,123.187,0.806,123.187,1.0130000000000001,123.135,25,123.135,72.7,123.187,-48,123.187,45.7,123.187,9,123.135,1.572,123.109,0.776,123.135,1292,123.187,0001,123.187,01,123.109,10,123.109,55.5,123.109,0,123.109,0.78,123.109,3.333,123.187,00,123.135,00,123.135,150,123.109,1.433,,,,,,,,,,,,,,,,,,,,,,,,,,,,,,,,,,,,,,,,,,,,
123.321,123.055,000000,123.076,8.55,,,,,,,122.751,7.953125,123.256,208700100000,123.256,9,123.002,74,123.002,8,122.654,8.03,123.290,0.806,123.336,1.014,123.336,25,123.336,72.7,123.336,-48,123.336,45.7,123.336,9,123.371,1.6360000000000001,123.371,0.8150000000000001,123.371,1276,123.371,0001,123.336,01,123.371,10,123.290,55.5,123.290,0,123.290,0.78,123.290,3.333,123.336,00,123.371,00,123.371,150,123.290,1.431,,,,,,,,,,,,,,,,,,,,,,,,,,,,,,,,,,,,,,,,,,,,
123.424,123.055,000000,123.076,8.55,,,,,,,122.751,7.953125,123.256,208700100000,123.256,9,123.002,74,123.002,8,122.654,8.03,123.290,0.806,123.336,1.014,123.456,25.1,123.336,72.7,123.456,-48,123.486,45.7,123.336,9,123.371,1.6360000000000001,123.371,0.8150000000000001,123.371,1276,123.371,0001,123.336,01,123.371,10,123.409,55.5,123.409,0,123.409,0.78,123.409,3.331,123.336,00,123.371,00,123.371,150,123.409,1.431,,,,,,,,,,,,,,,,,,,,,,,,,,,,,,,,,,,,,,,,,,,,
123.534,123.055,000000,123.076,8.55,,,,,,,123.531,9.953125,123.256,208700100000,123.256,9,123.547,75,123.547,9,123.504,9.93,123.486,0.835,123.486,1.0150000000000001,123.456,25.1,123.486,72.7,123.456,-48,123.486,45.7,123.486,10,123.371,1.6360000000000001,123.371,0.8150000000000001,123.371,1276,123.486,0001,123.486,01,123.371,10,123.409,55.5,123.409,0,123.409,0.78,123.409,3.331,123.486,00,123.371,00,123.371,150,123.409,1.431,,,,,,,,,,,,,,,,,,,,,,,,,,,,,,,,,,,,,,,,,,,,
123.621,123.055,000000,123.076,8.55,,,,,,,123.531,9.953125,123.676,208700100000,123.676,10,123.547,75,123.547,9,123.504,9.93,123.606,0.806,123.650,1.02,123.650,25.1,123.650,72.7,123.650,-48,123.486,45.7,123.486,10,123.650,1.606,123.606,0.801,123.650,1261,123.486,0001,123.486,01,123.606,10,123.606,55.5,123.606,0,123.606,0.78,123.606,3.33,123.486,00,123.650,00,123.650,150,123.606,1.427,,,,,,,,,,,,,,,,,,,,,,,,,,,,,,,,,,,,,,,,,,,,
123.733,123.771,000000,123.076,8.55,,,,,,,123.531,9.953125,123.676,208700100000,123.676,10,123.547,75,123.547,9,123.504,9.93,123.711,0.806,123.746,1.02,123.711,25.1,123.746,72.7,123.711,-48,123.711,45.7,123.711,10,123.650,1.606,123.746,0.811,123.650,1261,123.711,0001,123.711,01,123.746,10,123.746,55.5,123.746,0,123.746,0.78,123.746,3.333,123.711,00,123.650,00,123.650,150,123.606,1.427,,,,,,,,,,,,,,,,,,,,,,,,,,,,,,,,,,,,,,,,,,,,
123.833,123.771,000000,123.076,8.55,,,,,,,123.531,9.953125,123.676,208700100000,123.676,10,123.547,75,123.547,9,123.504,9.93,123.795,0.809,123.829,1.02,123.795,25,123.829,72.7,123.795,-48,123.829,45.7,123.829,11,123.795,1.6460000000000001,123.829,0.8200000000000001,123.795,1245,123.829,0001,123.829,01,123.746,10,123.746,55.5,123.746,0,123.746,0.78,123.746,3.333,123.829,00,123.795,00,123.795,150,123.795,1.425,,,,,,,,,,,,,,,,,,,,,,,,,,,,,,,,,,,,,,,,,,,,
123.920,123.771,000000,123.076,8.55,,,,,,,123.531,9.953125,123.676,208700100000,123.676,10,123.547,75,123.547,9,123.504,9.93,123.951,0.887,123.951,1.0170000000000001,123.951,25,123.829,72.7,123.951,-48,123.829,45.7,123.829,11,123.951,1.733,123.829,0.8200000000000001,123.951,1252,123.829,0001,123.829,01,123.891,10,123.891,55.5,123.891,0,123.891,0.78,123.891,3.331,123.829,00,123.951,00,123.951,150,123.891,1.423,,,,,,,,,,,,,,,,,,,,,,,,,,,,,,,,,,,,,,,,,,,,
124.023,123.771,000000,123.980,11.36,,,,,,,123.531,9.953125,123.676,208700100000,123.676,10,123.547,75,123.547,9,123.504,9.93,124.010,0.877,123.951,1.0170000000000001,123.951,25,124.010,72.7,123.951,-48,124.010,45.7,124.010,11,123.951,1.733,124.010,0.85,123.951,1252,124.010,0001,124.010,01,123.891,10,123.891,55.5,123.891,0,123.891,0.78,123.891,3.331,124.010,00,123.951,00,123.951,150,124.046,1.422,,,,,,,,,,,,,,,,,,,,,,,,,,,,,,,,,,,,,,,,,,,,
124.122,123.771,000000,123.980,11.36,,,,,,,123.531,9.953125,123.676,208700100000,123.676,10,123.547,75,123.547,9,124.174,12.1,124.115,0.875,124.115,1.022,124.115,25,124.010,72.7,124.115,-48,124.010,45.7,124.010,11,124.115,1.714,124.046,0.85,124.115,1270,124.010,0001,124.010,01,124.046,10,124.046,55.5,124.046,0,124.046,0.78,124.046,3.331,124.010,00,124.115,00,124.115,150,124.046,1.422,,,,,,,,,,,,,,,,,,,,,,,,,,,,,,,,,,,,,,,,,,,,
124.221,123.771,000000,123.980,11.36,,,,,,,124.265,12.515625,123.676,208700100000,123.676,10,123.547,75,123.547,9,124.174,12.1,124.210,0.8200000000000001,124.249,1.026,124.249,25.1,124.210,72.7,124.115,-48,124.210,47.2,124.210,12,124.115,1.714,124.210,0.757,124.115,1270,124.210,0001,124.210,01,124.249,10,124.249,55.5,124.249,0,124.249,0.78,124.249,3.33,124.210,00,124.115,00,124.115,150,124.249,1.421,,,,,,,,,,,,,,,,,,,,,,,,,,,,,,,,,,,,,,,,,,,,
124.330,123.771,000000,123.980,11.36,,,,,,,124.265,12.515625,123.676,208700100000,123.676,10,123.547,75,123.547,9,124.174,12.1,124.301,0.806,124.336,1.03,124.336,25,124.336,72.7,124.301,-48,124.301,47.2,124.336,13,124.301,1.538,124.336,0.762,124.301,1267,124.336,0001,124.336,01,124.249,10,124.249,55.5,124.249,0,124.249,0.78,124.249,3.33,124.336,00,124.301,00,124.301,150,124.249,1.421,,,,,,,,,,,,,,,,,,,,,,,,,,,,,,,,,,,,,,,,,,,,
124.422,123.771,000000,123.980,11.36,,,,,,,124.265,12.515625,123.676,208700100000,123.676,10,124.467,75,124.467,13,124.174,12.1,124.447,0.806,124.447,1.031,124.447,25.1,124.336,72.7,124.447,-48,124.376,47.2,124.336,13,124.447,1.538,124.336,0.762,124.447,1226,124.336,0001,124.336,01,124.409,10,124.409,55.5,124.409,0,124.409,0.78,124.409,3.331,124.336,00,124.447,00,124.301,150,124.447,1.418,,,,,,,,,,,,,,,,,,,,,,,,,,,,,,,,,,,,,,,,,,,,
124.521,123.771,000000,123.980,11.36,,,,,,,124.265,12.515625,124.556,208700100000,124.556,13,124.467,75,124.467,13,124.174,12.1,124.495,0.806,124.535,1.03,124.447,25.1,124.495,72.7,124.447,-48,124.495,47.2,124.495,14,124.447,1.538,124.495,0.781,124.447,1226,124.495,0001,124.495,01,124.535,10,124.535,55.5,124.535,0,124.535,0.78,124.535,3.331,124.535,00,124.447,00,124.495,150,124.535,1.417,,,,,,,,,,,,,,,,,,,,,,,,,,,,,,,,,,,,,,,,,,,,
124.625,123.771,000000,123.980,11.36,,,,,,,124.265,12.515625,124.556,208700100000,124.556,13,124.467,75,124.467,13,124.174,12.1,124.616,0.806,124.656,1.03,124.616,25,124.616,72.7,124.616,-48,124.616,47.2,124.656,14,124.616,1.5330000000000001,124.656,0.776,124.616,1223,124.656,0001,124.656,01,124.656,10,124.656,55.5,124.535,0,124.535,0.78,124.535,3.331,124.656,00,124.616,00,124.686,150,124.535,1.417,,,,,,,,,,,,,,,,,,,,,,,,,,,,,,,,,,,,,,,,,,,,
124.721,124.776,000000,123.980,11.36,,,,,,,124.721,14.171875,124.556,208700100000,124.556,13,124.756,75,124.756,13,124.704,13.97,124.686,0.806,124.686,1.029,124.616,25,124.616,72.7,124.616,-48,124.616,47.2,124.656,14,124.616,1.5330000000000001,124.656,0.776,124.616,1223,124.656,0001,124.656,01,124.656,10,124.656,55.5,124.686,0,124.686,0.78,124.686,3.333,124.656,00,124.616,00,124.686,150,124.686,1.416,,,,,,,,,,,,,,,,,,,,,,,,,,,,,,,,,,,,,,,,,,,,
124.833,124.776,000000,123.980,11.36,,,,,,,124.721,14.171875,124.556,208700100000,124.556,13,124.756,75,124.756,13,124.704,13.97,124.807,0.806,124.835,1.029,124.807,25,124.807,72.7,124.807,-48,124.807,47.2,124.835,15,124.807,1.567,124.835,0.776,124.807,1262,124.835,0001,124.835,01,124.835,10,124.835,55.5,124.872,0,124.872,0.78,124.872,3.33,124.872,00,124.835,00,124.807,150,124.872,1.416,,,,,,,,,,,,,,,,,,,,,,,,,,,,,,,,,,,,,,,,,,,,
124.925,124.776,000000,123.980,11.36,,,,,,,124.721,14.171875,124.556,208700100000,124.556,13,124.756,75,124.756,13,124.704,13.97,124.807,0.806,124.835,1.029,124.909,25.1,124.909,72.7,124.909,-48,124.909,47.2,124.947,15,124.909,1.5090000000000001,124.947,0.752,124.909,1280,124.947,0001,124.987,01,124.835,10,124.835,55.5,124.872,0,124.872,0.78,124.872,3.33,124.872,00,124.835,00,124.807,150,124.872,1.416,,,,,,,,,,,,,,,,,,,,,,,,,,,,,,,,,,,,,,,,,,,,
125.033,124.776,000000,125.065,15.3,,,,,,,124.721,14.171875,124.556,208700100000,124.556,13,124.756,75,124.756,13,124.704,13.97,125.015,0.806,125.047,1.026,125.015,25,125.015,73.5,125.015,-48,125.015,47.2,125.047,15,125.015,1.528,125.047,0.752,125.047,1290,125.047,0001,124.987,01,124.987,10,124.987,55.5,125.047,0,124.987,0.78,124.987,3.331,125.047,00,125.047,00,125.015,150,125.015,1.414,,,,,,,,,,,,,,,,,,,,,,,,,,,,,,,,,,,,,,,,,,,,
125.133,124.776,000000,125.065,15.3,,,,,,,124.721,14.171875,124.556,208700100000,124.556,13,124.756,75,124.756,13,124.704,13.97,125.095,0.806,125.129,1.026,125.095,25,125.095,73.5,125.095,-48,125.095,47.2,125.047,15,125.095,1.514,125.047,0.752,125.047,1290,125.047,0001,125.129,01,125.129,10,125.129,55.5,125.129,0,125.095,0.78,125.095,3.331,125.129,00,125.047,00,125.129,150,125.129,1.412,,,,,,,,,,,,,,,,,,,,,,,,,,,,,,,,,,,,,,,,,,,,
125.221,124.776,000000,125.065,15.3,,,,,,,124.721,14.171875,124.556,208700100000,124.556,13,124.756,75,124.756,13,124.704,13.97,125.195,0.806,125.230,1.026,125.195,25.1,125.195,73.5,125.195,-48,125.195,47.2,125.195,16,125.195,1.563,125.195,0.781,125.230,1356,125.230,0001,125.230,01,125.230,10,125.230,55.5,125.129,0,125.095,0.78,125.095,3.331,125.230,00,125.230,00,125.129,150,125.129,1.412,,,,,,,,,,,,,,,,,,,,,,,,,,,,,,,,,,,,,,,,,,,,
125.322,124.776,000000,125.065,15.3,,,,,,,124.721,14.171875,124.556,208700100000,124.556,13,124.756,75,124.756,13,124.704,13.97,125.307,0.806,125.347,1.036,125.307,25,125.307,73.5,125.347,-48,125.347,47.2,125.347,16,125.347,1.611,125.347,0.806,125.347,1397,125.347,0001,125.230,01,125.230,10,125.230,55.5,125.307,0,125.307,0.78,125.307,3.331,125.230,00,125.230,00,125.307,150,125.307,1.411,,,,,,,,,,,,,,,,,,,,,,,,,,,,,,,,,,,,,,,,,,,,
125.422,124.776,000000,125.065,15.3,,,,,,,124.721,14.171875,124.556,208700100000,124.556,13,124.756,75,124.756,13,124.704,13.97,125.307,0.806,125.347,1.036,125.428,25,125.428,73.5,125.347,-48,125.347,47.2,125.347,16,125.347,1.611,125.347,0.806,125.347,1397,125.347,0001,125.396,01,125.396,10,125.396,55.5,125.307,0,125.307,0.78,125.307,3.331,125.396,00,125.396,00,125.396,150,125.396,1.41,,,,,,,,,,,,,,,,,,,,,,,,,,,,,,,,,,,,,,,,,,,,
125.521,124.776,000000,125.065,15.3,,,,,,,124.721,14.171875,125.566,208700100000,125.566,17,124.756,75,124.756,13,124.704,13.97,125.547,0.806,125.516,1.039,125.428,25,125.428,73.5,125.516,-48,125.516,47.2,125.469,16,125.547,1.5230000000000001,125.469,0.791,125.469,1412,125.469,0001,125.547,01,125.547,10,125.547,55.5,125.547,0,125.516,0.78,125.516,3.331,125.547,00,125.547,00,125.516,150,125.516,1.41,,,,,,,,,,,,,,,,,,,,,,,,,,,,,,,,,,,,,,,,,,,,
125.622,124.776,000000,125.065,15.3,,,,,,,124.721,14.171875,125.566,208700100000,125.566,17,124.756,75,124.756,13,125.661,17.01,125.687,0.806,125.635,1.039,125.607,25,125.607,73.5,125.607,-48,125.635,47.2,125.635,17,125.547,1.5230000000000001,125.635,0.796,125.635,1440,125.635,0001,125.635,01,125.635,10,125.687,55.5,125.687,0,125.687,0.78,125.687,3.33,125.687,00,125.687,00,125.687,150,125.607,1.407,,,,,,,,,,,,,,,,,,,,,,,,,,,,,,,,,,,,,,,,,,,,
125.732,124.776,000000,125.065,15.3,,,,,,,125.730,17.015625,125.566,208700100000,125.566,17,125.746,76,125.746,17,125.661,17.01,125.687,0.806,125.715,1.037,125.715,25.1,125.715,73.5,125.715,-48,125.635,47.2,125.715,17,125.715,1.606,125.715,0.801,125.635,1440,125.635,0001,125.635,01,125.635,10,125.687,55.5,125.687,0,125.687,0.78,125.687,3.33,125.687,00,125.687,00,125.687,150,125.715,1.407,,,,,,,,,,,,,,,,,,,,,,,,,,,,,,,,,,,,,,,,,,,,
125.822,124.776,000000,125.065,15.3,,,,,,,125.730,17.015625,125.566,208700100000,125.566,17,125.746,76,125.746,17,125.661,17.01,125.815,0.806,125.856,1.039,125.856,25.1,125.856,73.5,125.856,-48,125.635,47.2,125.715,17,125.715,1.606,125.715,0.801,125.815,1501,125.815,0001,125.815,01,125.815,10,125.815,55.5,125.856,0,125.856,0.78,125.856,3.33,125.815,00,125.815,00,125.856,150,125.715,1.407,,,,,,,,,,,,,,,,,,,,,,,,,,,,,,,,,,,,,,,,,,,,
125.932,124.776,000000,125.065,15.3,,,,,,,125.730,17.015625,125.566,208700100000,125.566,17,125.746,76,125.746,17,125.661,17.01,125.928,0.806,125.956,1.041,125.856,25.1,125.856,73.5,125.856,-48,125.896,47.2,125.896,17,125.896,1.606,125.896,0.801,125.956,1511,125.956,0001,125.956,01,125.956,10,125.956,55.5,125.856,0,125.856,0.78,125.856,3.33,125.956,00,125.956,00,125.856,150,125.896,1.4060000000000001,,,,,,,,,,,,,,,,,,,,,,,,,,,,,,,,,,,,,,,,,,,,
126.033,124.776,000000,125.065,15.3,,,,,,,125.730,17.015625,126.056,208700100000,126.056,18,125.746,76,125.746,17,126.074,17.86,125.990,0.806,126.035,1.042,125.990,25.1,125.990,73.5,125.990,-48,126.035,47.2,126.035,18,126.035,1.592,126.035,0.796,126.035,1545,126.035,0001,125.956,01,125.956,10,125.956,55.5,125.990,0,125.990,0.78,125.990,3.329,125.956,00,125.956,00,126.035,150,125.990,1.4060000000000001,,,,,,,,,,,,,,,,,,,,,,,,,,,,,,,,,,,,,,,,,,,,
126.123,126.155,000000,126.176,18.490000000000002,,,,,,,125.730,17.015625,126.056,208700100000,126.056,18,125.746,76,125.746,17,126.074,17.86,126.109,0.806,126.136,1.043,126.109,25.1,126.136,73.5,126.136,-48,126.136,47.2,126.035,18,126.035,1.592,126.035,0.796,126.035,1545,126.035,0001,126.109,01,126.109,10,126.109,55.5,126.136,0,126.136,0.78,126.136,3.333,126.109,00,126.109,00,126.136,150,126.109,1.405,,,,,,,,,,,,,,,,,,,,,,,,,,,,,,,,,,,,,,,,,,,,
126.233,126.155,000000,126.176,18.490000000000002,,,,,,,125.730,17.015625,126.056,208700100000,126.056,18,125.746,76,125.746,17,126.074,17.86,126.215,0.806,126.256,1.042,126.256,25,126.256,73.5,126.256,-48,126.136,47.2,126.215,19,126.215,1.6360000000000001,126.215,0.8150000000000001,126.215,1601,126.215,0001,126.215,01,126.215,10,126.256,55.5,126.136,0,126.136,0.78,126.136,3.333,126.256,00,126.256,00,126.136,150,126.256,1.403,,,,,,,,,,,,,,,,,,,,,,,,,,,,,,,,,,,,,,,,,,,,
126.320,126.155,000000,126.176,18.490000000000002,,,,,,,125.730,17.015625,126.056,208700100000,126.056,18,125.746,76,125.746,17,126.074,17.86,126.290,0.806,126.336,1.047,126.256,25,126.256,73.5,126.256,-48,126.336,47.2,126.336,19,126.336,1.602,126.336,0.796,126.336,1614,126.290,0001,126.336,01,126.336,10,126.256,55.5,126.290,0,126.290,0.78,126.290,3.331,126.256,00,126.256,00,126.290,150,126.256,1.403,,,,,,,,,,,,,,,,,,,,,,,,,,,,,,,,,,,,,,,,,,,,
126.421,126.155,000000,126.176,18.490000000000002,,,,,,,125.730,17.015625,126.056,208700100000,126.056,18,125.746,76,125.746,17,126.074,17.86,126.290,0.806,126.336,1.047,126.431,25,126.431,73.5,126.431,-48,126.336,47.2,126.336,19,126.336,1.602,126.336,0.796,126.336,1614,126.387,0001,126.336,01,126.336,10,126.431,55.5,126.290,0,126.290,0.78,126.290,3.331,126.431,00,126.256,00,126.290,150,126.256,1.403,,,,,,,,,,,,,,,,,,,,,,,,,,,,,,,,,,,,,,,,,,,,
126.522,126.155,000000,126.176,18.490000000000002,,,,,,,125.730,17.015625,126.056,208700100000,126.056,18,125.746,76,125.746,17,126.074,17.86,126.515,0.806,126.547,1.051,126.547,25,126.547,73.5,126.547,-48,126.515,47.2,126.515,19,126.515,1.602,126.515,0.801,126.515,1660,126.515,0001,126.515,01,126.547,10,126.547,55.5,126.547,0,126.486,0.78,126.486,3.331,126.547,00,126.486,00,126.486,150,126.486,1.4000000000000001,,,,,,,,,,,,,,,,,,,,,,,,,,,,,,,,,,,,,,,,,,,,
126.622,126.155,000000,126.176,18.490000000000002,,,,,,,125.730,17.015625,126.056,208700100000,126.056,18,125.746,76,125.746,17,126.074,17.86,126.594,0.806,126.635,1.052,126.547,25,126.547,73.5,126.547,-48,126.635,47.2,126.635,20,126.635,1.606,126.635,0.801,126.635,1710,126.635,0001,126.635,01,126.547,10,126.547,55.5,126.594,0,126.594,0.78,126.594,3.331,126.547,00,126.594,00,126.594,150,126.594,1.399,,,,,,,,,,,,,,,,,,,,,,,,,,,,,,,,,,,,,,,,,,,,
126.722,126.155,000000,126.176,18.490000000000002,,,,,,,126.761,20.109375,126.056,208700100000,126.056,18,125.746,76,125.746,17,126.074,17.86,126.695,0.806,126.727,1.055,126.695,25.1,126.695,73.5,126.695,-48,126.727,47.2,126.727,20,126.635,1.606,126.635,0.801,126.635,1710,126.635,0001,126.635,01,126.695,10,126.695,55.5,126.727,0,126.727,0.78,126.727,3.33,126.695,00,126.695,00,126.727,150,126.727,1.3980000000000001,,,,,,,,,,,,,,,,,,,,,,,,,,,,,,,,,,,,,,,,,,,,
126.822,126.155,000000,126.176,18.490000000000002,,,,,,,126.761,20.109375,126.885,208700100000,126.885,20,126.855,76,126.855,19,126.074,17.86,126.787,0.806,126.816,1.055,126.787,25.1,126.787,73.5,126.816,-48,126.727,47.2,126.727,20,126.787,1.6260000000000001,126.787,0.811,126.787,1720,126.787,0001,126.787,01,126.816,10,126.816,55.5,126.816,0,126.727,0.78,126.727,3.33,126.816,00,126.816,00,126.727,150,126.816,1.3980000000000001,,,,,,,,,,,,,,,,,,,,,,,,,,,,,,,,,,,,,,,,,,,,
126.934,126.155,000000,126.176,18.490000000000002,,,,,,,126.761,20.109375,126.885,208700100000,126.885,20,126.855,76,126.855,19,126.074,17.86,126.787,0.806,126.816,1.055,126.787,25.1,126.787,73.5,126.816,-48,126.916,47.2,126.916,20,126.916,1.6460000000000001,126.916,0.8200000000000001,126.949,1773,126.949,0001,126.949,01,126.976,10,126.816,55.5,126.816,0,126.916,0.78,126.916,3.33,126.816,00,126.816,00,126.916,150,126.816,1.3980000000000001,,,,,,,,,,,,,,,,,,,,,,,,,,,,,,,,,,,,,,,,,,,,
127.022,126.155,000000,126.176,18.490000000000002,,,,,,,127.094,21.15625,126.885,208700100000,126.885,20,126.855,76,126.855,19,127.041,20.990000000000002,127.016,0.8310000000000001,127.016,1.06,126.976,25.1,126.976,73.5,126.976,-48,127.016,47.2,126.916,20,126.916,1.6460000000000001,126.916,0.8200000000000001,126.949,1773,126.949,0001,126.949,01,126.976,10,127.016,55.5,127.016,0,126.916,0.78,126.916,3.33,127.016,00,127.016,00,126.916,150,127.016,1.3940000000000001,,,,,,,,,,,,,,,,,,,,,,,,,,,,,,,,,,,,,,,,,,,,
127.121,126.155,000000,126.176,18.490000000000002,,,,,,,127.094,21.15625,126.885,208700100000,126.885,20,126.855,76,126.855,19,127.041,20.990000000000002,127.131,0.841,127.176,1.067,127.176,25.1,127.176,73.5,127.176,-48,127.131,47.2,127.131,21,127.131,1.6600000000000001,127.131,0.8300000000000001,127.176,1879,127.176,0001,127.176,01,127.176,10,127.016,55.5,127.016,0,127.131,0.78,127.131,3.33,127.016,00,127.016,00,127.131,150,127.016,1.3940000000000001,,,,,,,,,,,,,,,,,,,,,,,,,,,,,,,,,,,,,,,,,,,,
127.221,126.155,000000,126.176,18.490000000000002,,,,,,,127.094,21.15625,126.885,208700100000,126.885,20,126.855,76,126.855,19,127.041,20.990000000000002,127.209,0.845,127.176,1.067,127.209,25.1,127.209,73.5,127.251,-48,127.251,47.2,127.131,21,127.131,1.6600000000000001,127.131,0.8300000000000001,127.176,1879,127.176,0001,127.176,01,127.176,10,127.209,55.5,127.209,0,127.131,0.78,127.131,3.33,127.209,00,127.209,00,127.131,150,127.209,1.393,,,,,,,,,,,,,,,,,,,,,,,,,,,,,,,,,,,,,,,,,,,,
127.324,126.155,000000,126.176,18.490000000000002,,,,,,,127.094,21.15625,126.885,208700100000,126.885,20,127.280,76,127.280,21,127.041,20.990000000000002,127.327,0.85,127.356,1.078,127.327,25.1,127.327,73.5,127.356,-48,127.390,48,127.251,22,127.251,1.655,127.251,0.8300000000000001,127.327,1918,127.327,0001,127.327,01,127.356,10,127.356,55.5,127.356,0,127.251,0.78,127.327,3.33,127.356,00,127.356,00,127.327,150,127.356,1.389,,,,,,,,,,,,,,,,,,,,,,,,,,,,,,,,,,,,,,,,,,,,
127.426,126.155,000000,126.176,18.490000000000002,,,,,,,127.094,21.15625,126.885,208700100000,126.885,20,127.280,76,127.280,21,127.041,20.990000000000002,127.327,0.85,127.356,1.078,127.475,25.1,127.475,74.2,127.356,-48,127.390,48,127.390,22,127.390,1.6600000000000001,127.390,0.8300000000000001,127.327,1918,127.327,0001,127.327,01,127.356,10,127.356,55.5,127.356,0,127.430,0.78,127.430,3.33,127.356,00,127.356,00,127.430,150,127.356,1.389,,,,,,,,,,,,,,,,,,,,,,,,,,,,,,,,,,,,,,,,,,,,
127.520,127.571,000000,126.176,18.490000000000002,,,,,,,127.094,21.15625,127.547,208700100000,127.547,23,127.280,76,127.280,21,127.041,20.990000000000002,127.520,0.862,127.520,1.087,127.475,25.1,127.475,74.2,127.475,-48,127.520,48,127.390,22,127.390,1.6600000000000001,127.390,0.8300000000000001,127.475,1957,127.475,0001,127.475,01,127.475,10,127.520,55.5,127.520,0,127.430,0.78,127.430,3.33,127.520,00,127.520,00,127.430,150,127.520,1.3880000000000001,,,,,,,,,,,,,,,,,,,,,,,,,,,,,,,,,,,,,,,,,,,,
127.622,127.571,000000,127.585,22.98,,,,,,,127.094,21.15625,127.547,208700100000,127.547,23,127.280,76,127.280,21,127.041,20.990000000000002,127.627,0.875,127.656,1.096,127.656,25.1,127.656,74.2,127.656,-48,127.656,48,127.627,23,127.627,1.675,127.627,0.84,127.627,2028,127.656,0001,127.656,01,127.656,10,127.520,55.5,127.520,0,127.627,0.78,127.627,3.329,127.520,00,127.520,00,127.627,150,127.520,1.3880000000000001,,,,,,,,,,,,,,,,,,,,,,,,,,,,,,,,,,,,,,,,,,,,
127.722,127.571,000000,127.585,22.98,,,,,,,127.094,21.15625,127.547,208700100000,127.547,23,127.280,76,127.280,21,127.775,23.73,127.735,0.914,127.735,1.099,127.656,25.1,127.656,74.2,127.656,-48,127.656,48,127.735,24,127.627,1.675,127.627,0.84,127.627,2028,127.656,0001,127.656,01,127.656,10,127.735,55.5,127.735,0,127.627,0.78,127.627,3.329,127.735,00,127.735,00,127.627,150,127.735,1.3840000000000001,,,,,,,,,,,,,,,,,,,,,,,,,,,,,,,,,,,,,,,,,,,,
127.822,127.571,000000,127.585,22.98,,,,,,,127.094,21.15625,127.547,208700100000,127.547,23,127.280,76,127.280,21,127.775,23.73,127.804,0.875,127.835,1.117,127.804,25.1,127.835,74.2,127.835,-48,127.835,48,127.835,24,127.804,1.616,127.804,0.811,127.804,2094,127.835,0001,127.835,01,127.835,10,127.872,55.5,127.872,0,127.804,0.78,127.804,3.33,127.872,00,127.872,00,127.804,150,127.735,1.3840000000000001,,,,,,,,,,,,,,,,,,,,,,,,,,,,,,,,,,,,,,,,,,,,
127.921,127.571,000000,127.585,22.98,,,,,,,127.971,24.953125,127.547,208700100000,127.547,23,127.280,76,127.280,21,127.775,23.73,127.956,0.874,127.956,1.118,127.909,25.1,127.956,74.2,127.956,-48,127.956,48,127.835,24,127.804,1.616,127.804,0.811,127.804,2094,127.956,0001,127.956,01,127.956,10,127.872,55.5,127.872,0,127.804,0.78,127.804,3.33,127.872,00,127.872,00,127.804,150,127.909,1.383,,,,,,,,,,,,,,,,,,,,,,,,,,,,,,,,,,,,,,,,,,,,
128.022,127.571,000000,127.585,22.98,,,,,,,127.971,24.953125,128.076,208700100000,128.076,25,127.995,76,127.995,25,127.775,23.73,128.027,0.838,128.056,1.125,128.056,25.1,128.056,74.2,127.956,-48,127.956,48,128.027,25,128.027,1.563,128.027,0.781,128.027,2171,127.956,0001,127.956,01,127.956,10,128.056,55.5,128.056,0,128.027,0.78,128.027,3.33,128.056,00,128.056,00,128.027,150,128.056,1.381,,,,,,,,,,,,,,,,,,,,,,,,,,,,,,,,,,,,,,,,,,,,
128.122,127.571,000000,127.585,22.98,,,,,,,128.171,25.65625,128.076,208700100000,128.076,25,127.995,76,127.995,25,128.154,25.64,128.107,0.8270000000000001,128.107,1.127,128.056,25.1,128.056,74.2,128.107,-48,128.107,48,128.107,25,128.027,1.563,128.027,0.781,128.027,2171,128.107,0002,128.107,01,128.107,10,128.056,55.5,128.056,0,128.027,0.78,128.027,3.33,128.056,00,128.056,00,128.027,150,128.056,1.381,,,,,,,,,,,,,,,,,,,,,,,,,,,,,,,,,,,,,,,,,,,,
128.221,127.571,000000,127.585,22.98,,,,,,,128.171,25.65625,128.076,208700100000,128.076,25,128.185,76,128.185,25,128.154,25.64,128.229,0.8270000000000001,128.107,1.127,128.229,25,128.056,74.2,128.107,-48,128.107,48,128.107,25,128.229,1.548,128.229,0.771,128.229,2231,128.107,0002,128.107,01,128.107,10,128.056,55.5,128.056,0,128.229,0.78,128.229,3.331,128.056,00,128.056,00,128.229,150,128.056,1.381,,,,,,,,,,,,,,,,,,,,,,,,,,,,,,,,,,,,,,,,,,,,
128.321,127.571,000000,127.585,22.98,,,,,,,128.171,25.65625,128.076,208700100000,128.076,25,128.185,76,128.185,25,128.154,25.64,128.329,0.806,128.372,1.1320000000000001,128.372,25.1,128.275,74.2,128.372,-48,128.329,48,128.329,26,128.329,1.416,128.329,0.718,128.372,2231,128.329,0002,128.329,01,128.329,10,128.275,55.5,128.275,0,128.372,0.78,128.372,3.33,128.275,00,128.275,00,128.372,150,128.275,1.3780000000000001,,,,,,,,,,,,,,,,,,,,,,,,,,,,,,,,,,,,,,,,,,,,
128.429,127.571,000000,127.585,22.98,,,,,,,128.171,25.65625,128.076,208700100000,128.076,25,128.185,76,128.185,25,128.154,25.64,128.329,0.806,128.372,1.1320000000000001,128.372,25.1,128.275,74.2,128.372,-48,128.329,48,128.329,26,128.329,1.416,128.329,0.718,128.372,2231,128.329,0002,128.329,01,128.329,10,128.275,55.5,128.275,0,128.372,0.78,128.372,3.33,128.275,00,128.275,00,128.372,150,128.275,1.3780000000000001,,,,,,,,,,,,,,,,,,,,,,,,,,,,,,,,,,,,,,,,,,,,
128.521,128.495,000000,127.585,22.98,,,,,,,128.171,25.65625,128.076,208700100000,128.076,25,128.185,76,128.185,25,128.154,25.64,128.527,1.012,128.470,1.094,128.527,25.1,128.527,74.2,128.470,-48,128.470,48,128.470,26,128.470,0.796,128.470,0.386,128.527,2205,128.470,0002,128.470,01,128.527,10,128.527,55.5,128.527,0,128.527,0.78,128.372,3.33,128.429,00,128.429,00,128.372,150,128.429,1.375,,,,,,,,,,,,,,,,,,,,,,,,,,,,,,,,,,,,,,,,,,,,
128.622,128.495,000000,128.591,26.240000000000002,,,,,,,128.171,25.65625,128.076,208700100000,128.076,25,128.185,76,128.185,25,128.154,25.64,128.616,1.012,128.647,1.081,128.616,25.1,128.647,74.2,128.556,-48,128.556,48,128.616,26,128.616,0.796,128.616,0.386,128.647,2249,128.616,0002,128.616,01,128.616,10,128.647,55.5,128.647,0,128.647,0.78,128.647,3.334,128.647,00,128.556,00,128.556,150,128.556,1.375,,,,,,,,,,,,,,,,,,,,,,,,,,,,,,,,,,,,,,,,,,,,
128.721,128.495,000000,128.591,26.240000000000002,,,,,,,128.171,25.65625,128.076,208700100000,128.076,25,128.185,76,128.185,25,128.154,25.64,128.716,1.012,128.747,1.075,128.747,25,128.747,74.2,128.716,-48,128.716,48,128.716,26,128.716,0.796,128.747,0.391,128.747,2262,128.747,0002,128.747,01,128.747,10,128.647,55.5,128.647,0,128.647,0.78,128.647,3.334,128.647,00,128.716,00,128.716,150,128.716,1.371,,,,,,,,,,,,,,,,,,,,,,,,,,,,,,,,,,,,,,,,,,,,
128.820,128.495,000000,128.591,26.240000000000002,,,,,,,128.793,26.078125,128.076,208700100000,128.076,25,128.185,76,128.185,25,128.154,25.64,128.828,1.012,128.856,1.067,128.856,25.1,128.856,74.2,128.856,-48,128.828,48,128.828,26,128.856,0.796,128.747,0.391,128.856,2224,128.747,0002,128.747,01,128.747,10,128.828,55.5,128.828,0,128.828,0.78,128.828,3.329,128.828,00,128.856,00,128.856,150,128.887,1.371,,,,,,,,,,,,,,,,,,,,,,,,,,,,,,,,,,,,,,,,,,,,
128.921,128.495,000000,128.591,26.240000000000002,,,,,,,128.793,26.078125,128.967,208700100000,128.967,26,128.185,76,128.185,25,128.154,25.64,128.947,1.012,128.947,1.061,128.916,25.1,128.947,74.2,128.947,-48,128.828,48,128.828,26,128.856,0.796,128.916,0.386,128.947,2191,128.916,0002,128.916,01,128.916,10,128.828,55.5,128.828,0,128.828,0.78,128.828,3.329,128.828,00,128.947,00,128.947,150,128.947,1.37,,,,,,,,,,,,,,,,,,,,,,,,,,,,,,,,,,,,,,,,,,,,
129.035,128.495,000000,128.591,26.240000000000002,,,,,,,128.793,26.078125,128.967,208700100000,128.967,26,128.991,77,128.991,25,129.100,25.44,129.036,1.012,128.947,1.061,128.916,25.1,128.947,74.2,128.947,-48,129.036,48,129.036,26,128.856,0.796,128.916,0.386,128.947,2191,128.916,0002,128.916,01,128.916,10,129.036,55.5,129.036,0,129.036,0.78,129.036,3.331,129.036,00,128.947,00,128.947,150,128.947,1.37,,,,,,,,,,,,,,,,,,,,,,,,,,,,,,,,,,,,,,,,,,,,
129.122,128.495,000000,128.591,26.240000000000002,,,,,,,128.793,26.078125,128.967,208700100000,128.967,26,128.991,77,128.991,25,129.100,25.44,129.127,1.012,129.156,1.049,129.071,25,129.071,74.2,129.127,-48,129.156,48,129.156,25,129.071,0.796,129.071,0.386,129.127,2058,129.071,0002,129.071,01,129.071,10,129.156,55.5,129.156,0,129.156,0.78,129.156,3.331,129.156,00,129.127,00,129.127,150,129.127,1.366,,,,,,,,,,,,,,,,,,,,,,,,,,,,,,,,,,,,,,,,,,,,
129.232,128.495,000000,128.591,26.240000000000002,,,,,,,128.793,26.078125,128.967,208700100000,128.967,26,128.991,77,128.991,25,129.100,25.44,129.207,1.012,129.156,1.049,129.207,25,129.207,74.2,129.127,-48,129.156,48,129.156,25,129.207,0.796,129.207,0.386,129.127,2058,129.207,0002,129.207,01,129.207,10,129.156,55.5,129.156,0,129.156,0.78,129.156,3.331,129.156,00,129.127,00,129.127,150,129.127,1.366,,,,,,,,,,,,,,,,,,,,,,,,,,,,,,,,,,,,,,,,,,,,
129.321,128.495,000000,128.591,26.240000000000002,,,,,,,129.281,24.890625,128.967,208700100000,128.967,26,128.991,77,128.991,25,129.100,25.44,129.315,1.012,129.256,1.043,129.315,25.1,129.315,74.2,129.256,-48,129.256,48,129.256,25,129.207,0.796,129.207,0.386,129.256,1949,129.207,0002,129.207,01,129.207,10,129.315,55.5,129.315,0,129.315,0.78,129.315,3.329,129.315,00,129.256,00,129.256,150,129.256,1.365,,,,,,,,,,,,,,,,,,,,,,,,,,,,,,,,,,,,,,,,,,,,
129.434,128.495,000000,128.591,26.240000000000002,,,,,,,129.281,24.890625,128.967,208700100000,128.967,26,128.991,77,128.991,25,129.100,25.44,129.315,1.012,129.356,1.039,129.315,25.1,129.315,74.2,129.387,-48,129.416,48,129.416,24,129.356,0.796,129.356,0.391,129.387,1836,129.356,0002,129.356,01,129.356,10,129.416,55.5,129.315,0,129.315,0.78,129.315,3.329,129.315,00,129.387,00,129.387,150,129.387,1.362,,,,,,,,,,,,,,,,,,,,,,,,,,,,,,,,,,,,,,,,,,,,
129.520,128.495,000000,128.591,26.240000000000002,,,,,,,129.281,24.890625,128.967,208700100000,128.967,26,128.991,77,128.991,25,129.100,25.44,129.547,1.012,129.576,1.033,129.470,25,129.470,75,129.507,-48,129.547,48,129.547,24,129.470,0.796,129.507,0.386,129.507,1703,129.507,0002,129.507,01,129.507,10,129.547,55.5,129.547,0,129.547,0.78,129.470,3.331,129.470,00,129.507,00,129.547,150,129.547,1.361,,,,,,,,,,,,,,,,,,,,,,,,,,,,,,,,,,,,,,,,,,,,
129.632,128.495,000000,128.591,26.240000000000002,,,,,,,129.281,24.890625,129.596,208700100000,129.596,24,129.695,77,128.991,25,129.100,25.44,129.629,1.012,129.676,1.03,129.576,25.1,129.576,75,129.676,-48,129.629,48,129.629,24,129.576,0.796,129.629,0.386,129.676,1487,129.676,0002,129.676,01,129.676,10,129.629,55.5,129.629,0,129.629,0.78,129.576,3.33,129.576,00,129.676,00,129.676,150,129.547,1.361,,,,,,,,,,,,,,,,,,,,,,,,,,,,,,,,,,,,,,,,,,,,
129.730,128.495,000000,128.591,26.240000000000002,,,,,,,129.281,24.890625,129.596,208700100000,129.596,24,129.695,77,129.695,22,129.795,21.84,129.731,1.012,129.676,1.03,129.731,25.1,129.576,75,129.676,-48,129.731,48,129.731,23,129.576,0.796,129.629,0.386,129.676,1487,129.676,0002,129.676,01,129.676,10,129.731,55.5,129.731,0,129.731,0.78,129.576,3.33,129.576,00,129.676,00,129.676,150,129.731,1.357,,,,,,,,,,,,,,,,,,,,,,,,,,,,,,,,,,,,,,,,,,,,
129.821,129.826,000000,128.591,26.240000000000002,,,,,,,129.281,24.890625,129.596,208700100000,129.596,24,129.695,77,129.695,22,129.795,21.84,129.856,1.012,129.771,1.029,129.731,25.1,129.771,75,129.856,-48,129.856,48,129.731,23,129.771,0.796,129.771,0.386,129.856,1236,129.771,0002,129.771,01,129.856,10,129.731,55.5,129.731,0,129.731,0.78,129.771,3.3280000000000003,129.771,00,129.856,00,129.856,150,129.856,1.356,,,,,,,,,,,,,,,,,,,,,,,,,,,,,,,,,,,,,,,,,,,,
129.921,129.826,000000,128.591,26.240000000000002,,,,,,,129.281,24.890625,129.596,208700100000,129.596,24,129.695,77,129.695,22,129.795,21.84,129.971,1.012,129.896,1.026,129.896,25.1,129.896,75,129.856,-48,129.856,48,129.896,21,129.896,0.796,129.935,0.386,129.856,1236,129.935,0002,129.935,01,129.856,10,129.896,55.5,129.896,0,129.896,0.78,129.935,3.33,129.935,00,129.856,00,129.856,150,129.856,1.356,,,,,,,,,,,,,,,,,,,,,,,,,,,,,,,,,,,,,,,,,,,,
130.023,129.826,000000,128.591,26.240000000000002,,,,,,,129.281,24.890625,129.596,208700100000,129.596,24,129.695,77,129.695,22,129.795,21.84,130.035,1.012,130.009,1.026,129.896,25.1,129.896,75,130.009,-48,130.009,48,129.896,21,129.896,0.796,129.935,0.386,130.009,1101,129.935,0002,129.935,01,130.009,10,129.896,55.5,129.896,0,129.896,0.78,129.935,3.33,129.935,00,130.009,00,130.009,150,130.009,1.355,,,,,,,,,,,,,,,,,,,,,,,,,,,,,,,,,,,,,,,,,,,,
130.120,129.826,000000,130.096,20.17,,,,,,,129.281,24.890625,129.596,208700100000,129.596,24,129.695,77,129.695,22,129.795,21.84,130.157,1.012,130.076,1.024,130.157,25.1,130.157,75,130.076,-48,130.076,48,130.035,20,130.035,0.796,130.076,0.386,130.157,988,130.076,0002,130.076,01,130.157,10,130.035,55.5,130.035,0,130.035,0.78,130.076,3.331,130.076,00,130.157,00,130.157,150,130.157,1.351,,,,,,,,,,,,,,,,,,,,,,,,,,,,,,,,,,,,,,,,,,,,
130.230,129.826,000000,130.096,20.17,,,,,,,129.281,24.890625,129.596,208700100000,129.596,24,129.695,77,129.695,22,129.795,21.84,130.227,1.012,130.187,1.0230000000000001,130.227,25.1,130.227,75,130.227,-48,130.227,48,130.187,19,130.187,0.796,130.187,0.386,130.157,988,130.187,0002,130.227,01,130.157,10,130.187,55.5,130.187,0,130.187,0.78,130.227,3.33,130.227,00,130.157,00,130.157,150,130.157,1.351,,,,,,,,,,,,,,,,,,,,,,,,,,,,,,,,,,,,,,,,,,,,
130.333,129.826,000000,130.096,20.17,,,,,,,129.281,24.890625,129.596,208700100000,129.596,24,129.695,77,129.695,22,129.795,21.84,130.327,1.012,130.256,1.0230000000000001,130.327,25.1,130.327,75,130.256,-48,130.256,48,130.187,19,130.187,0.796,130.256,0.386,130.327,913,130.256,0002,130.256,01,130.327,10,130.187,55.5,130.187,0,130.187,0.78,130.256,3.33,130.256,00,130.327,00,130.327,150,130.327,1.35,,,,,,,,,,,,,,,,,,,,,,,,,,,,,,,,,,,,,,,,,,,,
130.420,129.826,000000,130.096,20.17,,,,,,,129.281,24.890625,129.596,208700100000,129.596,24,129.695,77,129.695,22,129.795,21.84,130.476,1.012,130.356,1.022,130.476,25.1,130.476,75,130.435,-48,130.435,48.7,130.476,16,130.356,0.796,130.387,0.386,130.435,863,130.387,0002,130.387,01,130.476,10,130.356,55.5,130.356,0,130.356,0.78,130.387,3.33,130.387,00,130.476,00,130.476,150,130.476,1.348,,,,,,,,,,,,,,,,,,,,,,,,,,,,,,,,,,,,,,,,,,,,
130.533,129.826,000000,130.096,20.17,,,,,,,129.281,24.890625,129.596,208700100000,129.596,24,129.695,77,129.695,22,129.795,21.84,130.476,1.012,130.507,1.02,130.476,25.1,130.476,75,130.435,-48,130.435,48.7,130.476,16,130.507,0.796,130.507,0.386,130.435,863,130.507,0002,130.507,01,130.476,10,130.507,55.5,130.507,0,130.507,0.78,130.387,3.33,130.387,00,130.476,00,130.476,150,130.476,1.348,,,,,,,,,,,,,,,,,,,,,,,,,,,,,,,,,,,,,,,,,,,,
130.622,129.826,000000,130.096,20.17,,,,,,,130.581,15.78125,130.657,208700100000,130.657,16,130.674,77,129.695,22,129.795,21.84,130.607,1.012,130.636,1.0190000000000001,130.636,25.1,130.636,75,130.607,-48,130.607,48.7,130.607,16,130.636,0.796,130.607,0.386,130.607,743,130.607,0001,130.607,01,130.636,10,130.507,55.5,130.507,0,130.507,0.78,130.556,3.331,130.556,00,130.636,00,130.636,150,130.636,1.345,,,,,,,,,,,,,,,,,,,,,,,,,,,,,,,,,,,,,,,,,,,,
130.733,129.826,000000,130.096,20.17,,,,,,,130.581,15.78125,130.657,208700100000,130.657,16,130.674,77,130.674,15,130.695,15.24,130.739,1.012,130.636,1.0190000000000001,130.636,25.1,130.636,75,130.607,-48,130.607,48.7,130.607,16,130.636,0.796,130.739,0.386,130.607,743,130.739,0001,130.739,01,130.636,10,130.739,55.5,130.739,0,130.739,0.78,130.739,3.329,130.556,00,130.636,00,130.636,150,130.636,1.345,,,,,,,,,,,,,,,,,,,,,,,,,,,,,,,,,,,,,,,,,,,,
130.832,129.826,000000,130.096,20.17,,,,,,,130.581,15.78125,130.657,208700100000,130.657,16,130.674,77,130.674,15,130.695,15.24,130.835,1.012,130.775,1.02,130.835,25.1,130.835,75,130.775,-48,130.775,48.7,130.835,15,130.835,0.796,130.835,0.386,130.775,681,130.835,0001,130.739,01,130.775,10,130.739,55.5,130.739,0,130.739,0.78,130.739,3.329,130.775,00,130.775,00,130.775,150,130.835,1.343,,,,,,,,,,,,,,,,,,,,,,,,,,,,,,,,,,,,,,,,,,,,
130.924,129.826,000000,130.096,20.17,,,,,,,130.581,15.78125,130.657,208700100000,130.657,16,130.674,77,130.674,15,130.695,15.24,130.953,1.012,130.872,1.02,130.835,25.1,130.835,75,130.953,-48,130.953,48.7,130.835,15,130.835,0.796,130.835,0.386,130.953,797,130.835,0001,130.872,01,130.953,10,130.987,55.5,130.909,0,130.909,0.78,130.872,3.33,130.953,00,130.953,00,130.953,150,130.835,1.343,,,,,,,,,,,,,,,,,,,,,,,,,,,,,,,,,,,,,,,,,,,,
131.025,129.826,000000,130.096,20.17,,,,,,,131.060,13.703125,131.087,208700100000,131.087,14,130.674,77,130.674,15,130.695,15.24,131.017,1.012,131.047,1.02,130.987,25.1,130.987,75,131.017,-48,131.017,48.7,130.987,14,130.987,0.796,131.017,0.386,131.047,836,131.017,0001,131.017,01,131.047,10,131.047,55.5,131.047,0,130.987,0.78,131.017,3.33,131.047,00,131.047,00,131.047,150,131.017,1.342,,,,,,,,,,,,,,,,,,,,,,,,,,,,,,,,,,,,,,,,,,,,
131.133,129.826,000000,130.096,20.17,,,,,,,131.060,13.703125,131.087,208700100000,131.087,14,131.134,77,131.134,13,130.695,15.24,131.116,1.012,131.175,1.0190000000000001,131.116,25.1,131.116,75,131.175,-48,131.175,48.7,131.116,13,131.116,0.796,131.116,0.391,131.175,889,131.116,0001,131.175,01,131.175,10,131.047,55.5,131.047,0,131.116,0.78,131.175,3.331,131.047,00,131.047,00,131.047,150,131.175,1.34,,,,,,,,,,,,,,,,,,,,,,,,,,,,,,,,,,,,,,,,,,,,
131.221,129.826,000000,130.096,20.17,,,,,,,131.060,13.703125,131.087,208700100000,131.087,14,131.134,77,131.134,13,130.695,15.24,131.116,1.012,131.175,1.0190000000000001,131.116,25.1,131.116,75,131.175,-48,131.175,48.7,131.116,13,131.116,0.796,131.116,0.391,131.175,889,131.116,0001,131.175,01,131.175,10,131.207,55.5,131.047,0,131.116,0.78,131.175,3.331,131.047,00,131.047,00,131.047,150,131.175,1.34,,,,,,,,,,,,,,,,,,,,,,,,,,,,,,,,,,,,,,,,,,,,
131.322,131.276,000000,130.096,20.17,,,,,,,131.060,13.703125,131.087,208700100000,131.087,14,131.134,77,131.134,13,131.255,12.950000000000001,131.327,1.012,131.356,1.0170000000000001,131.356,25.1,131.356,75.7,131.327,-48,131.327,48.7,131.356,13,131.356,0.796,131.356,0.386,131.327,931,131.356,0001,131.236,01,131.327,10,131.327,55.5,131.327,0,131.327,0.78,131.236,3.33,131.207,00,131.207,00,131.207,150,131.356,1.338,,,,,,,,,,,,,,,,,,,,,,,,,,,,,,,,,,,,,,,,,,,,
131.422,131.276,000000,130.096,20.17,,,,,,,131.060,13.703125,131.087,208700100000,131.087,14,131.134,77,131.134,13,131.255,12.950000000000001,131.470,1.012,131.470,1.0170000000000001,131.356,25.1,131.356,75.7,131.470,-48,131.470,48.7,131.356,13,131.356,0.796,131.356,0.386,131.470,965,131.356,0001,131.407,01,131.327,10,131.327,55.5,131.327,0,131.327,0.78,131.407,3.329,131.470,00,131.470,00,131.470,150,131.436,1.337,,,,,,,,,,,,,,,,,,,,,,,,,,,,,,,,,,,,,,,,,,,,
131.522,131.276,000000,131.490,12.27,,,,,,,131.060,13.703125,131.087,208700100000,131.087,14,131.134,77,131.134,13,131.255,12.950000000000001,131.516,1.012,131.547,1.0170000000000001,131.516,25,131.516,75.7,131.470,-48,131.470,48.7,131.516,12,131.547,0.796,131.547,0.386,131.470,965,131.547,0001,131.547,01,131.516,10,131.516,55.5,131.516,0,131.516,0.78,131.547,3.331,131.547,00,131.470,00,131.470,150,131.547,1.335,,,,,,,,,,,,,,,,,,,,,,,,,,,,,,,,,,,,,,,,,,,,
131.622,131.276,000000,131.490,12.27,,,,,,,131.060,13.703125,131.087,208700100000,131.087,14,131.134,77,131.134,13,131.255,12.950000000000001,131.629,1.012,131.547,1.0170000000000001,131.516,25,131.516,75.7,131.629,-48,131.629,48.7,131.516,12,131.547,0.796,131.547,0.386,131.629,971,131.547,0001,131.547,01,131.629,10,131.629,55.5,131.516,0,131.516,0.78,131.547,3.331,131.547,00,131.629,00,131.629,150,131.547,1.335,,,,,,,,,,,,,,,,,,,,,,,,,,,,,,,,,,,,,,,,,,,,
131.721,131.276,000000,131.490,12.27,,,,,,,131.060,13.703125,131.087,208700100000,131.087,14,131.134,77,131.134,13,131.255,12.950000000000001,131.709,0.806,131.749,1.0170000000000001,131.676,25.1,131.676,75.7,131.749,-48,131.749,48.7,131.676,11,131.676,0.986,131.676,0.47900000000000004,131.749,989,131.709,0001,131.709,01,131.749,10,131.749,55.5,131.676,0,131.676,0.78,131.709,3.329,131.709,00,131.749,00,131.749,150,131.709,1.333,,,,,,,,,,,,,,,,,,,,,,,,,,,,,,,,,,,,,,,,,,,,
131.822,131.276,000000,131.490,12.27,,,,,,,131.060,13.703125,131.087,208700100000,131.087,14,131.134,77,131.134,13,131.255,12.950000000000001,131.829,0.806,131.749,1.0170000000000001,131.829,25.1,131.829,75.7,131.749,-48,131.749,48.7,131.829,11,131.829,1.196,131.829,0.591,131.749,989,131.709,0001,131.709,01,131.749,10,131.749,55.5,131.829,0,131.829,0.78,131.709,3.329,131.709,00,131.749,00,131.749,150,131.709,1.333,,,,,,,,,,,,,,,,,,,,,,,,,,,,,,,,,,,,,,,,,,,,
131.921,131.276,000000,131.490,12.27,,,,,,,131.060,13.703125,131.087,208700100000,131.087,14,131.134,77,131.134,13,131.255,12.950000000000001,131.976,0.806,131.876,1.014,131.947,25.1,131.976,75.7,131.916,-48,131.916,48.7,131.976,12,131.976,1.313,131.976,0.649,131.947,977,131.976,0001,131.876,01,131.947,10,131.947,55.5,131.976,0,131.976,0.78,131.876,3.329,131.876,00,131.916,00,131.916,150,131.876,1.333,,,,,,,,,,,,,,,,,,,,,,,,,,,,,,,,,,,,,,,,,,,,
132.021,131.276,000000,131.490,12.27,,,,,,,131.060,13.703125,131.087,208700100000,131.087,14,131.134,77,131.134,13,131.255,12.950000000000001,131.976,0.806,132.007,1.0130000000000001,131.947,25.1,131.976,75.7,132.007,-48,131.916,48.7,131.976,12,131.976,1.313,131.976,0.649,131.947,977,131.976,0001,132.007,01,131.947,10,131.947,55.5,131.976,0,131.976,0.78,132.007,3.33,132.007,00,132.007,00,132.007,150,132.007,1.332,,,,,,,,,,,,,,,,,,,,,,,,,,,,,,,,,,,,,,,,,,,,
132.123,131.276,000000,131.490,12.27,,,,,,,132.101,11.375,132.177,208700100000,131.087,14,131.134,77,131.134,13,131.255,12.950000000000001,132.129,0.806,132.156,1.0110000000000001,132.129,25.1,132.129,75.7,132.070,-48,132.070,48.7,132.129,11,132.129,1.348,132.156,0.679,132.129,1062,132.156,0001,132.156,01,132.129,10,132.129,55.5,132.156,0,132.156,0.78,132.156,3.33,132.156,00,132.070,00,132.070,150,132.007,1.332,,,,,,,,,,,,,,,,,,,,,,,,,,,,,,,,,,,,,,,,,,,,
132.223,131.276,000000,131.490,12.27,,,,,,,132.101,11.375,132.177,208700100000,132.177,11,132.274,77,132.274,11,131.255,12.950000000000001,132.209,0.806,132.156,1.0110000000000001,132.129,25.1,132.129,75.7,132.209,-48,132.209,48.7,132.129,11,132.129,1.348,132.156,0.679,132.209,1082,132.156,0001,132.156,01,132.209,10,132.129,55.5,132.156,0,132.156,0.78,132.156,3.33,132.156,00,132.209,00,132.209,150,132.209,1.329,,,,,,,,,,,,,,,,,,,,,,,,,,,,,,,,,,,,,,,,,,,,
132.330,131.276,000000,131.490,12.27,,,,,,,132.101,11.375,132.177,208700100000,132.177,11,132.274,77,132.274,11,131.255,12.950000000000001,132.307,0.806,132.336,1.0130000000000001,132.336,25.1,132.336,75.7,132.336,-48,132.336,48.7,132.371,12,132.371,1.455,132.371,0.723,132.336,961,132.307,0001,132.307,01,132.336,10,132.336,55.5,132.371,0,132.307,0.78,132.307,3.33,132.307,00,132.307,00,132.307,150,132.371,1.327,,,,,,,,,,,,,,,,,,,,,,,,,,,,,,,,,,,,,,,,,,,,
132.422,131.276,000000,131.490,12.27,,,,,,,132.101,11.375,132.177,208700100000,132.177,11,132.274,77,132.274,11,132.457,12.24,132.307,0.806,132.336,1.0130000000000001,132.436,25.1,132.436,75.7,132.336,-48,132.336,48.7,132.436,12,132.436,1.426,132.371,0.723,132.436,1085,132.307,0001,132.307,01,132.436,10,132.436,55.5,132.371,0,132.307,0.78,132.307,3.33,132.307,00,132.409,00,132.409,150,132.371,1.327,,,,,,,,,,,,,,,,,,,,,,,,,,,,,,,,,,,,,,,,,,,,
132.519,131.276,000000,131.490,12.27,,,,,,,132.101,11.375,132.177,208700100000,132.177,11,132.274,77,132.274,11,132.457,12.24,132.529,0.806,132.576,1.0130000000000001,132.576,25.1,132.576,75.7,132.529,-48,132.529,48.7,132.576,12,132.576,1.2650000000000001,132.496,0.664,132.529,1120,132.496,0001,132.496,01,132.576,10,132.576,55.5,132.496,0,132.496,0.78,132.529,3.329,132.529,00,132.529,00,132.529,150,132.576,1.326,,,,,,,,,,,,,,,,,,,,,,,,,,,,,,,,,,,,,,,,,,,,
132.622,131.276,000000,131.490,12.27,,,,,,,132.101,11.375,132.177,208700100000,132.177,11,132.274,77,132.274,11,132.457,12.24,132.636,0.806,132.576,1.0130000000000001,132.576,25.1,132.636,75.7,132.636,-48,132.636,48.7,132.576,12,132.576,1.2650000000000001,132.496,0.664,132.636,1025,132.636,0001,132.636,01,132.576,10,132.576,55.5,132.496,0,132.636,0.78,132.529,3.329,132.529,00,132.529,00,132.529,150,132.576,1.326,,,,,,,,,,,,,,,,,,,,,,,,,,,,,,,,,,,,,,,,,,,,
132.721,131.276,000000,131.490,12.27,,,,,,,132.701,12.515625,132.177,208700100000,132.177,11,132.274,77,132.274,11,132.457,12.24,132.727,0.806,132.756,1.014,132.727,25.1,132.727,75.7,132.636,-48,132.636,48.7,132.756,13,132.756,1.294,132.756,0.64,132.727,1074,132.636,0001,132.636,01,132.727,10,132.727,55.5,132.756,0,132.636,0.78,132.756,3.329,132.756,00,132.727,00,132.727,150,132.756,1.323,,,,,,,,,,,,,,,,,,,,,,,,,,,,,,,,,,,,,,,,,,,,
132.833,131.276,000000,131.490,12.27,,,,,,,132.701,12.515625,132.777,208700100000,132.777,13,132.826,77,132.826,12,132.845,12.76,132.807,0.806,132.756,1.014,132.807,25.1,132.727,75.7,132.807,-48,132.807,48.7,132.756,13,132.756,1.294,132.756,0.64,132.807,1127,132.807,0001,132.807,01,132.727,10,132.727,55.5,132.756,0,132.807,0.78,132.756,3.329,132.756,00,132.727,00,132.727,150,132.756,1.323,,,,,,,,,,,,,,,,,,,,,,,,,,,,,,,,,,,,,,,,,,,,
132.921,131.276,000000,131.490,12.27,,,,,,,132.701,12.515625,132.777,208700100000,132.777,13,132.826,77,132.826,12,132.845,12.76,132.807,0.806,132.890,1.014,132.807,25.1,132.890,75.7,132.971,-48,132.807,48.7,132.890,13,132.890,0.796,132.890,0.391,132.807,1127,132.807,0001,132.807,01,132.890,10,132.890,55.5,132.890,0,132.807,0.78,132.929,3.3280000000000003,132.929,00,132.929,00,132.971,150,132.929,1.321,,,,,,,,,,,,,,,,,,,,,,,,,,,,,,,,,,,,,,,,,,,,
133.030,131.276,000000,131.490,12.27,,,,,,,132.701,12.515625,132.777,208700100000,132.777,13,132.826,77,132.826,12,132.845,12.76,133.056,1.012,133.036,1.0170000000000001,133.008,25.1,133.008,75.7,133.056,-48,133.008,48.7,133.036,12,133.036,0.796,133.036,0.386,133.008,1028,133.008,0001,133.008,01,133.056,10,133.056,55.5,133.036,0,133.008,0.78,133.036,3.329,133.036,00,133.036,00,133.056,150,133.056,1.321,,,,,,,,,,,,,,,,,,,,,,,,,,,,,,,,,,,,,,,,,,,,
133.122,133.076,000000,133.101,12.93,,,,,,,132.701,12.515625,132.777,208700100000,132.777,13,132.826,77,132.826,12,132.845,12.76,133.127,1.012,133.176,1.018,133.127,25.1,133.127,75.7,133.056,-48,133.127,48.7,133.036,12,133.036,0.796,133.036,0.386,133.127,1084,133.127,0001,133.008,01,133.127,10,133.127,55.5,133.036,0,133.008,0.78,133.036,3.329,133.036,00,133.036,00,133.056,150,133.056,1.321,,,,,,,,,,,,,,,,,,,,,,,,,,,,,,,,,,,,,,,,,,,,
133.231,133.076,000000,133.101,12.93,,,,,,,132.701,12.515625,132.777,208700100000,132.777,13,132.826,77,132.826,12,132.845,12.76,133.207,1.012,133.256,1.0170000000000001,133.256,25.1,133.256,75.7,133.207,-48,133.256,48.7,133.176,12,133.176,0.796,133.176,0.386,133.256,1085,133.256,0001,133.256,01,133.207,10,133.207,55.5,133.176,0,133.256,0.78,133.207,3.329,133.207,00,133.207,00,133.207,150,133.176,1.318,,,,,,,,,,,,,,,,,,,,,,,,,,,,,,,,,,,,,,,,,,,,
133.320,133.076,000000,133.101,12.93,,,,,,,132.701,12.515625,132.777,208700100000,132.777,13,132.826,77,132.826,12,132.845,12.76,133.336,1.012,133.256,1.0170000000000001,133.256,25.1,133.256,75.7,133.207,-48,133.256,48.7,133.336,12,133.336,0.796,133.336,0.386,133.256,1085,133.256,0001,133.256,01,133.207,10,133.207,55.5,133.336,0,133.256,0.78,133.336,3.331,133.336,00,133.207,00,133.207,150,133.336,1.317,,,,,,,,,,,,,,,,,,,,,,,,,,,,,,,,,,,,,,,,,,,,
133.420,133.076,000000,133.101,12.93,,,,,,,132.701,12.515625,132.777,208700100000,132.777,13,132.826,77,132.826,12,132.845,12.76,133.476,1.012,133.447,1.0170000000000001,133.476,25.1,133.476,75.7,133.376,-48,133.416,48.7,133.476,12,133.476,0.796,133.476,0.386,133.416,1012,133.416,0001,133.416,01,133.447,10,133.476,55.5,133.476,0,133.416,0.78,133.336,3.331,133.336,00,133.376,00,133.376,150,133.336,1.317,,,,,,,,,,,,,,,,,,,,,,,,,,,,,,,,,,,,,,,,,,,,
133.520,133.076,000000,133.101,12.93,,,,,,,133.530,12.078125,132.777,208700100000,132.777,13,132.826,77,132.826,12,132.845,12.76,133.509,1.012,133.576,1.0170000000000001,133.576,25.1,133.576,75.7,133.509,-48,133.576,50.2,133.476,12,133.476,0.796,133.476,0.386,133.576,951,133.576,0001,133.576,01,133.509,10,133.476,55.5,133.476,0,133.576,0.78,133.509,3.3280000000000003,133.509,00,133.509,00,133.509,150,133.509,1.316,,,,,,,,,,,,,,,,,,,,,,,,,,,,,,,,,,,,,,,,,,,,
133.621,133.076,000000,133.101,12.93,,,,,,,133.530,12.078125,133.627,208700100000,133.627,11,132.826,77,132.826,12,132.845,12.76,133.607,1.012,133.656,1.0170000000000001,133.656,25.200000000000003,133.656,76.5,133.656,-48,133.576,50.2,133.607,12,133.607,0.796,133.607,0.386,133.576,951,133.576,0001,133.576,01,133.656,10,133.656,55.5,133.607,0,133.576,0.78,133.607,3.3280000000000003,133.607,00,133.656,00,133.656,150,133.607,1.316,,,,,,,,,,,,,,,,,,,,,,,,,,,,,,,,,,,,,,,,,,,,
133.720,133.076,000000,133.101,12.93,,,,,,,133.530,12.078125,133.627,208700100000,133.627,11,133.673,78,133.673,11,133.695,11.28,133.741,1.012,133.776,1.016,133.656,25.200000000000003,133.656,76.5,133.776,-48,133.741,50.2,133.741,12,133.741,0.796,133.607,0.386,133.576,951,133.576,0001,133.576,01,133.656,10,133.656,55.5,133.607,0,133.576,0.78,133.607,3.3280000000000003,133.607,00,133.656,00,133.656,150,133.607,1.316,,,,,,,,,,,,,,,,,,,,,,,,,,,,,,,,,,,,,,,,,,,,
133.833,133.076,000000,133.101,12.93,,,,,,,133.530,12.078125,133.627,208700100000,133.627,11,133.673,78,133.673,11,133.695,11.28,133.816,1.012,133.776,1.016,133.816,25.1,133.816,76.5,133.776,-48,133.849,50.2,133.876,11,133.816,0.796,133.776,0.386,133.849,956,133.849,0001,133.849,01,133.816,10,133.816,55.5,133.776,0,133.876,0.78,133.776,3.329,133.776,00,133.776,00,133.816,150,133.776,1.313,,,,,,,,,,,,,,,,,,,,,,,,,,,,,,,,,,,,,,,,,,,,
133.929,133.076,000000,133.101,12.93,,,,,,,133.530,12.078125,133.627,208700100000,133.627,11,133.673,78,133.673,11,133.695,11.28,133.816,1.012,133.776,1.016,133.816,25.1,133.816,76.5,133.776,-48,133.849,50.2,133.876,11,133.816,0.796,133.776,0.386,133.849,956,133.849,0001,133.849,01,133.816,10,133.816,55.5,133.776,0,133.876,0.78,133.776,3.329,133.776,00,133.776,00,133.816,150,133.776,1.313,,,,,,,,,,,,,,,,,,,,,,,,,,,,,,,,,,,,,,,,,,,,
134.021,133.076,000000,133.101,12.93,,,,,,,134.090,10.265625,133.627,208700100000,133.627,11,133.673,78,133.673,11,133.695,11.28,134.047,1.012,134.076,1.0130000000000001,134.047,25.1,134.047,76.5,134.016,-48,134.076,50.2,134.016,11,133.935,0.796,134.016,0.386,134.076,866,134.076,0001,134.076,01,134.076,10,134.076,55.5,134.047,0,134.016,0.78,134.047,3.329,134.047,00,134.047,00,134.076,150,134.047,1.312,,,,,,,,,,,,,,,,,,,,,,,,,,,,,,,,,,,,,,,,,,,,
134.122,133.076,000000,133.101,12.93,,,,,,,134.090,10.265625,134.117,208700100000,134.117,10,133.673,78,133.673,11,133.695,11.28,134.149,1.012,134.076,1.0130000000000001,134.047,25.1,134.047,76.5,134.149,-48,134.076,50.2,134.149,10,134.149,0.796,134.149,0.386,134.076,866,134.076,0001,134.076,01,134.076,10,134.076,55.5,134.149,0,134.149,0.78,134.149,3.33,134.047,00,134.047,00,134.076,150,134.047,1.312,,,,,,,,,,,,,,,,,,,,,,,,,,,,,,,,,,,,,,,,,,,,
134.221,133.076,000000,133.101,12.93,,,,,,,134.090,10.265625,134.117,208700100000,134.117,10,133.673,78,133.673,11,133.695,11.28,134.227,1.012,134.196,1.014,134.196,25.1,134.196,76.5,134.227,-48,134.227,50.2,134.149,10,134.149,0.796,134.227,0.386,134.227,879,134.227,0001,134.227,01,134.256,10,134.196,55.5,134.149,0,134.149,0.78,134.149,3.33,134.196,00,134.196,00,134.227,150,134.196,1.311,,,,,,,,,,,,,,,,,,,,,,,,,,,,,,,,,,,,,,,,,,,,
134.332,134.327,000000,133.101,12.93,,,,,,,134.090,10.265625,134.117,208700100000,134.117,10,134.273,78,134.273,10,134.295,9.73,134.356,1.012,134.256,1.014,134.256,25.1,134.256,76.5,134.356,-48,134.227,50.2,134.256,10,134.356,0.884,134.356,0.43,134.227,879,134.227,0001,134.227,01,134.256,10,134.256,55.5,134.356,0,134.356,0.78,134.356,3.33,134.356,00,134.196,00,134.227,150,134.196,1.311,,,,,,,,,,,,,,,,,,,,,,,,,,,,,,,,,,,,,,,,,,,,
134.421,134.327,000000,133.101,12.93,,,,,,,134.090,10.265625,134.117,208700100000,134.117,10,134.273,78,134.273,10,134.295,9.73,134.356,1.012,134.456,1.012,134.396,25.1,134.396,76.5,134.456,-48,134.429,50.2,134.456,10,134.356,0.884,134.356,0.43,134.429,821,134.429,0001,134.429,01,134.429,10,134.429,55.5,134.356,0,134.356,0.78,134.356,3.33,134.356,00,134.396,00,134.429,150,134.396,1.309,,,,,,,,,,,,,,,,,,,,,,,,,,,,,,,,,,,,,,,,,,,,
134.524,134.327,000000,134.546,9.58,,,,,,,134.090,10.265625,134.117,208700100000,134.117,10,134.273,78,134.273,10,134.295,9.73,134.527,0.806,134.456,1.012,134.527,25.1,134.527,76.5,134.527,-48,134.527,50.2,134.456,10,134.487,1.0210000000000001,134.487,0.498,134.577,805,134.429,0001,134.429,01,134.429,10,134.429,55.5,134.487,0,134.527,0.78,134.487,3.329,134.487,00,134.527,00,134.429,150,134.527,1.309,,,,,,,,,,,,,,,,,,,,,,,,,,,,,,,,,,,,,,,,,,,,
134.621,134.327,000000,134.546,9.58,,,,,,,134.090,10.265625,134.117,208700100000,134.117,10,134.273,78,134.273,10,134.295,9.73,134.615,0.806,134.670,1.0110000000000001,134.670,25.1,134.670,76.5,134.615,-48,134.670,50.2,134.615,9,134.577,1.1520000000000001,134.615,0.5710000000000001,134.670,817,134.670,0001,134.577,01,134.577,10,134.577,55.5,134.615,0,134.615,0.78,134.615,3.329,134.615,00,134.670,00,134.577,150,134.670,1.307,,,,,,,,,,,,,,,,,,,,,,,,,,,,,,,,,,,,,,,,,,,,
134.730,134.327,000000,134.546,9.58,,,,,,,134.090,10.265625,134.117,208700100000,134.117,10,134.273,78,134.273,10,134.295,9.73,134.727,0.806,134.775,1.0130000000000001,134.670,25.1,134.670,76.5,134.775,-48,134.670,50.2,134.727,9,134.727,1.118,134.775,0.537,134.670,817,134.670,0001,134.727,01,134.727,10,134.727,55.5,134.775,0,134.727,0.78,134.775,3.33,134.775,00,134.775,00,134.727,150,134.775,1.309,,,,,,,,,,,,,,,,,,,,,,,,,,,,,,,,,,,,,,,,,,,,
134.826,134.327,000000,134.546,9.58,,,,,,,134.810,8.953125,134.117,208700100000,134.117,10,134.273,78,134.273,10,134.295,9.73,134.835,0.806,134.775,1.0130000000000001,134.835,25.1,134.835,76.5,134.775,-48,134.835,50.2,134.727,9,134.727,1.118,134.775,0.537,134.835,818,134.835,0001,134.835,01,134.835,10,134.875,55.5,134.775,0,134.727,0.78,134.775,3.33,134.775,00,134.775,00,134.727,150,134.775,1.309,,,,,,,,,,,,,,,,,,,,,,,,,,,,,,,,,,,,,,,,,,,,
134.933,134.327,000000,134.546,9.58,,,,,,,134.810,8.953125,134.117,208700100000,134.117,10,134.273,78,134.273,10,134.295,9.73,134.835,0.806,134.947,1.0130000000000001,134.835,25.1,134.835,76.5,134.947,-48,134.835,50.2,134.875,9,134.875,0.977,134.947,0.537,134.835,818,134.835,0001,134.835,01,134.835,10,134.875,55.5,134.875,0,134.875,0.78,134.915,3.3280000000000003,134.915,00,134.915,00,134.875,150,134.915,1.306,,,,,,,,,,,,,,,,,,,,,,,,,,,,,,,,,,,,,,,,,,,,
135.020,134.327,000000,134.546,9.58,,,,,,,134.810,8.953125,134.997,208700100000,134.997,9,134.273,78,134.273,10,134.295,9.73,135.075,0.8300000000000001,135.048,1.0050000000000001,135.075,25.1,134.975,76.5,135.048,-48,134.975,50.2,135.048,9,135.048,1.157,135.075,0.5710000000000001,134.975,756,134.975,0001,134.975,01,135.048,10,135.048,55.5,135.075,0,135.048,0.78,135.075,3.329,135.075,00,135.075,00,135.048,150,135.075,1.306,,,,,,,,,,,,,,,,,,,,,,,,,,,,,,,,,,,,,,,,,,,,
135.125,134.327,000000,134.546,9.58,,,,,,,134.810,8.953125,134.997,208700100000,134.997,9,135.133,78,135.133,8,134.295,9.73,135.170,0.806,135.109,1.0110000000000001,135.075,25.1,135.109,76.5,135.048,-48,135.109,50.2,135.109,9,135.048,1.157,135.075,0.5710000000000001,135.109,764,135.109,0001,135.109,01,135.109,10,135.048,55.5,135.075,0,135.048,0.78,135.075,3.329,135.075,00,135.075,00,135.048,150,135.075,1.306,,,,,,,,,,,,,,,,,,,,,,,,,,,,,,,,,,,,,,,,,,,,
135.221,134.327,000000,134.546,9.58,,,,,,,134.810,8.953125,134.997,208700100000,134.997,9,135.133,78,135.133,8,134.295,9.73,135.257,0.806,135.215,1.0110000000000001,135.215,25.1,135.215,76.5,135.170,-48,135.215,50.2,135.257,9,135.257,1.113,135.170,0.5660000000000001,135.257,827,135.257,0001,135.257,01,135.257,10,135.257,55.5,135.170,0,135.170,0.78,135.215,3.329,135.215,00,135.215,00,135.170,150,135.215,1.305,,,,,,,,,,,,,,,,,,,,,,,,,,,,,,,,,,,,,,,,,,,,
135.334,134.327,000000,134.546,9.58,,,,,,,134.810,8.953125,134.997,208700100000,134.997,9,135.133,78,135.133,8,135.311,9.34,135.257,0.806,135.287,1.012,135.215,25.1,135.215,76.5,135.287,-48,135.215,50.2,135.257,9,135.257,1.113,135.287,0.547,135.257,827,135.257,0001,135.257,01,135.257,10,135.257,55.5,135.287,0,135.287,0.78,135.287,3.329,135.287,00,135.215,00,135.287,150,135.215,1.305,,,,,,,,,,,,,,,,,,,,,,,,,,,,,,,,,,,,,,,,,,,,
135.421,134.327,000000,134.546,9.58,,,,,,,134.810,8.953125,134.997,208700100000,134.997,9,135.133,78,135.133,8,135.311,9.34,135.375,1.012,135.287,1.012,135.375,25.200000000000003,135.375,76.5,135.287,-48,135.375,50.2,135.375,9,135.375,0.796,135.287,0.547,135.457,827,135.457,0001,135.457,01,135.257,10,135.407,55.5,135.287,0,135.287,0.78,135.407,3.326,135.407,00,135.375,00,135.287,150,135.375,1.304,,,,,,,,,,,,,,,,,,,,,,,,,,,,,,,,,,,,,,,,,,,,
135.522,134.327,000000,134.546,9.58,,,,,,,135.530,9.5,135.557,208700100000,135.557,9,135.573,78,135.573,9,135.311,9.34,135.515,1.012,135.487,1.0130000000000001,135.515,25.1,135.515,76.5,135.487,-48,135.515,50.2,135.515,10,135.375,0.796,135.487,0.391,135.515,808,135.515,0001,135.515,01,135.487,10,135.407,55.5,135.487,0,135.487,0.78,135.407,3.326,135.407,00,135.375,00,135.487,150,135.375,1.304,,,,,,,,,,,,,,,,,,,,,,,,,,,,,,,,,,,,,,,,,,,,
135.621,135.667,000000,134.546,9.58,,,,,,,135.530,9.5,135.557,208700100000,135.557,9,135.573,78,135.573,9,135.311,9.34,135.635,1.012,135.607,1.0150000000000001,135.635,25.1,135.635,76.5,135.635,-48,135.635,50.2,135.635,9,135.607,0.796,135.487,0.391,135.607,791,135.635,0001,135.635,01,135.487,10,135.607,55.5,135.487,0,135.487,0.78,135.607,3.3280000000000003,135.607,00,135.607,00,135.487,150,135.607,1.302,,,,,,,,,,,,,,,,,,,,,,,,,,,,,,,,,,,,,,,,,,,,
135.734,135.667,000000,135.746,9.21,,,,,,,135.530,9.5,135.557,208700100000,135.557,9,135.573,78,135.573,9,135.311,9.34,135.727,1.012,135.695,1.016,135.727,25.1,135.727,76.5,135.635,-48,135.727,50.2,135.635,9,135.607,0.796,135.695,0.386,135.727,789,135.727,0001,135.727,01,135.695,10,135.695,55.5,135.695,0,135.695,0.78,135.695,3.33,135.727,00,135.607,00,135.695,150,135.607,1.302,,,,,,,,,,,,,,,,,,,,,,,,,,,,,,,,,,,,,,,,,,,,
135.821,135.667,000000,135.746,9.21,,,,,,,135.530,9.5,135.557,208700100000,135.557,9,135.573,78,135.573,9,135.311,9.34,135.837,1.012,135.795,1.016,135.837,25.1,135.837,76.5,135.795,-48,135.837,50.2,135.795,9,135.881,0.796,135.837,0.386,135.837,782,135.837,0001,135.837,01,135.881,10,135.795,55.5,135.881,0,135.881,0.78,135.795,3.3280000000000003,135.727,00,135.881,00,135.881,150,135.881,1.299,,,,,,,,,,,,,,,,,,,,,,,,,,,,,,,,,,,,,,,,,,,,
135.932,135.667,000000,135.746,9.21,,,,,,,135.530,9.5,135.557,208700100000,135.557,9,135.573,78,135.573,9,135.311,9.34,135.837,1.012,135.947,1.0170000000000001,135.947,25.1,135.947,76.5,135.795,-48,135.947,50.2,135.795,9,135.881,0.796,135.837,0.386,135.837,782,135.837,0001,135.837,01,135.881,10,135.917,55.5,135.881,0,135.881,0.78,135.917,3.3280000000000003,135.917,00,135.881,00,135.881,150,135.881,1.299,,,,,,,,,,,,,,,,,,,,,,,,,,,,,,,,,,,,,,,,,,,,
136.027,135.667,000000,135.746,9.21,,,,,,,135.530,9.5,135.557,208700100000,135.557,9,135.573,78,135.573,9,135.311,9.34,136.056,1.012,136.027,1.0170000000000001,136.056,25.1,136.056,76.5,136.056,-48,136.056,50.2,136.056,9,136.027,0.796,136.056,0.386,136.027,834,136.027,0001,136.027,01,136.056,10,135.917,55.5,135.987,0,135.987,0.78,135.917,3.3280000000000003,136.027,00,136.027,00,135.987,150,136.027,1.299,,,,,,,,,,,,,,,,,,,,,,,,,,,,,,,,,,,,,,,,,,,,
136.120,135.667,000000,135.746,9.21,,,,,,,135.530,9.5,135.557,208700100000,135.557,9,135.573,78,135.573,9,135.311,9.34,136.147,1.012,136.115,1.0170000000000001,136.147,25.1,136.147,76.5,136.147,-48,136.147,50.2,136.147,9,136.027,0.796,136.056,0.386,136.115,853,136.147,0001,136.147,01,136.056,10,136.115,55.5,136.115,0,136.115,0.78,136.115,3.329,136.115,00,136.027,00,136.115,150,136.027,1.299,,,,,,,,,,,,,,,,,,,,,,,,,,,,,,,,,,,,,,,,,,,,
136.222,135.667,000000,135.746,9.21,,,,,,,136.260,8.328125,135.557,208700100000,135.557,9,135.573,78,135.573,9,136.245,8.47,136.227,1.012,136.195,1.0170000000000001,136.227,25.1,136.227,76.5,136.147,-48,136.227,50.2,136.147,9,136.195,0.796,136.195,0.391,136.227,875,136.227,0001,136.227,01,136.195,10,136.195,55.5,136.115,0,136.115,0.78,136.195,3.329,136.227,00,136.195,00,136.115,150,136.195,1.299,,,,,,,,,,,,,,,,,,,,,,,,,,,,,,,,,,,,,,,,,,,,
136.326,135.667,000000,135.746,9.21,,,,,,,136.260,8.328125,136.337,208700100000,136.337,8,135.573,78,135.573,9,136.245,8.47,136.373,1.012,136.287,1.0170000000000001,136.227,25.1,136.227,76.5,136.287,-48,136.227,50.2,136.287,8,136.195,0.796,136.287,0.386,136.227,875,136.227,0001,136.227,01,136.287,10,136.195,55.5,136.287,0,136.287,0.78,136.195,3.329,136.227,00,136.195,00,136.287,150,136.195,1.299,,,,,,,,,,,,,,,,,,,,,,,,,,,,,,,,,,,,,,,,,,,,
136.422,135.667,000000,135.746,9.21,,,,,,,136.260,8.328125,136.337,208700100000,136.337,8,135.573,78,135.573,9,136.245,8.47,136.477,1.012,136.477,1.0170000000000001,136.415,25.1,136.415,76.5,136.415,-48,136.415,50.2,136.415,8,136.373,0.796,136.415,0.386,136.373,904,136.373,0001,136.415,01,136.447,10,136.373,55.5,136.447,0,136.447,0.78,136.373,3.33,136.447,00,136.373,00,136.447,150,136.373,1.298,,,,,,,,,,,,,,,,,,,,,,,,,,,,,,,,,,,,,,,,,,,,
136.522,135.667,000000,135.746,9.21,,,,,,,136.260,8.328125,136.337,208700100000,136.337,8,136.581,78,136.581,7,136.245,8.47,136.557,1.012,136.522,1.0170000000000001,136.557,25.1,136.557,76.5,136.557,-48,136.557,50.2,136.557,7,136.522,0.796,136.557,0.386,136.522,903,136.522,0001,136.557,01,136.447,10,136.522,55.5,136.447,0,136.447,0.78,136.522,3.3280000000000003,136.447,00,136.522,00,136.447,150,136.522,1.298,,,,,,,,,,,,,,,,,,,,,,,,,,,,,,,,,,,,,,,,,,,,
136.621,135.667,000000,135.746,9.21,,,,,,,136.260,8.328125,136.337,208700100000,136.337,8,136.581,78,136.581,7,136.245,8.47,136.647,1.012,136.609,1.0170000000000001,136.647,25.1,136.647,76.5,136.557,-48,136.557,50.2,136.557,7,136.609,0.796,136.557,0.386,136.609,892,136.647,0001,136.557,01,136.609,10,136.647,55.5,136.609,0,136.609,0.78,136.647,3.33,136.609,00,136.647,00,136.609,150,136.647,1.296,,,,,,,,,,,,,,,,,,,,,,,,,,,,,,,,,,,,,,,,,,,,
136.720,135.667,000000,135.746,9.21,,,,,,,136.770,7.09375,136.337,208700100000,136.337,8,136.581,78,136.581,7,136.755,7.1000000000000005,136.735,1.012,136.695,1.016,136.647,25.1,136.647,76.5,136.695,-48,136.695,50.2,136.695,7,136.735,0.796,136.695,0.386,136.735,843,136.735,0001,136.695,01,136.695,10,136.735,55.5,136.695,0,136.735,0.78,136.647,3.33,136.735,00,136.647,00,136.735,150,136.647,1.296,,,,,,,,,,,,,,,,,,,,,,,,,,,,,,,,,,,,,,,,,,,,
136.821,135.667,000000,135.746,9.21,,,,,,,136.770,7.09375,136.337,208700100000,136.337,8,136.581,78,136.581,7,136.755,7.1000000000000005,136.848,1.012,136.808,1.0150000000000001,136.876,25.1,136.876,76.5,136.876,-48,136.876,51,136.876,7,136.848,0.84,136.876,0.41000000000000003,136.848,812,136.848,0001,136.876,01,136.808,10,136.848,55.5,136.808,0,136.848,0.78,136.808,3.326,136.848,00,136.808,00,136.848,150,136.808,1.295,,,,,,,,,,,,,,,,,,,,,,,,,,,,,,,,,,,,,,,,,,,,
136.924,135.667,000000,135.746,9.21,,,,,,,136.770,7.09375,136.897,208700100000,136.897,7,136.581,78,136.581,7,136.755,7.1000000000000005,136.848,1.012,136.957,1.0130000000000001,136.876,25.1,136.876,76.5,136.876,-48,136.876,51,136.876,7,136.957,0.854,136.876,0.41000000000000003,136.957,784,136.957,0001,136.876,01,136.957,10,136.957,55.5,136.957,0,136.848,0.78,136.987,3.3280000000000003,136.848,00,136.808,00,136.848,150,136.808,1.295,,,,,,,,,,,,,,,,,,,,,,,,,,,,,,,,,,,,,,,,,,,,
137.028,135.667,000000,135.746,9.21,,,,,,,136.770,7.09375,136.897,208700100000,136.897,7,137.033,78,137.033,6,136.755,7.1000000000000005,137.070,1.012,137.017,1.0130000000000001,136.987,25.1,136.987,76.5,136.987,-48,136.987,51,137.017,7,137.017,0.884,137.017,0.43,136.957,784,136.957,0001,137.017,01,136.957,10,136.957,55.5,136.957,0,137.017,0.78,136.987,3.3280000000000003,137.017,00,136.987,00,137.017,150,136.987,1.295,,,,,,,,,,,,,,,,,,,,,,,,,,,,,,,,,,,,,,,,,,,,
137.120,137.090,000000,137.177,6.34,,,,,,,136.770,7.09375,136.897,208700100000,136.897,7,137.033,78,137.033,6,136.755,7.1000000000000005,137.157,1.012,137.117,1.0130000000000001,137.070,25.1,137.117,76.5,137.117,-48,137.117,51,137.017,7,137.157,0.903,137.017,0.43,137.157,733,137.157,0001,137.017,01,137.117,10,137.157,55.5,137.157,0,137.117,0.78,137.157,3.326,137.117,00,137.157,00,137.117,150,137.070,1.294,,,,,,,,,,,,,,,,,,,,,,,,,,,,,,,,,,,,,,,,,,,,
137.221,137.090,000000,137.177,6.34,,,,,,,136.770,7.09375,136.897,208700100000,136.897,7,137.033,78,137.033,6,136.755,7.1000000000000005,137.247,0.806,137.209,1.0130000000000001,137.209,25.200000000000003,137.117,76.5,137.117,-48,137.117,51,137.209,6,137.247,0.977,137.209,0.449,137.247,724,137.247,0001,137.209,01,137.247,10,137.247,55.5,137.247,0,137.209,0.78,137.157,3.326,137.209,00,137.157,00,137.247,150,137.209,1.293,,,,,,,,,,,,,,,,,,,,,,,,,,,,,,,,,,,,,,,,,,,,
137.322,137.090,000000,137.177,6.34,,,,,,,136.770,7.09375,136.897,208700100000,136.897,7,137.033,78,137.033,6,136.755,7.1000000000000005,137.247,0.806,137.295,1.012,137.209,25.200000000000003,137.295,76.5,137.295,-48,137.117,51,137.295,6,137.247,0.977,137.295,0.527,137.247,724,137.247,0001,137.295,01,137.247,10,137.247,55.5,137.247,0,137.209,0.78,137.295,3.3280000000000003,137.209,00,137.295,00,137.247,150,137.209,1.293,,,,,,,,,,,,,,,,,,,,,,,,,,,,,,,,,,,,,,,,,,,,
137.421,137.090,000000,137.177,6.34,,,,,,,136.770,7.09375,136.897,208700100000,136.897,7,137.033,78,137.033,6,136.755,7.1000000000000005,137.395,0.806,137.295,1.012,137.435,25.1,137.470,76.5,137.470,-48,137.395,51,137.435,6,137.395,1.035,137.435,0.508,137.435,717,137.435,0001,137.470,01,137.395,10,137.435,55.5,137.395,0,137.395,0.78,137.295,3.3280000000000003,137.395,00,137.295,00,137.395,150,137.435,1.29,,,,,,,,,,,,,,,,,,,,,,,,,,,,,,,,,,,,,,,,,,,,
137.521,137.090,000000,137.177,6.34,,,,,,,137.570,6.015625,136.897,208700100000,136.897,7,137.033,78,137.033,6,137.555,6.0200000000000005,137.535,0.806,137.509,1.0130000000000001,137.435,25.1,137.470,76.5,137.470,-48,137.535,51,137.435,6,137.535,1.03,137.435,0.508,137.435,717,137.435,0001,137.470,01,137.535,10,137.435,55.5,137.535,0,137.535,0.78,137.509,3.3280000000000003,137.535,00,137.509,00,137.535,150,137.435,1.29,,,,,,,,,,,,,,,,,,,,,,,,,,,,,,,,,,,,,,,,,,,,
137.621,137.090,000000,137.177,6.34,,,,,,,137.570,6.015625,137.612,208700100000,137.612,6,137.033,78,137.033,6,137.555,6.0200000000000005,137.535,0.806,137.647,1.012,137.647,25.1,137.470,76.5,137.470,-48,137.535,51,137.647,6,137.535,1.03,137.647,0.508,137.647,791,137.647,0001,137.470,01,137.535,10,137.647,55.5,137.535,0,137.535,0.78,137.509,3.3280000000000003,137.535,00,137.509,00,137.535,150,137.647,1.289,,,,,,,,,,,,,,,,,,,,,,,,,,,,,,,,,,,,,,,,,,,,
137.722,137.090,000000,137.177,6.34,,,,,,,137.570,6.015625,137.612,208700100000,137.612,6,137.752,78,137.752,5,137.555,6.0200000000000005,137.735,0.806,137.707,1.0130000000000001,137.735,25.200000000000003,137.675,77.2,137.675,-48,137.707,51,137.735,6,137.707,1.035,137.735,0.508,137.735,838,137.735,0001,137.675,01,137.735,10,137.647,55.5,137.735,0,137.707,0.78,137.707,3.33,137.707,00,137.707,00,137.707,150,137.647,1.289,,,,,,,,,,,,,,,,,,,,,,,,,,,,,,,,,,,,,,,,,,,,
137.822,137.090,000000,137.177,6.34,,,,,,,137.570,6.015625,137.612,208700100000,137.612,6,137.752,78,137.752,5,137.555,6.0200000000000005,137.735,0.806,137.827,1.0130000000000001,137.735,25.200000000000003,137.827,77.2,137.827,-48,137.827,51,137.735,6,137.827,1.0110000000000001,137.735,0.508,137.735,838,137.735,0001,137.827,01,137.735,10,137.827,55.5,137.735,0,137.707,0.78,137.707,3.33,137.707,00,137.707,00,137.707,150,137.827,1.288,,,,,,,,,,,,,,,,,,,,,,,,,,,,,,,,,,,,,,,,,,,,
137.921,137.090,000000,137.177,6.34,,,,,,,137.570,6.015625,137.612,208700100000,137.612,6,137.752,78,137.752,5,137.555,6.0200000000000005,137.872,0.806,137.975,1.0130000000000001,137.935,25.1,137.975,77.2,137.975,-48,137.975,51,137.935,6,137.975,1.0110000000000001,137.935,0.498,137.935,850,137.935,0001,137.975,01,137.975,10,137.935,55.5,137.872,0,137.872,0.78,137.872,3.3280000000000003,137.872,00,137.872,00,137.872,150,137.975,1.288,,,,,,,,,,,,,,,,,,,,,,,,,,,,,,,,,,,,,,,,,,,,
138.022,137.090,000000,137.177,6.34,,,,,,,138.080,6.515625,137.612,208700100000,137.612,6,137.752,78,137.752,5,138.066,6.3,138.017,0.806,138.047,1.0130000000000001,138.047,25.1,138.017,77.2,138.047,-48,138.047,51,138.047,6,138.047,1.0210000000000001,137.935,0.498,137.935,850,137.935,0001,138.047,01,138.047,10,137.935,55.5,138.017,0,138.017,0.78,138.017,3.329,138.017,00,138.017,00,138.017,150,137.975,1.288,,,,,,,,,,,,,,,,,,,,,,,,,,,,,,,,,,,,,,,,,,,,
138.122,137.090,000000,137.177,6.34,,,,,,,138.080,6.515625,138.172,208700100000,137.612,6,137.752,78,137.752,5,138.066,6.3,138.146,0.806,138.109,1.0130000000000001,138.047,25.1,138.109,77.2,138.109,-48,138.146,51,138.047,6,138.146,0.981,138.109,0.498,138.109,821,138.109,0001,138.146,01,138.146,10,138.109,55.5,138.146,0,138.146,0.78,138.146,3.3280000000000003,138.017,00,138.017,00,138.017,150,138.109,1.287,,,,,,,,,,,,,,,,,,,,,,,,,,,,,,,,,,,,,,,,,,,,
138.221,138.277,000000,137.177,6.34,,,,,,,138.080,6.515625,138.172,208700100000,138.172,7,137.752,78,137.752,5,138.066,6.3,138.256,0.806,138.207,1.0130000000000001,138.207,25.1,138.256,77.2,138.256,-48,138.256,51,138.207,7,138.146,0.981,138.207,0.47900000000000004,138.207,818,138.256,0001,138.256,01,138.146,10,138.256,55.5,138.146,0,138.146,0.78,138.146,3.3280000000000003,138.207,00,138.207,00,138.207,150,138.256,1.285,,,,,,,,,,,,,,,,,,,,,,,,,,,,,,,,,,,,,,,,,,,,
138.331,138.277,000000,137.177,6.34,,,,,,,138.080,6.515625,138.172,208700100000,138.172,7,137.752,78,137.752,5,138.066,6.3,138.346,0.806,138.307,1.0130000000000001,138.346,25.1,138.409,77.2,138.376,-48,138.376,51,138.346,6,138.307,1.04,138.346,0.513,138.346,812,138.346,0001,138.376,01,138.307,10,138.346,55.5,138.307,0,138.307,0.78,138.307,3.329,138.307,00,138.307,00,138.346,150,138.376,1.285,,,,,,,,,,,,,,,,,,,,,,,,,,,,,,,,,,,,,,,,,,,,
138.428,138.277,000000,138.470,6.21,,,,,,,138.080,6.515625,138.172,208700100000,138.172,7,137.752,78,137.752,5,138.066,6.3,138.444,0.806,138.444,1.0130000000000001,138.346,25.1,138.409,77.2,138.444,-48,138.444,51,138.346,6,138.444,1.03,138.346,0.513,138.346,812,138.346,0001,138.444,01,138.444,10,138.346,55.5,138.444,0,138.307,0.78,138.307,3.329,138.307,00,138.307,00,138.346,150,138.376,1.285,,,,,,,,,,,,,,,,,,,,,,,,,,,,,,,,,,,,,,,,,,,,
138.521,138.277,000000,138.470,6.21,,,,,,,138.080,6.515625,138.172,208700100000,138.172,7,137.752,78,137.752,5,138.066,6.3,138.546,0.806,138.515,1.0130000000000001,138.515,25.1,138.546,77.2,138.546,-48,138.444,51,138.515,7,138.444,1.03,138.515,0.503,138.546,810,138.546,0001,138.444,01,138.444,10,138.546,55.5,138.444,0,138.515,0.78,138.515,3.3280000000000003,138.515,00,138.515,00,138.546,150,138.546,1.284,,,,,,,,,,,,,,,,,,,,,,,,,,,,,,,,,,,,,,,,,,,,
138.621,138.277,000000,138.470,6.21,,,,,,,138.080,6.515625,138.172,208700100000,138.172,7,137.752,78,137.752,5,138.066,6.3,138.656,0.806,138.617,1.0130000000000001,138.617,25.200000000000003,138.656,77.2,138.546,-48,138.617,51,138.617,7,138.617,1.0010000000000001,138.656,0.488,138.656,810,138.656,0001,138.617,01,138.617,10,138.656,55.5,138.617,0,138.515,0.78,138.515,3.3280000000000003,138.515,00,138.515,00,138.656,150,138.656,1.284,,,,,,,,,,,,,,,,,,,,,,,,,,,,,,,,,,,,,,,,,,,,
138.721,138.277,000000,138.470,6.21,,,,,,,138.080,6.515625,138.172,208700100000,138.172,7,138.672,78,138.672,6,138.771,7.29,138.747,0.806,138.715,1.0130000000000001,138.715,25.1,138.747,77.2,138.715,-48,138.617,51,138.715,7,138.617,1.0010000000000001,138.747,0.47900000000000004,138.747,806,138.747,0001,138.617,01,138.617,10,138.747,55.5,138.617,0,138.715,0.78,138.715,3.3280000000000003,138.715,00,138.715,00,138.747,150,138.747,1.284,,,,,,,,,,,,,,,,,,,,,,,,,,,,,,,,,,,,,,,,,,,,
138.821,138.277,000000,138.470,6.21,,,,,,,138.785,7.296875,138.172,208700100000,138.172,7,138.672,78,138.672,6,138.771,7.29,138.846,0.806,138.815,1.0130000000000001,138.846,25.200000000000003,138.747,77.2,138.715,-48,138.815,51,138.846,7,138.815,0.981,138.846,0.483,138.846,793,138.846,0001,138.815,01,138.815,10,138.747,55.5,138.815,0,138.815,0.78,138.815,3.3280000000000003,138.846,00,138.846,00,138.747,150,138.747,1.284,,,,,,,,,,,,,,,,,,,,,,,,,,,,,,,,,,,,,,,,,,,,
138.922,138.277,000000,138.470,6.21,,,,,,,138.785,7.296875,138.172,208700100000,138.172,7,138.672,78,138.672,6,138.771,7.29,138.846,0.806,138.971,1.0130000000000001,138.846,25.200000000000003,138.971,77.2,138.895,-48,138.895,51,138.846,7,138.895,0.981,138.846,0.483,138.846,793,138.846,0001,138.935,01,138.935,10,138.895,55.5,138.935,0,138.935,0.78,138.935,3.326,138.846,00,138.846,00,138.895,150,138.895,1.282,,,,,,,,,,,,,,,,,,,,,,,,,,,,,,,,,,,,,,,,,,,,
139.025,138.277,000000,138.470,6.21,,,,,,,138.785,7.296875,138.172,208700100000,138.172,7,138.672,78,138.672,6,138.771,7.29,139.009,0.806,139.037,1.0130000000000001,139.009,25.200000000000003,139.037,77.2,139.009,-48,139.080,51,139.009,7,139.009,1.045,139.009,0.513,139.009,803,139.037,0001,138.935,01,138.935,10,139.037,55.5,138.935,0,138.935,0.78,138.935,3.326,139.037,00,139.037,00,139.037,150,139.037,1.282,,,,,,,,,,,,,,,,,,,,,,,,,,,,,,,,,,,,,,,,,,,,
139.122,138.277,000000,138.470,6.21,,,,,,,138.785,7.296875,139.167,208700100000,139.167,7,138.672,78,138.672,6,138.771,7.29,139.146,0.806,139.117,1.0130000000000001,139.117,25.1,139.146,77.2,139.146,-48,139.146,51,139.117,7,139.146,1.04,139.117,0.513,139.117,816,139.117,0001,139.080,01,139.080,10,139.146,55.5,139.080,0,139.080,0.78,139.080,3.33,139.117,00,139.117,00,139.146,150,139.146,1.282,,,,,,,,,,,,,,,,,,,,,,,,,,,,,,,,,,,,,,,,,,,,
139.233,138.277,000000,138.470,6.21,,,,,,,138.785,7.296875,139.167,208700100000,139.167,7,138.672,78,138.672,6,138.771,7.29,139.146,0.806,139.227,1.0130000000000001,139.227,25.1,139.146,77.2,139.146,-48,139.146,51,139.227,7,139.146,1.04,139.117,0.513,139.117,816,139.117,0001,139.227,01,139.227,10,139.146,55.5,139.227,0,139.227,0.78,139.227,3.329,139.117,00,139.117,00,139.146,150,139.146,1.282,,,,,,,,,,,,,,,,,,,,,,,,,,,,,,,,,,,,,,,,,,,,
139.324,138.277,000000,138.470,6.21,,,,,,,138.785,7.296875,139.167,208700100000,139.167,7,139.300,78,139.300,7,138.771,7.29,139.270,0.806,139.326,1.0130000000000001,139.326,25.200000000000003,139.326,77.2,139.326,-48,139.326,51,139.326,7,139.326,0.981,139.270,0.47900000000000004,139.270,813,139.270,0001,139.227,01,139.227,10,139.372,55.5,139.227,0,139.227,0.78,139.227,3.329,139.270,00,139.270,00,139.270,150,139.326,1.281,,,,,,,,,,,,,,,,,,,,,,,,,,,,,,,,,,,,,,,,,,,,
139.424,138.277,000000,138.470,6.21,,,,,,,138.785,7.296875,139.167,208700100000,139.167,7,139.300,78,139.300,7,138.771,7.29,139.372,0.806,139.446,1.0130000000000001,139.446,25.1,139.326,77.2,139.326,-48,139.326,51,139.446,7,139.326,0.981,139.446,0.47400000000000003,139.446,782,139.446,0001,139.407,01,139.407,10,139.475,55.5,139.407,0,139.446,0.78,139.446,3.329,139.270,00,139.270,00,139.372,150,139.326,1.281,,,,,,,,,,,,,,,,,,,,,,,,,,,,,,,,,,,,,,,,,,,,
139.530,138.277,000000,138.470,6.21,,,,,,,138.785,7.296875,139.167,208700100000,139.167,7,139.300,78,139.300,7,139.504,7.44,139.570,0.806,139.535,1.0130000000000001,139.535,25.1,139.570,77.2,139.570,-48,139.570,51,139.535,8,139.535,0.962,139.570,0.47400000000000003,139.570,774,139.570,0001,139.570,01,139.535,10,139.475,55.5,139.535,0,139.446,0.78,139.446,3.329,139.475,00,139.475,00,139.475,150,139.535,1.278,,,,,,,,,,,,,,,,,,,,,,,,,,,,,,,,,,,,,,,,,,,,
139.625,139.636,000000,138.470,6.21,,,,,,,139.591,8.0625,139.167,208700100000,139.167,7,139.300,78,139.300,7,139.504,7.44,139.671,0.806,139.616,1.0130000000000001,139.616,25.1,139.570,77.2,139.570,-48,139.570,51,139.616,8,139.535,0.962,139.570,0.47400000000000003,139.570,774,139.570,0001,139.570,01,139.616,10,139.616,55.5,139.616,0,139.616,0.78,139.616,3.3280000000000003,139.475,00,139.475,00,139.475,150,139.535,1.278,,,,,,,,,,,,,,,,,,,,,,,,,,,,,,,,,,,,,,,,,,,,
139.721,139.636,000000,139.766,8.25,,,,,,,139.591,8.0625,139.167,208700100000,139.167,7,139.300,78,139.300,7,139.504,7.44,139.747,0.806,139.716,1.0130000000000001,139.716,25.1,139.671,77.2,139.671,-48,139.671,51,139.747,9,139.671,1.0010000000000001,139.747,0.503,139.747,767,139.747,0001,139.716,01,139.716,10,139.747,55.5,139.716,0,139.716,0.78,139.716,3.3280000000000003,139.747,00,139.747,00,139.671,150,139.716,1.278,,,,,,,,,,,,,,,,,,,,,,,,,,,,,,,,,,,,,,,,,,,,
139.822,139.636,000000,139.766,8.25,,,,,,,139.591,8.0625,139.167,208700100000,139.167,7,139.300,78,139.300,7,139.504,7.44,139.848,0.806,139.815,1.0130000000000001,139.848,25.1,139.815,77.2,139.815,-48,139.815,51,139.848,9,139.815,1.069,139.848,0.518,139.877,795,139.877,0001,139.815,01,139.848,10,139.877,55.5,139.848,0,139.848,0.78,139.848,3.3280000000000003,139.877,00,139.877,00,139.815,150,139.815,1.278,,,,,,,,,,,,,,,,,,,,,,,,,,,,,,,,,,,,,,,,,,,,
139.921,139.636,000000,139.766,8.25,,,,,,,139.591,8.0625,139.167,208700100000,139.167,7,139.300,78,139.300,7,139.504,7.44,139.848,0.806,139.815,1.0130000000000001,139.848,25.1,139.956,77.2,139.956,-48,139.956,51,139.848,9,139.815,1.069,139.848,0.518,139.877,795,139.877,0001,139.815,01,139.848,10,139.877,55.5,139.848,0,139.848,0.78,139.848,3.3280000000000003,139.877,00,139.877,00,139.815,150,139.815,1.278,,,,,,,,,,,,,,,,,,,,,,,,,,,,,,,,,,,,,,,,,,,,
140.021,139.636,000000,139.766,8.25,,,,,,,139.591,8.0625,140.069,208700100000,140.069,9,139.300,78,139.300,7,139.504,7.44,140.047,0.806,140.016,1.0130000000000001,140.016,25.200000000000003,140.047,77.2,139.956,-48,139.956,51,140.016,9,139.987,1.064,139.987,0.522,140.047,844,140.047,0001,139.987,01,140.016,10,140.047,55.5,140.016,0,140.016,0.78,140.016,3.325,140.047,00,140.047,00,140.047,150,139.987,1.276,,,,,,,,,,,,,,,,,,,,,,,,,,,,,,,,,,,,,,,,,,,,
140.121,139.636,000000,139.766,8.25,,,,,,,139.591,8.0625,140.069,208700100000,140.069,9,140.092,79,140.092,9,139.504,7.44,140.176,0.806,140.140,1.0130000000000001,140.140,25.200000000000003,140.047,77.2,140.140,-48,140.140,51,140.140,9,140.176,1.123,139.987,0.522,140.176,860,140.176,0001,139.987,01,140.140,10,140.176,55.5,140.140,0,140.140,0.78,140.176,3.326,140.176,00,140.176,00,140.047,150,139.987,1.276,,,,,,,,,,,,,,,,,,,,,,,,,,,,,,,,,,,,,,,,,,,,
140.230,139.636,000000,139.766,8.25,,,,,,,140.270,8.671875,140.069,208700100000,140.069,9,140.092,79,140.092,9,140.255,8.8,140.237,0.806,140.208,1.0110000000000001,140.237,25.1,140.208,77.2,140.208,-48,140.208,51,140.237,9,140.176,1.123,140.208,0.557,140.237,866,140.237,0001,140.208,01,140.237,10,140.176,55.5,140.237,0,140.237,0.78,140.176,3.326,140.176,00,140.176,00,140.208,150,140.208,1.274,,,,,,,,,,,,,,,,,,,,,,,,,,,,,,,,,,,,,,,,,,,,
140.321,139.636,000000,139.766,8.25,,,,,,,140.270,8.671875,140.069,208700100000,140.069,9,140.092,79,140.092,9,140.255,8.8,140.371,0.806,140.317,1.012,140.371,25.1,140.317,77.2,140.317,-48,140.371,51,140.371,9,140.317,1.118,140.208,0.557,140.237,866,140.237,0001,140.208,01,140.371,10,140.317,55.5,140.371,0,140.371,0.78,140.371,3.329,140.317,00,140.317,00,140.317,150,140.208,1.274,,,,,,,,,,,,,,,,,,,,,,,,,,,,,,,,,,,,,,,,,,,,
140.433,139.636,000000,139.766,8.25,,,,,,,140.270,8.671875,140.069,208700100000,140.069,9,140.092,79,140.092,9,140.255,8.8,140.471,0.806,140.471,1.0130000000000001,140.371,25.1,140.437,77.2,140.471,-48,140.371,51,140.371,9,140.471,1.079,140.471,0.532,140.407,875,140.407,0001,140.471,01,140.371,10,140.317,55.5,140.371,0,140.371,0.78,140.471,3.3280000000000003,140.317,00,140.317,00,140.317,150,140.471,1.2730000000000001,,,,,,,,,,,,,,,,,,,,,,,,,,,,,,,,,,,,,,,,,,,,
140.527,139.636,000000,139.766,8.25,,,,,,,140.270,8.671875,140.566,208700100000,140.566,9,140.583,79,140.092,9,140.255,8.8,140.536,0.806,140.509,1.0130000000000001,140.509,25.1,140.509,77.2,140.471,-48,140.509,51,140.536,9,140.471,1.079,140.471,0.532,140.536,868,140.536,0001,140.471,01,140.536,10,140.509,55.5,140.536,0,140.536,0.78,140.536,3.3280000000000003,140.509,00,140.509,00,140.509,150,140.471,1.2730000000000001,,,,,,,,,,,,,,,,,,,,,,,,,,,,,,,,,,,,,,,,,,,,
140.631,140.666,000000,140.686,9.540000000000001,,,,,,,140.270,8.671875,140.566,208700100000,140.566,9,140.583,79,140.583,9,140.255,8.8,140.647,0.806,140.616,1.0130000000000001,140.647,25.1,140.647,77.2,140.471,-48,140.647,51,140.647,9,140.616,1.055,140.616,0.518,140.536,868,140.536,0001,140.616,01,140.647,10,140.616,55.5,140.647,0,140.536,0.78,140.536,3.3280000000000003,140.616,00,140.616,00,140.647,150,140.616,1.2730000000000001,,,,,,,,,,,,,,,,,,,,,,,,,,,,,,,,,,,,,,,,,,,,
140.722,140.666,000000,140.686,9.540000000000001,,,,,,,140.270,8.671875,140.566,208700100000,140.566,9,140.583,79,140.583,9,140.255,8.8,140.748,0.806,140.717,1.0130000000000001,140.748,25.200000000000003,140.748,77.2,140.717,-48,140.748,51,140.748,9,140.717,1.025,140.616,0.518,140.717,861,140.717,0001,140.616,01,140.748,10,140.717,55.5,140.647,0,140.717,0.78,140.717,3.3280000000000003,140.748,00,140.748,00,140.647,150,140.616,1.2730000000000001,,,,,,,,,,,,,,,,,,,,,,,,,,,,,,,,,,,,,,,,,,,,
140.821,140.666,000000,140.686,9.540000000000001,,,,,,,140.270,8.671875,140.566,208700100000,140.566,9,140.583,79,140.583,9,140.255,8.8,140.847,0.806,140.809,1.0130000000000001,140.847,25.1,140.847,77.2,140.717,-48,140.847,51,140.847,9,140.809,1.089,140.847,0.532,140.717,861,140.717,0001,140.847,01,140.847,10,140.809,55.5,140.809,0,140.717,0.78,140.717,3.3280000000000003,140.748,00,140.748,00,140.809,150,140.809,1.272,,,,,,,,,,,,,,,,,,,,,,,,,,,,,,,,,,,,,,,,,,,,
140.922,140.666,000000,140.686,9.540000000000001,,,,,,,140.270,8.671875,140.566,208700100000,140.566,9,140.583,79,140.583,9,140.255,8.8,140.847,0.806,140.809,1.0130000000000001,140.847,25.1,140.847,77.2,140.887,-48,140.847,51,140.847,9,140.916,1.108,140.847,0.532,140.887,857,140.887,0001,140.847,01,140.847,10,140.916,55.5,140.809,0,140.887,0.78,140.887,3.3280000000000003,140.748,00,140.748,00,140.809,150,140.887,1.2730000000000001,,,,,,,,,,,,,,,,,,,,,,,,,,,,,,,,,,,,,,,,,,,,
141.021,140.666,000000,140.686,9.540000000000001,,,,,,,140.270,8.671875,140.566,208700100000,140.566,9,140.583,79,140.583,9,141.075,9.98,141.035,0.806,141.035,1.0130000000000001,140.990,25.200000000000003,140.990,77.2,140.887,-48,140.990,51,141.035,10,140.916,1.108,141.035,0.547,140.887,857,140.887,0001,141.035,01,141.035,10,140.916,55.5,141.035,0,140.887,0.78,140.887,3.3280000000000003,140.990,00,140.990,00,140.990,150,141.035,1.27,,,,,,,,,,,,,,,,,,,,,,,,,,,,,,,,,,,,,,,,,,,,
141.122,140.666,000000,140.686,9.540000000000001,,,,,,,141.091,9.984375,140.566,208700100000,140.566,9,140.583,79,140.583,9,141.075,9.98,141.116,0.806,141.147,1.0130000000000001,141.147,25.200000000000003,141.147,77.2,141.116,-48,141.147,51.7,141.147,10,141.116,1.113,141.035,0.547,141.116,885,141.116,0001,141.035,01,141.035,10,141.116,55.5,141.035,0,141.116,0.78,141.116,3.3280000000000003,141.147,00,141.147,00,141.147,150,141.035,1.27,,,,,,,,,,,,,,,,,,,,,,,,,,,,,,,,,,,,,,,,,,,,
141.221,140.666,000000,140.686,9.540000000000001,,,,,,,141.091,9.984375,141.172,208700100000,141.172,10,141.203,79,141.203,10,141.075,9.98,141.247,0.806,141.276,1.0130000000000001,141.247,25.1,141.247,77.2,141.276,-48,141.276,51.7,141.276,10,141.276,1.099,141.247,0.542,141.116,885,141.116,0001,141.247,01,141.247,10,141.116,55.5,141.247,0,141.116,0.78,141.116,3.3280000000000003,141.276,00,141.276,00,141.276,150,141.247,1.27,,,,,,,,,,,,,,,,,,,,,,,,,,,,,,,,,,,,,,,,,,,,
141.322,140.666,000000,140.686,9.540000000000001,,,,,,,141.091,9.984375,141.172,208700100000,141.172,10,141.203,79,141.203,10,141.075,9.98,141.349,0.806,141.349,1.0130000000000001,141.316,25.1,141.316,77.2,141.349,-48,141.276,51.7,141.349,10,141.349,1.123,141.377,0.5660000000000001,141.316,917,141.316,0001,141.377,01,141.247,10,141.316,55.5,141.247,0,141.316,0.78,141.316,3.329,141.276,00,141.276,00,141.276,150,141.247,1.27,,,,,,,,,,,,,,,,,,,,,,,,,,,,,,,,,,,,,,,,,,,,
141.424,140.666,000000,140.686,9.540000000000001,,,,,,,141.091,9.984375,141.172,208700100000,141.172,10,141.203,79,141.203,10,141.075,9.98,141.436,0.806,141.349,1.0130000000000001,141.436,25.1,141.436,77.2,141.349,-48,141.436,51.7,141.471,10,141.349,1.123,141.377,0.5660000000000001,141.316,917,141.316,0001,141.377,01,141.436,10,141.316,55.5,141.436,0,141.316,0.78,141.316,3.329,141.436,00,141.276,00,141.276,150,141.436,1.268,,,,,,,,,,,,,,,,,,,,,,,,,,,,,,,,,,,,,,,,,,,,
141.520,140.666,000000,140.686,9.540000000000001,,,,,,,141.591,10.0625,141.172,208700100000,141.172,10,141.203,79,141.203,10,141.500,10.23,141.536,0.806,141.570,1.0130000000000001,141.536,25.200000000000003,141.536,77.2,141.570,-48,141.570,51.7,141.471,10,141.471,1.157,141.536,0.562,141.471,937,141.471,0001,141.536,01,141.436,10,141.536,55.5,141.436,0,141.536,0.78,141.536,3.326,141.570,00,141.570,00,141.570,150,141.436,1.268,,,,,,,,,,,,,,,,,,,,,,,,,,,,,,,,,,,,,,,,,,,,
141.631,140.666,000000,140.686,9.540000000000001,,,,,,,141.591,10.0625,141.172,208700100000,141.172,10,141.203,79,141.203,10,141.500,10.23,141.626,0.806,141.656,1.0130000000000001,141.656,25.1,141.656,77.2,141.656,-48,141.656,51.7,141.570,10,141.570,1.123,141.626,0.537,141.626,932,141.626,0001,141.626,01,141.626,10,141.536,55.5,141.626,0,141.536,0.78,141.536,3.326,141.656,00,141.656,00,141.656,150,141.626,1.268,,,,,,,,,,,,,,,,,,,,,,,,,,,,,,,,,,,,,,,,,,,,
141.727,140.666,000000,140.686,9.540000000000001,,,,,,,141.591,10.0625,141.682,208700100000,141.682,10,141.711,79,141.711,10,141.500,10.23,141.747,0.806,141.656,1.0130000000000001,141.656,25.1,141.656,77.2,141.656,-48,141.656,51.7,141.570,10,141.570,1.123,141.626,0.537,141.626,932,141.626,0001,141.626,01,141.626,10,141.536,55.5,141.626,0,141.536,0.78,141.536,3.326,141.656,00,141.656,00,141.656,150,141.626,1.268,,,,,,,,,,,,,,,,,,,,,,,,,,,,,,,,,,,,,,,,,,,,
141.820,140.666,000000,140.686,9.540000000000001,,,,,,,141.591,10.0625,141.682,208700100000,141.682,10,141.711,79,141.711,10,141.500,10.23,141.747,0.806,141.776,1.0130000000000001,141.776,25.200000000000003,141.776,77.2,141.840,-48,141.840,51.7,141.747,10,141.747,1.094,141.776,0.537,141.747,928,141.747,0001,141.776,01,141.776,10,141.747,55.5,141.776,0,141.747,0.78,141.747,3.326,141.840,00,141.840,00,141.840,150,141.776,1.2670000000000001,,,,,,,,,,,,,,,,,,,,,,,,,,,,,,,,,,,,,,,,,,,,
141.922,140.666,000000,140.686,9.540000000000001,,,,,,,141.591,10.0625,141.682,208700100000,141.682,10,141.711,79,141.711,10,141.500,10.23,141.949,0.806,141.976,1.014,141.949,25.200000000000003,141.949,78,141.976,-48,141.976,51.7,141.976,11,141.976,1.016,141.949,0.498,141.909,920,141.909,0001,141.949,01,141.949,10,141.909,55.5,141.949,0,141.909,0.78,141.909,3.326,141.976,00,141.976,00,141.976,150,141.949,1.2650000000000001,,,,,,,,,,,,,,,,,,,,,,,,,,,,,,,,,,,,,,,,,,,,
142.021,141.996,000000,140.686,9.540000000000001,,,,,,,141.591,10.0625,141.682,208700100000,141.682,10,141.711,79,141.711,10,141.500,10.23,142.027,0.806,141.976,1.014,142.027,25.1,142.027,78,141.976,-48,141.976,51.7,141.976,11,141.976,1.016,141.949,0.498,142.027,922,142.027,0001,141.949,01,141.949,10,142.027,55.5,141.949,0,142.027,0.78,142.027,3.3280000000000003,141.976,00,141.976,00,141.976,150,141.949,1.2650000000000001,,,,,,,,,,,,,,,,,,,,,,,,,,,,,,,,,,,,,,,,,,,,
142.122,141.996,000000,142.091,10.68,,,,,,,141.591,10.0625,141.682,208700100000,141.682,10,141.711,79,141.711,10,141.500,10.23,142.116,0.806,142.147,1.014,142.147,25.200000000000003,142.147,78,142.070,-48,142.070,51.7,142.116,11,142.116,0.9420000000000001,142.147,0.464,142.116,924,142.116,0001,142.147,01,142.070,10,142.147,55.5,142.070,0,142.147,0.78,142.147,3.326,142.116,00,142.116,00,142.116,150,142.070,1.2650000000000001,,,,,,,,,,,,,,,,,,,,,,,,,,,,,,,,,,,,,,,,,,,,
142.222,141.996,000000,142.091,10.68,,,,,,,141.591,10.0625,141.682,208700100000,141.682,10,141.711,79,141.711,10,141.500,10.23,142.237,0.806,142.275,1.014,142.275,25.1,142.275,78,142.237,-48,142.237,51.7,142.275,11,142.275,0.991,142.147,0.464,142.275,928,142.275,0001,142.147,01,142.237,10,142.147,55.5,142.237,0,142.147,0.78,142.147,3.326,142.237,00,142.237,00,142.275,150,142.237,1.2650000000000001,,,,,,,,,,,,,,,,,,,,,,,,,,,,,,,,,,,,,,,,,,,,
142.321,141.996,000000,142.091,10.68,,,,,,,141.591,10.0625,141.682,208700100000,141.682,10,141.711,79,141.711,10,141.500,10.23,142.356,0.806,142.356,1.0130000000000001,142.317,25.1,142.317,78,142.237,-48,142.237,51.7,142.275,11,142.275,0.991,142.317,0.503,142.275,928,142.275,0001,142.317,01,142.237,10,142.317,55.5,142.237,0,142.317,0.78,142.317,3.3280000000000003,142.237,00,142.237,00,142.275,150,142.237,1.2650000000000001,,,,,,,,,,,,,,,,,,,,,,,,,,,,,,,,,,,,,,,,,,,,
142.421,141.996,000000,142.091,10.68,,,,,,,141.591,10.0625,141.682,208700100000,141.682,10,141.711,79,141.711,10,142.406,10.790000000000001,142.436,0.806,142.481,1.0130000000000001,142.481,25.200000000000003,142.481,78,142.386,-48,142.386,51.7,142.436,11,142.436,1.05,142.481,0.557,142.481,940,142.481,0001,142.481,01,142.386,10,142.436,55.5,142.386,0,142.436,0.78,142.436,3.326,142.386,00,142.436,00,142.481,150,142.436,1.262,,,,,,,,,,,,,,,,,,,,,,,,,,,,,,,,,,,,,,,,,,,,
142.521,141.996,000000,142.091,10.68,,,,,,,142.500,10.546875,141.682,208700100000,141.682,10,141.711,79,141.711,10,142.406,10.790000000000001,142.528,0.806,142.570,1.0130000000000001,142.481,25.200000000000003,142.481,78,142.528,-48,142.528,51.7,142.570,10,142.570,1.074,142.481,0.557,142.570,955,142.570,0001,142.481,01,142.528,10,142.570,55.5,142.528,0,142.570,0.78,142.570,3.325,142.528,00,142.528,00,142.481,150,142.528,1.262,,,,,,,,,,,,,,,,,,,,,,,,,,,,,,,,,,,,,,,,,,,,
142.622,141.996,000000,142.091,10.68,,,,,,,142.500,10.546875,142.597,208700100000,142.597,10,142.688,79,141.711,10,142.406,10.790000000000001,142.626,0.806,142.656,1.0130000000000001,142.626,25.3,142.626,78,142.626,-48,142.626,51.7,142.656,11,142.656,1.05,142.626,0.518,142.570,955,142.570,0001,142.626,01,142.656,10,142.570,55.5,142.656,0,142.570,0.78,142.570,3.325,142.656,00,142.656,00,142.626,150,142.656,1.2610000000000001,,,,,,,,,,,,,,,,,,,,,,,,,,,,,,,,,,,,,,,,,,,,
142.720,141.996,000000,142.091,10.68,,,,,,,142.500,10.546875,142.597,208700100000,142.597,10,142.688,79,142.688,10,142.406,10.790000000000001,142.746,0.806,142.775,1.0130000000000001,142.775,25.200000000000003,142.775,78,142.746,-48,142.746,51.7,142.775,11,142.775,0.9470000000000001,142.775,0.464,142.746,911,142.746,0001,142.626,01,142.656,10,142.746,55.5,142.656,0,142.746,0.78,142.746,3.326,142.656,00,142.656,00,142.775,150,142.656,1.2610000000000001,,,,,,,,,,,,,,,,,,,,,,,,,,,,,,,,,,,,,,,,,,,,
142.831,141.996,000000,142.091,10.68,,,,,,,142.500,10.546875,142.597,208700100000,142.597,10,142.688,79,142.688,10,142.806,10.51,142.872,0.806,142.872,1.014,142.872,25.200000000000003,142.872,78,142.746,-48,142.746,51.7,142.775,11,142.775,0.9470000000000001,142.775,0.464,142.746,911,142.746,0001,142.775,01,142.837,10,142.837,55.5,142.837,0,142.837,0.78,142.872,3.326,142.837,00,142.837,00,142.775,150,142.837,1.2610000000000001,,,,,,,,,,,,,,,,,,,,,,,,,,,,,,,,,,,,,,,,,,,,
142.927,141.996,000000,142.091,10.68,,,,,,,142.500,10.546875,142.597,208700100000,142.597,10,142.688,79,142.688,10,142.806,10.51,142.872,0.806,142.872,1.014,142.872,25.200000000000003,142.872,78,142.946,-48,142.946,51.7,142.775,11,142.775,0.9470000000000001,142.916,0.46900000000000003,142.946,898,142.946,0001,142.916,01,142.946,10,142.989,55.5,142.946,0,142.837,0.78,142.872,3.326,142.946,00,142.837,00,142.916,150,142.837,1.2610000000000001,,,,,,,,,,,,,,,,,,,,,,,,,,,,,,,,,,,,,,,,,,,,
143.021,141.996,000000,142.091,10.68,,,,,,,143.060,10.875,143.087,208700100000,143.087,11,142.688,79,142.688,10,142.806,10.51,143.016,0.806,143.046,1.012,143.046,25.200000000000003,143.016,78,143.016,-48,143.016,51.7,142.989,11,142.989,1.0210000000000001,143.016,0.542,143.046,914,143.046,0001,143.016,01,143.046,10,142.989,55.5,143.046,0,142.989,0.78,143.046,3.326,143.046,00,142.989,00,143.016,150,142.989,1.262,,,,,,,,,,,,,,,,,,,,,,,,,,,,,,,,,,,,,,,,,,,,
143.121,143.116,000000,142.091,10.68,,,,,,,143.060,10.875,143.087,208700100000,143.087,11,142.688,79,142.688,10,142.806,10.51,143.156,0.806,143.046,1.012,143.046,25.200000000000003,143.156,78,143.156,-48,143.156,51.7,142.989,11,142.989,1.0210000000000001,143.156,0.605,143.156,927,143.046,0001,143.156,01,143.046,10,142.989,55.5,143.046,0,142.989,0.78,143.046,3.326,143.046,00,142.989,00,143.156,150,142.989,1.262,,,,,,,,,,,,,,,,,,,,,,,,,,,,,,,,,,,,,,,,,,,,
143.223,143.116,000000,142.091,10.68,,,,,,,143.060,10.875,143.087,208700100000,143.087,11,142.688,79,142.688,10,142.806,10.51,143.228,0.806,143.197,1.0130000000000001,143.228,25.200000000000003,143.156,78,143.228,-48,143.228,51.7,143.197,10,143.197,1.23,143.156,0.605,143.156,927,143.197,0001,143.156,01,143.197,10,143.228,55.5,143.197,0,143.228,0.78,143.197,3.326,143.197,00,143.228,00,143.257,150,143.228,1.26,,,,,,,,,,,,,,,,,,,,,,,,,,,,,,,,,,,,,,,,,,,,
143.321,143.116,000000,143.277,10.71,,,,,,,143.060,10.875,143.087,208700100000,143.087,11,142.688,79,142.688,10,142.806,10.51,143.375,0.806,143.375,1.0130000000000001,143.375,25.200000000000003,143.257,78,143.257,-48,143.257,51.7,143.347,11,143.347,1.157,143.257,0.605,143.257,980,143.347,0001,143.257,01,143.347,10,143.375,55.5,143.347,0,143.375,0.78,143.347,3.326,143.347,00,143.228,00,143.257,150,143.228,1.26,,,,,,,,,,,,,,,,,,,,,,,,,,,,,,,,,,,,,,,,,,,,
143.433,143.116,000000,143.277,10.71,,,,,,,143.060,10.875,143.087,208700100000,143.087,11,142.688,79,142.688,10,142.806,10.51,143.435,0.806,143.375,1.0130000000000001,143.375,25.200000000000003,143.435,78,143.435,-48,143.435,51.7,143.347,11,143.347,1.157,143.435,0.601,143.435,947,143.347,0001,143.435,01,143.347,10,143.375,55.5,143.347,0,143.375,0.78,143.347,3.326,143.347,00,143.407,00,143.435,150,143.407,1.26,,,,,,,,,,,,,,,,,,,,,,,,,,,,,,,,,,,,,,,,,,,,
143.525,143.116,000000,143.277,10.71,,,,,,,143.060,10.875,143.087,208700100000,143.087,11,142.688,79,142.688,10,142.806,10.51,143.571,0.806,143.470,1.012,143.375,25.200000000000003,143.435,78,143.435,-48,143.435,51.7,143.470,11,143.470,1.221,143.435,0.601,143.435,947,143.470,0001,143.435,01,143.470,10,143.375,55.5,143.470,0,143.375,0.78,143.470,3.326,143.470,00,143.407,00,143.435,150,143.407,1.26,,,,,,,,,,,,,,,,,,,,,,,,,,,,,,,,,,,,,,,,,,,,
143.621,143.116,000000,143.277,10.71,,,,,,,143.060,10.875,143.087,208700100000,143.087,11,143.671,80,143.671,11,143.686,11.5,143.648,0.806,143.648,1.012,143.648,25.1,143.571,78,143.616,-48,143.616,51.7,143.616,11,143.616,1.348,143.571,0.649,143.616,979,143.648,0001,143.616,01,143.648,10,143.571,55.5,143.648,0,143.571,0.78,143.648,3.3280000000000003,143.648,00,143.571,00,143.616,150,143.571,1.2590000000000001,,,,,,,,,,,,,,,,,,,,,,,,,,,,,,,,,,,,,,,,,,,,
143.721,143.116,000000,143.277,10.71,,,,,,,143.700,11.671875,143.087,208700100000,143.087,11,143.671,80,143.671,11,143.686,11.5,143.726,0.806,143.771,1.0130000000000001,143.771,25.200000000000003,143.726,78,143.726,-48,143.771,51.7,143.771,12,143.771,1.04,143.726,0.522,143.771,1055,143.648,0001,143.771,01,143.648,10,143.726,55.5,143.648,0,143.726,0.78,143.648,3.3280000000000003,143.648,00,143.726,00,143.771,150,143.726,1.2570000000000001,,,,,,,,,,,,,,,,,,,,,,,,,,,,,,,,,,,,,,,,,,,,
143.824,143.116,000000,143.277,10.71,,,,,,,143.700,11.671875,143.798,208700100000,143.798,12,143.671,80,143.671,11,143.686,11.5,143.726,0.806,143.771,1.0130000000000001,143.771,25.200000000000003,143.837,78,143.873,-48,143.771,51.7,143.771,12,143.771,1.04,143.837,0.522,143.771,1055,143.837,0001,143.771,01,143.648,10,143.837,55.5,143.648,0,143.837,0.78,143.648,3.3280000000000003,143.648,00,143.837,00,143.771,150,143.837,1.256,,,,,,,,,,,,,,,,,,,,,,,,,,,,,,,,,,,,,,,,,,,,
143.925,143.116,000000,143.277,10.71,,,,,,,143.700,11.671875,143.798,208700100000,143.798,12,143.671,80,143.671,11,143.686,11.5,143.909,0.806,143.909,1.0130000000000001,143.948,25.1,143.948,78,143.979,-48,143.873,51.7,143.873,12,143.909,1.1280000000000001,143.837,0.522,143.909,1047,143.837,0001,143.909,01,143.873,10,143.837,55.5,143.873,0,143.837,0.78,143.873,3.3240000000000003,143.873,00,143.837,00,143.909,150,143.837,1.256,,,,,,,,,,,,,,,,,,,,,,,,,,,,,,,,,,,,,,,,,,,,
144.030,143.116,000000,143.277,10.71,,,,,,,143.700,11.671875,143.798,208700100000,143.798,12,143.671,80,143.671,11,143.686,11.5,144.035,0.806,144.035,1.012,144.007,25.1,144.007,78,144.035,-48,144.007,51.7,144.007,12,144.035,1.162,143.979,0.5760000000000001,144.035,1058,143.979,0001,144.035,01,144.007,10,143.979,55.5,144.007,0,143.979,0.78,144.007,3.3280000000000003,144.035,00,143.979,00,144.035,150,143.979,1.256,,,,,,,,,,,,,,,,,,,,,,,,,,,,,,,,,,,,,,,,,,,,
144.120,143.116,000000,143.277,10.71,,,,,,,143.700,11.671875,143.798,208700100000,143.798,12,144.101,80,144.101,12,143.686,11.5,144.135,0.806,144.035,1.012,144.135,25.200000000000003,144.135,78,144.035,-48,144.007,51.7,144.007,12,144.035,1.162,144.135,0.552,144.035,1058,143.979,0001,144.035,01,144.135,10,143.979,55.5,144.135,0,143.979,0.78,144.135,3.325,144.135,00,143.979,00,144.035,150,143.979,1.256,,,,,,,,,,,,,,,,,,,,,,,,,,,,,,,,,,,,,,,,,,,,
144.220,143.116,000000,143.277,10.71,,,,,,,143.700,11.671875,143.798,208700100000,143.798,12,144.101,80,144.101,12,144.200,12.63,144.236,0.806,144.171,1.0130000000000001,144.236,25.200000000000003,144.236,78,144.171,-48,144.236,51.7,144.236,13,144.171,1.094,144.276,0.488,144.236,1108,144.276,0001,144.236,01,144.276,10,144.276,55.5,144.276,0,144.171,0.78,144.276,3.326,144.276,00,144.171,00,144.236,150,144.171,1.2550000000000001,,,,,,,,,,,,,,,,,,,,,,,,,,,,,,,,,,,,,,,,,,,,
144.322,143.116,000000,143.277,10.71,,,,,,,144.300,12.890625,143.798,208700100000,143.798,12,144.101,80,144.101,12,144.200,12.63,144.236,0.806,144.276,1.014,144.336,25.200000000000003,144.336,78,144.336,-48,144.236,51.7,144.236,13,144.336,1.0210000000000001,144.276,0.488,144.236,1108,144.276,0001,144.236,01,144.276,10,144.276,55.5,144.276,0,144.336,0.78,144.276,3.326,144.276,00,144.336,00,144.236,150,144.336,1.254,,,,,,,,,,,,,,,,,,,,,,,,,,,,,,,,,,,,,,,,,,,,
144.422,143.116,000000,143.277,10.71,,,,,,,144.300,12.890625,143.798,208700100000,143.798,12,144.101,80,144.101,12,144.200,12.63,144.427,0.806,144.427,1.0130000000000001,144.456,25.200000000000003,144.336,78,144.336,-48,144.427,51.7,144.427,12,144.336,1.0210000000000001,144.371,0.503,144.427,1086,144.371,0001,144.427,01,144.371,10,144.371,55.5,144.371,0,144.336,0.78,144.371,3.325,144.371,00,144.336,00,144.456,150,144.336,1.254,,,,,,,,,,,,,,,,,,,,,,,,,,,,,,,,,,,,,,,,,,,,
144.521,143.116,000000,143.277,10.71,,,,,,,144.300,12.890625,144.578,208700100000,144.578,13,144.101,80,144.101,12,144.200,12.63,144.557,0.806,144.528,1.0110000000000001,144.456,25.200000000000003,144.491,78,144.557,-48,144.557,51.7,144.557,13,144.557,1.177,144.491,0.547,144.528,1086,144.491,0001,144.528,01,144.491,10,144.528,55.5,144.491,0,144.557,0.78,144.491,3.326,144.491,00,144.557,00,144.456,150,144.557,1.252,,,,,,,,,,,,,,,,,,,,,,,,,,,,,,,,,,,,,,,,,,,,
144.622,144.596,000000,143.277,10.71,,,,,,,144.300,12.890625,144.578,208700100000,144.578,13,144.101,80,144.101,12,144.200,12.63,144.636,0.806,144.670,1.0130000000000001,144.636,25.200000000000003,144.636,78,144.670,-48,144.670,51.7,144.557,13,144.557,1.177,144.636,0.552,144.636,1168,144.636,0001,144.636,01,144.670,10,144.670,55.5,144.670,0,144.557,0.78,144.670,3.325,144.670,00,144.557,00,144.636,150,144.557,1.252,,,,,,,,,,,,,,,,,,,,,,,,,,,,,,,,,,,,,,,,,,,,
144.725,144.596,000000,144.690,13.280000000000001,,,,,,,144.300,12.890625,144.578,208700100000,144.578,13,144.101,80,144.101,12,144.200,12.63,144.736,0.806,144.670,1.0130000000000001,144.736,25.200000000000003,144.636,78,144.670,-48,144.670,51.7,144.736,13,144.736,1.069,144.636,0.552,144.736,1215,144.636,0001,144.736,01,144.670,10,144.670,55.5,144.670,0,144.736,0.78,144.670,3.325,144.670,00,144.557,00,144.736,150,144.771,1.2510000000000001,,,,,,,,,,,,,,,,,,,,,,,,,,,,,,,,,,,,,,,,,,,,
144.822,144.596,000000,144.690,13.280000000000001,,,,,,,144.300,12.890625,144.578,208700100000,144.578,13,144.101,80,144.101,12,144.200,12.63,144.736,0.806,144.771,1.0130000000000001,144.847,25.200000000000003,144.876,78,144.847,-48,144.847,51.7,144.736,13,144.736,1.069,144.876,0.532,144.736,1215,144.876,0001,144.736,01,144.876,10,144.847,55.5,144.876,0,144.876,0.78,144.847,3.325,144.847,00,144.771,00,144.847,150,144.771,1.2510000000000001,,,,,,,,,,,,,,,,,,,,,,,,,,,,,,,,,,,,,,,,,,,,
144.922,144.596,000000,144.690,13.280000000000001,,,,,,,144.300,12.890625,144.578,208700100000,144.578,13,144.101,80,144.101,12,144.200,12.63,144.970,0.806,144.970,1.0130000000000001,144.936,25.200000000000003,144.970,78,144.847,-48,144.847,51.7,144.936,13,144.936,1.104,144.970,0.547,144.936,1258,144.970,0001,144.936,01,144.970,10,144.847,55.5,144.970,0,144.876,0.78,144.847,3.325,144.847,00,144.936,00,144.936,150,144.970,1.25,,,,,,,,,,,,,,,,,,,,,,,,,,,,,,,,,,,,,,,,,,,,
145.024,144.596,000000,144.690,13.280000000000001,,,,,,,144.300,12.890625,144.578,208700100000,144.578,13,145.010,80,145.010,13,144.200,12.63,145.049,0.806,145.087,1.0130000000000001,145.049,25.200000000000003,144.970,78,145.049,-48,145.049,51.7,144.936,13,144.936,1.104,144.970,0.547,144.936,1258,144.970,0001,144.936,01,144.970,10,145.049,55.5,144.970,0,144.876,0.78,145.049,3.3240000000000003,145.049,00,144.936,00,145.049,150,144.970,1.25,,,,,,,,,,,,,,,,,,,,,,,,,,,,,,,,,,,,,,,,,,,,
145.127,144.596,000000,144.690,13.280000000000001,,,,,,,144.300,12.890625,144.578,208700100000,144.578,13,145.010,80,145.010,13,145.106,13.540000000000001,145.137,0.806,145.087,1.0130000000000001,145.049,25.200000000000003,145.087,78,145.137,-48,145.137,51.7,145.137,14,145.137,1.089,145.087,0.537,145.137,1256,145.087,0001,145.137,01,145.087,10,145.137,55.5,145.087,0,145.087,0.78,145.170,3.323,145.049,00,145.087,00,145.049,150,144.970,1.25,,,,,,,,,,,,,,,,,,,,,,,,,,,,,,,,,,,,,,,,,,,,
145.220,144.596,000000,144.690,13.280000000000001,,,,,,,145.190,13.5625,145.218,208700100000,145.218,14,145.010,80,145.010,13,145.106,13.540000000000001,145.260,0.806,145.170,1.0130000000000001,145.170,25.3,145.170,78,145.137,-48,145.137,51.7,145.260,14,145.260,1.099,145.170,0.537,145.260,1235,145.260,0001,145.260,01,145.260,10,145.137,55.5,145.260,0,145.087,0.78,145.170,3.323,145.170,00,145.087,00,145.170,150,145.170,1.25,,,,,,,,,,,,,,,,,,,,,,,,,,,,,,,,,,,,,,,,,,,,
145.324,144.596,000000,144.690,13.280000000000001,,,,,,,145.190,13.5625,145.218,208700100000,145.218,14,145.010,80,145.010,13,145.106,13.540000000000001,145.373,0.806,145.296,1.0130000000000001,145.336,25.200000000000003,145.296,78,145.296,-48,145.296,51.7,145.260,14,145.260,1.099,145.296,0.547,145.260,1235,145.260,0001,145.260,01,145.260,10,145.296,55.5,145.260,0,145.296,0.78,145.336,3.325,145.336,00,145.296,00,145.336,150,145.336,1.248,,,,,,,,,,,,,,,,,,,,,,,,,,,,,,,,,,,,,,,,,,,,
145.421,144.596,000000,144.690,13.280000000000001,,,,,,,145.190,13.5625,145.218,208700100000,145.218,14,145.010,80,145.010,13,145.106,13.540000000000001,145.448,0.806,145.489,1.0130000000000001,145.448,25.200000000000003,145.448,78,145.448,-48,145.489,51.7,145.489,14,145.489,1.104,145.489,0.542,145.407,1206,145.407,0001,145.407,01,145.407,10,145.489,55.5,145.407,0,145.489,0.78,145.448,3.325,145.448,00,145.489,00,145.448,150,145.448,1.248,,,,,,,,,,,,,,,,,,,,,,,,,,,,,,,,,,,,,,,,,,,,
145.533,144.596,000000,144.690,13.280000000000001,,,,,,,145.190,13.5625,145.218,208700100000,145.218,14,145.010,80,145.010,13,145.106,13.540000000000001,145.536,0.806,145.489,1.0130000000000001,145.536,25.200000000000003,145.448,78,145.448,-48,145.489,51.7,145.489,14,145.489,1.104,145.489,0.542,145.536,1184,145.536,0001,145.536,01,145.536,10,145.489,55.5,145.536,0,145.489,0.78,145.536,3.3240000000000003,145.448,00,145.489,00,145.448,150,145.448,1.248,,,,,,,,,,,,,,,,,,,,,,,,,,,,,,,,,,,,,,,,,,,,
145.621,144.596,000000,144.690,13.280000000000001,,,,,,,145.190,13.5625,145.218,208700100000,145.218,14,145.590,80,145.590,13,145.606,13.84,145.648,0.806,145.570,1.0130000000000001,145.536,25.200000000000003,145.570,78,145.570,-48,145.570,51.7,145.648,14,145.648,1.113,145.570,0.547,145.648,1186,145.648,0001,145.536,01,145.536,10,145.648,55.5,145.536,0,145.648,0.78,145.536,3.3240000000000003,145.570,00,145.648,00,145.570,150,145.570,1.248,,,,,,,,,,,,,,,,,,,,,,,,,,,,,,,,,,,,,,,,,,,,
145.721,144.596,000000,144.690,13.280000000000001,,,,,,,145.701,13.8125,145.218,208700100000,145.218,14,145.590,80,145.590,13,145.606,13.84,145.730,0.806,145.689,1.0130000000000001,145.689,25.200000000000003,145.730,78,145.730,-48,145.730,51.7,145.730,14,145.730,1.167,145.730,0.5760000000000001,145.648,1186,145.648,0001,145.689,01,145.689,10,145.648,55.5,145.689,0,145.648,0.78,145.689,3.325,145.689,00,145.648,00,145.689,150,145.730,1.245,,,,,,,,,,,,,,,,,,,,,,,,,,,,,,,,,,,,,,,,,,,,
145.831,144.596,000000,144.690,13.280000000000001,,,,,,,145.701,13.8125,145.798,208700100000,145.798,14,145.590,80,145.590,13,145.606,13.84,145.730,0.806,145.770,1.0110000000000001,145.836,25.3,145.872,78,145.730,-48,145.730,51.7,145.770,14,145.770,1.187,145.730,0.5760000000000001,145.770,1183,145.770,0001,145.836,01,145.836,10,145.770,55.5,145.836,0,145.770,0.78,145.836,3.323,145.836,00,145.770,00,145.836,150,145.730,1.245,,,,,,,,,,,,,,,,,,,,,,,,,,,,,,,,,,,,,,,,,,,,
145.922,144.596,000000,144.690,13.280000000000001,,,,,,,145.701,13.8125,145.798,208700100000,145.798,14,145.590,80,145.590,13,145.606,13.84,145.956,0.806,145.872,1.0130000000000001,145.836,25.3,145.872,78,145.872,-48,145.872,51.7,145.956,14,145.956,1.226,145.916,0.61,145.956,1222,145.956,0001,145.836,01,145.836,10,145.956,55.5,145.836,0,145.956,0.78,145.836,3.323,145.836,00,145.956,00,145.836,150,145.916,1.245,,,,,,,,,,,,,,,,,,,,,,,,,,,,,,,,,,,,,,,,,,,,
146.021,144.596,000000,144.690,13.280000000000001,,,,,,,145.701,13.8125,145.798,208700100000,145.798,14,145.590,80,145.590,13,145.606,13.84,146.036,0.806,146.076,1.0130000000000001,145.990,25.200000000000003,146.076,78,146.076,-48,146.076,51.7,146.036,14,146.036,1.221,146.076,0.601,146.076,1247,146.076,0001,145.990,01,145.990,10,145.956,55.5,145.990,0,145.956,0.78,145.990,3.326,145.990,00,145.956,00,145.990,150,146.076,1.245,,,,,,,,,,,,,,,,,,,,,,,,,,,,,,,,,,,,,,,,,,,,
146.121,146.096,000000,144.690,13.280000000000001,,,,,,,145.701,13.8125,145.798,208700100000,145.798,14,145.590,80,145.590,13,145.606,13.84,146.136,0.806,146.171,1.0130000000000001,146.136,25.200000000000003,146.171,78,146.171,-48,146.076,51.7,146.136,14,146.136,1.196,146.076,0.601,146.076,1247,146.076,0001,146.136,01,146.171,10,146.136,55.5,146.171,0,146.136,0.78,146.171,3.3240000000000003,146.171,00,146.136,00,146.171,150,146.076,1.245,,,,,,,,,,,,,,,,,,,,,,,,,,,,,,,,,,,,,,,,,,,,
146.222,146.096,000000,146.196,14.01,,,,,,,145.701,13.8125,145.798,208700100000,145.798,14,145.590,80,145.590,13,145.606,13.84,146.228,0.806,146.256,1.0130000000000001,146.256,25.200000000000003,146.171,78,146.171,-48,146.228,51.7,146.228,15,146.256,1.274,146.228,0.605,146.256,1236,146.256,0001,146.256,01,146.256,10,146.228,55.5,146.256,0,146.228,0.78,146.171,3.3240000000000003,146.171,00,146.228,00,146.171,150,146.228,1.243,,,,,,,,,,,,,,,,,,,,,,,,,,,,,,,,,,,,,,,,,,,,
146.326,146.096,000000,146.196,14.01,,,,,,,145.701,13.8125,145.798,208700100000,145.798,14,145.590,80,145.590,13,145.606,13.84,146.228,0.806,146.256,1.0130000000000001,146.256,25.200000000000003,146.316,78,146.316,-48,146.316,51.7,146.228,15,146.256,1.274,146.316,0.684,146.256,1236,146.256,0001,146.256,01,146.256,10,146.228,55.5,146.256,0,146.228,0.78,146.316,3.326,146.316,00,146.228,00,146.316,150,146.372,1.243,,,,,,,,,,,,,,,,,,,,,,,,,,,,,,,,,,,,,,,,,,,,
146.433,146.096,000000,146.196,14.01,,,,,,,145.701,13.8125,145.798,208700100000,145.798,14,145.590,80,145.590,13,145.606,13.84,146.408,0.806,146.408,1.014,146.408,25.200000000000003,146.316,78,146.316,-48,146.316,51.7,146.436,15,146.436,1.182,146.316,0.684,146.372,1294,146.372,0001,146.408,01,146.408,10,146.372,55.5,146.408,0,146.372,0.78,146.316,3.326,146.316,00,146.372,00,146.316,150,146.372,1.243,,,,,,,,,,,,,,,,,,,,,,,,,,,,,,,,,,,,,,,,,,,,
146.521,146.096,000000,146.196,14.01,,,,,,,145.701,13.8125,145.798,208700100000,145.798,14,145.590,80,145.590,13,145.606,13.84,146.529,0.806,146.471,1.014,146.408,25.200000000000003,146.471,78.7,146.471,-48,146.471,51.7,146.436,15,146.436,1.182,146.471,0.5660000000000001,146.471,1329,146.471,0001,146.408,01,146.408,10,146.529,55.5,146.408,0,146.529,0.78,146.529,3.325,146.529,00,146.529,00,146.529,150,146.529,1.24,,,,,,,,,,,,,,,,,,,,,,,,,,,,,,,,,,,,,,,,,,,,
146.621,146.096,000000,146.196,14.01,,,,,,,145.701,13.8125,145.798,208700100000,145.798,14,146.680,80,146.680,15,145.606,13.84,146.629,0.806,146.656,1.0130000000000001,146.656,25.200000000000003,146.576,78.7,146.629,-48,146.629,51.7,146.576,15,146.576,1.1280000000000001,146.629,0.5760000000000001,146.656,1258,146.656,0001,146.656,01,146.576,10,146.629,55.5,146.576,0,146.656,0.78,146.629,3.326,146.629,00,146.656,00,146.629,150,146.656,1.239,,,,,,,,,,,,,,,,,,,,,,,,,,,,,,,,,,,,,,,,,,,,
146.722,146.096,000000,146.196,14.01,,,,,,,145.701,13.8125,145.798,208700100000,145.798,14,146.680,80,146.680,15,146.696,15.14,146.727,0.806,146.771,1.016,146.656,25.200000000000003,146.727,78.7,146.727,-48,146.727,51.7,146.771,15,146.771,1.172,146.727,0.581,146.771,1331,146.771,0001,146.656,01,146.727,10,146.771,55.5,146.727,0,146.656,0.78,146.727,3.3240000000000003,146.771,00,146.656,00,146.771,150,146.656,1.239,,,,,,,,,,,,,,,,,,,,,,,,,,,,,,,,,,,,,,,,,,,,
146.825,146.096,000000,146.196,14.01,,,,,,,146.790,15.453125,145.798,208700100000,145.798,14,146.680,80,146.680,15,146.696,15.14,146.727,0.806,146.771,1.016,146.831,25.200000000000003,146.831,78.7,146.831,-48,146.831,53.2,146.771,15,146.771,1.172,146.831,0.581,146.771,1331,146.771,0001,146.831,01,146.727,10,146.771,55.5,146.727,0,146.656,0.78,146.831,3.325,146.771,00,146.873,00,146.771,150,146.656,1.239,,,,,,,,,,,,,,,,,,,,,,,,,,,,,,,,,,,,,,,,,,,,
146.922,146.096,000000,146.196,14.01,,,,,,,146.790,15.453125,145.798,208700100000,145.798,14,146.680,80,146.680,15,146.696,15.14,146.909,0.806,146.909,1.014,146.831,25.200000000000003,146.831,78.7,146.831,-48,146.831,53.2,146.873,16,146.873,1.191,146.831,0.581,146.947,1324,146.873,0001,146.831,01,146.909,10,146.947,55.5,146.909,0,146.873,0.78,146.831,3.325,146.947,00,146.873,00,146.947,150,146.873,1.24,,,,,,,,,,,,,,,,,,,,,,,,,,,,,,,,,,,,,,,,,,,,
147.021,146.096,000000,146.196,14.01,,,,,,,146.790,15.453125,147.008,208700100000,147.008,16,146.680,80,146.680,15,146.696,15.14,147.036,0.806,147.070,1.0130000000000001,146.987,25.200000000000003,146.987,78.7,146.987,-48,147.036,53.2,147.070,16,147.070,1.2650000000000001,147.036,0.64,147.070,1336,146.987,0001,147.036,01,147.070,10,147.036,55.5,146.987,0,147.070,0.78,147.036,3.325,147.036,00,147.070,00,147.036,150,147.070,1.239,,,,,,,,,,,,,,,,,,,,,,,,,,,,,,,,,,,,,,,,,,,,
147.122,146.096,000000,146.196,14.01,,,,,,,146.790,15.453125,147.008,208700100000,147.008,16,146.680,80,146.680,15,146.696,15.14,147.126,0.806,147.156,1.014,147.126,25.200000000000003,147.126,78.7,147.126,-48,147.156,53.2,147.070,16,147.070,1.2650000000000001,147.156,0.62,147.070,1336,147.156,0001,147.156,01,147.156,10,147.156,55.5,147.126,0,147.070,0.78,147.156,3.326,147.126,00,147.070,00,147.126,150,147.070,1.239,,,,,,,,,,,,,,,,,,,,,,,,,,,,,,,,,,,,,,,,,,,,
147.221,146.096,000000,146.196,14.01,,,,,,,147.291,16.140625,147.008,208700100000,147.008,16,147.185,80,147.185,15,147.206,15.66,147.236,0.806,147.270,1.016,147.270,25.200000000000003,147.270,78.7,147.270,-48,147.156,53.2,147.236,16,147.236,1.211,147.156,0.62,147.236,1390,147.270,0001,147.156,01,147.270,10,147.156,55.5,147.270,0,147.236,0.78,147.156,3.326,147.236,00,147.236,00,147.236,150,147.270,1.237,,,,,,,,,,,,,,,,,,,,,,,,,,,,,,,,,,,,,,,,,,,,
147.331,146.096,000000,146.196,14.01,,,,,,,147.291,16.140625,147.008,208700100000,147.008,16,147.185,80,147.185,15,147.206,15.66,147.236,0.806,147.270,1.016,147.270,25.200000000000003,147.270,78.7,147.270,-48,147.329,53.2,147.236,16,147.236,1.211,147.329,0.625,147.236,1390,147.270,0001,147.329,01,147.270,10,147.329,55.5,147.270,0,147.357,0.78,147.329,3.325,147.329,00,147.236,00,147.329,150,147.270,1.237,,,,,,,,,,,,,,,,,,,,,,,,,,,,,,,,,,,,,,,,,,,,
147.425,146.096,000000,146.196,14.01,,,,,,,147.291,16.140625,147.008,208700100000,147.008,16,147.185,80,147.185,15,147.206,15.66,147.456,0.806,147.398,1.014,147.428,25.200000000000003,147.428,78.7,147.428,-48,147.428,53.2,147.456,16,147.456,1.2650000000000001,147.428,0.615,147.486,1412,147.357,0001,147.456,01,147.398,10,147.456,55.5,147.428,0,147.357,0.78,147.456,3.3240000000000003,147.456,00,147.357,00,147.456,150,147.270,1.237,,,,,,,,,,,,,,,,,,,,,,,,,,,,,,,,,,,,,,,,,,,,
147.521,146.096,000000,146.196,14.01,,,,,,,147.291,16.140625,147.508,208700100000,147.508,16,147.185,80,147.185,15,147.206,15.66,147.536,0.806,147.486,1.0150000000000001,147.486,25.200000000000003,147.536,78.7,147.536,-48,147.536,53.2,147.536,16,147.536,1.25,147.536,0.62,147.486,1412,147.486,0001,147.456,01,147.486,10,147.456,55.5,147.536,0,147.486,0.78,147.570,3.326,147.456,00,147.486,00,147.456,150,147.486,1.235,,,,,,,,,,,,,,,,,,,,,,,,,,,,,,,,,,,,,,,,,,,,
147.632,147.590,000000,147.614,16.28,,,,,,,147.291,16.140625,147.508,208700100000,147.508,16,147.185,80,147.185,15,147.206,15.66,147.649,0.806,147.570,1.0150000000000001,147.570,25.200000000000003,147.536,78.7,147.536,-48,147.536,53.2,147.649,16,147.649,1.196,147.536,0.62,147.649,1414,147.649,0001,147.570,01,147.570,10,147.570,55.5,147.536,0,147.649,0.78,147.570,3.326,147.570,00,147.649,00,147.570,150,147.649,1.234,,,,,,,,,,,,,,,,,,,,,,,,,,,,,,,,,,,,,,,,,,,,
147.726,147.590,000000,147.614,16.28,,,,,,,147.291,16.140625,147.508,208700100000,147.508,16,147.185,80,147.185,15,147.206,15.66,147.726,0.806,147.756,1.0170000000000001,147.756,25.200000000000003,147.696,78.7,147.696,-48,147.696,53.2,147.726,17,147.726,1.1280000000000001,147.696,0.552,147.756,1407,147.756,0001,147.726,01,147.756,10,147.726,55.5,147.696,0,147.756,0.78,147.726,3.326,147.726,00,147.756,00,147.726,150,147.756,1.233,,,,,,,,,,,,,,,,,,,,,,,,,,,,,,,,,,,,,,,,,,,,
147.821,147.590,000000,147.614,16.28,,,,,,,147.291,16.140625,147.508,208700100000,147.508,16,147.185,80,147.185,15,147.206,15.66,147.726,0.806,147.756,1.0170000000000001,147.756,25.200000000000003,147.848,78.7,147.848,-48,147.848,53.2,147.876,17,147.876,1.1520000000000001,147.848,0.562,147.876,1450,147.876,0001,147.848,01,147.756,10,147.848,55.5,147.848,0,147.756,0.78,147.876,3.3240000000000003,147.876,00,147.756,00,147.876,150,147.756,1.233,,,,,,,,,,,,,,,,,,,,,,,,,,,,,,,,,,,,,,,,,,,,
147.921,147.590,000000,147.614,16.28,,,,,,,147.291,16.140625,147.508,208700100000,147.508,16,147.185,80,147.185,15,147.206,15.66,147.911,0.806,147.911,1.016,147.948,25.200000000000003,147.848,78.7,147.848,-48,147.848,53.2,147.876,17,147.876,1.1520000000000001,147.848,0.562,147.876,1450,147.876,0001,147.948,01,147.911,10,147.848,55.5,147.848,0,147.911,0.78,147.876,3.3240000000000003,147.876,00,147.911,00,147.876,150,147.911,1.233,,,,,,,,,,,,,,,,,,,,,,,,,,,,,,,,,,,,,,,,,,,,
148.025,147.590,000000,147.614,16.28,,,,,,,147.291,16.140625,147.508,208700100000,147.508,16,148.021,81,148.021,16,147.206,15.66,148.071,0.806,147.976,1.0170000000000001,147.948,25.200000000000003,147.976,78.7,147.976,-48,147.848,53.2,147.876,17,147.876,1.1520000000000001,147.848,0.562,147.976,1461,147.976,0001,147.948,01,147.976,10,147.976,55.5,147.848,0,147.911,0.78,147.876,3.3240000000000003,147.876,00,147.911,00,147.876,150,147.911,1.233,,,,,,,,,,,,,,,,,,,,,,,,,,,,,,,,,,,,,,,,,,,,
148.121,147.590,000000,147.614,16.28,,,,,,,147.291,16.140625,147.508,208700100000,147.508,16,148.021,81,148.021,16,147.206,15.66,148.148,0.806,148.177,1.0170000000000001,148.177,25.3,148.148,78.7,148.148,-48,148.177,53.2,148.148,17,148.148,1.05,148.071,0.586,148.109,1444,148.109,0001,148.148,01,148.148,10,148.177,55.5,148.071,0,148.177,0.78,148.177,3.323,148.109,00,148.177,00,148.109,150,148.177,1.23,,,,,,,,,,,,,,,,,,,,,,,,,,,,,,,,,,,,,,,,,,,,
148.221,147.590,000000,147.614,16.28,,,,,,,148.211,17.140625,147.508,208700100000,147.508,16,148.021,81,148.021,16,148.196,17.11,148.236,1.012,148.276,1.0150000000000001,148.177,25.3,148.276,78.7,148.276,-48,148.177,53.2,148.236,17,148.236,0.796,148.236,0.386,148.236,1479,148.236,0001,148.236,01,148.148,10,148.177,55.5,148.236,0,148.276,0.78,148.177,3.323,148.276,00,148.276,00,148.276,150,148.276,1.23,,,,,,,,,,,,,,,,,,,,,,,,,,,,,,,,,,,,,,,,,,,,
148.333,147.590,000000,147.614,16.28,,,,,,,148.211,17.140625,148.298,208700100000,148.298,17,148.021,81,148.021,16,148.196,17.11,148.236,1.012,148.276,1.0150000000000001,148.336,25.200000000000003,148.276,78.7,148.276,-48,148.336,53.2,148.336,18,148.236,0.796,148.336,0.391,148.236,1479,148.236,0001,148.336,01,148.336,10,148.177,55.5,148.336,0,148.276,0.78,148.177,3.323,148.276,00,148.276,00,148.276,150,148.276,1.23,,,,,,,,,,,,,,,,,,,,,,,,,,,,,,,,,,,,,,,,,,,,
148.421,147.590,000000,147.614,16.28,,,,,,,148.211,17.140625,148.298,208700100000,148.298,17,148.021,81,148.021,16,148.196,17.11,148.409,1.012,148.409,1.0150000000000001,148.336,25.200000000000003,148.448,78.7,148.448,-48,148.448,53.2,148.336,18,148.373,0.796,148.336,0.391,148.373,1491,148.373,0001,148.336,01,148.336,10,148.373,55.5,148.336,0,148.409,0.78,148.373,3.3240000000000003,148.373,00,148.409,00,148.373,150,148.409,1.227,,,,,,,,,,,,,,,,,,,,,,,,,,,,,,,,,,,,,,,,,,,,
148.533,147.590,000000,147.614,16.28,,,,,,,148.211,17.140625,148.298,208700100000,148.298,17,148.021,81,148.021,16,148.196,17.11,148.496,1.012,148.536,1.0150000000000001,148.336,25.200000000000003,148.448,78.7,148.448,-48,148.448,53.2,148.496,17,148.496,0.796,148.496,0.386,148.536,1454,148.536,0001,148.496,01,148.336,10,148.496,55.5,148.496,0,148.536,0.78,148.496,3.325,148.536,00,148.536,00,148.536,150,148.536,1.228,,,,,,,,,,,,,,,,,,,,,,,,,,,,,,,,,,,,,,,,,,,,
148.621,147.590,000000,147.614,16.28,,,,,,,148.211,17.140625,148.298,208700100000,148.298,17,148.649,81,148.649,17,148.678,17.17,148.628,1.012,148.628,1.014,148.571,25.200000000000003,148.571,78.7,148.571,-48,148.571,53.2,148.571,17,148.571,0.796,148.628,0.386,148.628,1448,148.536,0001,148.628,01,148.571,10,148.628,55.5,148.628,0,148.536,0.78,148.628,3.323,148.536,00,148.536,00,148.536,150,148.536,1.228,,,,,,,,,,,,,,,,,,,,,,,,,,,,,,,,,,,,,,,,,,,,
148.719,147.590,000000,147.614,16.28,,,,,,,148.701,16.921875,148.298,208700100000,148.298,17,148.649,81,148.649,17,148.678,17.17,148.729,1.012,148.770,1.014,148.729,25.200000000000003,148.770,78.7,148.770,-48,148.770,53.2,148.770,17,148.571,0.796,148.628,0.386,148.628,1448,148.729,0001,148.628,01,148.571,10,148.628,55.5,148.628,0,148.729,0.78,148.628,3.323,148.729,00,148.729,00,148.729,150,148.729,1.226,,,,,,,,,,,,,,,,,,,,,,,,,,,,,,,,,,,,,,,,,,,,
148.832,147.590,000000,147.614,16.28,,,,,,,148.701,16.921875,148.798,208700100000,148.798,17,148.649,81,148.649,17,148.678,17.17,148.729,1.012,148.770,1.014,148.835,25.3,148.835,78.7,148.770,-48,148.770,53.2,148.770,17,148.770,0.796,148.770,0.386,148.835,1455,148.729,0001,148.835,01,148.770,10,148.835,55.5,148.835,0,148.729,0.78,148.835,3.323,148.729,00,148.729,00,148.729,150,148.729,1.226,,,,,,,,,,,,,,,,,,,,,,,,,,,,,,,,,,,,,,,,,,,,
148.929,147.590,000000,147.614,16.28,,,,,,,148.701,16.921875,148.798,208700100000,148.798,17,148.649,81,148.649,17,148.678,17.17,148.916,1.012,148.916,1.014,148.835,25.3,148.835,78.7,148.872,-48,148.872,53.2,148.872,17,148.872,0.796,148.872,0.391,148.835,1455,148.916,0001,148.835,01,148.872,10,148.835,55.5,148.835,0,148.957,0.78,148.835,3.323,148.729,00,148.729,00,148.729,150,148.729,1.226,,,,,,,,,,,,,,,,,,,,,,,,,,,,,,,,,,,,,,,,,,,,
149.021,147.590,000000,147.614,16.28,,,,,,,148.701,16.921875,148.798,208700100000,148.798,17,148.649,81,148.649,17,148.678,17.17,149.035,1.012,149.076,1.0130000000000001,149.035,25.200000000000003,148.989,78.7,149.035,-48,149.035,53.2,148.989,17,148.989,0.796,148.989,0.386,149.076,1409,149.076,0001,149.076,01,149.076,10,149.076,55.5,149.076,0,148.957,0.78,149.076,3.325,148.957,00,148.957,00,148.957,150,148.957,1.224,,,,,,,,,,,,,,,,,,,,,,,,,,,,,,,,,,,,,,,,,,,,
149.122,149.105,000000,147.614,16.28,,,,,,,148.701,16.921875,148.798,208700100000,148.798,17,148.649,81,148.649,17,148.678,17.17,149.136,1.012,149.171,1.0130000000000001,149.136,25.200000000000003,149.171,78.7,149.136,-48,149.171,53.2,149.171,16,149.171,0.796,149.171,0.386,149.076,1409,149.171,0001,149.076,01,149.171,10,149.076,55.5,149.076,0,149.136,0.78,149.076,3.325,149.136,00,149.136,00,149.136,150,149.136,1.222,,,,,,,,,,,,,,,,,,,,,,,,,,,,,,,,,,,,,,,,,,,,
149.221,149.105,000000,149.191,15.65,,,,,,,148.701,16.921875,148.798,208700100000,148.798,17,148.649,81,148.649,17,148.678,17.17,149.239,1.012,149.171,1.0130000000000001,149.136,25.200000000000003,149.171,78.7,149.136,-48,149.171,53.2,149.171,16,149.171,0.796,149.171,0.386,149.239,1333,149.171,0001,149.239,01,149.171,10,149.239,55.5,149.239,0,149.239,0.78,149.239,3.323,149.239,00,149.136,00,149.136,150,149.136,1.222,,,,,,,,,,,,,,,,,,,,,,,,,,,,,,,,,,,,,,,,,,,,
149.322,149.105,000000,149.191,15.65,,,,,,,148.701,16.921875,148.798,208700100000,148.798,17,148.649,81,148.649,17,148.678,17.17,149.239,1.012,149.276,1.0130000000000001,149.276,25.3,149.358,79.5,149.276,-48,149.358,53.2,149.358,15,149.328,0.796,149.328,0.391,149.328,1318,149.328,0001,149.328,01,149.358,10,149.328,55.5,149.328,0,149.358,0.78,149.358,3.325,149.358,00,149.276,00,149.276,150,149.276,1.221,,,,,,,,,,,,,,,,,,,,,,,,,,,,,,,,,,,,,,,,,,,,
149.433,149.105,000000,149.191,15.65,,,,,,,148.701,16.921875,148.798,208700100000,148.798,17,148.649,81,148.649,17,148.678,17.17,149.390,1.012,149.390,1.0130000000000001,149.276,25.3,149.358,79.5,149.276,-48,149.428,53.2,149.358,15,149.328,0.796,149.328,0.391,149.428,1257,149.390,0001,149.428,01,149.358,10,149.428,55.5,149.428,0,149.358,0.78,149.358,3.325,149.358,00,149.276,00,149.276,150,149.276,1.221,,,,,,,,,,,,,,,,,,,,,,,,,,,,,,,,,,,,,,,,,,,,
149.520,149.105,000000,149.191,15.65,,,,,,,148.701,16.921875,148.798,208700100000,148.798,17,148.649,81,148.649,17,148.678,17.17,149.556,1.012,149.529,1.0130000000000001,149.556,25.200000000000003,149.471,79.5,149.471,-48,149.556,53.2,149.529,14,149.529,0.796,149.529,0.386,149.529,1207,149.529,0001,149.529,01,149.556,10,149.529,55.5,149.556,0,149.556,0.78,149.556,3.325,149.556,00,149.471,00,149.471,150,149.471,1.219,,,,,,,,,,,,,,,,,,,,,,,,,,,,,,,,,,,,,,,,,,,,
149.621,149.105,000000,149.191,15.65,,,,,,,148.701,16.921875,148.798,208700100000,148.798,17,148.649,81,148.649,17,148.678,17.17,149.628,1.012,149.656,1.0130000000000001,149.628,25.200000000000003,149.656,79.5,149.591,-48,149.628,53.2,149.656,14,149.656,0.796,149.656,0.391,149.656,1147,149.656,0001,149.656,01,149.628,10,149.628,55.5,149.556,0,149.556,0.78,149.556,3.325,149.556,00,149.591,00,149.591,150,149.591,1.219,,,,,,,,,,,,,,,,,,,,,,,,,,,,,,,,,,,,,,,,,,,,
149.721,149.105,000000,149.191,15.65,,,,,,,148.701,16.921875,148.798,208700100000,148.798,17,149.720,81,149.720,13,148.678,17.17,149.757,1.0110000000000001,149.656,1.0130000000000001,149.628,25.200000000000003,149.656,79.5,149.591,-48,149.757,53.2,149.656,14,149.656,0.796,149.656,0.391,149.656,1147,149.656,0001,149.656,01,149.757,10,149.757,55.5,149.757,0,149.757,0.78,149.757,3.325,149.757,00,149.591,00,149.591,150,149.591,1.219,,,,,,,,,,,,,,,,,,,,,,,,,,,,,,,,,,,,,,,,,,,,
149.821,149.105,000000,149.191,15.65,,,,,,,148.701,16.921875,148.798,208700100000,148.798,17,149.720,81,149.720,13,149.811,12.620000000000001,149.757,1.0110000000000001,149.789,1.0130000000000001,149.789,25.200000000000003,149.789,79.5,149.789,-48,149.757,53.2,149.789,13,149.847,0.796,149.847,0.386,149.847,1072,149.847,0001,149.847,01,149.757,10,149.757,55.5,149.847,0,149.847,0.78,149.757,3.325,149.757,00,149.789,00,149.789,150,149.789,1.216,,,,,,,,,,,,,,,,,,,,,,,,,,,,,,,,,,,,,,,,,,,,
149.921,149.105,000000,149.191,15.65,,,,,,,148.701,16.921875,148.798,208700100000,148.798,17,149.720,81,149.720,13,149.811,12.620000000000001,149.959,1.012,149.916,1.0130000000000001,149.959,25.200000000000003,149.959,79.5,149.959,-48,149.887,53.2,149.887,12,149.847,0.796,149.847,0.386,149.847,1072,149.847,0001,149.847,01,149.887,10,149.959,55.5,149.959,0,149.959,0.78,149.887,3.3240000000000003,149.887,00,149.959,00,149.789,150,149.789,1.216,,,,,,,,,,,,,,,,,,,,,,,,,,,,,,,,,,,,,,,,,,,,
150.021,149.105,000000,149.191,15.65,,,,,,,148.701,16.921875,148.798,208700100000,148.798,17,149.720,81,149.720,13,149.811,12.620000000000001,150.036,1.012,150.071,1.0130000000000001,150.071,25.200000000000003,150.071,79.5,150.071,-48,150.036,53.2,150.071,11,149.996,0.796,149.996,0.391,149.996,990,150.036,0001,150.036,01,150.036,10,150.071,55.5,150.036,0,150.036,0.78,150.036,3.325,150.071,00,150.071,00,149.996,150,149.996,1.213,,,,,,,,,,,,,,,,,,,,,,,,,,,,,,,,,,,,,,,,,,,,
150.125,149.105,000000,149.191,15.65,,,,,,,150.090,11.03125,150.112,208700100000,150.112,11,149.720,81,149.720,13,149.811,12.620000000000001,150.147,1.012,150.071,1.0130000000000001,150.071,25.200000000000003,150.071,79.5,150.071,-48,150.036,53.2,150.071,11,150.147,0.796,150.147,0.391,150.147,929,150.147,0001,150.147,01,150.036,10,150.071,55.5,150.147,0,150.147,0.78,150.187,3.323,150.071,00,150.071,00,149.996,150,149.996,1.213,,,,,,,,,,,,,,,,,,,,,,,,,,,,,,,,,,,,,,,,,,,,
150.228,149.105,000000,149.191,15.65,,,,,,,150.090,11.03125,150.112,208700100000,150.112,11,149.720,81,149.720,13,149.811,12.620000000000001,150.147,1.012,150.187,1.0130000000000001,150.187,25.3,150.187,79.5,150.187,-48,150.187,53.2,150.071,11,150.147,0.796,150.147,0.391,150.147,929,150.147,0001,150.147,01,150.187,10,150.236,55.5,150.147,0,150.147,0.78,150.187,3.323,150.187,00,150.236,00,149.996,150,149.996,1.213,,,,,,,,,,,,,,,,,,,,,,,,,,,,,,,,,,,,,,,,,,,,
150.333,149.105,000000,149.191,15.65,,,,,,,150.090,11.03125,150.112,208700100000,150.112,11,150.260,81,150.260,10,149.811,12.620000000000001,150.236,1.012,150.296,1.0130000000000001,150.296,25.200000000000003,150.296,79.5,150.187,-48,150.187,53.2,150.236,10,150.236,0.796,150.236,0.386,150.296,894,150.296,0001,150.296,01,150.187,10,150.236,55.5,150.296,0,150.296,0.78,150.187,3.323,150.187,00,150.236,00,150.236,150,150.236,1.212,,,,,,,,,,,,,,,,,,,,,,,,,,,,,,,,,,,,,,,,,,,,
150.425,149.105,000000,149.191,15.65,,,,,,,150.090,11.03125,150.112,208700100000,150.112,11,150.260,81,150.260,10,149.811,12.620000000000001,150.471,1.012,150.398,1.0130000000000001,150.296,25.200000000000003,150.296,79.5,150.349,-48,150.349,53.2,150.431,10,150.349,0.796,150.349,0.386,150.296,894,150.296,0001,150.296,01,150.349,10,150.349,55.5,150.296,0,150.296,0.78,150.349,3.323,150.398,00,150.431,00,150.431,150,150.431,1.211,,,,,,,,,,,,,,,,,,,,,,,,,,,,,,,,,,,,,,,,,,,,
150.531,149.105,000000,149.191,15.65,,,,,,,150.090,11.03125,150.112,208700100000,150.112,11,150.260,81,150.260,10,149.811,12.620000000000001,150.547,1.012,150.516,1.014,150.471,25.3,150.471,79.5,150.547,-48,150.547,53.2,150.516,9,150.471,0.796,150.471,0.391,150.516,784,150.516,0001,150.516,01,150.547,10,150.547,55.5,150.516,0,150.516,0.78,150.547,3.323,150.398,00,150.516,00,150.547,150,150.547,1.21,,,,,,,,,,,,,,,,,,,,,,,,,,,,,,,,,,,,,,,,,,,,
150.621,149.105,000000,149.191,15.65,,,,,,,150.090,11.03125,150.112,208700100000,150.112,11,150.260,81,150.260,10,150.597,8.63,150.647,1.012,150.676,1.0130000000000001,150.647,25.200000000000003,150.676,79.5,150.576,-48,150.647,53.2,150.676,8,150.647,0.796,150.647,0.391,150.676,725,150.676,0001,150.676,01,150.647,10,150.576,55.5,150.676,0,150.676,0.78,150.647,3.325,150.647,00,150.576,00,150.547,150,150.547,1.21,,,,,,,,,,,,,,,,,,,,,,,,,,,,,,,,,,,,,,,,,,,,
150.722,149.105,000000,149.191,15.65,,,,,,,150.691,8.1875,150.719,208700100000,150.719,8,150.260,81,150.260,10,150.597,8.63,150.747,1.012,150.676,1.0130000000000001,150.647,25.200000000000003,150.676,79.5,150.747,-48,150.647,53.2,150.676,8,150.747,0.796,150.747,0.386,150.676,725,150.676,0001,150.676,01,150.647,10,150.747,55.5,150.676,0,150.676,0.78,150.647,3.325,150.647,00,150.747,00,150.747,150,150.747,1.208,,,,,,,,,,,,,,,,,,,,,,,,,,,,,,,,,,,,,,,,,,,,
150.834,150.807,000000,150.828,7.71,,,,,,,150.691,8.1875,150.719,208700100000,150.719,8,150.260,81,150.260,10,150.597,8.63,150.747,1.012,150.776,1.0130000000000001,150.776,25.200000000000003,150.776,79.5,150.857,-48,150.776,53.2,150.857,7,150.747,0.796,150.747,0.386,150.776,708,150.857,0001,150.857,01,150.776,10,150.857,55.5,150.857,0,150.857,0.78,150.776,3.3240000000000003,150.776,00,150.747,00,150.747,150,150.747,1.208,,,,,,,,,,,,,,,,,,,,,,,,,,,,,,,,,,,,,,,,,,,,
150.922,150.807,000000,150.828,7.71,,,,,,,150.691,8.1875,150.719,208700100000,150.719,8,150.260,81,150.260,10,150.597,8.63,150.936,1.012,150.936,1.014,150.971,25.200000000000003,150.891,79.5,150.857,-48,150.971,53.2,150.857,7,150.891,0.796,150.891,0.386,150.891,704,150.857,0001,150.857,01,150.971,10,150.857,55.5,150.857,0,150.857,0.78,150.971,3.325,150.891,00,150.971,00,150.971,150,150.971,1.207,,,,,,,,,,,,,,,,,,,,,,,,,,,,,,,,,,,,,,,,,,,,
151.023,150.807,000000,150.828,7.71,,,,,,,150.691,8.1875,150.719,208700100000,150.719,8,150.260,81,150.260,10,150.597,8.63,151.056,1.012,151.020,1.014,150.971,25.200000000000003,151.020,79.5,151.020,-48,151.056,53.2,151.020,7,151.056,0.796,151.056,0.386,151.020,693,151.020,0001,151.020,01,151.056,10,151.020,55.5,151.056,0,151.056,0.78,151.056,3.325,151.087,00,150.971,00,150.971,150,150.971,1.207,,,,,,,,,,,,,,,,,,,,,,,,,,,,,,,,,,,,,,,,,,,,
151.123,150.807,000000,150.828,7.71,,,,,,,150.691,8.1875,150.719,208700100000,150.719,8,150.260,81,150.260,10,150.597,8.63,151.136,1.012,151.087,1.0130000000000001,151.087,25.200000000000003,151.020,79.5,151.087,-48,151.136,53.2,151.087,6,151.056,0.796,151.056,0.386,151.020,693,151.087,0001,151.087,01,151.136,10,151.087,55.5,151.136,0,151.136,0.78,151.056,3.325,151.087,00,151.136,00,151.136,150,151.136,1.206,,,,,,,,,,,,,,,,,,,,,,,,,,,,,,,,,,,,,,,,,,,,
151.232,150.807,000000,150.828,7.71,,,,,,,150.691,8.1875,150.719,208700100000,150.719,8,151.309,81,150.260,10,150.597,8.63,151.247,1.012,151.276,1.0130000000000001,151.165,25.3,151.165,79.5,151.247,-48,151.276,54,151.247,5,151.276,0.796,151.165,0.391,151.165,684,151.247,0001,151.247,01,151.276,10,151.247,55.5,151.247,0,151.247,0.78,151.276,3.325,151.165,00,151.276,00,151.276,150,151.276,1.206,,,,,,,,,,,,,,,,,,,,,,,,,,,,,,,,,,,,,,,,,,,,
151.320,150.807,000000,150.828,7.71,,,,,,,150.691,8.1875,150.719,208700100000,150.719,8,151.309,81,151.309,4,150.597,8.63,151.247,1.012,151.276,1.0130000000000001,151.336,25.3,151.336,79.5,151.336,-48,151.276,54,151.336,5,151.276,0.796,151.336,0.386,151.336,682,151.247,0001,151.247,01,151.276,10,151.247,55.5,151.247,0,151.247,0.78,151.276,3.325,151.336,00,151.276,00,151.276,150,151.276,1.206,,,,,,,,,,,,,,,,,,,,,,,,,,,,,,,,,,,,,,,,,,,,
151.421,150.807,000000,150.828,7.71,,,,,,,150.691,8.1875,150.719,208700100000,150.719,8,151.309,81,151.309,4,150.597,8.63,151.416,1.012,151.416,1.0130000000000001,151.336,25.3,151.336,79.5,151.457,-48,151.457,54,151.457,4,151.376,0.796,151.336,0.386,151.336,682,151.376,0001,151.376,01,151.457,10,151.376,55.5,151.376,0,151.376,0.78,151.457,3.323,151.336,00,151.457,00,151.457,150,151.276,1.206,,,,,,,,,,,,,,,,,,,,,,,,,,,,,,,,,,,,,,,,,,,,
151.522,150.807,000000,150.828,7.71,,,,,,,150.691,8.1875,150.719,208700100000,150.719,8,151.309,81,151.309,4,150.597,8.63,151.536,1.012,151.571,1.0130000000000001,151.571,25.3,151.496,79.5,151.536,-48,151.571,54,151.536,4,151.496,0.796,151.496,0.386,151.496,685,151.536,0001,151.536,01,151.571,10,151.536,55.5,151.536,0,151.571,0.78,151.571,3.322,151.536,00,151.571,00,151.571,150,151.496,1.204,,,,,,,,,,,,,,,,,,,,,,,,,,,,,,,,,,,,,,,,,,,,
151.621,150.807,000000,150.828,7.71,,,,,,,150.691,8.1875,150.719,208700100000,150.719,8,151.309,81,151.309,4,151.596,3.29,151.627,1.012,151.660,1.0130000000000001,151.571,25.3,151.627,79.5,151.627,-48,151.660,54,151.627,3,151.496,0.796,151.627,0.386,151.627,691,151.627,0001,151.660,01,151.660,10,151.660,55.5,151.660,0,151.571,0.78,151.660,3.3240000000000003,151.627,00,151.660,00,151.571,150,151.496,1.204,,,,,,,,,,,,,,,,,,,,,,,,,,,,,,,,,,,,,,,,,,,,
151.721,150.807,000000,150.828,7.71,,,,,,,151.680,2.828125,151.709,208700100000,151.709,2,151.309,81,151.309,4,151.596,3.29,151.736,1.012,151.660,1.0130000000000001,151.736,25.200000000000003,151.736,79.5,151.627,-48,151.660,54,151.627,3,151.736,0.796,151.736,0.386,151.736,692,151.627,0001,151.660,01,151.660,10,151.660,55.5,151.660,0,151.571,0.78,151.660,3.3240000000000003,151.627,00,151.660,00,151.736,150,151.736,1.202,,,,,,,,,,,,,,,,,,,,,,,,,,,,,,,,,,,,,,,,,,,,
151.822,150.807,000000,150.828,7.71,,,,,,,151.680,2.828125,151.709,208700100000,151.709,2,151.309,81,151.309,4,151.596,3.29,151.873,1.012,151.873,1.0130000000000001,151.736,25.200000000000003,151.736,79.5,151.770,-48,151.836,54,151.770,2,151.736,0.796,151.736,0.386,151.736,692,151.770,0001,151.770,01,151.836,10,151.770,55.5,151.770,0,151.836,0.78,151.836,3.325,151.770,00,151.836,00,151.736,150,151.736,1.202,,,,,,,,,,,,,,,,,,,,,,,,,,,,,,,,,,,,,,,,,,,,
151.921,150.807,000000,150.828,7.71,,,,,,,151.680,2.828125,151.709,208700100000,151.709,2,151.309,81,151.309,4,151.596,3.29,151.956,1.012,151.873,1.0130000000000001,151.910,25.200000000000003,151.910,79.5,151.956,-48,151.836,54,151.956,1,151.910,0.796,151.910,0.391,151.910,689,151.956,0001,151.956,01,151.836,10,151.956,55.5,151.956,0,151.836,0.78,151.836,3.325,151.956,00,151.836,00,151.910,150,151.910,1.202,,,,,,,,,,,,,,,,,,,,,,,,,,,,,,,,,,,,,,,,,,,,
152.021,150.807,000000,150.828,7.71,,,,,,,151.680,2.828125,151.709,208700100000,151.709,2,152.009,81,152.009,1,151.596,3.29,152.036,1.012,152.082,1.0130000000000001,152.082,25.200000000000003,152.082,80.2,152.036,-48,152.036,54,152.036,1,151.987,0.796,151.987,0.386,151.987,689,152.082,0001,152.082,01,152.036,10,152.082,55.5,152.082,0,152.036,0.78,152.036,3.325,152.082,00,152.036,00,151.987,150,151.987,1.201,,,,,,,,,,,,,,,,,,,,,,,,,,,,,,,,,,,,,,,,,,,,
152.121,150.807,000000,150.828,7.71,,,,,,,151.680,2.828125,151.709,208700100000,151.709,2,152.009,81,152.009,1,152.106,1.01,152.136,1.012,152.171,1.0130000000000001,152.171,25.200000000000003,152.171,80.2,152.171,-48,152.136,54,152.171,1,152.136,0.796,152.136,0.386,152.136,684,152.082,0001,152.082,01,152.136,10,152.082,55.5,152.082,0,152.171,0.78,152.171,3.3240000000000003,152.082,00,152.171,00,152.136,150,152.136,1.201,,,,,,,,,,,,,,,,,,,,,,,,,,,,,,,,,,,,,,,,,,,,
152.224,150.807,000000,150.828,7.71,,,,,,,152.190,0.65625,152.212,208700100000,152.212,0,152.009,81,152.009,1,152.106,1.01,152.256,1.012,152.297,1.0130000000000001,152.171,25.200000000000003,152.171,80.2,152.171,-48,152.256,54,152.171,1,152.256,0.796,152.256,0.386,152.256,684,152.082,0001,152.082,01,152.256,10,152.082,55.5,152.082,0,152.171,0.78,152.171,3.3240000000000003,152.082,00,152.171,00,152.256,150,152.256,1.201,,,,,,,,,,,,,,,,,,,,,,,,,,,,,,,,,,,,,,,,,,,,
152.324,150.807,000000,150.828,7.71,,,,,,,152.190,0.65625,152.212,208700100000,152.212,0,152.009,81,152.009,1,152.106,1.01,152.376,1.012,152.297,1.0130000000000001,152.336,25.3,152.336,80.2,152.297,-48,152.336,54,152.297,0,152.256,0.796,152.256,0.386,152.256,684,152.297,0000,152.297,01,152.336,10,152.297,55.5,152.297,0,152.336,0.78,152.336,3.323,152.297,00,152.336,00,152.256,150,152.256,1.201,,,,,,,,,,,,,,,,,,,,,,,,,,,,,,,,,,,,,,,,,,,,
152.433,150.807,000000,150.828,7.71,,,,,,,152.190,0.65625,152.212,208700100000,152.212,0,152.009,81,152.009,1,152.106,1.01,152.436,1.012,152.471,1.0130000000000001,152.336,25.3,152.336,80.2,152.436,-48,152.436,54,152.436,0,152.471,0.796,152.471,0.391,152.407,687,152.471,0000,152.471,01,152.436,10,152.471,55.5,152.471,0,152.436,0.78,152.436,3.323,152.471,00,152.436,00,152.407,150,152.407,1.201,,,,,,,,,,,,,,,,,,,,,,,,,,,,,,,,,,,,,,,,,,,,
152.522,152.490,000000,152.511,0.29,,,,,,,152.190,0.65625,152.212,208700100000,152.212,0,152.009,81,152.009,1,152.106,1.01,152.547,1.012,152.471,1.0130000000000001,152.547,25.3,152.547,80.2,152.436,-48,152.547,54,152.436,0,152.471,0.796,152.471,0.391,152.547,685,152.471,0000,152.471,01,152.547,10,152.471,55.5,152.471,0,152.436,0.78,152.436,3.323,152.471,00,152.436,00,152.547,150,152.547,1.2,,,,,,,,,,,,,,,,,,,,,,,,,,,,,,,,,,,,,,,,,,,,
152.621,152.490,000000,152.511,0.29,,,,,,,152.190,0.65625,152.212,208700100000,152.212,0,152.009,81,152.009,1,152.106,1.01,152.627,1.012,152.657,1.0130000000000001,152.657,25.200000000000003,152.657,80.2,152.657,-48,152.657,54,152.657,0,152.627,0.796,152.627,0.386,152.627,695,152.576,0000,152.576,01,152.657,10,152.627,55.5,152.627,0,152.576,0.78,152.576,3.323,152.627,00,152.576,00,152.627,150,152.657,1.2,,,,,,,,,,,,,,,,,,,,,,,,,,,,,,,,,,,,,,,,,,,,
152.721,152.490,000000,152.511,0.29,,,,,,,152.190,0.65625,152.212,208700100000,152.212,0,152.009,81,152.009,1,152.106,1.01,152.736,1.012,152.771,1.0130000000000001,152.657,25.200000000000003,152.657,80.2,152.771,-48,152.657,54,152.771,0,152.736,0.796,152.736,0.386,152.736,680,152.736,0000,152.736,01,152.657,10,152.771,55.5,152.771,0,152.736,0.78,152.771,3.3240000000000003,152.771,00,152.771,00,152.736,150,152.657,1.2,,,,,,,,,,,,,,,,,,,,,,,,,,,,,,,,,,,,,,,,,,,,
152.821,152.490,000000,152.511,0.29,,,,,,,152.190,0.65625,152.212,208700100000,152.212,0,152.790,81,152.790,0,152.826,0.18,152.736,1.012,152.771,1.0130000000000001,152.857,25.200000000000003,152.857,80.2,152.771,-48,152.857,54,152.771,0,152.857,0.796,152.857,0.386,152.857,681,152.736,0000,152.736,01,152.657,10,152.771,55.5,152.771,0,152.736,0.78,152.771,3.3240000000000003,152.771,00,152.771,00,152.857,150,152.657,1.2,,,,,,,,,,,,,,,,,,,,,,,,,,,,,,,,,,,,,,,,,,,,
152.921,152.490,000000,152.511,0.29,,,,,,,152.190,0.65625,152.212,208700100000,152.212,0,152.790,81,152.790,0,152.826,0.18,152.917,1.012,152.917,1.0130000000000001,152.976,25.3,152.857,80.2,152.887,-48,152.857,54,152.887,0,152.857,0.796,152.857,0.386,152.857,681,152.917,0000,152.917,01,152.887,10,152.917,55.5,152.917,0,152.887,0.78,152.887,3.3240000000000003,152.976,00,152.887,00,152.857,150,152.887,1.199,,,,,,,,,,,,,,,,,,,,,,,,,,,,,,,,,,,,,,,,,,,,
153.021,152.490,000000,152.511,0.29,,,,,,,152.190,0.65625,152.212,208700100000,152.212,0,152.790,81,152.790,0,152.826,0.18,153.036,1.012,153.071,1.0130000000000001,153.036,25.3,153.007,80.2,153.036,-48,153.007,54,153.036,0,153.036,0.796,153.036,0.386,153.036,683,153.071,0000,153.071,01,153.071,10,153.007,55.5,153.007,0,153.071,0.78,153.071,3.323,152.976,00,153.071,00,153.036,150,153.071,1.198,,,,,,,,,,,,,,,,,,,,,,,,,,,,,,,,,,,,,,,,,,,,
153.131,152.490,000000,152.511,0.29,,,,,,,153.090,0.125,153.108,208700100000,153.108,0,152.790,81,152.790,0,152.826,0.18,153.136,1.012,153.071,1.0130000000000001,153.036,25.3,153.007,80.2,153.036,-48,153.007,54,153.036,0,153.036,0.796,153.036,0.386,153.036,683,153.071,0000,153.071,01,153.071,10,153.007,55.5,153.007,0,153.071,0.78,153.071,3.323,152.976,00,153.071,00,153.036,150,153.071,1.198,,,,,,,,,,,,,,,,,,,,,,,,,,,,,,,,,,,,,,,,,,,,
153.221,152.490,000000,152.511,0.29,,,,,,,153.090,0.125,153.108,208700100000,153.108,0,152.790,81,152.790,0,152.826,0.18,153.247,1.012,153.276,1.0130000000000001,153.187,25.200000000000003,153.247,80.2,153.276,-48,153.247,54,153.276,0,153.247,0.796,153.276,0.386,153.276,685,153.247,0000,153.247,01,153.276,10,153.136,55.5,153.136,0,153.276,0.78,153.187,3.3240000000000003,153.247,00,153.187,00,153.276,150,153.247,1.195,,,,,,,,,,,,,,,,,,,,,,,,,,,,,,,,,,,,,,,,,,,,
153.321,152.490,000000,152.511,0.29,,,,,,,153.090,0.125,153.108,208700100000,153.108,0,153.308,81,153.308,0,152.826,0.18,153.372,1.012,153.372,1.0130000000000001,153.336,25.3,153.247,80.2,153.336,-48,153.247,54,153.336,0,153.247,0.796,153.276,0.386,153.276,685,153.247,0000,153.247,01,153.372,10,153.336,55.5,153.336,0,153.372,0.78,153.336,3.323,153.247,00,153.336,00,153.276,150,153.247,1.195,,,,,,,,,,,,,,,,,,,,,,,,,,,,,,,,,,,,,,,,,,,,
153.422,152.490,000000,152.511,0.29,,,,,,,153.090,0.125,153.108,208700100000,153.108,0,153.308,81,153.308,0,152.826,0.18,153.456,1.012,153.372,1.0130000000000001,153.456,25.3,153.410,80.2,153.336,-48,153.456,54,153.336,0,153.456,0.796,153.276,0.386,153.276,685,153.456,0000,153.456,01,153.372,10,153.410,55.5,153.410,0,153.372,0.78,153.336,3.323,153.456,00,153.336,00,153.276,150,153.456,1.194,,,,,,,,,,,,,,,,,,,,,,,,,,,,,,,,,,,,,,,,,,,,
153.521,152.490,000000,152.511,0.29,,,,,,,153.090,0.125,153.108,208700100000,153.108,0,153.308,81,153.308,0,153.506,0,153.547,1.012,153.583,1.0130000000000001,153.583,25.3,153.547,80.2,153.487,-48,153.547,54,153.487,0,153.547,0.796,153.487,0.391,153.487,693,153.583,0000,153.583,01,153.487,10,153.547,55.5,153.547,0,153.487,0.78,153.583,3.322,153.583,00,153.583,00,153.487,150,153.583,1.195,,,,,,,,,,,,,,,,,,,,,,,,,,,,,,,,,,,,,,,,,,,,
153.621,152.490,000000,152.511,0.29,,,,,,,153.600,0,153.108,208700100000,153.108,0,153.308,81,153.308,0,153.506,0,153.627,1.012,153.671,1.0130000000000001,153.583,25.3,153.627,80.2,153.627,-48,153.627,54,153.627,0,153.627,0.796,153.671,0.386,153.671,689,153.583,0000,153.583,01,153.671,10,153.627,55.5,153.627,0,153.671,0.78,153.671,3.323,153.583,00,153.671,00,153.671,150,153.583,1.195,,,,,,,,,,,,,,,,,,,,,,,,,,,,,,,,,,,,,,,,,,,,
153.721,152.490,000000,152.511,0.29,,,,,,,153.600,0,153.698,208700100000,153.698,0,153.308,81,153.308,0,153.506,0,153.727,1.012,153.757,1.0130000000000001,153.727,25.200000000000003,153.727,80.2,153.757,-48,153.727,54,153.757,0,153.727,0.796,153.757,0.386,153.757,693,153.727,0000,153.757,01,153.671,10,153.727,55.5,153.727,0,153.671,0.78,153.671,3.323,153.757,00,153.671,00,153.671,150,153.757,1.194,,,,,,,,,,,,,,,,,,,,,,,,,,,,,,,,,,,,,,,,,,,,
153.821,153.778,000000,152.511,0.29,,,,,,,153.600,0,153.698,208700100000,153.698,0,153.308,81,153.308,0,153.506,0,153.887,1.012,153.757,1.0130000000000001,153.857,25.3,153.857,80.2,153.887,-48,153.857,54,153.887,0,153.857,0.796,153.887,0.386,153.887,685,153.857,0000,153.857,01,153.827,10,153.827,55.5,153.827,0,153.827,0.78,153.827,3.323,153.857,00,153.827,00,153.827,150,153.887,1.193,,,,,,,,,,,,,,,,,,,,,,,,,,,,,,,,,,,,,,,,,,,,
153.921,153.778,000000,153.980,0,,,,,,,153.600,0,153.698,208700100000,153.698,0,153.308,81,153.308,0,153.506,0,153.950,1.012,153.917,1.0130000000000001,153.950,25.3,153.857,80.2,153.887,-48,153.857,54,153.887,0,153.857,0.796,153.887,0.386,153.887,685,153.950,0000,153.950,01,153.827,10,153.950,55.5,153.950,0,153.827,0.78,153.917,3.323,153.950,00,153.950,00,153.827,150,153.887,1.193,,,,,,,,,,,,,,,,,,,,,,,,,,,,,,,,,,,,,,,,,,,,
154.034,153.778,000000,153.980,0,,,,,,,153.600,0,153.698,208700100000,153.698,0,153.308,81,153.308,0,153.506,0,153.950,1.012,154.016,1.0130000000000001,153.950,25.3,154.016,80.2,153.887,-48,154.016,54,153.887,0,154.016,0.796,153.887,0.386,153.887,685,153.950,0000,153.950,01,154.016,10,153.950,55.5,153.950,0,154.016,0.78,154.016,3.323,153.950,00,153.950,00,154.016,150,153.887,1.193,,,,,,,,,,,,,,,,,,,,,,,,,,,,,,,,,,,,,,,,,,,,
154.124,153.778,000000,153.980,0,,,,,,,153.600,0,153.698,208700100000,153.698,0,153.308,81,153.308,0,153.506,0,154.157,1.012,154.187,1.0130000000000001,154.157,25.200000000000003,154.157,80.2,154.047,-48,154.157,54,154.047,0,154.157,0.796,154.047,0.386,154.087,678,154.157,0000,154.047,01,154.087,10,154.087,55.5,154.157,0,154.087,0.78,154.087,3.323,154.047,00,154.157,00,154.087,150,154.087,1.191,,,,,,,,,,,,,,,,,,,,,,,,,,,,,,,,,,,,,,,,,,,,
154.232,153.778,000000,153.980,0,,,,,,,153.600,0,153.698,208700100000,153.698,0,154.238,81,154.238,0,153.506,0,154.271,1.012,154.187,1.0130000000000001,154.271,25.3,154.157,80.2,154.187,-48,154.157,54,154.187,0,154.157,0.796,154.187,0.391,154.187,685,154.271,0000,154.187,01,154.271,10,154.271,55.5,154.157,0,154.271,0.78,154.271,3.322,154.187,00,154.157,00,154.271,150,154.187,1.191,,,,,,,,,,,,,,,,,,,,,,,,,,,,,,,,,,,,,,,,,,,,
154.322,153.778,000000,153.980,0,,,,,,,153.600,0,153.698,208700100000,153.698,0,154.238,81,154.238,0,153.506,0,154.271,1.012,154.307,1.0130000000000001,154.307,25.3,154.307,80.2,154.347,-48,154.307,54,154.347,0,154.307,0.796,154.347,0.386,154.347,684,154.307,0000,154.347,01,154.271,10,154.271,55.5,154.307,0,154.271,0.78,154.271,3.322,154.347,00,154.307,00,154.271,150,154.347,1.19,,,,,,,,,,,,,,,,,,,,,,,,,,,,,,,,,,,,,,,,,,,,
154.422,153.778,000000,153.980,0,,,,,,,153.600,0,153.698,208700100000,153.698,0,154.238,81,154.238,0,153.506,0,154.376,1.012,154.376,1.0130000000000001,154.307,25.3,154.416,80.2,154.347,-48,154.416,54,154.347,0,154.416,0.796,154.347,0.386,154.347,684,154.307,0000,154.347,01,154.271,10,154.271,55.5,154.416,0,154.271,0.78,154.271,3.322,154.347,00,154.416,00,154.271,150,154.347,1.19,,,,,,,,,,,,,,,,,,,,,,,,,,,,,,,,,,,,,,,,,,,,
154.522,153.778,000000,153.980,0,,,,,,,153.600,0,153.698,208700100000,153.698,0,154.238,81,154.238,0,154.556,0,154.536,1.012,154.507,1.012,154.471,25.200000000000003,154.536,80.2,154.507,-48,154.536,54,154.507,0,154.536,0.796,154.507,0.386,154.507,693,154.471,0000,154.507,01,154.536,10,154.536,55.5,154.536,0,154.471,0.78,154.471,3.3240000000000003,154.507,00,154.536,00,154.471,150,154.507,1.19,,,,,,,,,,,,,,,,,,,,,,,,,,,,,,,,,,,,,,,,,,,,
154.625,153.778,000000,153.980,0,,,,,,,154.601,0,153.698,208700100000,153.698,0,154.238,81,154.238,0,154.556,0,154.627,1.012,154.587,1.0130000000000001,154.587,25.3,154.587,80.2,154.627,-48,154.587,54,154.627,0,154.627,0.796,154.507,0.386,154.507,693,154.587,0008,154.507,01,154.627,10,154.627,55.5,154.627,0,154.587,0.78,154.587,3.322,154.507,00,154.627,00,154.587,150,154.671,1.189,,,,,,,,,,,,,,,,,,,,,,,,,,,,,,,,,,,,,,,,,,,,
154.721,153.778,000000,153.980,0,,,,,,,154.601,0,154.699,208700100000,154.699,0,154.238,81,154.238,0,154.556,0,154.729,1.012,154.770,1.0130000000000001,154.729,25.200000000000003,154.671,80.2,154.770,-48,154.671,54,154.770,0,154.729,0.796,154.770,0.391,154.770,686,154.729,0008,154.671,01,154.729,10,154.729,55.5,154.729,0,154.770,0.78,154.770,3.3240000000000003,154.671,00,154.729,00,154.770,150,154.671,1.189,,,,,,,,,,,,,,,,,,,,,,,,,,,,,,,,,,,,,,,,,,,,
154.822,153.778,000000,153.980,0,,,,,,,154.601,0,154.699,208700100000,154.699,0,154.238,81,154.238,0,154.556,0,154.729,1.012,154.770,1.0130000000000001,154.877,25.200000000000003,154.836,80.2,154.770,-48,154.836,54,154.770,0,154.836,0.796,154.770,0.391,154.770,686,154.877,0008,154.836,01,154.877,10,154.877,55.5,154.836,0,154.877,0.78,154.877,3.3240000000000003,154.836,00,154.877,00,154.770,150,154.836,1.188,,,,,,,,,,,,,,,,,,,,,,,,,,,,,,,,,,,,,,,,,,,,
154.921,153.778,000000,153.980,0,,,,,,,154.601,0,154.699,208700100000,154.699,0,154.238,81,154.238,0,154.556,0,154.911,1.012,154.950,1.0130000000000001,154.877,25.200000000000003,154.950,80.2,154.911,-48,154.836,54,154.911,0,154.836,0.796,154.911,0.391,154.911,691,154.877,0008,154.836,01,154.877,10,154.877,55.5,154.836,0,154.877,0.78,154.877,3.3240000000000003,154.836,00,154.877,00,154.911,150,154.836,1.188,,,,,,,,,,,,,,,,,,,,,,,,,,,,,,,,,,,,,,,,,,,,
155.032,153.778,000000,153.980,0,,,,,,,154.601,0,154.699,208700100000,154.699,0,155.008,82,155.008,0,154.556,0,155.047,1.012,154.950,1.0130000000000001,154.987,25.200000000000003,155.047,80.2,154.911,-48,154.987,54,154.911,0,154.987,0.796,154.911,0.391,154.911,691,154.987,0008,155.047,01,155.047,10,155.047,55.5,154.987,0,154.987,0.78,154.987,3.3240000000000003,155.047,00,155.047,00,154.911,150,155.047,1.187,,,,,,,,,,,,,,,,,,,,,,,,,,,,,,,,,,,,,,,,,,,,
155.121,153.778,000000,153.980,0,,,,,,,155.151,0,154.699,208700100000,154.699,0,155.008,82,155.008,0,155.096,0,155.127,1.012,155.176,1.0130000000000001,155.176,25.3,155.127,80.2,155.079,-48,155.176,54,155.079,0,155.176,0.796,155.079,0.386,155.127,690,155.176,0008,155.127,01,155.127,10,155.176,55.5,155.176,0,155.079,0.78,155.079,3.3240000000000003,155.127,00,155.176,00,155.127,150,155.127,1.188,,,,,,,,,,,,,,,,,,,,,,,,,,,,,,,,,,,,,,,,,,,,
155.226,155.260,000000,153.980,0,,,,,,,155.151,0,155.198,208700100000,155.198,0,155.008,82,155.008,0,155.096,0,155.230,1.012,155.292,1.0130000000000001,155.176,25.3,155.127,80.2,155.230,-48,155.176,54,155.230,0,155.176,0.796,155.230,0.386,155.127,690,155.176,0008,155.230,01,155.127,10,155.176,55.5,155.176,0,155.230,0.78,155.230,3.323,155.230,00,155.176,00,155.127,150,155.127,1.188,,,,,,,,,,,,,,,,,,,,,,,,,,,,,,,,,,,,,,,,,,,,
155.330,155.260,000000,153.980,0,,,,,,,155.151,0,155.198,208700100000,155.198,0,155.008,82,155.008,0,155.096,0,155.357,1.012,155.292,1.0130000000000001,155.292,25.3,155.292,80.2,155.357,-48,155.327,54,155.357,0,155.327,0.796,155.230,0.386,155.357,692,155.292,0008,155.327,01,155.292,10,155.327,55.5,155.327,0,155.230,0.78,155.230,3.323,155.327,00,155.327,00,155.357,150,155.292,1.185,,,,,,,,,,,,,,,,,,,,,,,,,,,,,,,,,,,,,,,,,,,,
155.433,155.260,000000,155.478,0,,,,,,,155.151,0,155.198,208700100000,155.198,0,155.008,82,155.008,0,155.096,0,155.457,1.012,155.427,1.0130000000000001,155.457,25.3,155.457,80.2,155.357,-48,155.427,54.7,155.357,0,155.427,0.796,155.391,0.391,155.457,693,155.457,0008,155.427,01,155.457,10,155.427,55.5,155.427,0,155.391,0.78,155.391,3.3240000000000003,155.427,00,155.457,00,155.357,150,155.457,1.185,,,,,,,,,,,,,,,,,,,,,,,,,,,,,,,,,,,,,,,,,,,,
155.530,155.260,000000,155.478,0,,,,,,,155.151,0,155.198,208700100000,155.198,0,155.008,82,155.008,0,155.096,0,155.547,1.012,155.518,1.0130000000000001,155.547,25.3,155.457,80.2,155.518,-48,155.547,54.7,155.518,0,155.547,0.796,155.518,0.386,155.597,689,155.457,0008,155.518,01,155.457,10,155.547,55.5,155.547,0,155.518,0.78,155.518,3.323,155.547,00,155.547,00,155.518,150,155.457,1.185,,,,,,,,,,,,,,,,,,,,,,,,,,,,,,,,,,,,,,,,,,,,
155.622,155.260,000000,155.478,0,,,,,,,155.151,0,155.198,208700100000,155.198,0,155.008,82,155.008,0,155.096,0,155.647,1.012,155.597,1.0130000000000001,155.547,25.3,155.597,80.2,155.597,-48,155.647,54.7,155.647,0,155.647,0.796,155.647,0.386,155.597,689,155.597,0008,155.647,01,155.597,10,155.547,55.5,155.547,0,155.647,0.78,155.647,3.323,155.547,00,155.547,00,155.597,150,155.597,1.184,,,,,,,,,,,,,,,,,,,,,,,,,,,,,,,,,,,,,,,,,,,,
155.722,155.260,000000,155.478,0,,,,,,,155.151,0,155.198,208700100000,155.198,0,155.731,82,155.731,0,155.096,0,155.770,1.012,155.676,1.0130000000000001,155.770,25.3,155.597,80.2,155.676,-48,155.770,54.7,155.647,0,155.770,0.796,155.647,0.386,155.676,685,155.597,0008,155.647,01,155.597,10,155.770,55.5,155.770,0,155.647,0.78,155.647,3.323,155.770,00,155.770,00,155.676,150,155.597,1.184,,,,,,,,,,,,,,,,,,,,,,,,,,,,,,,,,,,,,,,,,,,,
155.822,155.260,000000,155.478,0,,,,,,,155.151,0,155.198,208700100000,155.198,0,155.731,82,155.731,0,155.096,0,155.770,1.012,155.810,1.0130000000000001,155.770,25.3,155.810,80.2,155.810,-48,155.847,54.7,155.847,0,155.847,0.796,155.847,0.386,155.810,688,155.810,0008,155.847,01,155.810,10,155.770,55.5,155.770,0,155.847,0.78,155.847,3.323,155.770,00,155.770,00,155.810,150,155.810,1.184,,,,,,,,,,,,,,,,,,,,,,,,,,,,,,,,,,,,,,,,,,,,
155.921,155.260,000000,155.478,0,,,,,,,155.151,0,155.198,208700100000,155.198,0,155.731,82,155.731,0,155.901,0,155.876,1.012,155.971,1.0130000000000001,155.876,25.3,155.810,80.2,155.933,-48,155.971,54.7,155.847,0,155.971,0.796,155.847,0.386,155.933,694,155.810,0008,155.847,01,155.810,10,155.971,55.5,155.971,0,155.847,0.78,155.847,3.323,155.971,00,155.971,00,155.933,150,155.810,1.184,,,,,,,,,,,,,,,,,,,,,,,,,,,,,,,,,,,,,,,,,,,,
156.022,155.260,000000,155.478,0,,,,,,,156.051,0,155.198,208700100000,155.198,0,155.731,82,155.731,0,155.901,0,156.036,1.012,156.077,1.0130000000000001,156.007,25.3,156.007,80.2,156.077,-48,156.036,54.7,156.077,0,156.036,0.796,156.077,0.391,156.077,694,156.007,0008,156.077,01,156.007,10,156.036,55.5,156.036,0,156.036,0.78,156.036,3.323,155.971,00,156.077,00,156.077,150,156.007,1.184,,,,,,,,,,,,,,,,,,,,,,,,,,,,,,,,,,,,,,,,,,,,
156.122,155.260,000000,155.478,0,,,,,,,156.051,0,156.098,208700100000,156.098,0,155.731,82,155.731,0,155.901,0,156.127,1.012,156.077,1.0130000000000001,156.007,25.3,156.007,80.2,156.077,-48,156.036,54.7,156.077,0,156.036,0.796,156.077,0.391,156.077,694,156.007,0008,156.077,01,156.007,10,156.036,55.5,156.036,0,156.036,0.78,156.036,3.323,155.971,00,156.077,00,156.077,150,156.007,1.184,,,,,,,,,,,,,,,,,,,,,,,,,,,,,,,,,,,,,,,,,,,,
156.221,155.260,000000,155.478,0,,,,,,,156.051,0,156.098,208700100000,156.098,0,156.268,82,156.268,0,155.901,0,156.247,1.012,156.209,1.0130000000000001,156.209,25.3,156.209,80.2,156.209,-48,156.127,54.7,156.247,0,156.127,0.796,156.247,0.391,156.209,686,156.209,0008,156.247,01,156.209,10,156.127,55.5,156.127,0,156.247,0.78,156.247,3.3240000000000003,156.247,00,156.077,00,156.247,150,156.209,1.183,,,,,,,,,,,,,,,,,,,,,,,,,,,,,,,,,,,,,,,,,,,,
156.333,155.260,000000,155.478,0,,,,,,,156.051,0,156.098,208700100000,156.098,0,156.268,82,156.268,0,156.363,0,156.247,1.012,156.296,1.0130000000000001,156.327,25.3,156.209,80.2,156.296,-48,156.296,54.7,156.327,0,156.296,0.796,156.327,0.391,156.296,692,156.209,0008,156.327,01,156.209,10,156.296,55.5,156.296,0,156.327,0.78,156.327,3.323,156.327,00,156.296,00,156.247,150,156.209,1.183,,,,,,,,,,,,,,,,,,,,,,,,,,,,,,,,,,,,,,,,,,,,
156.427,155.260,000000,155.478,0,,,,,,,156.051,0,156.098,208700100000,156.098,0,156.268,82,156.268,0,156.363,0,156.397,1.012,156.457,1.0130000000000001,156.327,25.3,156.397,80.2,156.429,-48,156.296,54.7,156.457,0,156.296,0.796,156.457,0.391,156.429,691,156.397,0008,156.457,01,156.397,10,156.491,55.5,156.296,0,156.457,0.78,156.457,3.323,156.457,00,156.296,00,156.457,150,156.397,1.183,,,,,,,,,,,,,,,,,,,,,,,,,,,,,,,,,,,,,,,,,,,,
156.521,155.260,000000,155.478,0,,,,,,,156.051,0,156.098,208700100000,156.098,0,156.268,82,156.268,0,156.363,0,156.577,1.012,156.529,1.0130000000000001,156.577,25.3,156.577,81,156.577,-48,156.529,54.7,156.457,0,156.577,0.796,156.457,0.391,156.529,691,156.529,0008,156.457,01,156.529,10,156.577,55.5,156.577,0,156.457,0.78,156.457,3.323,156.529,00,156.577,00,156.457,150,156.529,1.182,,,,,,,,,,,,,,,,,,,,,,,,,,,,,,,,,,,,,,,,,,,,
156.621,155.260,000000,155.478,0,,,,,,,156.621,0,156.098,208700100000,156.098,0,156.268,82,156.268,0,156.363,0,156.650,1.012,156.607,1.0130000000000001,156.650,25.3,156.577,81,156.577,-48,156.650,54.7,156.607,0,156.650,0.796,156.607,0.386,156.607,693,156.529,0008,156.607,01,156.529,10,156.650,55.5,156.650,0,156.607,0.78,156.607,3.3200000000000003,156.650,00,156.650,00,156.607,150,156.529,1.182,,,,,,,,,,,,,,,,,,,,,,,,,,,,,,,,,,,,,,,,,,,,
156.725,156.737,000000,155.478,0,,,,,,,156.621,0,156.718,208700100000,156.718,0,156.268,82,156.268,0,156.363,0,156.771,1.012,156.690,1.0130000000000001,156.650,25.3,156.690,81,156.690,-48,156.650,54.7,156.690,0,156.650,0.796,156.607,0.386,156.690,693,156.690,0008,156.607,01,156.690,10,156.650,55.5,156.650,0,156.607,0.78,156.607,3.3200000000000003,156.650,00,156.650,00,156.607,150,156.690,1.18,,,,,,,,,,,,,,,,,,,,,,,,,,,,,,,,,,,,,,,,,,,,
156.821,156.737,000000,156.847,0,,,,,,,156.621,0,156.718,208700100000,156.718,0,156.268,82,156.268,0,156.363,0,156.771,1.012,156.816,1.0130000000000001,156.878,25.3,156.816,81,156.878,-48,156.878,54.7,156.878,0,156.816,0.796,156.771,0.386,156.878,691,156.816,0008,156.771,01,156.878,10,156.816,55.5,156.816,0,156.771,0.78,156.771,3.3240000000000003,156.771,00,156.816,00,156.771,150,156.878,1.18,,,,,,,,,,,,,,,,,,,,,,,,,,,,,,,,,,,,,,,,,,,,
156.922,156.737,000000,156.847,0,,,,,,,156.621,0,156.718,208700100000,156.718,0,156.268,82,156.268,0,156.363,0,156.971,1.012,156.936,1.0130000000000001,156.878,25.3,156.907,81,156.878,-48,156.971,54.7,156.878,0,156.971,0.796,156.936,0.386,156.878,691,156.907,0008,156.936,01,156.878,10,156.971,55.5,156.971,0,156.936,0.78,156.971,3.3200000000000003,156.971,00,156.816,00,156.971,150,156.878,1.18,,,,,,,,,,,,,,,,,,,,,,,,,,,,,,,,,,,,,,,,,,,,
157.033,156.737,000000,156.847,0,,,,,,,156.621,0,156.718,208700100000,156.718,0,156.268,82,156.268,0,156.363,0,156.971,1.012,157.037,1.0130000000000001,157.037,25.3,157.037,81,156.878,-48,156.971,54.7,156.878,0,156.971,0.796,157.037,0.391,156.878,691,157.037,0008,157.037,01,156.878,10,156.971,55.5,156.971,0,157.037,0.78,156.971,3.3200000000000003,156.971,00,157.037,00,156.971,150,156.878,1.18,,,,,,,,,,,,,,,,,,,,,,,,,,,,,,,,,,,,,,,,,,,,
157.121,156.737,000000,156.847,0,,,,,,,156.621,0,156.718,208700100000,156.718,0,156.268,82,156.268,0,156.363,0,157.147,1.012,157.107,1.0130000000000001,157.037,25.3,157.037,81,157.147,-48,157.147,54.7,157.147,0,157.071,0.796,157.107,0.386,157.147,695,157.037,0008,157.107,01,157.147,10,157.107,55.5,157.107,0,157.107,0.78,157.107,3.323,157.107,00,157.037,00,157.147,150,157.147,1.179,,,,,,,,,,,,,,,,,,,,,,,,,,,,,,,,,,,,,,,,,,,,
157.222,156.737,000000,156.847,0,,,,,,,156.621,0,156.718,208700100000,156.718,0,156.268,82,156.268,0,156.363,0,157.272,1.012,157.227,1.0130000000000001,157.227,25.200000000000003,157.227,81,157.272,-48,157.147,54.7,157.272,0,157.227,0.796,157.227,0.391,157.272,691,157.227,0008,157.227,01,157.147,10,157.107,55.5,157.107,0,157.272,0.78,157.272,3.3240000000000003,157.272,00,157.227,00,157.272,150,157.147,1.179,,,,,,,,,,,,,,,,,,,,,,,,,,,,,,,,,,,,,,,,,,,,
157.322,156.737,000000,156.847,0,,,,,,,156.621,0,156.718,208700100000,156.718,0,156.268,82,156.268,0,156.363,0,157.272,1.012,157.310,1.0130000000000001,157.310,25.200000000000003,157.310,81,157.272,-48,157.310,54.7,157.272,0,157.227,0.796,157.347,0.386,157.272,691,157.347,0008,157.347,01,157.310,10,157.310,55.5,157.310,0,157.347,0.78,157.347,3.3200000000000003,157.347,00,157.347,00,157.272,150,157.310,1.179,,,,,,,,,,,,,,,,,,,,,,,,,,,,,,,,,,,,,,,,,,,,
157.421,156.737,000000,156.847,0,,,,,,,156.621,0,156.718,208700100000,156.718,0,157.371,82,157.371,0,156.363,0,157.471,1.012,157.310,1.0130000000000001,157.471,25.3,157.310,81,157.407,-48,157.310,54.7,157.407,0,157.407,0.796,157.347,0.386,157.407,689,157.347,0008,157.347,01,157.310,10,157.310,55.5,157.310,0,157.347,0.78,157.347,3.3200000000000003,157.347,00,157.347,00,157.407,150,157.310,1.179,,,,,,,,,,,,,,,,,,,,,,,,,,,,,,,,,,,,,,,,,,,,
157.532,156.737,000000,156.847,0,,,,,,,157.561,0,156.718,208700100000,156.718,0,157.371,82,157.371,0,157.546,0,157.527,1.012,157.507,1.0130000000000001,157.471,25.3,157.507,81,157.407,-48,157.507,54.7,157.407,0,157.527,0.796,157.507,0.391,157.407,689,157.527,0008,157.507,01,157.527,10,157.527,55.5,157.527,0,157.507,0.78,157.507,3.323,157.507,00,157.527,00,157.407,150,157.527,1.177,,,,,,,,,,,,,,,,,,,,,,,,,,,,,,,,,,,,,,,,,,,,
157.632,156.737,000000,156.847,0,,,,,,,157.561,0,157.583,208700100000,157.583,0,157.371,82,157.371,0,157.546,0,157.657,1.012,157.616,1.0130000000000001,157.616,25.3,157.657,81,157.616,-48,157.657,54.7,157.616,0,157.527,0.796,157.657,0.386,157.616,691,157.616,0008,157.657,01,157.527,10,157.527,55.5,157.527,0,157.657,0.78,157.657,3.323,157.657,00,157.616,00,157.616,150,157.527,1.177,,,,,,,,,,,,,,,,,,,,,,,,,,,,,,,,,,,,,,,,,,,,
157.732,156.737,000000,156.847,0,,,,,,,157.561,0,157.583,208700100000,157.583,0,157.767,82,157.767,0,157.787,0,157.747,1.012,157.716,1.0130000000000001,157.716,25.3,157.747,81,157.616,-48,157.747,54.7,157.616,0,157.716,0.796,157.747,0.386,157.616,691,157.716,0008,157.747,01,157.716,10,157.716,55.5,157.716,0,157.747,0.78,157.747,3.322,157.657,00,157.747,00,157.616,150,157.716,1.177,,,,,,,,,,,,,,,,,,,,,,,,,,,,,,,,,,,,,,,,,,,,
157.820,156.737,000000,156.847,0,,,,,,,157.561,0,157.583,208700100000,157.583,0,157.767,82,157.767,0,157.787,0,157.747,1.012,157.817,1.0130000000000001,157.817,25.3,157.857,81,157.817,-48,157.747,54.7,157.817,0,157.817,0.796,157.747,0.386,157.817,693,157.857,0008,157.747,01,157.857,10,157.857,55.5,157.857,0,157.747,0.78,157.747,3.322,157.817,00,157.857,00,157.817,150,157.857,1.176,,,,,,,,,,,,,,,,,,,,,,,,,,,,,,,,,,,,,,,,,,,,
157.921,156.737,000000,156.847,0,,,,,,,157.561,0,157.583,208700100000,157.583,0,157.767,82,157.767,0,157.787,0,157.927,1.012,157.957,1.0130000000000001,157.927,25.3,157.957,81,157.817,-48,157.957,54.7,157.817,0,157.957,0.796,157.957,0.386,157.817,693,157.957,0008,157.957,01,157.857,10,157.857,55.5,157.857,0,157.887,0.78,157.887,3.323,157.817,00,157.957,00,157.817,150,157.857,1.176,,,,,,,,,,,,,,,,,,,,,,,,,,,,,,,,,,,,,,,,,,,,
158.021,156.737,000000,156.847,0,,,,,,,158.069,0,157.583,208700100000,157.583,0,157.767,82,157.767,0,157.787,0,158.047,1.012,158.017,1.012,158.017,25.3,158.047,81,158.047,-48,158.047,54.7,157.987,0,157.957,0.796,158.047,0.386,157.987,695,158.017,0008,158.047,01,158.017,10,158.017,55.5,158.017,0,158.047,0.78,158.047,3.3200000000000003,157.987,00,158.017,00,157.987,150,158.017,1.176,,,,,,,,,,,,,,,,,,,,,,,,,,,,,,,,,,,,,,,,,,,,
158.122,158.181,000000,156.847,0,,,,,,,158.069,0,158.101,208700100000,158.101,0,157.767,82,157.767,0,157.787,0,158.157,1.012,158.127,1.0130000000000001,158.127,25.3,158.157,81,158.047,-48,158.157,54.7,158.127,0,158.127,0.796,158.047,0.386,158.127,689,158.157,0008,158.047,01,158.127,10,158.157,55.5,158.157,0,158.047,0.78,158.047,3.3200000000000003,158.127,00,158.157,00,158.127,150,158.157,1.176,,,,,,,,,,,,,,,,,,,,,,,,,,,,,,,,,,,,,,,,,,,,
158.222,158.181,000000,156.847,0,,,,,,,158.069,0,158.101,208700100000,158.101,0,157.767,82,157.767,0,157.787,0,158.247,1.012,158.209,1.0130000000000001,158.209,25.3,158.247,81,158.247,-48,158.247,54.7,158.247,0,158.209,0.796,158.209,0.391,158.127,689,158.247,0008,158.209,01,158.247,10,158.157,55.5,158.157,0,158.209,0.78,158.209,3.322,158.127,00,158.247,00,158.127,150,158.157,1.176,,,,,,,,,,,,,,,,,,,,,,,,,,,,,,,,,,,,,,,,,,,,
158.321,158.181,000000,158.267,0,,,,,,,158.069,0,158.101,208700100000,158.101,0,157.767,82,157.767,0,157.787,0,158.247,1.012,158.316,1.0130000000000001,158.316,25.3,158.347,81,158.376,-48,158.347,54.7,158.247,0,158.316,0.796,158.347,0.386,158.316,697,158.347,0008,158.376,01,158.316,10,158.316,55.5,158.347,0,158.376,0.78,158.376,3.323,158.316,00,158.347,00,158.316,150,158.347,1.173,,,,,,,,,,,,,,,,,,,,,,,,,,,,,,,,,,,,,,,,,,,,
158.421,158.181,000000,158.267,0,,,,,,,158.069,0,158.101,208700100000,158.101,0,157.767,82,157.767,0,157.787,0,158.436,1.012,158.316,1.0130000000000001,158.436,25.3,158.347,81,158.376,-48,158.347,54.7,158.408,0,158.436,0.796,158.347,0.386,158.408,695,158.436,0008,158.376,01,158.436,10,158.436,55.5,158.347,0,158.376,0.78,158.376,3.323,158.408,00,158.436,00,158.408,150,158.347,1.173,,,,,,,,,,,,,,,,,,,,,,,,,,,,,,,,,,,,,,,,,,,,
158.523,158.181,000000,158.267,0,,,,,,,158.069,0,158.101,208700100000,158.101,0,158.577,82,157.767,0,157.787,0,158.557,1.012,158.527,1.0130000000000001,158.436,25.3,158.527,81,158.527,-48,158.527,54.7,158.557,0,158.557,0.796,158.527,0.386,158.557,703,158.436,0008,158.527,01,158.557,10,158.557,55.5,158.347,0,158.527,0.78,158.527,3.323,158.557,00,158.436,00,158.557,150,158.347,1.173,,,,,,,,,,,,,,,,,,,,,,,,,,,,,,,,,,,,,,,,,,,,
158.621,158.181,000000,158.267,0,,,,,,,158.691,0,158.101,208700100000,158.101,0,158.577,82,158.577,0,158.596,0,158.671,1.012,158.628,1.0130000000000001,158.628,25.3,158.671,81,158.628,-48,158.671,54.7,158.557,0,158.628,0.796,158.671,0.386,158.557,703,158.628,0008,158.671,01,158.671,10,158.671,55.5,158.628,0,158.671,0.78,158.527,3.323,158.557,00,158.628,00,158.557,150,158.628,1.173,,,,,,,,,,,,,,,,,,,,,,,,,,,,,,,,,,,,,,,,,,,,
158.731,158.181,000000,158.267,0,,,,,,,158.691,0,158.715,208700100000,158.715,0,158.577,82,158.577,0,158.596,0,158.671,1.012,158.750,1.0130000000000001,158.750,25.3,158.671,81,158.628,-48,158.671,54.7,158.750,0,158.750,0.796,158.671,0.386,158.750,701,158.628,0008,158.671,01,158.671,10,158.671,55.5,158.628,0,158.671,0.78,158.750,3.322,158.750,00,158.628,00,158.750,150,158.628,1.173,,,,,,,,,,,,,,,,,,,,,,,,,,,,,,,,,,,,,,,,,,,,
158.823,158.181,000000,158.267,0,,,,,,,158.691,0,158.715,208700100000,158.715,0,158.577,82,158.577,0,158.596,0,158.797,1.012,158.750,1.0130000000000001,158.750,25.3,158.797,81,158.797,-48,158.797,54.7,158.750,0,158.750,0.796,158.797,0.391,158.750,701,158.797,0008,158.797,01,158.671,10,158.671,55.5,158.628,0,158.797,0.78,158.750,3.322,158.750,00,158.628,00,158.750,150,158.628,1.173,,,,,,,,,,,,,,,,,,,,,,,,,,,,,,,,,,,,,,,,,,,,
158.922,158.181,000000,158.267,0,,,,,,,158.691,0,158.715,208700100000,158.715,0,158.577,82,158.577,0,158.596,0,158.797,1.012,158.873,1.0130000000000001,158.750,25.3,158.930,81,158.971,-48,158.930,54.7,158.873,0,158.930,0.796,158.930,0.386,158.873,693,158.971,0008,158.930,01,158.930,10,158.930,55.5,158.873,0,158.971,0.78,158.750,3.322,158.873,00,158.873,00,158.873,150,158.873,1.173,,,,,,,,,,,,,,,,,,,,,,,,,,,,,,,,,,,,,,,,,,,,
159.022,158.181,000000,158.267,0,,,,,,,158.691,0,158.715,208700100000,158.715,0,159.057,83,159.057,0,159.076,0,159.008,1.012,159.036,1.0130000000000001,159.008,25.3,159.036,81,158.971,-48,159.036,54.7,159.036,0,158.930,0.796,159.036,0.386,159.036,702,158.971,0008,159.036,01,158.930,10,158.930,55.5,159.036,0,158.971,0.78,159.008,3.322,158.873,00,158.873,00,158.873,150,158.873,1.173,,,,,,,,,,,,,,,,,,,,,,,,,,,,,,,,,,,,,,,,,,,,
159.125,158.181,000000,158.267,0,,,,,,,158.691,0,158.715,208700100000,158.715,0,159.057,83,159.057,0,159.076,0,159.110,1.012,159.171,1.0130000000000001,159.008,25.3,159.036,81,158.971,-48,159.036,54.7,159.036,0,159.110,0.796,159.036,0.386,159.036,702,158.971,0008,159.036,01,159.110,10,159.110,55.5,159.036,0,158.971,0.78,159.008,3.322,159.110,00,159.110,00,159.110,150,159.110,1.171,,,,,,,,,,,,,,,,,,,,,,,,,,,,,,,,,,,,,,,,,,,,
159.221,158.181,000000,158.267,0,,,,,,,159.261,0,159.279,208700100000,159.279,0,159.057,83,159.057,0,159.076,0,159.216,1.012,159.247,1.0130000000000001,159.247,25.3,159.216,81,159.216,-48,159.216,54.7,159.247,0,159.247,0.796,159.216,0.386,159.247,694,159.216,0008,159.216,01,159.247,10,159.110,55.5,159.247,0,159.247,0.78,159.216,3.322,159.110,00,159.110,00,159.110,150,159.110,1.171,,,,,,,,,,,,,,,,,,,,,,,,,,,,,,,,,,,,,,,,,,,,
159.322,158.181,000000,158.267,0,,,,,,,159.261,0,159.279,208700100000,159.279,0,159.057,83,159.057,0,159.076,0,159.307,1.012,159.337,1.0130000000000001,159.377,25.3,159.307,81,159.337,-48,159.307,54.7,159.337,0,159.377,0.796,159.337,0.391,159.337,698,159.337,0008,159.337,01,159.377,10,159.307,55.5,159.377,0,159.337,0.78,159.377,3.323,159.307,00,159.307,00,159.307,150,159.307,1.172,,,,,,,,,,,,,,,,,,,,,,,,,,,,,,,,,,,,,,,,,,,,
159.421,158.181,000000,158.267,0,,,,,,,159.261,0,159.279,208700100000,159.279,0,159.057,83,159.057,0,159.076,0,159.456,1.012,159.337,1.0130000000000001,159.377,25.3,159.411,81,159.456,-48,159.456,54.7,159.456,0,159.377,0.796,159.337,0.391,159.456,696,159.456,0008,159.337,01,159.377,10,159.307,55.5,159.456,0,159.456,0.78,159.377,3.323,159.307,00,159.307,00,159.307,150,159.307,1.172,,,,,,,,,,,,,,,,,,,,,,,,,,,,,,,,,,,,,,,,,,,,
159.521,159.576,000000,158.267,0,,,,,,,159.261,0,159.279,208700100000,159.279,0,159.057,83,159.057,0,159.076,0,159.517,1.012,159.547,1.0130000000000001,159.547,25.3,159.517,81,159.517,-48,159.456,54.7,159.547,0,159.547,0.796,159.517,0.386,159.547,696,159.517,0008,159.517,01,159.488,10,159.488,55.5,159.547,0,159.547,0.78,159.547,3.3200000000000003,159.488,00,159.488,00,159.517,150,159.517,1.169,,,,,,,,,,,,,,,,,,,,,,,,,,,,,,,,,,,,,,,,,,,,
159.632,159.576,000000,159.657,0,,,,,,,159.261,0,159.279,208700100000,159.279,0,159.057,83,159.057,0,159.076,0,159.607,1.012,159.637,1.0130000000000001,159.547,25.3,159.607,81,159.637,-48,159.607,54.7,159.637,0,159.547,0.796,159.607,0.386,159.637,695,159.637,0008,159.637,01,159.607,10,159.607,55.5,159.637,0,159.637,0.78,159.547,3.3200000000000003,159.607,00,159.607,00,159.517,150,159.517,1.169,,,,,,,,,,,,,,,,,,,,,,,,,,,,,,,,,,,,,,,,,,,,
159.721,159.576,000000,159.657,0,,,,,,,159.261,0,159.279,208700100000,159.279,0,159.057,83,159.057,0,159.076,0,159.711,1.012,159.757,1.0130000000000001,159.711,25.3,159.757,81,159.757,-48,159.757,54.7,159.637,0,159.711,0.796,159.757,0.386,159.637,695,159.757,0008,159.757,01,159.607,10,159.711,55.5,159.637,0,159.637,0.78,159.711,3.323,159.711,00,159.711,00,159.711,150,159.757,1.168,,,,,,,,,,,,,,,,,,,,,,,,,,,,,,,,,,,,,,,,,,,,
159.825,159.576,000000,159.657,0,,,,,,,159.261,0,159.279,208700100000,159.279,0,159.057,83,159.057,0,159.076,0,159.816,1.012,159.847,1.0130000000000001,159.847,25.200000000000003,159.757,81,159.847,-48,159.757,54.7,159.816,0,159.877,0.796,159.847,0.386,159.816,695,159.847,0008,159.847,01,159.816,10,159.816,55.5,159.816,0,159.816,0.78,159.877,3.3240000000000003,159.816,00,159.847,00,159.847,150,159.757,1.168,,,,,,,,,,,,,,,,,,,,,,,,,,,,,,,,,,,,,,,,,,,,
159.934,159.576,000000,159.657,0,,,,,,,159.261,0,159.279,208700100000,159.279,0,159.951,83,159.951,0,159.076,0,159.816,1.012,159.847,1.0130000000000001,159.847,25.200000000000003,159.908,81,159.908,-48,159.908,54.7,159.816,0,159.877,0.796,159.847,0.386,159.816,695,159.847,0008,159.847,01,159.816,10,159.816,55.5,159.816,0,159.816,0.78,159.877,3.3240000000000003,159.816,00,159.847,00,159.847,150,159.908,1.169,,,,,,,,,,,,,,,,,,,,,,,,,,,,,,,,,,,,,,,,,,,,
160.020,159.576,000000,159.657,0,,,,,,,159.261,0,159.279,208700100000,159.279,0,159.951,83,159.951,0,159.076,0,160.027,1.012,160.056,1.0130000000000001,160.056,25.3,160.027,81,160.056,-48,160.027,54.7,159.976,0,159.976,0.796,160.056,0.386,159.976,699,159.976,0008,160.056,01,160.027,10,160.027,55.5,160.027,0,160.027,0.78,159.976,3.3200000000000003,160.027,00,160.056,00,160.056,150,160.056,1.167,,,,,,,,,,,,,,,,,,,,,,,,,,,,,,,,,,,,,,,,,,,,
160.122,159.576,000000,159.657,0,,,,,,,160.131,0,159.279,208700100000,159.279,0,159.951,83,159.951,0,160.077,0,160.107,1.012,160.171,1.0130000000000001,160.171,25.3,160.171,81,160.171,-48,160.171,54.7,160.107,0,160.107,0.796,160.056,0.386,160.107,700,160.171,0008,160.056,01,160.107,10,160.107,55.5,160.107,0,160.171,0.78,160.107,3.322,160.171,00,160.056,00,160.056,150,160.056,1.167,,,,,,,,,,,,,,,,,,,,,,,,,,,,,,,,,,,,,,,,,,,,
160.222,159.576,000000,159.657,0,,,,,,,160.131,0,160.199,208700100000,160.199,0,159.951,83,159.951,0,160.077,0,160.248,1.012,160.277,1.0130000000000001,160.171,25.3,160.171,81,160.277,-48,160.171,54.7,160.248,0,160.248,0.796,160.277,0.386,160.248,697,160.277,0008,160.277,01,160.248,10,160.248,55.5,160.248,0,160.171,0.78,160.248,3.319,160.171,00,160.277,00,160.277,150,160.277,1.167,,,,,,,,,,,,,,,,,,,,,,,,,,,,,,,,,,,,,,,,,,,,
160.325,159.576,000000,159.657,0,,,,,,,160.131,0,160.199,208700100000,160.199,0,159.951,83,159.951,0,160.077,0,160.336,1.012,160.336,1.0130000000000001,160.336,25.3,160.336,81,160.277,-48,160.336,54.7,160.248,0,160.248,0.796,160.277,0.386,160.248,697,160.336,0008,160.277,01,160.374,10,160.248,55.5,160.248,0,160.336,0.78,160.248,3.319,160.336,00,160.277,00,160.277,150,160.277,1.167,,,,,,,,,,,,,,,,,,,,,,,,,,,,,,,,,,,,,,,,,,,,
160.420,159.576,000000,159.657,0,,,,,,,160.131,0,160.199,208700100000,160.199,0,159.951,83,159.951,0,160.077,0,160.336,1.012,160.336,1.0130000000000001,160.336,25.3,160.457,81,160.457,-48,160.457,54.7,160.374,0,160.374,0.796,160.457,0.386,160.374,692,160.336,0008,160.457,01,160.374,10,160.417,55.5,160.417,0,160.457,0.78,160.417,3.3200000000000003,160.457,00,160.277,00,160.277,150,160.277,1.167,,,,,,,,,,,,,,,,,,,,,,,,,,,,,,,,,,,,,,,,,,,,
160.533,159.576,000000,159.657,0,,,,,,,160.131,0,160.199,208700100000,160.199,0,159.951,83,159.951,0,160.077,0,160.536,1.012,160.497,1.0130000000000001,160.536,25.3,160.536,81,160.457,-48,160.457,54.7,160.497,0,160.497,0.796,160.457,0.386,160.536,693,160.497,0008,160.457,01,160.536,10,160.536,55.5,160.536,0,160.457,0.78,160.536,3.3200000000000003,160.457,00,160.497,00,160.497,150,160.497,1.166,,,,,,,,,,,,,,,,,,,,,,,,,,,,,,,,,,,,,,,,,,,,
160.622,159.576,000000,159.657,0,,,,,,,160.131,0,160.199,208700100000,160.199,0,160.658,83,160.658,0,160.077,0,160.608,1.012,160.637,1.0130000000000001,160.608,25.3,160.637,81,160.637,-48,160.571,54.7,160.571,0,160.608,0.796,160.637,0.386,160.608,695,160.637,0008,160.637,01,160.608,10,160.608,55.5,160.608,0,160.571,0.78,160.608,3.3200000000000003,160.571,00,160.637,00,160.637,150,160.497,1.166,,,,,,,,,,,,,,,,,,,,,,,,,,,,,,,,,,,,,,,,,,,,
160.721,159.576,000000,159.657,0,,,,,,,160.761,0,160.779,208700100000,160.779,0,160.658,83,160.658,0,160.681,0,160.717,1.012,160.747,1.0130000000000001,160.747,25.3,160.747,81,160.747,-48,160.747,54.7,160.717,0,160.717,0.796,160.637,0.386,160.717,695,160.637,0008,160.637,01,160.717,10,160.717,55.5,160.717,0,160.747,0.78,160.747,3.3200000000000003,160.747,00,160.637,00,160.637,150,160.717,1.167,,,,,,,,,,,,,,,,,,,,,,,,,,,,,,,,,,,,,,,,,,,,
160.821,159.576,000000,159.657,0,,,,,,,160.761,0,160.779,208700100000,160.779,0,160.658,83,160.658,0,160.681,0,160.808,1.012,160.847,1.0130000000000001,160.747,25.3,160.847,81,160.747,-48,160.847,54.7,160.808,0,160.808,0.796,160.808,0.386,160.847,697,160.808,0008,160.808,01,160.847,10,160.847,55.5,160.847,0,160.847,0.78,160.747,3.3200000000000003,160.747,00,160.808,00,160.808,150,160.717,1.167,,,,,,,,,,,,,,,,,,,,,,,,,,,,,,,,,,,,,,,,,,,,
160.924,159.576,000000,159.657,0,,,,,,,160.761,0,160.779,208700100000,160.779,0,160.658,83,160.658,0,160.681,0,160.957,1.012,160.997,1.0130000000000001,160.927,25.3,160.957,81,160.888,-48,160.957,54.7,160.888,0,160.927,0.796,160.957,0.386,160.847,697,160.957,0008,160.957,01,160.847,10,160.847,55.5,160.847,0,160.957,0.78,160.957,3.322,160.888,00,160.808,00,160.808,150,160.888,1.166,,,,,,,,,,,,,,,,,,,,,,,,,,,,,,,,,,,,,,,,,,,,
161.032,161.082,000000,159.657,0,,,,,,,160.761,0,160.779,208700100000,160.779,0,160.658,83,160.658,0,160.681,0,161.027,1.012,161.057,1.0130000000000001,160.997,25.3,161.027,81,161.027,-48,161.027,54.7,160.997,0,160.997,0.796,161.057,0.386,160.997,696,161.057,0008,161.057,01,161.027,10,161.027,55.5,161.027,0,161.027,0.78,160.957,3.322,161.057,00,161.057,00,161.057,150,161.057,1.165,,,,,,,,,,,,,,,,,,,,,,,,,,,,,,,,,,,,,,,,,,,,
161.131,161.082,000000,161.137,0,,,,,,,160.761,0,160.779,208700100000,160.779,0,160.658,83,160.658,0,160.681,0,161.118,1.012,161.171,1.0130000000000001,161.118,25.3,161.171,81,161.171,-48,161.171,54.7,161.118,0,161.118,0.796,161.171,0.386,161.118,694,161.057,0008,161.057,01,161.118,10,161.118,55.5,161.118,0,161.171,0.78,161.171,3.322,161.171,00,161.057,00,161.057,150,161.057,1.165,,,,,,,,,,,,,,,,,,,,,,,,,,,,,,,,,,,,,,,,,,,,
161.222,161.082,000000,161.137,0,,,,,,,160.761,0,160.779,208700100000,160.779,0,160.658,83,160.658,0,160.681,0,161.237,1.012,161.171,1.0130000000000001,161.118,25.3,161.171,81,161.171,-48,161.171,54.7,161.237,0,161.237,0.796,161.171,0.386,161.118,694,161.237,0008,161.237,01,161.118,10,161.118,55.5,161.118,0,161.171,0.78,161.171,3.322,161.171,00,161.237,00,161.237,150,161.237,1.165,,,,,,,,,,,,,,,,,,,,,,,,,,,,,,,,,,,,,,,,,,,,
161.321,161.082,000000,161.137,0,,,,,,,160.761,0,160.779,208700100000,160.779,0,161.316,83,161.316,0,160.681,0,161.347,1.012,161.347,1.0130000000000001,161.297,25.3,161.347,81,161.347,-48,161.297,54.7,161.237,0,161.237,0.796,161.347,0.386,161.297,695,161.237,0008,161.237,01,161.297,10,161.297,55.5,161.297,0,161.297,0.78,161.347,3.323,161.347,00,161.237,00,161.237,150,161.237,1.165,,,,,,,,,,,,,,,,,,,,,,,,,,,,,,,,,,,,,,,,,,,,
161.421,161.082,000000,161.137,0,,,,,,,161.471,0,160.779,208700100000,160.779,0,161.316,83,161.316,0,161.421,0,161.451,1.012,161.347,1.0130000000000001,161.451,25.3,161.451,81,161.347,-48,161.451,56.2,161.397,0,161.397,0.796,161.347,0.386,161.451,696,161.397,0008,161.397,01,161.451,10,161.451,55.5,161.297,0,161.297,0.78,161.451,3.3200000000000003,161.347,00,161.397,00,161.397,150,161.397,1.163,,,,,,,,,,,,,,,,,,,,,,,,,,,,,,,,,,,,,,,,,,,,
161.521,161.082,000000,161.137,0,,,,,,,161.471,0,160.779,208700100000,160.779,0,161.316,83,161.316,0,161.421,0,161.547,1.012,161.512,1.0130000000000001,161.451,25.3,161.547,81,161.547,-48,161.451,56.2,161.512,0,161.512,0.796,161.547,0.386,161.451,696,161.512,0008,161.512,01,161.451,10,161.451,55.5,161.512,0,161.512,0.78,161.547,3.322,161.547,00,161.512,00,161.547,150,161.547,1.163,,,,,,,,,,,,,,,,,,,,,,,,,,,,,,,,,,,,,,,,,,,,
161.621,161.082,000000,161.137,0,,,,,,,161.471,0,161.669,208700100000,161.669,0,161.316,83,161.316,0,161.421,0,161.617,1.012,161.648,1.0130000000000001,161.648,25.3,161.617,81,161.617,-48,161.648,56.2,161.577,0,161.577,0.796,161.617,0.386,161.648,692,161.617,0008,161.617,01,161.648,10,161.648,55.5,161.648,0,161.512,0.78,161.648,3.323,161.617,00,161.617,00,161.547,150,161.547,1.163,,,,,,,,,,,,,,,,,,,,,,,,,,,,,,,,,,,,,,,,,,,,
161.722,161.082,000000,161.137,0,,,,,,,161.471,0,161.669,208700100000,161.669,0,161.316,83,161.316,0,161.421,0,161.737,1.012,161.771,1.0130000000000001,161.771,25.3,161.771,81.7,161.771,-48,161.648,56.2,161.737,0,161.737,0.796,161.771,0.386,161.648,692,161.737,0008,161.737,01,161.648,10,161.648,55.5,161.648,0,161.737,0.78,161.771,3.322,161.771,00,161.737,00,161.737,150,161.771,1.162,,,,,,,,,,,,,,,,,,,,,,,,,,,,,,,,,,,,,,,,,,,,
161.834,161.082,000000,161.137,0,,,,,,,161.471,0,161.669,208700100000,161.669,0,161.796,83,161.796,0,161.421,0,161.827,1.012,161.827,1.0130000000000001,161.827,25.3,161.771,81.7,161.771,-48,161.827,56.2,161.737,0,161.737,0.796,161.771,0.386,161.827,694,161.737,0008,161.737,01,161.827,10,161.827,55.5,161.827,0,161.737,0.78,161.771,3.322,161.771,00,161.737,00,161.737,150,161.771,1.162,,,,,,,,,,,,,,,,,,,,,,,,,,,,,,,,,,,,,,,,,,,,
161.920,161.082,000000,161.137,0,,,,,,,161.471,0,161.669,208700100000,161.669,0,161.796,83,161.796,0,161.421,0,161.947,1.012,161.827,1.0130000000000001,161.827,25.3,161.947,81,161.947,-48,161.827,56.2,161.897,0,161.897,0.796,161.947,0.386,161.976,698,161.897,0008,161.897,01,161.976,10,161.976,55.5,161.976,0,161.897,0.78,161.947,3.3200000000000003,161.947,00,161.897,00,161.947,150,161.947,1.163,,,,,,,,,,,,,,,,,,,,,,,,,,,,,,,,,,,,,,,,,,,,
162.031,162.097,000000,161.137,0,,,,,,,162.071,0,161.669,208700100000,161.669,0,161.796,83,161.796,0,162.057,0,162.007,1.012,162.037,1.0130000000000001,162.037,25.3,162.007,81,162.037,-48,162.037,56.2,161.976,0,162.007,0.796,162.037,0.386,161.976,698,162.007,0008,162.007,01,161.976,10,161.976,55.5,161.976,0,162.007,0.78,162.037,3.3200000000000003,162.037,00,162.007,00,162.007,150,162.037,1.162,,,,,,,,,,,,,,,,,,,,,,,,,,,,,,,,,,,,,,,,,,,,
162.123,162.097,000000,161.137,0,,,,,,,162.071,0,161.669,208700100000,161.669,0,161.796,83,161.796,0,162.057,0,162.127,1.012,162.037,1.0130000000000001,162.037,25.3,162.007,81,162.037,-48,162.037,56.2,161.976,0,162.007,0.796,162.037,0.386,161.976,698,162.007,0008,162.007,01,161.976,10,161.976,55.5,161.976,0,162.007,0.78,162.037,3.3200000000000003,162.037,00,162.007,00,162.007,150,162.037,1.162,,,,,,,,,,,,,,,,,,,,,,,,,,,,,,,,,,,,,,,,,,,,
162.221,162.097,000000,162.268,0,,,,,,,162.071,0,161.669,208700100000,161.669,0,161.796,83,161.796,0,162.057,0,162.217,1.012,162.247,1.0130000000000001,162.217,25.3,162.247,81.7,162.247,-48,162.247,56.2,162.217,0,162.217,0.796,162.247,0.386,162.247,691,162.247,0008,162.176,01,162.247,10,162.127,55.5,162.127,0,162.176,0.78,162.217,3.3200000000000003,162.217,00,162.176,00,162.176,150,162.217,1.162,,,,,,,,,,,,,,,,,,,,,,,,,,,,,,,,,,,,,,,,,,,,
162.321,162.097,000000,162.268,0,,,,,,,162.071,0,161.669,208700100000,161.669,0,161.796,83,161.796,0,162.057,0,162.317,1.012,162.247,1.0130000000000001,162.217,25.3,162.247,81.7,162.247,-48,162.247,56.2,162.317,0,162.317,0.796,162.247,0.386,162.247,691,162.317,0008,162.317,01,162.247,10,162.317,55.5,162.317,0,162.317,0.78,162.217,3.3200000000000003,162.217,00,162.176,00,162.176,150,162.217,1.162,,,,,,,,,,,,,,,,,,,,,,,,,,,,,,,,,,,,,,,,,,,,
162.421,162.097,000000,162.268,0,,,,,,,162.071,0,161.669,208700100000,161.669,0,161.796,83,161.796,0,162.057,0,162.317,1.012,162.396,1.0130000000000001,162.396,25.3,162.396,81.7,162.396,-48,162.428,56.2,162.317,0,162.317,0.796,162.396,0.386,162.428,686,162.317,0008,162.317,01,162.457,10,162.457,55.5,162.457,0,162.317,0.78,162.396,3.323,162.428,00,162.396,00,162.396,150,162.428,1.161,,,,,,,,,,,,,,,,,,,,,,,,,,,,,,,,,,,,,,,,,,,,
162.521,162.097,000000,162.268,0,,,,,,,162.071,0,162.569,208700100000,162.569,0,162.586,83,162.586,0,162.057,0,162.517,1.012,162.517,1.0130000000000001,162.488,25.3,162.517,81.7,162.517,-48,162.428,56.2,162.488,0,162.488,0.796,162.517,0.391,162.428,686,162.488,0008,162.488,01,162.457,10,162.457,55.5,162.457,0,162.488,0.78,162.517,3.3200000000000003,162.428,00,162.517,00,162.517,150,162.428,1.161,,,,,,,,,,,,,,,,,,,,,,,,,,,,,,,,,,,,,,,,,,,,
162.621,162.097,000000,162.268,0,,,,,,,162.071,0,162.569,208700100000,162.569,0,162.586,83,162.586,0,162.671,0,162.617,1.012,162.648,1.0130000000000001,162.617,25.3,162.648,81.7,162.648,-48,162.617,56.2,162.648,0,162.488,0.796,162.648,0.391,162.617,696,162.488,0008,162.488,01,162.617,10,162.617,55.5,162.648,0,162.488,0.78,162.517,3.3200000000000003,162.617,00,162.648,00,162.648,150,162.617,1.16,,,,,,,,,,,,,,,,,,,,,,,,,,,,,,,,,,,,,,,,,,,,
162.731,162.097,000000,162.268,0,,,,,,,162.686,0,162.569,208700100000,162.569,0,162.586,83,162.586,0,162.671,0,162.728,1.012,162.756,1.0130000000000001,162.617,25.3,162.756,81.7,162.756,-48,162.728,56.2,162.648,0,162.728,0.796,162.648,0.391,162.728,694,162.728,0008,162.728,01,162.756,10,162.756,55.5,162.756,0,162.728,0.78,162.728,3.322,162.756,00,162.648,00,162.648,150,162.756,1.16,,,,,,,,,,,,,,,,,,,,,,,,,,,,,,,,,,,,,,,,,,,,
162.821,162.097,000000,162.268,0,,,,,,,162.686,0,162.569,208700100000,162.569,0,162.586,83,162.586,0,162.671,0,162.817,1.012,162.847,1.0130000000000001,162.817,25.3,162.847,81.7,162.847,-48,162.877,56.2,162.817,0,162.847,0.796,162.817,0.386,162.847,700,162.847,0008,162.847,01,162.756,10,162.756,55.5,162.756,0,162.847,0.78,162.817,3.322,162.756,00,162.817,00,162.817,150,162.756,1.16,,,,,,,,,,,,,,,,,,,,,,,,,,,,,,,,,,,,,,,,,,,,
162.933,162.097,000000,162.268,0,,,,,,,162.686,0,162.960,208700100000,162.960,0,162.586,83,162.586,0,162.671,0,162.937,1.012,162.937,1.0130000000000001,162.817,25.3,162.937,81.7,162.937,-48,162.877,56.2,162.817,0,162.937,0.796,162.817,0.386,162.847,700,162.937,0008,162.937,01,162.908,10,162.908,55.5,162.908,0,162.937,0.78,162.817,3.322,162.908,00,162.817,00,162.817,150,162.908,1.158,,,,,,,,,,,,,,,,,,,,,,,,,,,,,,,,,,,,,,,,,,,,
163.024,162.097,000000,162.268,0,,,,,,,162.686,0,162.960,208700100000,162.960,0,162.981,83,162.981,0,163.079,0,163.027,1.012,163.057,1.0130000000000001,163.027,25.400000000000002,163.057,81.7,162.937,-48,163.027,56.2,163.027,0,162.937,0.796,163.027,0.386,163.057,699,162.937,0008,162.937,01,163.057,10,163.057,55.5,163.057,0,162.937,0.78,163.027,3.319,163.057,00,163.027,00,163.027,150,163.057,1.157,,,,,,,,,,,,,,,,,,,,,,,,,,,,,,,,,,,,,,,,,,,,
163.133,162.097,000000,162.268,0,,,,,,,162.686,0,162.960,208700100000,162.960,0,162.981,83,162.981,0,163.079,0,163.107,1.012,163.136,1.0130000000000001,163.107,25.400000000000002,163.057,81.7,163.107,-48,163.136,56.2,163.107,0,163.107,0.796,163.136,0.386,163.057,699,163.107,0008,163.107,01,163.136,10,163.136,55.5,163.057,0,163.107,0.78,163.136,3.3200000000000003,163.057,00,163.136,00,163.136,150,163.057,1.157,,,,,,,,,,,,,,,,,,,,,,,,,,,,,,,,,,,,,,,,,,,,
163.220,163.178,000000,163.281,0,,,,,,,163.151,0,162.960,208700100000,162.960,0,162.981,83,162.981,0,163.079,0,163.213,1.012,163.256,1.0130000000000001,163.256,25.3,163.213,81.7,163.256,-48,163.136,56.2,163.256,0,163.213,0.796,163.136,0.386,163.256,692,163.213,0008,163.213,01,163.256,10,163.256,55.5,163.213,0,163.256,0.78,163.136,3.3200000000000003,163.213,00,163.136,00,163.136,150,163.213,1.158,,,,,,,,,,,,,,,,,,,,,,,,,,,,,,,,,,,,,,,,,,,,
163.322,163.178,000000,163.281,0,,,,,,,163.151,0,162.960,208700100000,162.960,0,162.981,83,162.981,0,163.079,0,163.311,1.012,163.348,1.0130000000000001,163.256,25.3,163.348,81.7,163.256,-48,163.311,56.2,163.256,0,163.311,0.796,163.311,0.386,163.348,703,163.311,0008,163.311,01,163.348,10,163.348,55.5,163.348,0,163.256,0.78,163.311,3.3200000000000003,163.348,00,163.311,00,163.348,150,163.213,1.158,,,,,,,,,,,,,,,,,,,,,,,,,,,,,,,,,,,,,,,,,,,,
163.421,163.178,000000,163.281,0,,,,,,,163.151,0,162.960,208700100000,162.960,0,162.981,83,162.981,0,163.079,0,163.457,1.012,163.348,1.0130000000000001,163.457,25.3,163.457,81.7,163.387,-48,163.427,56.2,163.457,0,163.387,0.796,163.457,0.386,163.348,703,163.387,0008,163.387,01,163.348,10,163.348,55.5,163.348,0,163.457,0.78,163.457,3.3200000000000003,163.348,00,163.457,00,163.348,150,163.387,1.157,,,,,,,,,,,,,,,,,,,,,,,,,,,,,,,,,,,,,,,,,,,,
163.521,163.178,000000,163.281,0,,,,,,,163.151,0,162.960,208700100000,162.960,0,162.981,83,162.981,0,163.079,0,163.536,1.012,163.571,1.0130000000000001,163.457,25.3,163.536,81.7,163.571,-48,163.571,56.2,163.457,0,163.571,0.796,163.457,0.386,163.536,699,163.571,0008,163.571,01,163.536,10,163.536,55.5,163.536,0,163.457,0.78,163.457,3.3200000000000003,163.571,00,163.457,00,163.536,150,163.571,1.157,,,,,,,,,,,,,,,,,,,,,,,,,,,,,,,,,,,,,,,,,,,,
163.622,163.178,000000,163.281,0,,,,,,,163.151,0,162.960,208700100000,162.960,0,162.981,83,162.981,0,163.079,0,163.617,1.012,163.648,1.0130000000000001,163.617,25.3,163.648,81.7,163.571,-48,163.571,56.2,163.617,0,163.571,0.796,163.617,0.386,163.617,698,163.571,0008,163.571,01,163.648,10,163.648,55.5,163.648,0,163.617,0.78,163.617,3.3200000000000003,163.648,00,163.617,00,163.648,150,163.648,1.158,,,,,,,,,,,,,,,,,,,,,,,,,,,,,,,,,,,,,,,,,,,,
163.720,163.178,000000,163.281,0,,,,,,,163.151,0,163.739,208700100000,163.739,0,162.981,83,162.981,0,163.079,0,163.717,1.012,163.777,1.0130000000000001,163.717,25.3,163.648,81.7,163.717,-48,163.717,56.2,163.717,0,163.717,0.796,163.777,0.386,163.777,702,163.717,0008,163.717,01,163.777,10,163.777,55.5,163.648,0,163.777,0.78,163.777,3.3200000000000003,163.648,00,163.777,00,163.648,150,163.648,1.158,,,,,,,,,,,,,,,,,,,,,,,,,,,,,,,,,,,,,,,,,,,,
163.821,163.178,000000,163.281,0,,,,,,,163.151,0,163.739,208700100000,163.739,0,163.796,83,163.796,0,163.817,0,163.857,1.012,163.777,1.0130000000000001,163.857,25.3,163.857,81.7,163.717,-48,163.857,56.2,163.717,0,163.717,0.796,163.777,0.386,163.777,702,163.717,0008,163.717,01,163.777,10,163.777,55.5,163.857,0,163.777,0.78,163.777,3.3200000000000003,163.857,00,163.777,00,163.857,150,163.857,1.157,,,,,,,,,,,,,,,,,,,,,,,,,,,,,,,,,,,,,,,,,,,,
163.921,163.178,000000,163.281,0,,,,,,,163.151,0,163.739,208700100000,163.739,0,163.796,83,163.796,0,163.817,0,163.948,1.012,163.888,1.0130000000000001,163.948,25.3,163.857,81.7,163.888,-48,163.857,56.2,163.888,0,163.888,0.796,163.948,0.386,163.948,695,163.888,0008,163.888,01,163.948,10,163.948,55.5,163.857,0,163.948,0.78,163.948,3.3200000000000003,163.857,00,163.777,00,163.857,150,163.857,1.157,,,,,,,,,,,,,,,,,,,,,,,,,,,,,,,,,,,,,,,,,,,,
164.021,163.178,000000,163.281,0,,,,,,,164.090,0,163.739,208700100000,163.739,0,163.796,83,163.796,0,163.817,0,164.028,1.012,164.061,1.0130000000000001,163.948,25.3,163.991,81.7,164.061,-48,163.991,56.2,164.061,0,164.061,0.796,164.028,0.386,164.028,699,164.061,0008,163.991,01,164.028,10,164.061,55.5,164.028,0,164.061,0.78,164.061,3.319,164.028,00,163.991,00,164.028,150,164.028,1.155,,,,,,,,,,,,,,,,,,,,,,,,,,,,,,,,,,,,,,,,,,,,
164.135,163.178,000000,163.281,0,,,,,,,164.090,0,163.739,208700100000,163.739,0,163.796,83,163.796,0,163.817,0,164.117,1.012,164.148,1.0130000000000001,164.148,25.400000000000002,164.117,81.7,164.061,-48,164.117,56.2,164.061,0,164.061,0.796,164.148,0.391,164.148,696,164.061,0008,164.117,01,164.148,10,164.148,55.5,164.117,0,164.148,0.78,164.148,3.318,164.117,00,163.991,00,164.117,150,164.117,1.155,,,,,,,,,,,,,,,,,,,,,,,,,,,,,,,,,,,,,,,,,,,,
164.227,163.178,000000,163.281,0,,,,,,,164.090,0,163.739,208700100000,163.739,0,163.796,83,163.796,0,163.817,0,164.211,1.012,164.148,1.0130000000000001,164.148,25.400000000000002,164.211,81.7,164.211,-48,164.211,56.2,164.211,0,164.211,0.796,164.148,0.391,164.148,696,164.211,0008,164.117,01,164.148,10,164.148,55.5,164.287,0,164.148,0.78,164.148,3.318,164.117,00,164.211,00,164.117,150,164.117,1.155,,,,,,,,,,,,,,,,,,,,,,,,,,,,,,,,,,,,,,,,,,,,
164.320,163.178,000000,163.281,0,,,,,,,164.090,0,164.242,208700100000,164.242,0,164.345,84,164.345,0,163.817,0,164.317,1.012,164.287,1.0130000000000001,164.287,25.3,164.317,81.7,164.211,-48,164.317,56.2,164.211,0,164.211,0.796,164.287,0.391,164.287,697,164.211,0008,164.317,01,164.317,10,164.317,55.5,164.287,0,164.317,0.78,164.317,3.3200000000000003,164.287,00,164.211,00,164.287,150,164.287,1.156,,,,,,,,,,,,,,,,,,,,,,,,,,,,,,,,,,,,,,,,,,,,
164.422,163.178,000000,163.281,0,,,,,,,164.090,0,164.242,208700100000,164.242,0,164.345,84,164.345,0,163.817,0,164.317,1.012,164.378,1.0130000000000001,164.427,25.3,164.427,81.7,164.378,-48,164.427,56.2,164.378,0,164.378,0.796,164.427,0.386,164.427,692,164.378,0008,164.378,01,164.317,10,164.317,55.5,164.427,0,164.317,0.78,164.317,3.3200000000000003,164.427,00,164.378,00,164.287,150,164.287,1.156,,,,,,,,,,,,,,,,,,,,,,,,,,,,,,,,,,,,,,,,,,,,
164.523,163.178,000000,163.281,0,,,,,,,164.090,0,164.242,208700100000,164.242,0,164.345,84,164.345,0,163.817,0,164.483,1.012,164.527,1.0130000000000001,164.427,25.3,164.527,81.7,164.483,-48,164.527,56.2,164.483,0,164.483,0.796,164.557,0.391,164.427,692,164.483,0008,164.527,01,164.527,10,164.527,55.5,164.427,0,164.527,0.78,164.527,3.319,164.427,00,164.483,00,164.483,150,164.483,1.155,,,,,,,,,,,,,,,,,,,,,,,,,,,,,,,,,,,,,,,,,,,,
164.621,163.178,000000,163.281,0,,,,,,,164.090,0,164.242,208700100000,164.242,0,164.345,84,164.345,0,164.607,0,164.647,1.012,164.588,1.0130000000000001,164.647,25.3,164.647,81.7,164.588,-48,164.647,56.2,164.588,0,164.588,0.796,164.647,0.386,164.557,692,164.588,0008,164.647,01,164.588,10,164.588,55.5,164.557,0,164.647,0.78,164.647,3.3200000000000003,164.557,00,164.588,00,164.557,150,164.557,1.154,,,,,,,,,,,,,,,,,,,,,,,,,,,,,,,,,,,,,,,,,,,,
164.721,163.178,000000,163.281,0,,,,,,,164.697,0,164.242,208700100000,164.242,0,164.345,84,164.345,0,164.607,0,164.751,1.012,164.676,1.0130000000000001,164.647,25.3,164.751,81.7,164.676,-48,164.751,56.2,164.676,0,164.751,0.796,164.647,0.386,164.676,690,164.751,0008,164.647,01,164.751,10,164.751,55.5,164.676,0,164.647,0.78,164.647,3.3200000000000003,164.676,00,164.751,00,164.676,150,164.676,1.155,,,,,,,,,,,,,,,,,,,,,,,,,,,,,,,,,,,,,,,,,,,,
164.824,164.811,000000,164.829,0,,,,,,,164.697,0,164.242,208700100000,164.242,0,164.345,84,164.345,0,164.607,0,164.857,1.012,164.791,1.0130000000000001,164.791,25.3,164.751,81.7,164.791,-48,164.751,56.2,164.791,0,164.751,0.796,164.791,0.386,164.676,690,164.751,0008,164.791,01,164.751,10,164.751,55.5,164.676,0,164.791,0.78,164.791,3.3200000000000003,164.676,00,164.751,00,164.676,150,164.676,1.155,,,,,,,,,,,,,,,,,,,,,,,,,,,,,,,,,,,,,,,,,,,,
164.922,164.811,000000,164.829,0,,,,,,,164.697,0,164.242,208700100000,164.242,0,164.345,84,164.345,0,164.607,0,164.857,1.012,164.917,1.0130000000000001,164.791,25.3,164.857,81.7,164.917,-48,164.857,56.2,164.917,0,164.917,0.796,164.791,0.386,164.976,684,164.947,0008,164.976,01,164.947,10,164.947,55.5,164.976,0,164.976,0.78,164.976,3.3200000000000003,164.976,00,164.947,00,164.857,150,164.857,1.154,,,,,,,,,,,,,,,,,,,,,,,,,,,,,,,,,,,,,,,,,,,,
165.022,164.811,000000,164.829,0,,,,,,,164.697,0,164.242,208700100000,164.242,0,164.345,84,164.345,0,164.607,0,165.008,1.012,165.037,1.0130000000000001,165.008,25.3,165.008,81.7,165.037,-48,165.008,56.2,165.037,0,165.037,0.796,165.008,0.391,164.976,684,165.037,0008,164.976,01,165.037,10,165.037,55.5,164.976,0,164.976,0.78,164.976,3.3200000000000003,164.976,00,165.037,00,165.008,150,165.008,1.155,,,,,,,,,,,,,,,,,,,,,,,,,,,,,,,,,,,,,,,,,,,,
165.123,164.811,000000,164.829,0,,,,,,,164.697,0,165.191,208700100000,164.242,0,164.345,84,164.345,0,164.607,0,165.118,1.012,165.148,1.0130000000000001,165.148,25.400000000000002,165.118,81.7,165.148,-48,165.118,56.2,165.148,0,165.037,0.796,165.148,0.386,165.118,689,165.037,0008,165.118,01,165.037,10,165.037,55.5,165.118,0,165.118,0.78,165.118,3.3200000000000003,165.148,00,165.037,00,165.148,150,165.148,1.1520000000000001,,,,,,,,,,,,,,,,,,,,,,,,,,,,,,,,,,,,,,,,,,,,
165.221,164.811,000000,164.829,0,,,,,,,164.697,0,165.191,208700100000,165.191,0,165.275,84,165.275,0,164.607,0,165.228,1.012,165.257,1.0130000000000001,165.257,25.400000000000002,165.228,81.7,165.148,-48,165.228,56.2,165.148,0,165.228,0.796,165.148,0.386,165.257,691,165.228,0008,165.257,01,165.228,10,165.228,55.5,165.257,0,165.257,0.78,165.257,3.319,165.257,00,165.228,00,165.148,150,165.148,1.1520000000000001,,,,,,,,,,,,,,,,,,,,,,,,,,,,,,,,,,,,,,,,,,,,
165.332,164.811,000000,164.829,0,,,,,,,164.697,0,165.191,208700100000,165.191,0,165.275,84,165.275,0,165.332,0,165.308,1.012,165.373,1.0130000000000001,165.257,25.400000000000002,165.373,81.7,165.308,-48,165.373,56.2,165.308,0,165.308,0.796,165.308,0.386,165.373,692,165.308,0008,165.373,01,165.373,10,165.373,55.5,165.257,0,165.257,0.78,165.257,3.319,165.257,00,165.373,00,165.308,150,165.308,1.1520000000000001,,,,,,,,,,,,,,,,,,,,,,,,,,,,,,,,,,,,,,,,,,,,
165.425,164.811,000000,164.829,0,,,,,,,164.697,0,165.191,208700100000,165.191,0,165.275,84,165.275,0,165.332,0,165.308,1.012,165.373,1.0130000000000001,165.408,25.3,165.373,81.7,165.308,-48,165.373,56.2,165.308,0,165.437,0.796,165.308,0.386,165.472,693,165.308,0008,165.373,01,165.373,10,165.373,55.5,165.408,0,165.408,0.78,165.408,3.3200000000000003,165.408,00,165.373,00,165.308,150,165.308,1.1520000000000001,,,,,,,,,,,,,,,,,,,,,,,,,,,,,,,,,,,,,,,,,,,,
