t_s,Batterie_Spannung_KL_30_t_s,Batterie_Spannung_KL_30,Horn_t_s,Horn,Linker Hebel vertikal 1 (Blinker rechts)_t_s,Linker Hebel vertikal 1 (Blinker rechts),Linker Hebel horizintal (Licht)_t_s,Linker Hebel horizintal (Licht),Linker Hebel vertikal 2 (Blinker Links)_t_s,Linker Hebel vertikal 2 (Blinker Links),Linker Hebel axial 1 (FAS)_t_s,Linker Hebel axial 1 (FAS),Linker Hebel axial 2 (GRA Set/Rest)_t_s,Linker Hebel axial 2 (GRA Set/Rest),Linker Hebel axial 3 (ON/CANCEL/OFF)_t_s,Linker Hebel axial 3 (ON/CANCEL/OFF),Rechter Hebel horizontal (Heckwischer)_t_s,Rechter Hebel horizontal (Heckwischer),Rechter Hebel vertikal (Frontwischer)_t_s,Rechter Hebel vertikal (Frontwischer),Rechter Hebel axial 1/2 (MFA Wippe)_t_s,Rechter Hebel axial 1/2 (MFA Wippe),Rechter Hebel axial 3 (Intervalstufen)_t_s,Rechter Hebel axial 3 (Intervalstufen),GRA Hebel vertikal (Plus/Minus)_t_s,GRA Hebel vertikal (Plus/Minus),GRA Hebel axial (Set)_t_s,GRA Hebel axial (Set),GRA Hebel axial (Set+ACC)_t_s,GRA Hebel axial (Set+ACC),GRA leitung_t_s,GRA leitung,P_Verriegelt_t_s,P_Verriegelt,Cruise control set speed_t_s,Cruise control set speed,Cruise control status_t_s,Cruise control status,Cruise_control_switch_bin_t_s,Cruise_control_switch_bin,Cruise control switch coding_t_s,Cruise control switch coding,Speed limiter function_t_s,Speed limiter function,Speed limiter button_t_s,Speed limiter button,Cruise control master switch (CAN)_t_s,Cruise control master switch (CAN),Cruise control switch verified_t_s,Cruise control switch verified,Cruise control master switch_t_s,Cruise control master switch,Cruise control, cancel_t_s,Cruise control, cancel,Cruise control, decelerate_t_s,Cruise control, decelerate,Cruise control, accelerate_t_s,Cruise control, accelerate,Cruise control, set_t_s,Cruise control, set,Cruise control, resume_t_s,Cruise control, resume,Cruise control, large increment_t_s,Cruise control, large increment,Status_t_s,Status
24.982,,,,,,,,,,,,,,,,,,,,,,,,,,,,,,,,,,,,,,,,,,,,,,,,,,,,,,,,,,,,,,,,,,
25.082,25.021,14.200000000000001,25.021,8E8600005CA881CDCDA7A781F9A8A7F8F9F9FF01ED000000,25.021,8E8600005CA881CDCDA7A781F9A8A7F8F9F9FF01ED000000,25.021,8E8600005CA881CDCDA7A781F9A8A7F8F9F9FF01ED000000,25.021,8E8600005CA881CDCDA7A781F9A8A7F8F9F9FF01ED000000,25.021,8E8600005CA881CDCDA7A781F9A8A7F8F9F9FF01ED000000,25.021,8E8600005CA881CDCDA7A781F9A8A7F8F9F9FF01ED000000,25.021,8E8600005CA881CDCDA7A781F9A8A7F8F9F9FF01ED000000,25.021,8E8600005CA881CDCDA7A781F9A8A7F8F9F9FF01ED000000,25.021,8E8600005CA881CDCDA7A781F9A8A7F8F9F9FF01ED000000,25.021,8E8600005CA881CDCDA7A781F9A8A7F8F9F9FF01ED000000,25.021,8E8600005CA881CDCDA7A781F9A8A7F8F9F9FF01ED000000,25.021,8E8600005CA881CDCDA7A781F9A8A7F8F9F9FF01ED000000,25.021,8E8600005CA881CDCDA7A781F9A8A7F8F9F9FF01ED000000,25.021,8E8600005CA881CDCDA7A781F9A8A7F8F9F9FF01ED000000,25.021,1,25.021,237,25.062,0,,,,,,,,,,,,,,,,,,,,,,,,,,,,,,
25.182,25.111,14.200000000000001,25.111,8E8600005BA880CDCDA6A780F9A7A6F8F9F9FF01ED000000,25.111,8E8600005BA880CDCDA6A780F9A7A6F8F9F9FF01ED000000,25.111,8E8600005BA880CDCDA6A780F9A7A6F8F9F9FF01ED000000,25.111,8E8600005BA880CDCDA6A780F9A7A6F8F9F9FF01ED000000,25.111,8E8600005BA880CDCDA6A780F9A7A6F8F9F9FF01ED000000,25.111,8E8600005BA880CDCDA6A780F9A7A6F8F9F9FF01ED000000,25.111,8E8600005BA880CDCDA6A780F9A7A6F8F9F9FF01ED000000,25.111,8E8600005BA880CDCDA6A780F9A7A6F8F9F9FF01ED000000,25.111,8E8600005BA880CDCDA6A780F9A7A6F8F9F9FF01ED000000,25.111,8E8600005BA880CDCDA6A780F9A7A6F8F9F9FF01ED000000,25.111,8E8600005BA880CDCDA6A780F9A7A6F8F9F9FF01ED000000,25.111,8E8600005BA880CDCDA6A780F9A7A6F8F9F9FF01ED000000,25.111,8E8600005BA880CDCDA6A780F9A7A6F8F9F9FF01ED000000,25.111,8E8600005BA880CDCDA6A780F9A7A6F8F9F9FF01ED000000,25.111,1,25.111,237,25.144,0,25.144,0000,,,,,,,,,,,,,,,,,,,,,,,,,,,,
25.281,25.231,14.200000000000001,25.231,8E8600005CA881CDCDA7A881F9A8A7F8F9F9FF01ED000000,25.231,8E8600005CA881CDCDA7A881F9A8A7F8F9F9FF01ED000000,25.231,8E8600005CA881CDCDA7A881F9A8A7F8F9F9FF01ED000000,25.231,8E8600005CA881CDCDA7A881F9A8A7F8F9F9FF01ED000000,25.231,8E8600005CA881CDCDA7A881F9A8A7F8F9F9FF01ED000000,25.231,8E8600005CA881CDCDA7A881F9A8A7F8F9F9FF01ED000000,25.231,8E8600005CA881CDCDA7A881F9A8A7F8F9F9FF01ED000000,25.231,8E8600005CA881CDCDA7A881F9A8A7F8F9F9FF01ED000000,25.231,8E8600005CA881CDCDA7A881F9A8A7F8F9F9FF01ED000000,25.231,8E8600005CA881CDCDA7A881F9A8A7F8F9F9FF01ED000000,25.231,8E8600005CA881CDCDA7A881F9A8A7F8F9F9FF01ED000000,25.231,8E8600005CA881CDCDA7A881F9A8A7F8F9F9FF01ED000000,25.231,8E8600005CA881CDCDA7A881F9A8A7F8F9F9FF01ED000000,25.231,8E8600005CA881CDCDA7A881F9A8A7F8F9F9FF01ED000000,25.231,1,25.231,237,25.256,0,25.256,0000,25.296,8192,25.296,2000,25.296,2000,25.296,2000,25.296,2000,25.296,2000,25.296,2000,25.296,2000,25.296,2000,25.296,2000,25.296,2000,25.296,2000,25.296,2000,25.296,2000
25.383,25.341,14.100000000000001,25.341,8D8500005CA881CDCDA7A781F9A8A7F8F9F9FF01ED000000,25.341,8D8500005CA881CDCDA7A781F9A8A7F8F9F9FF01ED000000,25.341,8D8500005CA881CDCDA7A781F9A8A7F8F9F9FF01ED000000,25.341,8D8500005CA881CDCDA7A781F9A8A7F8F9F9FF01ED000000,25.341,8D8500005CA881CDCDA7A781F9A8A7F8F9F9FF01ED000000,25.341,8D8500005CA881CDCDA7A781F9A8A7F8F9F9FF01ED000000,25.341,8D8500005CA881CDCDA7A781F9A8A7F8F9F9FF01ED000000,25.341,8D8500005CA881CDCDA7A781F9A8A7F8F9F9FF01ED000000,25.341,8D8500005CA881CDCDA7A781F9A8A7F8F9F9FF01ED000000,25.341,8D8500005CA881CDCDA7A781F9A8A7F8F9F9FF01ED000000,25.341,8D8500005CA881CDCDA7A781F9A8A7F8F9F9FF01ED000000,25.341,8D8500005CA881CDCDA7A781F9A8A7F8F9F9FF01ED000000,25.341,8D8500005CA881CDCDA7A781F9A8A7F8F9F9FF01ED000000,25.341,8D8500005CA881CDCDA7A781F9A8A7F8F9F9FF01ED000000,25.341,1,25.341,237,25.369,0,25.369,0000,25.296,8192,25.296,2000,25.296,2000,25.296,2000,25.296,2000,25.296,2000,25.296,2000,25.296,2000,25.296,2000,25.296,2000,25.296,2000,25.296,2000,25.296,2000,25.296,2000
25.482,25.441,14.100000000000001,25.441,8D8500005BA881CDCDA7A781F9A8A7F8F9F9FF01ED000000,25.441,8D8500005BA881CDCDA7A781F9A8A7F8F9F9FF01ED000000,25.441,8D8500005BA881CDCDA7A781F9A8A7F8F9F9FF01ED000000,25.441,8D8500005BA881CDCDA7A781F9A8A7F8F9F9FF01ED000000,25.441,8D8500005BA881CDCDA7A781F9A8A7F8F9F9FF01ED000000,25.441,8D8500005BA881CDCDA7A781F9A8A7F8F9F9FF01ED000000,25.441,8D8500005BA881CDCDA7A781F9A8A7F8F9F9FF01ED000000,25.441,8D8500005BA881CDCDA7A781F9A8A7F8F9F9FF01ED000000,25.441,8D8500005BA881CDCDA7A781F9A8A7F8F9F9FF01ED000000,25.441,8D8500005BA881CDCDA7A781F9A8A7F8F9F9FF01ED000000,25.441,8D8500005BA881CDCDA7A781F9A8A7F8F9F9FF01ED000000,25.441,8D8500005BA881CDCDA7A781F9A8A7F8F9F9FF01ED000000,25.441,8D8500005BA881CDCDA7A781F9A8A7F8F9F9FF01ED000000,25.441,8D8500005BA881CDCDA7A781F9A8A7F8F9F9FF01ED000000,25.441,1,25.441,237,25.457,0,25.457,0000,25.457,8192,25.457,2000,25.457,2000,25.457,2000,25.457,2000,25.457,2000,25.457,2000,25.457,2000,25.457,2000,25.457,2000,25.457,2000,25.457,2000,25.457,2000,25.457,2000
25.584,25.521,14.100000000000001,25.521,8D8500005CA981CDCDA7A881F9A9A7F9F9F9FF01ED000000,25.521,8D8500005CA981CDCDA7A881F9A9A7F9F9F9FF01ED000000,25.521,8D8500005CA981CDCDA7A881F9A9A7F9F9F9FF01ED000000,25.521,8D8500005CA981CDCDA7A881F9A9A7F9F9F9FF01ED000000,25.521,8D8500005CA981CDCDA7A881F9A9A7F9F9F9FF01ED000000,25.521,8D8500005CA981CDCDA7A881F9A9A7F9F9F9FF01ED000000,25.521,8D8500005CA981CDCDA7A881F9A9A7F9F9F9FF01ED000000,25.521,8D8500005CA981CDCDA7A881F9A9A7F9F9F9FF01ED000000,25.521,8D8500005CA981CDCDA7A881F9A9A7F9F9F9FF01ED000000,25.521,8D8500005CA981CDCDA7A881F9A9A7F9F9F9FF01ED000000,25.521,8D8500005CA981CDCDA7A881F9A9A7F9F9F9FF01ED000000,25.521,8D8500005CA981CDCDA7A881F9A9A7F9F9F9FF01ED000000,25.521,8D8500005CA981CDCDA7A881F9A9A7F9F9F9FF01ED000000,25.521,8D8500005CA981CDCDA7A881F9A9A7F9F9F9FF01ED000000,25.521,1,25.521,237,25.547,0,25.547,0000,25.547,8192,25.547,2000,25.547,2000,25.547,2000,25.547,2000,25.547,2000,25.547,2000,25.547,2000,25.547,2000,25.547,2000,25.547,2000,25.547,2000,25.547,2000,25.547,2000
25.683,25.711,14.100000000000001,25.711,8D8500005BA881CDCDA7A781F9A8A7F8F9F9FF01ED000000,25.711,8D8500005BA881CDCDA7A781F9A8A7F8F9F9FF01ED000000,25.711,8D8500005BA881CDCDA7A781F9A8A7F8F9F9FF01ED000000,25.711,8D8500005BA881CDCDA7A781F9A8A7F8F9F9FF01ED000000,25.711,8D8500005BA881CDCDA7A781F9A8A7F8F9F9FF01ED000000,25.711,8D8500005BA881CDCDA7A781F9A8A7F8F9F9FF01ED000000,25.711,8D8500005BA881CDCDA7A781F9A8A7F8F9F9FF01ED000000,25.711,8D8500005BA881CDCDA7A781F9A8A7F8F9F9FF01ED000000,25.711,8D8500005BA881CDCDA7A781F9A8A7F8F9F9FF01ED000000,25.711,8D8500005BA881CDCDA7A781F9A8A7F8F9F9FF01ED000000,25.711,8D8500005BA881CDCDA7A781F9A8A7F8F9F9FF01ED000000,25.711,8D8500005BA881CDCDA7A781F9A8A7F8F9F9FF01ED000000,25.711,8D8500005BA881CDCDA7A781F9A8A7F8F9F9FF01ED000000,25.711,8D8500005BA881CDCDA7A781F9A8A7F8F9F9FF01ED000000,25.711,1,25.711,237,25.637,0,25.637,0000,25.637,8192,25.637,2000,25.637,2000,25.637,2000,25.637,2000,25.637,2000,25.637,2000,25.637,2000,25.637,2000,25.637,2000,25.637,2000,25.637,2000,25.637,2000,25.637,2000
25.781,25.711,14.100000000000001,25.711,8D8500005BA881CDCDA7A781F9A8A7F8F9F9FF01ED000000,25.711,8D8500005BA881CDCDA7A781F9A8A7F8F9F9FF01ED000000,25.711,8D8500005BA881CDCDA7A781F9A8A7F8F9F9FF01ED000000,25.711,8D8500005BA881CDCDA7A781F9A8A7F8F9F9FF01ED000000,25.711,8D8500005BA881CDCDA7A781F9A8A7F8F9F9FF01ED000000,25.711,8D8500005BA881CDCDA7A781F9A8A7F8F9F9FF01ED000000,25.711,8D8500005BA881CDCDA7A781F9A8A7F8F9F9FF01ED000000,25.711,8D8500005BA881CDCDA7A781F9A8A7F8F9F9FF01ED000000,25.711,8D8500005BA881CDCDA7A781F9A8A7F8F9F9FF01ED000000,25.711,8D8500005BA881CDCDA7A781F9A8A7F8F9F9FF01ED000000,25.711,8D8500005BA881CDCDA7A781F9A8A7F8F9F9FF01ED000000,25.711,8D8500005BA881CDCDA7A781F9A8A7F8F9F9FF01ED000000,25.711,8D8500005BA881CDCDA7A781F9A8A7F8F9F9FF01ED000000,25.711,8D8500005BA881CDCDA7A781F9A8A7F8F9F9FF01ED000000,25.711,1,25.711,237,25.736,0,25.736,0000,25.797,8192,25.797,2000,25.797,2000,25.797,2000,25.797,2000,25.797,2000,25.797,2000,25.797,2000,25.797,2000,25.797,2000,25.797,2000,25.797,2000,25.797,2000,25.797,2000
25.883,25.841,14.100000000000001,25.841,8D8500005BA881CDCDA6A781F8A8A6F8F8F8FF01ED000000,25.841,8D8500005BA881CDCDA6A781F8A8A6F8F8F8FF01ED000000,25.841,8D8500005BA881CDCDA6A781F8A8A6F8F8F8FF01ED000000,25.841,8D8500005BA881CDCDA6A781F8A8A6F8F8F8FF01ED000000,25.841,8D8500005BA881CDCDA6A781F8A8A6F8F8F8FF01ED000000,25.841,8D8500005BA881CDCDA6A781F8A8A6F8F8F8FF01ED000000,25.841,8D8500005BA881CDCDA6A781F8A8A6F8F8F8FF01ED000000,25.841,8D8500005BA881CDCDA6A781F8A8A6F8F8F8FF01ED000000,25.841,8D8500005BA881CDCDA6A781F8A8A6F8F8F8FF01ED000000,25.841,8D8500005BA881CDCDA6A781F8A8A6F8F8F8FF01ED000000,25.841,8D8500005BA881CDCDA6A781F8A8A6F8F8F8FF01ED000000,25.841,8D8500005BA881CDCDA6A781F8A8A6F8F8F8FF01ED000000,25.841,8D8500005BA881CDCDA6A781F8A8A6F8F8F8FF01ED000000,25.841,8D8500005BA881CDCDA6A781F8A8A6F8F8F8FF01ED000000,25.841,1,25.841,237,25.868,0,25.868,0000,25.797,8192,25.797,2000,25.797,2000,25.797,2000,25.797,2000,25.797,2000,25.797,2000,25.797,2000,25.797,2000,25.797,2000,25.797,2000,25.797,2000,25.797,2000,25.797,2000
25.981,25.931,14.100000000000001,25.931,8D8500005CA881CDCDA7A781F9A8A7F8F9F9FF01ED000000,25.931,8D8500005CA881CDCDA7A781F9A8A7F8F9F9FF01ED000000,25.931,8D8500005CA881CDCDA7A781F9A8A7F8F9F9FF01ED000000,25.931,8D8500005CA881CDCDA7A781F9A8A7F8F9F9FF01ED000000,25.931,8D8500005CA881CDCDA7A781F9A8A7F8F9F9FF01ED000000,25.931,8D8500005CA881CDCDA7A781F9A8A7F8F9F9FF01ED000000,25.931,8D8500005CA881CDCDA7A781F9A8A7F8F9F9FF01ED000000,25.931,8D8500005CA881CDCDA7A781F9A8A7F8F9F9FF01ED000000,25.931,8D8500005CA881CDCDA7A781F9A8A7F8F9F9FF01ED000000,25.931,8D8500005CA881CDCDA7A781F9A8A7F8F9F9FF01ED000000,25.931,8D8500005CA881CDCDA7A781F9A8A7F8F9F9FF01ED000000,25.931,8D8500005CA881CDCDA7A781F9A8A7F8F9F9FF01ED000000,25.931,8D8500005CA881CDCDA7A781F9A8A7F8F9F9FF01ED000000,25.931,8D8500005CA881CDCDA7A781F9A8A7F8F9F9FF01ED000000,25.931,1,25.931,237,25.948,0,25.948,0000,25.948,8192,25.948,2000,25.948,2000,25.948,2000,25.948,2000,25.948,2000,25.948,2000,25.948,2000,25.948,2000,25.948,2000,25.948,2000,25.948,2000,25.948,2000,25.948,2000
26.081,26.111,14.100000000000001,26.111,8D8500005BA881CDCDA6A781F8A8A6F8F8F8FF01ED000000,26.111,8D8500005BA881CDCDA6A781F8A8A6F8F8F8FF01ED000000,26.111,8D8500005BA881CDCDA6A781F8A8A6F8F8F8FF01ED000000,26.111,8D8500005BA881CDCDA6A781F8A8A6F8F8F8FF01ED000000,26.111,8D8500005BA881CDCDA6A781F8A8A6F8F8F8FF01ED000000,26.111,8D8500005BA881CDCDA6A781F8A8A6F8F8F8FF01ED000000,26.111,8D8500005BA881CDCDA6A781F8A8A6F8F8F8FF01ED000000,26.111,8D8500005BA881CDCDA6A781F8A8A6F8F8F8FF01ED000000,26.111,8D8500005BA881CDCDA6A781F8A8A6F8F8F8FF01ED000000,26.111,8D8500005BA881CDCDA6A781F8A8A6F8F8F8FF01ED000000,26.111,8D8500005BA881CDCDA6A781F8A8A6F8F8F8FF01ED000000,26.111,8D8500005BA881CDCDA6A781F8A8A6F8F8F8FF01ED000000,26.111,8D8500005BA881CDCDA6A781F8A8A6F8F8F8FF01ED000000,26.111,8D8500005BA881CDCDA6A781F8A8A6F8F8F8FF01ED000000,26.111,1,26.111,237,26.048,0,26.048,0000,26.048,8192,26.048,2000,26.048,2000,26.048,2000,26.048,2000,26.048,2000,26.048,2000,26.048,2000,26.048,2000,26.048,2000,26.048,2000,26.048,2000,26.048,2000,26.048,2000
26.183,26.111,14.100000000000001,26.111,8D8500005BA881CDCDA6A781F8A8A6F8F8F8FF01ED000000,26.111,8D8500005BA881CDCDA6A781F8A8A6F8F8F8FF01ED000000,26.111,8D8500005BA881CDCDA6A781F8A8A6F8F8F8FF01ED000000,26.111,8D8500005BA881CDCDA6A781F8A8A6F8F8F8FF01ED000000,26.111,8D8500005BA881CDCDA6A781F8A8A6F8F8F8FF01ED000000,26.111,8D8500005BA881CDCDA6A781F8A8A6F8F8F8FF01ED000000,26.111,8D8500005BA881CDCDA6A781F8A8A6F8F8F8FF01ED000000,26.111,8D8500005BA881CDCDA6A781F8A8A6F8F8F8FF01ED000000,26.111,8D8500005BA881CDCDA6A781F8A8A6F8F8F8FF01ED000000,26.111,8D8500005BA881CDCDA6A781F8A8A6F8F8F8FF01ED000000,26.111,8D8500005BA881CDCDA6A781F8A8A6F8F8F8FF01ED000000,26.111,8D8500005BA881CDCDA6A781F8A8A6F8F8F8FF01ED000000,26.111,8D8500005BA881CDCDA6A781F8A8A6F8F8F8FF01ED000000,26.111,8D8500005BA881CDCDA6A781F8A8A6F8F8F8FF01ED000000,26.111,1,26.111,237,26.127,0,26.127,0000,26.127,8192,26.127,2000,26.127,2000,26.127,2000,26.127,2000,26.127,2000,26.127,2000,26.127,2000,26.127,2000,26.127,2000,26.127,2000,26.127,2000,26.127,2000,26.127,2000
26.281,26.211,14.100000000000001,26.211,8D8500005CA881CDCDA7A881F9A8A7F9F9F9FF01ED000000,26.211,8D8500005CA881CDCDA7A881F9A8A7F9F9F9FF01ED000000,26.211,8D8500005CA881CDCDA7A881F9A8A7F9F9F9FF01ED000000,26.211,8D8500005CA881CDCDA7A881F9A8A7F9F9F9FF01ED000000,26.211,8D8500005CA881CDCDA7A881F9A8A7F9F9F9FF01ED000000,26.211,8D8500005CA881CDCDA7A881F9A8A7F9F9F9FF01ED000000,26.211,8D8500005CA881CDCDA7A881F9A8A7F9F9F9FF01ED000000,26.211,8D8500005CA881CDCDA7A881F9A8A7F9F9F9FF01ED000000,26.211,8D8500005CA881CDCDA7A881F9A8A7F9F9F9FF01ED000000,26.211,8D8500005CA881CDCDA7A881F9A8A7F9F9F9FF01ED000000,26.211,8D8500005CA881CDCDA7A881F9A8A7F9F9F9FF01ED000000,26.211,8D8500005CA881CDCDA7A881F9A8A7F9F9F9FF01ED000000,26.211,8D8500005CA881CDCDA7A881F9A8A7F9F9F9FF01ED000000,26.211,8D8500005CA881CDCDA7A881F9A8A7F9F9F9FF01ED000000,26.211,1,26.211,237,26.259,0,26.259,0000,26.259,8192,26.259,2000,26.259,2000,26.259,2000,26.259,2000,26.259,2000,26.259,2000,26.259,2000,26.259,2000,26.259,2000,26.259,2000,26.259,2000,26.259,2000,26.259,2000
26.381,26.351,14.100000000000001,26.351,8D8500005BA881CDCDA7A781F9A8A7F9F9F9FF01ED000000,26.351,8D8500005BA881CDCDA7A781F9A8A7F9F9F9FF01ED000000,26.351,8D8500005BA881CDCDA7A781F9A8A7F9F9F9FF01ED000000,26.351,8D8500005BA881CDCDA7A781F9A8A7F9F9F9FF01ED000000,26.351,8D8500005BA881CDCDA7A781F9A8A7F9F9F9FF01ED000000,26.351,8D8500005BA881CDCDA7A781F9A8A7F9F9F9FF01ED000000,26.351,8D8500005BA881CDCDA7A781F9A8A7F9F9F9FF01ED000000,26.351,8D8500005BA881CDCDA7A781F9A8A7F9F9F9FF01ED000000,26.351,8D8500005BA881CDCDA7A781F9A8A7F9F9F9FF01ED000000,26.351,8D8500005BA881CDCDA7A781F9A8A7F9F9F9FF01ED000000,26.351,8D8500005BA881CDCDA7A781F9A8A7F9F9F9FF01ED000000,26.351,8D8500005BA881CDCDA7A781F9A8A7F9F9F9FF01ED000000,26.351,8D8500005BA881CDCDA7A781F9A8A7F9F9F9FF01ED000000,26.351,8D8500005BA881CDCDA7A781F9A8A7F9F9F9FF01ED000000,26.351,1,26.351,237,26.384,0,26.384,0000,26.384,8192,26.384,2000,26.384,2000,26.384,2000,26.384,2000,26.384,2000,26.384,2000,26.384,2000,26.384,2000,26.384,2000,26.384,2000,26.384,2000,26.384,2000,26.384,2000
26.484,26.431,14.100000000000001,26.431,8D8500005BA881CDCDA7A881F9A8A7F9F9F9FF01ED000000,26.431,8D8500005BA881CDCDA7A881F9A8A7F9F9F9FF01ED000000,26.431,8D8500005BA881CDCDA7A881F9A8A7F9F9F9FF01ED000000,26.431,8D8500005BA881CDCDA7A881F9A8A7F9F9F9FF01ED000000,26.431,8D8500005BA881CDCDA7A881F9A8A7F9F9F9FF01ED000000,26.431,8D8500005BA881CDCDA7A881F9A8A7F9F9F9FF01ED000000,26.431,8D8500005BA881CDCDA7A881F9A8A7F9F9F9FF01ED000000,26.431,8D8500005BA881CDCDA7A881F9A8A7F9F9F9FF01ED000000,26.431,8D8500005BA881CDCDA7A881F9A8A7F9F9F9FF01ED000000,26.431,8D8500005BA881CDCDA7A881F9A8A7F9F9F9FF01ED000000,26.431,8D8500005BA881CDCDA7A881F9A8A7F9F9F9FF01ED000000,26.431,8D8500005BA881CDCDA7A881F9A8A7F9F9F9FF01ED000000,26.431,8D8500005BA881CDCDA7A881F9A8A7F9F9F9FF01ED000000,26.431,8D8500005BA881CDCDA7A881F9A8A7F9F9F9FF01ED000000,26.431,1,26.431,237,26.448,0,26.448,0000,26.384,8192,26.384,2000,26.384,2000,26.384,2000,26.384,2000,26.384,2000,26.384,2000,26.384,2000,26.384,2000,26.384,2000,26.384,2000,26.384,2000,26.384,2000,26.384,2000
26.582,26.611,14.100000000000001,26.611,8D8500005BA881CDCDA7A881F9A8A7F8F9F9FF01EE000000,26.611,8D8500005BA881CDCDA7A881F9A8A7F8F9F9FF01EE000000,26.611,8D8500005BA881CDCDA7A881F9A8A7F8F9F9FF01EE000000,26.611,8D8500005BA881CDCDA7A881F9A8A7F8F9F9FF01EE000000,26.611,8D8500005BA881CDCDA7A881F9A8A7F8F9F9FF01EE000000,26.611,8D8500005BA881CDCDA7A881F9A8A7F8F9F9FF01EE000000,26.611,8D8500005BA881CDCDA7A881F9A8A7F8F9F9FF01EE000000,26.611,8D8500005BA881CDCDA7A881F9A8A7F8F9F9FF01EE000000,26.611,8D8500005BA881CDCDA7A881F9A8A7F8F9F9FF01EE000000,26.611,8D8500005BA881CDCDA7A881F9A8A7F8F9F9FF01EE000000,26.611,8D8500005BA881CDCDA7A881F9A8A7F8F9F9FF01EE000000,26.611,8D8500005BA881CDCDA7A881F9A8A7F8F9F9FF01EE000000,26.611,8D8500005BA881CDCDA7A881F9A8A7F8F9F9FF01EE000000,26.611,8D8500005BA881CDCDA7A881F9A8A7F8F9F9FF01EE000000,26.611,1,26.611,238,26.538,0,26.538,0000,26.538,8192,26.538,2000,26.538,2000,26.538,2000,26.538,2000,26.538,2000,26.538,2000,26.538,2000,26.538,2000,26.538,2000,26.538,2000,26.538,2000,26.538,2000,26.538,2000
26.682,26.711,14.100000000000001,26.711,8D8500005BA880CDCDA7A781F9A8A7F8F9F9FF01EC000000,26.711,8D8500005BA880CDCDA7A781F9A8A7F8F9F9FF01EC000000,26.711,8D8500005BA880CDCDA7A781F9A8A7F8F9F9FF01EC000000,26.711,8D8500005BA880CDCDA7A781F9A8A7F8F9F9FF01EC000000,26.711,8D8500005BA880CDCDA7A781F9A8A7F8F9F9FF01EC000000,26.711,8D8500005BA880CDCDA7A781F9A8A7F8F9F9FF01EC000000,26.711,8D8500005BA880CDCDA7A781F9A8A7F8F9F9FF01EC000000,26.711,8D8500005BA880CDCDA7A781F9A8A7F8F9F9FF01EC000000,26.711,8D8500005BA880CDCDA7A781F9A8A7F8F9F9FF01EC000000,26.711,8D8500005BA880CDCDA7A781F9A8A7F8F9F9FF01EC000000,26.711,8D8500005BA880CDCDA7A781F9A8A7F8F9F9FF01EC000000,26.711,8D8500005BA880CDCDA7A781F9A8A7F8F9F9FF01EC000000,26.711,8D8500005BA880CDCDA7A781F9A8A7F8F9F9FF01EC000000,26.711,8D8500005BA880CDCDA7A781F9A8A7F8F9F9FF01EC000000,26.711,1,26.711,236,26.627,0,26.627,0000,26.627,8192,26.627,2000,26.627,2000,26.627,2000,26.627,2000,26.627,2000,26.627,2000,26.627,2000,26.627,2000,26.627,2000,26.627,2000,26.627,2000,26.627,2000,26.627,2000
26.783,26.711,14.100000000000001,26.711,8D8500005BA880CDCDA7A781F9A8A7F8F9F9FF01EC000000,26.711,8D8500005BA880CDCDA7A781F9A8A7F8F9F9FF01EC000000,26.711,8D8500005BA880CDCDA7A781F9A8A7F8F9F9FF01EC000000,26.711,8D8500005BA880CDCDA7A781F9A8A7F8F9F9FF01EC000000,26.711,8D8500005BA880CDCDA7A781F9A8A7F8F9F9FF01EC000000,26.711,8D8500005BA880CDCDA7A781F9A8A7F8F9F9FF01EC000000,26.711,8D8500005BA880CDCDA7A781F9A8A7F8F9F9FF01EC000000,26.711,8D8500005BA880CDCDA7A781F9A8A7F8F9F9FF01EC000000,26.711,8D8500005BA880CDCDA7A781F9A8A7F8F9F9FF01EC000000,26.711,8D8500005BA880CDCDA7A781F9A8A7F8F9F9FF01EC000000,26.711,8D8500005BA880CDCDA7A781F9A8A7F8F9F9FF01EC000000,26.711,8D8500005BA880CDCDA7A781F9A8A7F8F9F9FF01EC000000,26.711,8D8500005BA880CDCDA7A781F9A8A7F8F9F9FF01EC000000,26.711,8D8500005BA880CDCDA7A781F9A8A7F8F9F9FF01EC000000,26.711,1,26.711,236,26.737,0,26.737,0000,26.797,8192,26.797,2000,26.797,2000,26.797,2000,26.797,2000,26.797,2000,26.797,2000,26.797,2000,26.797,2000,26.797,2000,26.797,2000,26.797,2000,26.797,2000,26.797,2000
26.883,26.841,14.100000000000001,26.841,8D8500005BA880CDCDA7A781F9A8A7F8F9F9FF01ED000000,26.841,8D8500005BA880CDCDA7A781F9A8A7F8F9F9FF01ED000000,26.841,8D8500005BA880CDCDA7A781F9A8A7F8F9F9FF01ED000000,26.841,8D8500005BA880CDCDA7A781F9A8A7F8F9F9FF01ED000000,26.841,8D8500005BA880CDCDA7A781F9A8A7F8F9F9FF01ED000000,26.841,8D8500005BA880CDCDA7A781F9A8A7F8F9F9FF01ED000000,26.841,8D8500005BA880CDCDA7A781F9A8A7F8F9F9FF01ED000000,26.841,8D8500005BA880CDCDA7A781F9A8A7F8F9F9FF01ED000000,26.841,8D8500005BA880CDCDA7A781F9A8A7F8F9F9FF01ED000000,26.841,8D8500005BA880CDCDA7A781F9A8A7F8F9F9FF01ED000000,26.841,8D8500005BA880CDCDA7A781F9A8A7F8F9F9FF01ED000000,26.841,8D8500005BA880CDCDA7A781F9A8A7F8F9F9FF01ED000000,26.841,8D8500005BA880CDCDA7A781F9A8A7F8F9F9FF01ED000000,26.841,8D8500005BA880CDCDA7A781F9A8A7F8F9F9FF01ED000000,26.841,1,26.841,237,26.869,0,26.869,0000,26.797,8192,26.797,2000,26.797,2000,26.797,2000,26.797,2000,26.797,2000,26.797,2000,26.797,2000,26.797,2000,26.797,2000,26.797,2000,26.797,2000,26.797,2000,26.797,2000
26.983,26.941,14.100000000000001,26.941,8D8500005BA880CCCCA7A781F9A8A7F8F9F9FF01ED000000,26.941,8D8500005BA880CCCCA7A781F9A8A7F8F9F9FF01ED000000,26.941,8D8500005BA880CCCCA7A781F9A8A7F8F9F9FF01ED000000,26.941,8D8500005BA880CCCCA7A781F9A8A7F8F9F9FF01ED000000,26.941,8D8500005BA880CCCCA7A781F9A8A7F8F9F9FF01ED000000,26.941,8D8500005BA880CCCCA7A781F9A8A7F8F9F9FF01ED000000,26.941,8D8500005BA880CCCCA7A781F9A8A7F8F9F9FF01ED000000,26.941,8D8500005BA880CCCCA7A781F9A8A7F8F9F9FF01ED000000,26.941,8D8500005BA880CCCCA7A781F9A8A7F8F9F9FF01ED000000,26.941,8D8500005BA880CCCCA7A781F9A8A7F8F9F9FF01ED000000,26.941,8D8500005BA880CCCCA7A781F9A8A7F8F9F9FF01ED000000,26.941,8D8500005BA880CCCCA7A781F9A8A7F8F9F9FF01ED000000,26.941,8D8500005BA880CCCCA7A781F9A8A7F8F9F9FF01ED000000,26.941,8D8500005BA880CCCCA7A781F9A8A7F8F9F9FF01ED000000,26.941,1,26.941,237,26.959,0,26.959,0000,26.959,8192,26.959,2000,26.959,2000,26.959,2000,26.959,2000,26.959,2000,26.959,2000,26.959,2000,26.959,2000,26.959,2000,26.959,2000,26.959,2000,26.959,2000,26.959,2000
27.083,27.021,14.100000000000001,27.021,8D8500005BA881CDCDA7A781F8A8A7F8F9F9FF01ED000000,27.021,8D8500005BA881CDCDA7A781F8A8A7F8F9F9FF01ED000000,27.021,8D8500005BA881CDCDA7A781F8A8A7F8F9F9FF01ED000000,27.021,8D8500005BA881CDCDA7A781F8A8A7F8F9F9FF01ED000000,27.021,8D8500005BA881CDCDA7A781F8A8A7F8F9F9FF01ED000000,27.021,8D8500005BA881CDCDA7A781F8A8A7F8F9F9FF01ED000000,27.021,8D8500005BA881CDCDA7A781F8A8A7F8F9F9FF01ED000000,27.021,8D8500005BA881CDCDA7A781F8A8A7F8F9F9FF01ED000000,27.021,8D8500005BA881CDCDA7A781F8A8A7F8F9F9FF01ED000000,27.021,8D8500005BA881CDCDA7A781F8A8A7F8F9F9FF01ED000000,27.021,8D8500005BA881CDCDA7A781F8A8A7F8F9F9FF01ED000000,27.021,8D8500005BA881CDCDA7A781F8A8A7F8F9F9FF01ED000000,27.021,8D8500005BA881CDCDA7A781F8A8A7F8F9F9FF01ED000000,27.021,8D8500005BA881CDCDA7A781F8A8A7F8F9F9FF01ED000000,27.021,1,27.021,237,27.048,0,27.048,0000,27.048,8192,27.048,2000,27.048,2000,27.048,2000,27.048,2000,27.048,2000,27.048,2000,27.048,2000,27.048,2000,27.048,2000,27.048,2000,27.048,2000,27.048,2000,27.048,2000
27.181,27.124,14.100000000000001,27.124,8D8500005BA880CDCDA7A781F9A8A7F8F9F9FF01ED000000,27.124,8D8500005BA880CDCDA7A781F9A8A7F8F9F9FF01ED000000,27.124,8D8500005BA880CDCDA7A781F9A8A7F8F9F9FF01ED000000,27.124,8D8500005BA880CDCDA7A781F9A8A7F8F9F9FF01ED000000,27.124,8D8500005BA880CDCDA7A781F9A8A7F8F9F9FF01ED000000,27.124,8D8500005BA880CDCDA7A781F9A8A7F8F9F9FF01ED000000,27.124,8D8500005BA880CDCDA7A781F9A8A7F8F9F9FF01ED000000,27.124,8D8500005BA880CDCDA7A781F9A8A7F8F9F9FF01ED000000,27.124,8D8500005BA880CDCDA7A781F9A8A7F8F9F9FF01ED000000,27.124,8D8500005BA880CDCDA7A781F9A8A7F8F9F9FF01ED000000,27.124,8D8500005BA880CDCDA7A781F9A8A7F8F9F9FF01ED000000,27.124,8D8500005BA880CDCDA7A781F9A8A7F8F9F9FF01ED000000,27.124,8D8500005BA880CDCDA7A781F9A8A7F8F9F9FF01ED000000,27.124,8D8500005BA880CDCDA7A781F9A8A7F8F9F9FF01ED000000,27.124,1,27.124,237,27.138,0,27.138,0000,27.138,8192,27.138,2000,27.138,2000,27.138,2000,27.138,2000,27.138,2000,27.138,2000,27.138,2000,27.138,2000,27.138,2000,27.138,2000,27.138,2000,27.138,2000,27.138,2000
27.281,27.211,14.200000000000001,27.211,8E8600005CA881CDCDA7A881F9A8A7F8F9F9FF01ED000000,27.211,8E8600005CA881CDCDA7A881F9A8A7F8F9F9FF01ED000000,27.211,8E8600005CA881CDCDA7A881F9A8A7F8F9F9FF01ED000000,27.211,8E8600005CA881CDCDA7A881F9A8A7F8F9F9FF01ED000000,27.211,8E8600005CA881CDCDA7A881F9A8A7F8F9F9FF01ED000000,27.211,8E8600005CA881CDCDA7A881F9A8A7F8F9F9FF01ED000000,27.211,8E8600005CA881CDCDA7A881F9A8A7F8F9F9FF01ED000000,27.211,8E8600005CA881CDCDA7A881F9A8A7F8F9F9FF01ED000000,27.211,8E8600005CA881CDCDA7A881F9A8A7F8F9F9FF01ED000000,27.211,8E8600005CA881CDCDA7A881F9A8A7F8F9F9FF01ED000000,27.211,8E8600005CA881CDCDA7A881F9A8A7F8F9F9FF01ED000000,27.211,8E8600005CA881CDCDA7A881F9A8A7F8F9F9FF01ED000000,27.211,8E8600005CA881CDCDA7A881F9A8A7F8F9F9FF01ED000000,27.211,8E8600005CA881CDCDA7A881F9A8A7F8F9F9FF01ED000000,27.211,1,27.211,237,27.237,0,27.237,0000,27.297,8192,27.297,2000,27.297,2000,27.297,2000,27.297,2000,27.297,2000,27.297,2000,27.297,2000,27.297,2000,27.297,2000,27.297,2000,27.297,2000,27.297,2000,27.297,2000
27.383,27.341,14.200000000000001,27.341,8E8600005CA881CCCCA7A781F9A8A7F8F8F8FF01ED000000,27.341,8E8600005CA881CCCCA7A781F9A8A7F8F8F8FF01ED000000,27.341,8E8600005CA881CCCCA7A781F9A8A7F8F8F8FF01ED000000,27.341,8E8600005CA881CCCCA7A781F9A8A7F8F8F8FF01ED000000,27.341,8E8600005CA881CCCCA7A781F9A8A7F8F8F8FF01ED000000,27.341,8E8600005CA881CCCCA7A781F9A8A7F8F8F8FF01ED000000,27.341,8E8600005CA881CCCCA7A781F9A8A7F8F8F8FF01ED000000,27.341,8E8600005CA881CCCCA7A781F9A8A7F8F8F8FF01ED000000,27.341,8E8600005CA881CCCCA7A781F9A8A7F8F8F8FF01ED000000,27.341,8E8600005CA881CCCCA7A781F9A8A7F8F8F8FF01ED000000,27.341,8E8600005CA881CCCCA7A781F9A8A7F8F8F8FF01ED000000,27.341,8E8600005CA881CCCCA7A781F9A8A7F8F8F8FF01ED000000,27.341,8E8600005CA881CCCCA7A781F9A8A7F8F8F8FF01ED000000,27.341,8E8600005CA881CCCCA7A781F9A8A7F8F8F8FF01ED000000,27.341,1,27.341,237,27.359,0,27.359,0000,27.297,8192,27.297,2000,27.297,2000,27.297,2000,27.297,2000,27.297,2000,27.297,2000,27.297,2000,27.297,2000,27.297,2000,27.297,2000,27.297,2000,27.297,2000,27.297,2000
27.481,27.511,14.200000000000001,27.511,8E8600005BA880CDCDA6A781F9A7A6F8F8F8FF01ED000000,27.511,8E8600005BA880CDCDA6A781F9A7A6F8F8F8FF01ED000000,27.511,8E8600005BA880CDCDA6A781F9A7A6F8F8F8FF01ED000000,27.511,8E8600005BA880CDCDA6A781F9A7A6F8F8F8FF01ED000000,27.511,8E8600005BA880CDCDA6A781F9A7A6F8F8F8FF01ED000000,27.511,8E8600005BA880CDCDA6A781F9A7A6F8F8F8FF01ED000000,27.511,8E8600005BA880CDCDA6A781F9A7A6F8F8F8FF01ED000000,27.511,8E8600005BA880CDCDA6A781F9A7A6F8F8F8FF01ED000000,27.511,8E8600005BA880CDCDA6A781F9A7A6F8F8F8FF01ED000000,27.511,8E8600005BA880CDCDA6A781F9A7A6F8F8F8FF01ED000000,27.511,8E8600005BA880CDCDA6A781F9A7A6F8F8F8FF01ED000000,27.511,8E8600005BA880CDCDA6A781F9A7A6F8F8F8FF01ED000000,27.511,8E8600005BA880CDCDA6A781F9A7A6F8F8F8FF01ED000000,27.511,8E8600005BA880CDCDA6A781F9A7A6F8F8F8FF01ED000000,27.511,1,27.511,237,27.438,0,27.438,0000,27.438,8192,27.438,2000,27.438,2000,27.438,2000,27.438,2000,27.438,2000,27.438,2000,27.438,2000,27.438,2000,27.438,2000,27.438,2000,27.438,2000,27.438,2000,27.438,2000
27.584,27.511,14.200000000000001,27.511,8E8600005BA880CDCDA6A781F9A7A6F8F8F8FF01ED000000,27.511,8E8600005BA880CDCDA6A781F9A7A6F8F8F8FF01ED000000,27.511,8E8600005BA880CDCDA6A781F9A7A6F8F8F8FF01ED000000,27.511,8E8600005BA880CDCDA6A781F9A7A6F8F8F8FF01ED000000,27.511,8E8600005BA880CDCDA6A781F9A7A6F8F8F8FF01ED000000,27.511,8E8600005BA880CDCDA6A781F9A7A6F8F8F8FF01ED000000,27.511,8E8600005BA880CDCDA6A781F9A7A6F8F8F8FF01ED000000,27.511,8E8600005BA880CDCDA6A781F9A7A6F8F8F8FF01ED000000,27.511,8E8600005BA880CDCDA6A781F9A7A6F8F8F8FF01ED000000,27.511,8E8600005BA880CDCDA6A781F9A7A6F8F8F8FF01ED000000,27.511,8E8600005BA880CDCDA6A781F9A7A6F8F8F8FF01ED000000,27.511,8E8600005BA880CDCDA6A781F9A7A6F8F8F8FF01ED000000,27.511,8E8600005BA880CDCDA6A781F9A7A6F8F8F8FF01ED000000,27.511,8E8600005BA880CDCDA6A781F9A7A6F8F8F8FF01ED000000,27.511,1,27.511,237,27.528,0,27.528,0000,27.528,8192,27.528,2000,27.528,2000,27.528,2000,27.528,2000,27.528,2000,27.528,2000,27.528,2000,27.528,2000,27.528,2000,27.528,2000,27.528,2000,27.528,2000,27.528,2000
27.683,27.611,14.100000000000001,27.611,8D8500005BA881CDCDA7A781F9A8A7F8F9F9FF01ED000000,27.611,8D8500005BA881CDCDA7A781F9A8A7F8F9F9FF01ED000000,27.611,8D8500005BA881CDCDA7A781F9A8A7F8F9F9FF01ED000000,27.611,8D8500005BA881CDCDA7A781F9A8A7F8F9F9FF01ED000000,27.611,8D8500005BA881CDCDA7A781F9A8A7F8F9F9FF01ED000000,27.611,8D8500005BA881CDCDA7A781F9A8A7F8F9F9FF01ED000000,27.611,8D8500005BA881CDCDA7A781F9A8A7F8F9F9FF01ED000000,27.611,8D8500005BA881CDCDA7A781F9A8A7F8F9F9FF01ED000000,27.611,8D8500005BA881CDCDA7A781F9A8A7F8F9F9FF01ED000000,27.611,8D8500005BA881CDCDA7A781F9A8A7F8F9F9FF01ED000000,27.611,8D8500005BA881CDCDA7A781F9A8A7F8F9F9FF01ED000000,27.611,8D8500005BA881CDCDA7A781F9A8A7F8F9F9FF01ED000000,27.611,8D8500005BA881CDCDA7A781F9A8A7F8F9F9FF01ED000000,27.611,8D8500005BA881CDCDA7A781F9A8A7F8F9F9FF01ED000000,27.611,1,27.611,237,27.636,0,27.636,0000,27.636,8192,27.636,2000,27.636,2000,27.636,2000,27.636,2000,27.636,2000,27.636,2000,27.636,2000,27.636,2000,27.636,2000,27.636,2000,27.636,2000,27.636,2000,27.636,2000
27.780,27.711,14.100000000000001,27.711,8D8500005BA880CDCDA7A781F9A8A7F8F9F9FF01EC000000,27.711,8D8500005BA880CDCDA7A781F9A8A7F8F9F9FF01EC000000,27.711,8D8500005BA880CDCDA7A781F9A8A7F8F9F9FF01EC000000,27.711,8D8500005BA880CDCDA7A781F9A8A7F8F9F9FF01EC000000,27.711,8D8500005BA880CDCDA7A781F9A8A7F8F9F9FF01EC000000,27.711,8D8500005BA880CDCDA7A781F9A8A7F8F9F9FF01EC000000,27.711,8D8500005BA880CDCDA7A781F9A8A7F8F9F9FF01EC000000,27.711,8D8500005BA880CDCDA7A781F9A8A7F8F9F9FF01EC000000,27.711,8D8500005BA880CDCDA7A781F9A8A7F8F9F9FF01EC000000,27.711,8D8500005BA880CDCDA7A781F9A8A7F8F9F9FF01EC000000,27.711,8D8500005BA880CDCDA7A781F9A8A7F8F9F9FF01EC000000,27.711,8D8500005BA880CDCDA7A781F9A8A7F8F9F9FF01EC000000,27.711,8D8500005BA880CDCDA7A781F9A8A7F8F9F9FF01EC000000,27.711,8D8500005BA880CDCDA7A781F9A8A7F8F9F9FF01EC000000,27.711,1,27.711,236,27.747,0,27.747,0000,27.797,8192,27.797,2000,27.797,2000,27.797,2000,27.797,2000,27.797,2000,27.797,2000,27.797,2000,27.797,2000,27.797,2000,27.797,2000,27.797,2000,27.797,2000,27.797,2000
27.882,27.851,14.100000000000001,27.851,8D8500005BA880CDCDA7A781F9A8A7F8F9F9FF01ED000000,27.851,8D8500005BA880CDCDA7A781F9A8A7F8F9F9FF01ED000000,27.851,8D8500005BA880CDCDA7A781F9A8A7F8F9F9FF01ED000000,27.851,8D8500005BA880CDCDA7A781F9A8A7F8F9F9FF01ED000000,27.851,8D8500005BA880CDCDA7A781F9A8A7F8F9F9FF01ED000000,27.851,8D8500005BA880CDCDA7A781F9A8A7F8F9F9FF01ED000000,27.851,8D8500005BA880CDCDA7A781F9A8A7F8F9F9FF01ED000000,27.851,8D8500005BA880CDCDA7A781F9A8A7F8F9F9FF01ED000000,27.851,8D8500005BA880CDCDA7A781F9A8A7F8F9F9FF01ED000000,27.851,8D8500005BA880CDCDA7A781F9A8A7F8F9F9FF01ED000000,27.851,8D8500005BA880CDCDA7A781F9A8A7F8F9F9FF01ED000000,27.851,8D8500005BA880CDCDA7A781F9A8A7F8F9F9FF01ED000000,27.851,8D8500005BA880CDCDA7A781F9A8A7F8F9F9FF01ED000000,27.851,8D8500005BA880CDCDA7A781F9A8A7F8F9F9FF01ED000000,27.851,1,27.851,237,27.877,0,27.877,0000,27.877,8192,27.877,2000,27.877,2000,27.877,2000,27.877,2000,27.877,2000,27.877,2000,27.877,2000,27.877,2000,27.877,2000,27.877,2000,27.877,2000,27.877,2000,27.877,2000
27.983,27.911,14.100000000000001,27.911,8D8500005BA881CDCDA7A881F9A8A7F9F9F9FF01ED000000,27.911,8D8500005BA881CDCDA7A881F9A8A7F9F9F9FF01ED000000,27.911,8D8500005BA881CDCDA7A881F9A8A7F9F9F9FF01ED000000,27.911,8D8500005BA881CDCDA7A881F9A8A7F9F9F9FF01ED000000,27.911,8D8500005BA881CDCDA7A881F9A8A7F9F9F9FF01ED000000,27.911,8D8500005BA881CDCDA7A881F9A8A7F9F9F9FF01ED000000,27.911,8D8500005BA881CDCDA7A881F9A8A7F9F9F9FF01ED000000,27.911,8D8500005BA881CDCDA7A881F9A8A7F9F9F9FF01ED000000,27.911,8D8500005BA881CDCDA7A881F9A8A7F9F9F9FF01ED000000,27.911,8D8500005BA881CDCDA7A881F9A8A7F9F9F9FF01ED000000,27.911,8D8500005BA881CDCDA7A881F9A8A7F9F9F9FF01ED000000,27.911,8D8500005BA881CDCDA7A881F9A8A7F9F9F9FF01ED000000,27.911,8D8500005BA881CDCDA7A881F9A8A7F9F9F9FF01ED000000,27.911,8D8500005BA881CDCDA7A881F9A8A7F9F9F9FF01ED000000,27.911,1,27.911,237,27.944,0,27.944,0000,27.877,8192,27.877,2000,27.877,2000,27.877,2000,27.877,2000,27.877,2000,27.877,2000,27.877,2000,27.877,2000,27.877,2000,27.877,2000,27.877,2000,27.877,2000,27.877,2000
28.082,28.111,14.200000000000001,28.111,8E8600005CA881CDCDA7A881F9A8A7F8F9F9FF01ED000000,28.111,8E8600005CA881CDCDA7A881F9A8A7F8F9F9FF01ED000000,28.111,8E8600005CA881CDCDA7A881F9A8A7F8F9F9FF01ED000000,28.111,8E8600005CA881CDCDA7A881F9A8A7F8F9F9FF01ED000000,28.111,8E8600005CA881CDCDA7A881F9A8A7F8F9F9FF01ED000000,28.111,8E8600005CA881CDCDA7A881F9A8A7F8F9F9FF01ED000000,28.111,8E8600005CA881CDCDA7A881F9A8A7F8F9F9FF01ED000000,28.111,8E8600005CA881CDCDA7A881F9A8A7F8F9F9FF01ED000000,28.111,8E8600005CA881CDCDA7A881F9A8A7F8F9F9FF01ED000000,28.111,8E8600005CA881CDCDA7A881F9A8A7F8F9F9FF01ED000000,28.111,8E8600005CA881CDCDA7A881F9A8A7F8F9F9FF01ED000000,28.111,8E8600005CA881CDCDA7A881F9A8A7F8F9F9FF01ED000000,28.111,8E8600005CA881CDCDA7A881F9A8A7F8F9F9FF01ED000000,28.111,8E8600005CA881CDCDA7A881F9A8A7F8F9F9FF01ED000000,28.111,1,28.111,237,28.038,0,28.038,0000,28.038,8192,28.038,2000,28.038,2000,28.038,2000,28.038,2000,28.038,2000,28.038,2000,28.038,2000,28.038,2000,28.038,2000,28.038,2000,28.038,2000,28.038,2000,28.038,2000
28.183,28.211,14.200000000000001,28.211,8E8600005BA880CDCDA6A781F9A8A6F8F9F9FF01ED000000,28.211,8E8600005BA880CDCDA6A781F9A8A6F8F9F9FF01ED000000,28.211,8E8600005BA880CDCDA6A781F9A8A6F8F9F9FF01ED000000,28.211,8E8600005BA880CDCDA6A781F9A8A6F8F9F9FF01ED000000,28.211,8E8600005BA880CDCDA6A781F9A8A6F8F9F9FF01ED000000,28.211,8E8600005BA880CDCDA6A781F9A8A6F8F9F9FF01ED000000,28.211,8E8600005BA880CDCDA6A781F9A8A6F8F9F9FF01ED000000,28.211,8E8600005BA880CDCDA6A781F9A8A6F8F9F9FF01ED000000,28.211,8E8600005BA880CDCDA6A781F9A8A6F8F9F9FF01ED000000,28.211,8E8600005BA880CDCDA6A781F9A8A6F8F9F9FF01ED000000,28.211,8E8600005BA880CDCDA6A781F9A8A6F8F9F9FF01ED000000,28.211,8E8600005BA880CDCDA6A781F9A8A6F8F9F9FF01ED000000,28.211,8E8600005BA880CDCDA6A781F9A8A6F8F9F9FF01ED000000,28.211,8E8600005BA880CDCDA6A781F9A8A6F8F9F9FF01ED000000,28.211,1,28.211,237,28.128,0,28.128,0000,28.128,8192,28.128,2000,28.128,2000,28.128,2000,28.128,2000,28.128,2000,28.128,2000,28.128,2000,28.128,2000,28.128,2000,28.128,2000,28.128,2000,28.128,2000,28.128,2000
28.283,28.211,14.200000000000001,28.211,8E8600005BA880CDCDA6A781F9A8A6F8F9F9FF01ED000000,28.211,8E8600005BA880CDCDA6A781F9A8A6F8F9F9FF01ED000000,28.211,8E8600005BA880CDCDA6A781F9A8A6F8F9F9FF01ED000000,28.211,8E8600005BA880CDCDA6A781F9A8A6F8F9F9FF01ED000000,28.211,8E8600005BA880CDCDA6A781F9A8A6F8F9F9FF01ED000000,28.211,8E8600005BA880CDCDA6A781F9A8A6F8F9F9FF01ED000000,28.211,8E8600005BA880CDCDA6A781F9A8A6F8F9F9FF01ED000000,28.211,8E8600005BA880CDCDA6A781F9A8A6F8F9F9FF01ED000000,28.211,8E8600005BA880CDCDA6A781F9A8A6F8F9F9FF01ED000000,28.211,8E8600005BA880CDCDA6A781F9A8A6F8F9F9FF01ED000000,28.211,8E8600005BA880CDCDA6A781F9A8A6F8F9F9FF01ED000000,28.211,8E8600005BA880CDCDA6A781F9A8A6F8F9F9FF01ED000000,28.211,8E8600005BA880CDCDA6A781F9A8A6F8F9F9FF01ED000000,28.211,8E8600005BA880CDCDA6A781F9A8A6F8F9F9FF01ED000000,28.211,1,28.211,237,28.236,0,28.236,0000,28.296,8192,28.296,2000,28.296,2000,28.296,2000,28.296,2000,28.296,2000,28.296,2000,28.296,2000,28.296,2000,28.296,2000,28.296,2000,28.296,2000,28.296,2000,28.296,2000
28.382,28.341,14.100000000000001,28.341,8D8500005CA881CDCDA7A881F9A8A7F8F9F9FF01ED000000,28.341,8D8500005CA881CDCDA7A881F9A8A7F8F9F9FF01ED000000,28.341,8D8500005CA881CDCDA7A881F9A8A7F8F9F9FF01ED000000,28.341,8D8500005CA881CDCDA7A881F9A8A7F8F9F9FF01ED000000,28.341,8D8500005CA881CDCDA7A881F9A8A7F8F9F9FF01ED000000,28.341,8D8500005CA881CDCDA7A881F9A8A7F8F9F9FF01ED000000,28.341,8D8500005CA881CDCDA7A881F9A8A7F8F9F9FF01ED000000,28.341,8D8500005CA881CDCDA7A881F9A8A7F8F9F9FF01ED000000,28.341,8D8500005CA881CDCDA7A881F9A8A7F8F9F9FF01ED000000,28.341,8D8500005CA881CDCDA7A881F9A8A7F8F9F9FF01ED000000,28.341,8D8500005CA881CDCDA7A881F9A8A7F8F9F9FF01ED000000,28.341,8D8500005CA881CDCDA7A881F9A8A7F8F9F9FF01ED000000,28.341,8D8500005CA881CDCDA7A881F9A8A7F8F9F9FF01ED000000,28.341,8D8500005CA881CDCDA7A881F9A8A7F8F9F9FF01ED000000,28.341,1,28.341,237,28.368,0,28.368,0000,28.296,8192,28.296,2000,28.296,2000,28.296,2000,28.296,2000,28.296,2000,28.296,2000,28.296,2000,28.296,2000,28.296,2000,28.296,2000,28.296,2000,28.296,2000,28.296,2000
28.483,28.431,14.100000000000001,28.431,8D8500005BA881CDCDA6A781F9A8A6F8F8F8FF01ED000000,28.431,8D8500005BA881CDCDA6A781F9A8A6F8F8F8FF01ED000000,28.431,8D8500005BA881CDCDA6A781F9A8A6F8F8F8FF01ED000000,28.431,8D8500005BA881CDCDA6A781F9A8A6F8F8F8FF01ED000000,28.431,8D8500005BA881CDCDA6A781F9A8A6F8F8F8FF01ED000000,28.431,8D8500005BA881CDCDA6A781F9A8A6F8F8F8FF01ED000000,28.431,8D8500005BA881CDCDA6A781F9A8A6F8F8F8FF01ED000000,28.431,8D8500005BA881CDCDA6A781F9A8A6F8F8F8FF01ED000000,28.431,8D8500005BA881CDCDA6A781F9A8A6F8F8F8FF01ED000000,28.431,8D8500005BA881CDCDA6A781F9A8A6F8F8F8FF01ED000000,28.431,8D8500005BA881CDCDA6A781F9A8A6F8F8F8FF01ED000000,28.431,8D8500005BA881CDCDA6A781F9A8A6F8F8F8FF01ED000000,28.431,8D8500005BA881CDCDA6A781F9A8A6F8F8F8FF01ED000000,28.431,8D8500005BA881CDCDA6A781F9A8A6F8F8F8FF01ED000000,28.431,1,28.431,237,28.456,0,28.456,0000,28.456,8192,28.456,2000,28.456,2000,28.456,2000,28.456,2000,28.456,2000,28.456,2000,28.456,2000,28.456,2000,28.456,2000,28.456,2000,28.456,2000,28.456,2000,28.456,2000
28.583,28.511,14.100000000000001,28.511,8D8500005CA881CDCDA7A781F9A8A7F9F9F9FF01ED000000,28.511,8D8500005CA881CDCDA7A781F9A8A7F9F9F9FF01ED000000,28.511,8D8500005CA881CDCDA7A781F9A8A7F9F9F9FF01ED000000,28.511,8D8500005CA881CDCDA7A781F9A8A7F9F9F9FF01ED000000,28.511,8D8500005CA881CDCDA7A781F9A8A7F9F9F9FF01ED000000,28.511,8D8500005CA881CDCDA7A781F9A8A7F9F9F9FF01ED000000,28.511,8D8500005CA881CDCDA7A781F9A8A7F9F9F9FF01ED000000,28.511,8D8500005CA881CDCDA7A781F9A8A7F9F9F9FF01ED000000,28.511,8D8500005CA881CDCDA7A781F9A8A7F9F9F9FF01ED000000,28.511,8D8500005CA881CDCDA7A781F9A8A7F9F9F9FF01ED000000,28.511,8D8500005CA881CDCDA7A781F9A8A7F9F9F9FF01ED000000,28.511,8D8500005CA881CDCDA7A781F9A8A7F9F9F9FF01ED000000,28.511,8D8500005CA881CDCDA7A781F9A8A7F9F9F9FF01ED000000,28.511,8D8500005CA881CDCDA7A781F9A8A7F9F9F9FF01ED000000,28.511,1,28.511,237,28.536,0,28.536,0000,28.536,8192,28.536,2000,28.536,2000,28.536,2000,28.536,2000,28.536,2000,28.536,2000,28.536,2000,28.536,2000,28.536,2000,28.536,2000,28.536,2000,28.536,2000,28.536,2000
28.682,28.711,14.200000000000001,28.711,8E8600005BA881CECEA7A881F9A8A7F9F9F9FF01ED000000,28.711,8E8600005BA881CECEA7A881F9A8A7F9F9F9FF01ED000000,28.711,8E8600005BA881CECEA7A881F9A8A7F9F9F9FF01ED000000,28.711,8E8600005BA881CECEA7A881F9A8A7F9F9F9FF01ED000000,28.711,8E8600005BA881CECEA7A881F9A8A7F9F9F9FF01ED000000,28.711,8E8600005BA881CECEA7A881F9A8A7F9F9F9FF01ED000000,28.711,8E8600005BA881CECEA7A881F9A8A7F9F9F9FF01ED000000,28.711,8E8600005BA881CECEA7A881F9A8A7F9F9F9FF01ED000000,28.711,8E8600005BA881CECEA7A881F9A8A7F9F9F9FF01ED000000,28.711,8E8600005BA881CECEA7A881F9A8A7F9F9F9FF01ED000000,28.711,8E8600005BA881CECEA7A881F9A8A7F9F9F9FF01ED000000,28.711,8E8600005BA881CECEA7A881F9A8A7F9F9F9FF01ED000000,28.711,8E8600005BA881CECEA7A881F9A8A7F9F9F9FF01ED000000,28.711,8E8600005BA881CECEA7A881F9A8A7F9F9F9FF01ED000000,28.711,1,28.711,237,28.635,0,28.635,0000,28.635,8192,28.635,2000,28.635,2000,28.635,2000,28.635,2000,28.635,2000,28.635,2000,28.635,2000,28.635,2000,28.635,2000,28.635,2000,28.635,2000,28.635,2000,28.635,2000
28.782,28.711,14.200000000000001,28.711,8E8600005BA881CECEA7A881F9A8A7F9F9F9FF01ED000000,28.711,8E8600005BA881CECEA7A881F9A8A7F9F9F9FF01ED000000,28.711,8E8600005BA881CECEA7A881F9A8A7F9F9F9FF01ED000000,28.711,8E8600005BA881CECEA7A881F9A8A7F9F9F9FF01ED000000,28.711,8E8600005BA881CECEA7A881F9A8A7F9F9F9FF01ED000000,28.711,8E8600005BA881CECEA7A881F9A8A7F9F9F9FF01ED000000,28.711,8E8600005BA881CECEA7A881F9A8A7F9F9F9FF01ED000000,28.711,8E8600005BA881CECEA7A881F9A8A7F9F9F9FF01ED000000,28.711,8E8600005BA881CECEA7A881F9A8A7F9F9F9FF01ED000000,28.711,8E8600005BA881CECEA7A881F9A8A7F9F9F9FF01ED000000,28.711,8E8600005BA881CECEA7A881F9A8A7F9F9F9FF01ED000000,28.711,8E8600005BA881CECEA7A881F9A8A7F9F9F9FF01ED000000,28.711,8E8600005BA881CECEA7A881F9A8A7F9F9F9FF01ED000000,28.711,8E8600005BA881CECEA7A881F9A8A7F9F9F9FF01ED000000,28.711,1,28.711,237,28.736,0,28.736,0000,28.796,8192,28.796,2000,28.796,2000,28.796,2000,28.796,2000,28.796,2000,28.796,2000,28.796,2000,28.796,2000,28.796,2000,28.796,2000,28.796,2000,28.796,2000,28.796,2000
28.883,28.841,14.100000000000001,28.841,8D8500005CA881CDCDA7A881F9A8A7F9F9F9FF01ED000000,28.841,8D8500005CA881CDCDA7A881F9A8A7F9F9F9FF01ED000000,28.841,8D8500005CA881CDCDA7A881F9A8A7F9F9F9FF01ED000000,28.841,8D8500005CA881CDCDA7A881F9A8A7F9F9F9FF01ED000000,28.841,8D8500005CA881CDCDA7A881F9A8A7F9F9F9FF01ED000000,28.841,8D8500005CA881CDCDA7A881F9A8A7F9F9F9FF01ED000000,28.841,8D8500005CA881CDCDA7A881F9A8A7F9F9F9FF01ED000000,28.841,8D8500005CA881CDCDA7A881F9A8A7F9F9F9FF01ED000000,28.841,8D8500005CA881CDCDA7A881F9A8A7F9F9F9FF01ED000000,28.841,8D8500005CA881CDCDA7A881F9A8A7F9F9F9FF01ED000000,28.841,8D8500005CA881CDCDA7A881F9A8A7F9F9F9FF01ED000000,28.841,8D8500005CA881CDCDA7A881F9A8A7F9F9F9FF01ED000000,28.841,8D8500005CA881CDCDA7A881F9A8A7F9F9F9FF01ED000000,28.841,8D8500005CA881CDCDA7A881F9A8A7F9F9F9FF01ED000000,28.841,1,28.841,237,28.856,0,28.856,0000,28.796,8192,28.796,2000,28.796,2000,28.796,2000,28.796,2000,28.796,2000,28.796,2000,28.796,2000,28.796,2000,28.796,2000,28.796,2000,28.796,2000,28.796,2000,28.796,2000
28.982,29.011,14.200000000000001,29.011,8E8600005CA881CDCDA7A781F9A8A7F9F9F9FF01ED000000,29.011,8E8600005CA881CDCDA7A781F9A8A7F9F9F9FF01ED000000,29.011,8E8600005CA881CDCDA7A781F9A8A7F9F9F9FF01ED000000,29.011,8E8600005CA881CDCDA7A781F9A8A7F9F9F9FF01ED000000,29.011,8E8600005CA881CDCDA7A781F9A8A7F9F9F9FF01ED000000,29.011,8E8600005CA881CDCDA7A781F9A8A7F9F9F9FF01ED000000,29.011,8E8600005CA881CDCDA7A781F9A8A7F9F9F9FF01ED000000,29.011,8E8600005CA881CDCDA7A781F9A8A7F9F9F9FF01ED000000,29.011,8E8600005CA881CDCDA7A781F9A8A7F9F9F9FF01ED000000,29.011,8E8600005CA881CDCDA7A781F9A8A7F9F9F9FF01ED000000,29.011,8E8600005CA881CDCDA7A781F9A8A7F9F9F9FF01ED000000,29.011,8E8600005CA881CDCDA7A781F9A8A7F9F9F9FF01ED000000,29.011,8E8600005CA881CDCDA7A781F9A8A7F9F9F9FF01ED000000,29.011,8E8600005CA881CDCDA7A781F9A8A7F9F9F9FF01ED000000,29.011,1,29.011,237,28.937,0,28.937,0000,28.937,8192,28.937,2000,28.937,2000,28.937,2000,28.937,2000,28.937,2000,28.937,2000,28.937,2000,28.937,2000,28.937,2000,28.937,2000,28.937,2000,28.937,2000,28.937,2000
29.084,29.011,14.200000000000001,29.011,8E8600005CA881CDCDA7A781F9A8A7F9F9F9FF01ED000000,29.011,8E8600005CA881CDCDA7A781F9A8A7F9F9F9FF01ED000000,29.011,8E8600005CA881CDCDA7A781F9A8A7F9F9F9FF01ED000000,29.011,8E8600005CA881CDCDA7A781F9A8A7F9F9F9FF01ED000000,29.011,8E8600005CA881CDCDA7A781F9A8A7F9F9F9FF01ED000000,29.011,8E8600005CA881CDCDA7A781F9A8A7F9F9F9FF01ED000000,29.011,8E8600005CA881CDCDA7A781F9A8A7F9F9F9FF01ED000000,29.011,8E8600005CA881CDCDA7A781F9A8A7F9F9F9FF01ED000000,29.011,8E8600005CA881CDCDA7A781F9A8A7F9F9F9FF01ED000000,29.011,8E8600005CA881CDCDA7A781F9A8A7F9F9F9FF01ED000000,29.011,8E8600005CA881CDCDA7A781F9A8A7F9F9F9FF01ED000000,29.011,8E8600005CA881CDCDA7A781F9A8A7F9F9F9FF01ED000000,29.011,8E8600005CA881CDCDA7A781F9A8A7F9F9F9FF01ED000000,29.011,8E8600005CA881CDCDA7A781F9A8A7F9F9F9FF01ED000000,29.011,1,29.011,237,29.026,0,29.026,0000,29.026,8192,29.026,2000,29.026,2000,29.026,2000,29.026,2000,29.026,2000,29.026,2000,29.026,2000,29.026,2000,29.026,2000,29.026,2000,29.026,2000,29.026,2000,29.026,2000
29.183,29.111,14.200000000000001,29.111,8E8600005BA780CCCCA6A781F9A7A6F7F8F8FF01ED000000,29.111,8E8600005BA780CCCCA6A781F9A7A6F7F8F8FF01ED000000,29.111,8E8600005BA780CCCCA6A781F9A7A6F7F8F8FF01ED000000,29.111,8E8600005BA780CCCCA6A781F9A7A6F7F8F8FF01ED000000,29.111,8E8600005BA780CCCCA6A781F9A7A6F7F8F8FF01ED000000,29.111,8E8600005BA780CCCCA6A781F9A7A6F7F8F8FF01ED000000,29.111,8E8600005BA780CCCCA6A781F9A7A6F7F8F8FF01ED000000,29.111,8E8600005BA780CCCCA6A781F9A7A6F7F8F8FF01ED000000,29.111,8E8600005BA780CCCCA6A781F9A7A6F7F8F8FF01ED000000,29.111,8E8600005BA780CCCCA6A781F9A7A6F7F8F8FF01ED000000,29.111,8E8600005BA780CCCCA6A781F9A7A6F7F8F8FF01ED000000,29.111,8E8600005BA780CCCCA6A781F9A7A6F7F8F8FF01ED000000,29.111,8E8600005BA780CCCCA6A781F9A7A6F7F8F8FF01ED000000,29.111,8E8600005BA780CCCCA6A781F9A7A6F7F8F8FF01ED000000,29.111,1,29.111,237,29.136,0,29.136,0000,29.136,8192,29.136,2000,29.136,2000,29.136,2000,29.136,2000,29.136,2000,29.136,2000,29.136,2000,29.136,2000,29.136,2000,29.136,2000,29.136,2000,29.136,2000,29.136,2000
29.280,29.211,14.100000000000001,29.211,8D8500005BA881CDCDA6A781F9A8A6F8F8F8FF01ED000000,29.211,8D8500005BA881CDCDA6A781F9A8A6F8F8F8FF01ED000000,29.211,8D8500005BA881CDCDA6A781F9A8A6F8F8F8FF01ED000000,29.211,8D8500005BA881CDCDA6A781F9A8A6F8F8F8FF01ED000000,29.211,8D8500005BA881CDCDA6A781F9A8A6F8F8F8FF01ED000000,29.211,8D8500005BA881CDCDA6A781F9A8A6F8F8F8FF01ED000000,29.211,8D8500005BA881CDCDA6A781F9A8A6F8F8F8FF01ED000000,29.211,8D8500005BA881CDCDA6A781F9A8A6F8F8F8FF01ED000000,29.211,8D8500005BA881CDCDA6A781F9A8A6F8F8F8FF01ED000000,29.211,8D8500005BA881CDCDA6A781F9A8A6F8F8F8FF01ED000000,29.211,8D8500005BA881CDCDA6A781F9A8A6F8F8F8FF01ED000000,29.211,8D8500005BA881CDCDA6A781F9A8A6F8F8F8FF01ED000000,29.211,8D8500005BA881CDCDA6A781F9A8A6F8F8F8FF01ED000000,29.211,8D8500005BA881CDCDA6A781F9A8A6F8F8F8FF01ED000000,29.211,1,29.211,237,29.247,0,29.247,0000,29.299,8192,29.299,2000,29.299,2000,29.299,2000,29.299,2000,29.299,2000,29.299,2000,29.299,2000,29.299,2000,29.299,2000,29.299,2000,29.299,2000,29.299,2000,29.299,2000
29.383,29.341,14.100000000000001,29.341,8D8500005CA880CDCDA7A781F9A8A7F8F9F9FF01EC000000,29.341,8D8500005CA880CDCDA7A781F9A8A7F8F9F9FF01EC000000,29.341,8D8500005CA880CDCDA7A781F9A8A7F8F9F9FF01EC000000,29.341,8D8500005CA880CDCDA7A781F9A8A7F8F9F9FF01EC000000,29.341,8D8500005CA880CDCDA7A781F9A8A7F8F9F9FF01EC000000,29.341,8D8500005CA880CDCDA7A781F9A8A7F8F9F9FF01EC000000,29.341,8D8500005CA880CDCDA7A781F9A8A7F8F9F9FF01EC000000,29.341,8D8500005CA880CDCDA7A781F9A8A7F8F9F9FF01EC000000,29.341,8D8500005CA880CDCDA7A781F9A8A7F8F9F9FF01EC000000,29.341,8D8500005CA880CDCDA7A781F9A8A7F8F9F9FF01EC000000,29.341,8D8500005CA880CDCDA7A781F9A8A7F8F9F9FF01EC000000,29.341,8D8500005CA880CDCDA7A781F9A8A7F8F9F9FF01EC000000,29.341,8D8500005CA880CDCDA7A781F9A8A7F8F9F9FF01EC000000,29.341,8D8500005CA880CDCDA7A781F9A8A7F8F9F9FF01EC000000,29.341,1,29.341,236,29.358,0,29.358,0000,29.299,8192,29.299,2000,29.299,2000,29.299,2000,29.299,2000,29.299,2000,29.299,2000,29.299,2000,29.299,2000,29.299,2000,29.299,2000,29.299,2000,29.299,2000,29.299,2000
29.480,29.422,14.100000000000001,29.422,8D8500005CA881CDCDA7A881F9A8A7F9F9F9FF01ED000000,29.422,8D8500005CA881CDCDA7A881F9A8A7F9F9F9FF01ED000000,29.422,8D8500005CA881CDCDA7A881F9A8A7F9F9F9FF01ED000000,29.422,8D8500005CA881CDCDA7A881F9A8A7F9F9F9FF01ED000000,29.422,8D8500005CA881CDCDA7A881F9A8A7F9F9F9FF01ED000000,29.422,8D8500005CA881CDCDA7A881F9A8A7F9F9F9FF01ED000000,29.422,8D8500005CA881CDCDA7A881F9A8A7F9F9F9FF01ED000000,29.422,8D8500005CA881CDCDA7A881F9A8A7F9F9F9FF01ED000000,29.422,8D8500005CA881CDCDA7A881F9A8A7F9F9F9FF01ED000000,29.422,8D8500005CA881CDCDA7A881F9A8A7F9F9F9FF01ED000000,29.422,8D8500005CA881CDCDA7A881F9A8A7F9F9F9FF01ED000000,29.422,8D8500005CA881CDCDA7A881F9A8A7F9F9F9FF01ED000000,29.422,8D8500005CA881CDCDA7A881F9A8A7F9F9F9FF01ED000000,29.422,8D8500005CA881CDCDA7A881F9A8A7F9F9F9FF01ED000000,29.422,1,29.422,237,29.436,0,29.436,0000,29.436,8192,29.436,2000,29.436,2000,29.436,2000,29.436,2000,29.436,2000,29.436,2000,29.436,2000,29.436,2000,29.436,2000,29.436,2000,29.436,2000,29.436,2000,29.436,2000
29.581,29.611,14.200000000000001,29.611,8E8600005BA880CDCDA6A781F9A8A6F8F9F9FF01ED000000,29.611,8E8600005BA880CDCDA6A781F9A8A6F8F9F9FF01ED000000,29.611,8E8600005BA880CDCDA6A781F9A8A6F8F9F9FF01ED000000,29.611,8E8600005BA880CDCDA6A781F9A8A6F8F9F9FF01ED000000,29.611,8E8600005BA880CDCDA6A781F9A8A6F8F9F9FF01ED000000,29.611,8E8600005BA880CDCDA6A781F9A8A6F8F9F9FF01ED000000,29.611,8E8600005BA880CDCDA6A781F9A8A6F8F9F9FF01ED000000,29.611,8E8600005BA880CDCDA6A781F9A8A6F8F9F9FF01ED000000,29.611,8E8600005BA880CDCDA6A781F9A8A6F8F9F9FF01ED000000,29.611,8E8600005BA880CDCDA6A781F9A8A6F8F9F9FF01ED000000,29.611,8E8600005BA880CDCDA6A781F9A8A6F8F9F9FF01ED000000,29.611,8E8600005BA880CDCDA6A781F9A8A6F8F9F9FF01ED000000,29.611,8E8600005BA880CDCDA6A781F9A8A6F8F9F9FF01ED000000,29.611,8E8600005BA880CDCDA6A781F9A8A6F8F9F9FF01ED000000,29.611,1,29.611,237,29.546,0,29.546,0000,29.546,8192,29.546,2000,29.546,2000,29.546,2000,29.546,2000,29.546,2000,29.546,2000,29.546,2000,29.546,2000,29.546,2000,29.546,2000,29.546,2000,29.546,2000,29.546,2000
29.684,29.611,14.200000000000001,29.611,8E8600005BA880CDCDA6A781F9A8A6F8F9F9FF01ED000000,29.611,8E8600005BA880CDCDA6A781F9A8A6F8F9F9FF01ED000000,29.611,8E8600005BA880CDCDA6A781F9A8A6F8F9F9FF01ED000000,29.611,8E8600005BA880CDCDA6A781F9A8A6F8F9F9FF01ED000000,29.611,8E8600005BA880CDCDA6A781F9A8A6F8F9F9FF01ED000000,29.611,8E8600005BA880CDCDA6A781F9A8A6F8F9F9FF01ED000000,29.611,8E8600005BA880CDCDA6A781F9A8A6F8F9F9FF01ED000000,29.611,8E8600005BA880CDCDA6A781F9A8A6F8F9F9FF01ED000000,29.611,8E8600005BA880CDCDA6A781F9A8A6F8F9F9FF01ED000000,29.611,8E8600005BA880CDCDA6A781F9A8A6F8F9F9FF01ED000000,29.611,8E8600005BA880CDCDA6A781F9A8A6F8F9F9FF01ED000000,29.611,8E8600005BA880CDCDA6A781F9A8A6F8F9F9FF01ED000000,29.611,8E8600005BA880CDCDA6A781F9A8A6F8F9F9FF01ED000000,29.611,8E8600005BA880CDCDA6A781F9A8A6F8F9F9FF01ED000000,29.611,1,29.611,237,29.627,0,29.627,0000,29.627,8192,29.627,2000,29.627,2000,29.627,2000,29.627,2000,29.627,2000,29.627,2000,29.627,2000,29.627,2000,29.627,2000,29.627,2000,29.627,2000,29.627,2000,29.627,2000
29.781,29.711,14.200000000000001,29.711,8E8600005BA880CDCDA6A781F9A8A6F8F8F8FF01ED000000,29.711,8E8600005BA880CDCDA6A781F9A8A6F8F8F8FF01ED000000,29.711,8E8600005BA880CDCDA6A781F9A8A6F8F8F8FF01ED000000,29.711,8E8600005BA880CDCDA6A781F9A8A6F8F8F8FF01ED000000,29.711,8E8600005BA880CDCDA6A781F9A8A6F8F8F8FF01ED000000,29.711,8E8600005BA880CDCDA6A781F9A8A6F8F8F8FF01ED000000,29.711,8E8600005BA880CDCDA6A781F9A8A6F8F8F8FF01ED000000,29.711,8E8600005BA880CDCDA6A781F9A8A6F8F8F8FF01ED000000,29.711,8E8600005BA880CDCDA6A781F9A8A6F8F8F8FF01ED000000,29.711,8E8600005BA880CDCDA6A781F9A8A6F8F8F8FF01ED000000,29.711,8E8600005BA880CDCDA6A781F9A8A6F8F8F8FF01ED000000,29.711,8E8600005BA880CDCDA6A781F9A8A6F8F8F8FF01ED000000,29.711,8E8600005BA880CDCDA6A781F9A8A6F8F8F8FF01ED000000,29.711,8E8600005BA880CDCDA6A781F9A8A6F8F8F8FF01ED000000,29.711,1,29.711,237,29.747,0,29.747,0000,29.796,8192,29.796,2000,29.796,2000,29.796,2000,29.796,2000,29.796,2000,29.796,2000,29.796,2000,29.796,2000,29.796,2000,29.796,2000,29.796,2000,29.796,2000,29.796,2000
29.882,29.842,14.100000000000001,29.842,8D8500005CA881CDCDA7A881F9A8A7F8FAFAFF01EE000000,29.842,8D8500005CA881CDCDA7A881F9A8A7F8FAFAFF01EE000000,29.842,8D8500005CA881CDCDA7A881F9A8A7F8FAFAFF01EE000000,29.842,8D8500005CA881CDCDA7A881F9A8A7F8FAFAFF01EE000000,29.842,8D8500005CA881CDCDA7A881F9A8A7F8FAFAFF01EE000000,29.842,8D8500005CA881CDCDA7A881F9A8A7F8FAFAFF01EE000000,29.842,8D8500005CA881CDCDA7A881F9A8A7F8FAFAFF01EE000000,29.842,8D8500005CA881CDCDA7A881F9A8A7F8FAFAFF01EE000000,29.842,8D8500005CA881CDCDA7A881F9A8A7F8FAFAFF01EE000000,29.842,8D8500005CA881CDCDA7A881F9A8A7F8FAFAFF01EE000000,29.842,8D8500005CA881CDCDA7A881F9A8A7F8FAFAFF01EE000000,29.842,8D8500005CA881CDCDA7A881F9A8A7F8FAFAFF01EE000000,29.842,8D8500005CA881CDCDA7A881F9A8A7F8FAFAFF01EE000000,29.842,8D8500005CA881CDCDA7A881F9A8A7F8FAFAFF01EE000000,29.842,1,29.842,238,29.869,0,29.869,0000,29.796,8192,29.796,2000,29.796,2000,29.796,2000,29.796,2000,29.796,2000,29.796,2000,29.796,2000,29.796,2000,29.796,2000,29.796,2000,29.796,2000,29.796,2000,29.796,2000
29.983,29.941,14.100000000000001,29.941,8D8500005BA881CDCDA7A781F8A8A7F8F9F9FF01ED000000,29.941,8D8500005BA881CDCDA7A781F8A8A7F8F9F9FF01ED000000,29.941,8D8500005BA881CDCDA7A781F8A8A7F8F9F9FF01ED000000,29.941,8D8500005BA881CDCDA7A781F8A8A7F8F9F9FF01ED000000,29.941,8D8500005BA881CDCDA7A781F8A8A7F8F9F9FF01ED000000,29.941,8D8500005BA881CDCDA7A781F8A8A7F8F9F9FF01ED000000,29.941,8D8500005BA881CDCDA7A781F8A8A7F8F9F9FF01ED000000,29.941,8D8500005BA881CDCDA7A781F8A8A7F8F9F9FF01ED000000,29.941,8D8500005BA881CDCDA7A781F8A8A7F8F9F9FF01ED000000,29.941,8D8500005BA881CDCDA7A781F8A8A7F8F9F9FF01ED000000,29.941,8D8500005BA881CDCDA7A781F8A8A7F8F9F9FF01ED000000,29.941,8D8500005BA881CDCDA7A781F8A8A7F8F9F9FF01ED000000,29.941,8D8500005BA881CDCDA7A781F8A8A7F8F9F9FF01ED000000,29.941,8D8500005BA881CDCDA7A781F8A8A7F8F9F9FF01ED000000,29.941,1,29.941,237,29.956,0,29.956,0000,29.956,8192,29.956,2000,29.956,2000,29.956,2000,29.956,2000,29.956,2000,29.956,2000,29.956,2000,29.956,2000,29.956,2000,29.956,2000,29.956,2000,29.956,2000,29.956,2000
30.083,30.011,14.100000000000001,30.011,8D8500005CA881CDCDA7A781F9A8A7F8F9F9FF01ED000000,30.011,8D8500005CA881CDCDA7A781F9A8A7F8F9F9FF01ED000000,30.011,8D8500005CA881CDCDA7A781F9A8A7F8F9F9FF01ED000000,30.011,8D8500005CA881CDCDA7A781F9A8A7F8F9F9FF01ED000000,30.011,8D8500005CA881CDCDA7A781F9A8A7F8F9F9FF01ED000000,30.011,8D8500005CA881CDCDA7A781F9A8A7F8F9F9FF01ED000000,30.011,8D8500005CA881CDCDA7A781F9A8A7F8F9F9FF01ED000000,30.011,8D8500005CA881CDCDA7A781F9A8A7F8F9F9FF01ED000000,30.011,8D8500005CA881CDCDA7A781F9A8A7F8F9F9FF01ED000000,30.011,8D8500005CA881CDCDA7A781F9A8A7F8F9F9FF01ED000000,30.011,8D8500005CA881CDCDA7A781F9A8A7F8F9F9FF01ED000000,30.011,8D8500005CA881CDCDA7A781F9A8A7F8F9F9FF01ED000000,30.011,8D8500005CA881CDCDA7A781F9A8A7F8F9F9FF01ED000000,30.011,8D8500005CA881CDCDA7A781F9A8A7F8F9F9FF01ED000000,30.011,1,30.011,237,30.036,0,30.036,0000,30.036,8192,30.036,2000,30.036,2000,30.036,2000,30.036,2000,30.036,2000,30.036,2000,30.036,2000,30.036,2000,30.036,2000,30.036,2000,30.036,2000,30.036,2000,30.036,2000
30.182,30.211,14.200000000000001,30.211,8E8600005CA881CDCDA7A881F9A8A7F9F9F9FF01ED000000,30.211,8E8600005CA881CDCDA7A881F9A8A7F9F9F9FF01ED000000,30.211,8E8600005CA881CDCDA7A881F9A8A7F9F9F9FF01ED000000,30.211,8E8600005CA881CDCDA7A881F9A8A7F9F9F9FF01ED000000,30.211,8E8600005CA881CDCDA7A881F9A8A7F9F9F9FF01ED000000,30.211,8E8600005CA881CDCDA7A881F9A8A7F9F9F9FF01ED000000,30.211,8E8600005CA881CDCDA7A881F9A8A7F9F9F9FF01ED000000,30.211,8E8600005CA881CDCDA7A881F9A8A7F9F9F9FF01ED000000,30.211,8E8600005CA881CDCDA7A881F9A8A7F9F9F9FF01ED000000,30.211,8E8600005CA881CDCDA7A881F9A8A7F9F9F9FF01ED000000,30.211,8E8600005CA881CDCDA7A881F9A8A7F9F9F9FF01ED000000,30.211,8E8600005CA881CDCDA7A881F9A8A7F9F9F9FF01ED000000,30.211,8E8600005CA881CDCDA7A881F9A8A7F9F9F9FF01ED000000,30.211,8E8600005CA881CDCDA7A881F9A8A7F9F9F9FF01ED000000,30.211,1,30.211,237,30.135,0,30.135,0000,30.135,8192,30.135,2000,30.135,2000,30.135,2000,30.135,2000,30.135,2000,30.135,2000,30.135,2000,30.135,2000,30.135,2000,30.135,2000,30.135,2000,30.135,2000,30.135,2000
30.282,30.211,14.200000000000001,30.211,8E8600005CA881CDCDA7A881F9A8A7F9F9F9FF01ED000000,30.211,8E8600005CA881CDCDA7A881F9A8A7F9F9F9FF01ED000000,30.211,8E8600005CA881CDCDA7A881F9A8A7F9F9F9FF01ED000000,30.211,8E8600005CA881CDCDA7A881F9A8A7F9F9F9FF01ED000000,30.211,8E8600005CA881CDCDA7A881F9A8A7F9F9F9FF01ED000000,30.211,8E8600005CA881CDCDA7A881F9A8A7F9F9F9FF01ED000000,30.211,8E8600005CA881CDCDA7A881F9A8A7F9F9F9FF01ED000000,30.211,8E8600005CA881CDCDA7A881F9A8A7F9F9F9FF01ED000000,30.211,8E8600005CA881CDCDA7A881F9A8A7F9F9F9FF01ED000000,30.211,8E8600005CA881CDCDA7A881F9A8A7F9F9F9FF01ED000000,30.211,8E8600005CA881CDCDA7A881F9A8A7F9F9F9FF01ED000000,30.211,8E8600005CA881CDCDA7A881F9A8A7F9F9F9FF01ED000000,30.211,8E8600005CA881CDCDA7A881F9A8A7F9F9F9FF01ED000000,30.211,8E8600005CA881CDCDA7A881F9A8A7F9F9F9FF01ED000000,30.211,1,30.211,237,30.236,0,30.236,0000,30.296,8192,30.296,2000,30.296,2000,30.296,2000,30.296,2000,30.296,2000,30.296,2000,30.296,2000,30.296,2000,30.296,2000,30.296,2000,30.296,2000,30.296,2000,30.296,2000
30.384,30.352,14.100000000000001,30.352,8D8500005BA881CDCDA7A881F9A8A7F8F8F8FF01ED000000,30.352,8D8500005BA881CDCDA7A881F9A8A7F8F8F8FF01ED000000,30.352,8D8500005BA881CDCDA7A881F9A8A7F8F8F8FF01ED000000,30.352,8D8500005BA881CDCDA7A881F9A8A7F8F8F8FF01ED000000,30.352,8D8500005BA881CDCDA7A881F9A8A7F8F8F8FF01ED000000,30.352,8D8500005BA881CDCDA7A881F9A8A7F8F8F8FF01ED000000,30.352,8D8500005BA881CDCDA7A881F9A8A7F8F8F8FF01ED000000,30.352,8D8500005BA881CDCDA7A881F9A8A7F8F8F8FF01ED000000,30.352,8D8500005BA881CDCDA7A881F9A8A7F8F8F8FF01ED000000,30.352,8D8500005BA881CDCDA7A881F9A8A7F8F8F8FF01ED000000,30.352,8D8500005BA881CDCDA7A881F9A8A7F8F8F8FF01ED000000,30.352,8D8500005BA881CDCDA7A881F9A8A7F8F8F8FF01ED000000,30.352,8D8500005BA881CDCDA7A881F9A8A7F8F8F8FF01ED000000,30.352,8D8500005BA881CDCDA7A881F9A8A7F8F8F8FF01ED000000,30.352,1,30.352,237,30.387,0,30.387,0000,30.387,8192,30.387,2000,30.387,2000,30.387,2000,30.387,2000,30.387,2000,30.387,2000,30.387,2000,30.387,2000,30.387,2000,30.387,2000,30.387,2000,30.387,2000,30.387,2000
30.482,30.511,14.200000000000001,30.511,8E8600005BA881CDCDA7A781F9A8A7F9F9F9FF01ED000000,30.511,8E8600005BA881CDCDA7A781F9A8A7F9F9F9FF01ED000000,30.511,8E8600005BA881CDCDA7A781F9A8A7F9F9F9FF01ED000000,30.511,8E8600005BA881CDCDA7A781F9A8A7F9F9F9FF01ED000000,30.511,8E8600005BA881CDCDA7A781F9A8A7F9F9F9FF01ED000000,30.511,8E8600005BA881CDCDA7A781F9A8A7F9F9F9FF01ED000000,30.511,8E8600005BA881CDCDA7A781F9A8A7F9F9F9FF01ED000000,30.511,8E8600005BA881CDCDA7A781F9A8A7F9F9F9FF01ED000000,30.511,8E8600005BA881CDCDA7A781F9A8A7F9F9F9FF01ED000000,30.511,8E8600005BA881CDCDA7A781F9A8A7F9F9F9FF01ED000000,30.511,8E8600005BA881CDCDA7A781F9A8A7F9F9F9FF01ED000000,30.511,8E8600005BA881CDCDA7A781F9A8A7F9F9F9FF01ED000000,30.511,8E8600005BA881CDCDA7A781F9A8A7F9F9F9FF01ED000000,30.511,8E8600005BA881CDCDA7A781F9A8A7F9F9F9FF01ED000000,30.511,1,30.511,237,30.437,0,30.437,0000,30.387,8192,30.387,2000,30.387,2000,30.387,2000,30.387,2000,30.387,2000,30.387,2000,30.387,2000,30.387,2000,30.387,2000,30.387,2000,30.387,2000,30.387,2000,30.387,2000
30.582,30.511,14.200000000000001,30.511,8E8600005BA881CDCDA7A781F9A8A7F9F9F9FF01ED000000,30.511,8E8600005BA881CDCDA7A781F9A8A7F9F9F9FF01ED000000,30.511,8E8600005BA881CDCDA7A781F9A8A7F9F9F9FF01ED000000,30.511,8E8600005BA881CDCDA7A781F9A8A7F9F9F9FF01ED000000,30.511,8E8600005BA881CDCDA7A781F9A8A7F9F9F9FF01ED000000,30.511,8E8600005BA881CDCDA7A781F9A8A7F9F9F9FF01ED000000,30.511,8E8600005BA881CDCDA7A781F9A8A7F9F9F9FF01ED000000,30.511,8E8600005BA881CDCDA7A781F9A8A7F9F9F9FF01ED000000,30.511,8E8600005BA881CDCDA7A781F9A8A7F9F9F9FF01ED000000,30.511,8E8600005BA881CDCDA7A781F9A8A7F9F9F9FF01ED000000,30.511,8E8600005BA881CDCDA7A781F9A8A7F9F9F9FF01ED000000,30.511,8E8600005BA881CDCDA7A781F9A8A7F9F9F9FF01ED000000,30.511,8E8600005BA881CDCDA7A781F9A8A7F9F9F9FF01ED000000,30.511,8E8600005BA881CDCDA7A781F9A8A7F9F9F9FF01ED000000,30.511,1,30.511,237,30.526,0,30.526,0000,30.526,8192,30.526,2000,30.526,2000,30.526,2000,30.526,2000,30.526,2000,30.526,2000,30.526,2000,30.526,2000,30.526,2000,30.526,2000,30.526,2000,30.526,2000,30.526,2000
30.682,30.611,14.200000000000001,30.611,8E8600005CA881CDCDA7A881F9A8A7F9F9F9FF01ED000000,30.611,8E8600005CA881CDCDA7A881F9A8A7F9F9F9FF01ED000000,30.611,8E8600005CA881CDCDA7A881F9A8A7F9F9F9FF01ED000000,30.611,8E8600005CA881CDCDA7A881F9A8A7F9F9F9FF01ED000000,30.611,8E8600005CA881CDCDA7A881F9A8A7F9F9F9FF01ED000000,30.611,8E8600005CA881CDCDA7A881F9A8A7F9F9F9FF01ED000000,30.611,8E8600005CA881CDCDA7A881F9A8A7F9F9F9FF01ED000000,30.611,8E8600005CA881CDCDA7A881F9A8A7F9F9F9FF01ED000000,30.611,8E8600005CA881CDCDA7A881F9A8A7F9F9F9FF01ED000000,30.611,8E8600005CA881CDCDA7A881F9A8A7F9F9F9FF01ED000000,30.611,8E8600005CA881CDCDA7A881F9A8A7F9F9F9FF01ED000000,30.611,8E8600005CA881CDCDA7A881F9A8A7F9F9F9FF01ED000000,30.611,8E8600005CA881CDCDA7A881F9A8A7F9F9F9FF01ED000000,30.611,8E8600005CA881CDCDA7A881F9A8A7F9F9F9FF01ED000000,30.611,1,30.611,237,30.636,0,30.636,0000,30.636,8192,30.636,2000,30.636,2000,30.636,2000,30.636,2000,30.636,2000,30.636,2000,30.636,2000,30.636,2000,30.636,2000,30.636,2000,30.636,2000,30.636,2000,30.636,2000
30.780,30.711,14.100000000000001,30.711,8D8500005BA881CDCDA7A781F9A8A7F8F9F9FF01ED000000,30.711,8D8500005BA881CDCDA7A781F9A8A7F8F9F9FF01ED000000,30.711,8D8500005BA881CDCDA7A781F9A8A7F8F9F9FF01ED000000,30.711,8D8500005BA881CDCDA7A781F9A8A7F8F9F9FF01ED000000,30.711,8D8500005BA881CDCDA7A781F9A8A7F8F9F9FF01ED000000,30.711,8D8500005BA881CDCDA7A781F9A8A7F8F9F9FF01ED000000,30.711,8D8500005BA881CDCDA7A781F9A8A7F8F9F9FF01ED000000,30.711,8D8500005BA881CDCDA7A781F9A8A7F8F9F9FF01ED000000,30.711,8D8500005BA881CDCDA7A781F9A8A7F8F9F9FF01ED000000,30.711,8D8500005BA881CDCDA7A781F9A8A7F8F9F9FF01ED000000,30.711,8D8500005BA881CDCDA7A781F9A8A7F8F9F9FF01ED000000,30.711,8D8500005BA881CDCDA7A781F9A8A7F8F9F9FF01ED000000,30.711,8D8500005BA881CDCDA7A781F9A8A7F8F9F9FF01ED000000,30.711,8D8500005BA881CDCDA7A781F9A8A7F8F9F9FF01ED000000,30.711,1,30.711,237,30.747,0,30.747,0000,30.800,8192,30.800,2000,30.800,2000,30.800,2000,30.800,2000,30.800,2000,30.800,2000,30.800,2000,30.800,2000,30.800,2000,30.800,2000,30.800,2000,30.800,2000,30.800,2000
30.881,30.851,14.100000000000001,30.851,8D8500005CA880CDCDA7A781F9A8A7F8F9F9FF01ED000000,30.851,8D8500005CA880CDCDA7A781F9A8A7F8F9F9FF01ED000000,30.851,8D8500005CA880CDCDA7A781F9A8A7F8F9F9FF01ED000000,30.851,8D8500005CA880CDCDA7A781F9A8A7F8F9F9FF01ED000000,30.851,8D8500005CA880CDCDA7A781F9A8A7F8F9F9FF01ED000000,30.851,8D8500005CA880CDCDA7A781F9A8A7F8F9F9FF01ED000000,30.851,8D8500005CA880CDCDA7A781F9A8A7F8F9F9FF01ED000000,30.851,8D8500005CA880CDCDA7A781F9A8A7F8F9F9FF01ED000000,30.851,8D8500005CA880CDCDA7A781F9A8A7F8F9F9FF01ED000000,30.851,8D8500005CA880CDCDA7A781F9A8A7F8F9F9FF01ED000000,30.851,8D8500005CA880CDCDA7A781F9A8A7F8F9F9FF01ED000000,30.851,8D8500005CA880CDCDA7A781F9A8A7F8F9F9FF01ED000000,30.851,8D8500005CA880CDCDA7A781F9A8A7F8F9F9FF01ED000000,30.851,8D8500005CA880CDCDA7A781F9A8A7F8F9F9FF01ED000000,30.851,1,30.851,237,30.887,0,30.887,0000,30.887,8192,30.887,2000,30.887,2000,30.887,2000,30.887,2000,30.887,2000,30.887,2000,30.887,2000,30.887,2000,30.887,2000,30.887,2000,30.887,2000,30.887,2000,30.887,2000
30.984,30.942,14.100000000000001,30.942,8D8500005CA881CDCDA7A881F9A8A7F9F9F9FF01ED000000,30.942,8D8500005CA881CDCDA7A881F9A8A7F9F9F9FF01ED000000,30.942,8D8500005CA881CDCDA7A881F9A8A7F9F9F9FF01ED000000,30.942,8D8500005CA881CDCDA7A881F9A8A7F9F9F9FF01ED000000,30.942,8D8500005CA881CDCDA7A881F9A8A7F9F9F9FF01ED000000,30.942,8D8500005CA881CDCDA7A881F9A8A7F9F9F9FF01ED000000,30.942,8D8500005CA881CDCDA7A881F9A8A7F9F9F9FF01ED000000,30.942,8D8500005CA881CDCDA7A881F9A8A7F9F9F9FF01ED000000,30.942,8D8500005CA881CDCDA7A881F9A8A7F9F9F9FF01ED000000,30.942,8D8500005CA881CDCDA7A881F9A8A7F9F9F9FF01ED000000,30.942,8D8500005CA881CDCDA7A881F9A8A7F9F9F9FF01ED000000,30.942,8D8500005CA881CDCDA7A881F9A8A7F9F9F9FF01ED000000,30.942,8D8500005CA881CDCDA7A881F9A8A7F9F9F9FF01ED000000,30.942,8D8500005CA881CDCDA7A881F9A8A7F9F9F9FF01ED000000,30.942,1,30.942,237,30.956,0,30.956,0000,30.887,8192,30.887,2000,30.887,2000,30.887,2000,30.887,2000,30.887,2000,30.887,2000,30.887,2000,30.887,2000,30.887,2000,30.887,2000,30.887,2000,30.887,2000,30.887,2000
31.082,31.111,14.100000000000001,31.111,8D8500005CA981CDCDA7A881F9A8A7F9F9F9FF01ED000000,31.111,8D8500005CA981CDCDA7A881F9A8A7F9F9F9FF01ED000000,31.111,8D8500005CA981CDCDA7A881F9A8A7F9F9F9FF01ED000000,31.111,8D8500005CA981CDCDA7A881F9A8A7F9F9F9FF01ED000000,31.111,8D8500005CA981CDCDA7A881F9A8A7F9F9F9FF01ED000000,31.111,8D8500005CA981CDCDA7A881F9A8A7F9F9F9FF01ED000000,31.111,8D8500005CA981CDCDA7A881F9A8A7F9F9F9FF01ED000000,31.111,8D8500005CA981CDCDA7A881F9A8A7F9F9F9FF01ED000000,31.111,8D8500005CA981CDCDA7A881F9A8A7F9F9F9FF01ED000000,31.111,8D8500005CA981CDCDA7A881F9A8A7F9F9F9FF01ED000000,31.111,8D8500005CA981CDCDA7A881F9A8A7F9F9F9FF01ED000000,31.111,8D8500005CA981CDCDA7A881F9A8A7F9F9F9FF01ED000000,31.111,8D8500005CA981CDCDA7A881F9A8A7F9F9F9FF01ED000000,31.111,8D8500005CA981CDCDA7A881F9A8A7F9F9F9FF01ED000000,31.111,1,31.111,237,31.046,0,31.046,0000,31.046,8192,31.046,2000,31.046,2000,31.046,2000,31.046,2000,31.046,2000,31.046,2000,31.046,2000,31.046,2000,31.046,2000,31.046,2000,31.046,2000,31.046,2000,31.046,2000
31.183,31.111,14.100000000000001,31.111,8D8500005CA981CDCDA7A881F9A8A7F9F9F9FF01ED000000,31.111,8D8500005CA981CDCDA7A881F9A8A7F9F9F9FF01ED000000,31.111,8D8500005CA981CDCDA7A881F9A8A7F9F9F9FF01ED000000,31.111,8D8500005CA981CDCDA7A881F9A8A7F9F9F9FF01ED000000,31.111,8D8500005CA981CDCDA7A881F9A8A7F9F9F9FF01ED000000,31.111,8D8500005CA981CDCDA7A881F9A8A7F9F9F9FF01ED000000,31.111,8D8500005CA981CDCDA7A881F9A8A7F9F9F9FF01ED000000,31.111,8D8500005CA981CDCDA7A881F9A8A7F9F9F9FF01ED000000,31.111,8D8500005CA981CDCDA7A881F9A8A7F9F9F9FF01ED000000,31.111,8D8500005CA981CDCDA7A881F9A8A7F9F9F9FF01ED000000,31.111,8D8500005CA981CDCDA7A881F9A8A7F9F9F9FF01ED000000,31.111,8D8500005CA981CDCDA7A881F9A8A7F9F9F9FF01ED000000,31.111,8D8500005CA981CDCDA7A881F9A8A7F9F9F9FF01ED000000,31.111,8D8500005CA981CDCDA7A881F9A8A7F9F9F9FF01ED000000,31.111,1,31.111,237,31.126,0,31.126,0000,31.126,8192,31.126,2000,31.126,2000,31.126,2000,31.126,2000,31.126,2000,31.126,2000,31.126,2000,31.126,2000,31.126,2000,31.126,2000,31.126,2000,31.126,2000,31.126,2000
31.282,31.211,14.100000000000001,31.211,8D8500005BA780CCCCA6A781F9A7A6F7F8F8FF01ED000000,31.211,8D8500005BA780CCCCA6A781F9A7A6F7F8F8FF01ED000000,31.211,8D8500005BA780CCCCA6A781F9A7A6F7F8F8FF01ED000000,31.211,8D8500005BA780CCCCA6A781F9A7A6F7F8F8FF01ED000000,31.211,8D8500005BA780CCCCA6A781F9A7A6F7F8F8FF01ED000000,31.211,8D8500005BA780CCCCA6A781F9A7A6F7F8F8FF01ED000000,31.211,8D8500005BA780CCCCA6A781F9A7A6F7F8F8FF01ED000000,31.211,8D8500005BA780CCCCA6A781F9A7A6F7F8F8FF01ED000000,31.211,8D8500005BA780CCCCA6A781F9A7A6F7F8F8FF01ED000000,31.211,8D8500005BA780CCCCA6A781F9A7A6F7F8F8FF01ED000000,31.211,8D8500005BA780CCCCA6A781F9A7A6F7F8F8FF01ED000000,31.211,8D8500005BA780CCCCA6A781F9A7A6F7F8F8FF01ED000000,31.211,8D8500005BA780CCCCA6A781F9A7A6F7F8F8FF01ED000000,31.211,8D8500005BA780CCCCA6A781F9A7A6F7F8F8FF01ED000000,31.211,1,31.211,237,31.247,0,31.247,0000,31.297,8192,31.297,2000,31.297,2000,31.297,2000,31.297,2000,31.297,2000,31.297,2000,31.297,2000,31.297,2000,31.297,2000,31.297,2000,31.297,2000,31.297,2000,31.297,2000
31.383,31.341,14.100000000000001,31.341,8D8500005BA881CDCDA6A781F9A8A6F8F8F8FF01ED000000,31.341,8D8500005BA881CDCDA6A781F9A8A6F8F8F8FF01ED000000,31.341,8D8500005BA881CDCDA6A781F9A8A6F8F8F8FF01ED000000,31.341,8D8500005BA881CDCDA6A781F9A8A6F8F8F8FF01ED000000,31.341,8D8500005BA881CDCDA6A781F9A8A6F8F8F8FF01ED000000,31.341,8D8500005BA881CDCDA6A781F9A8A6F8F8F8FF01ED000000,31.341,8D8500005BA881CDCDA6A781F9A8A6F8F8F8FF01ED000000,31.341,8D8500005BA881CDCDA6A781F9A8A6F8F8F8FF01ED000000,31.341,8D8500005BA881CDCDA6A781F9A8A6F8F8F8FF01ED000000,31.341,8D8500005BA881CDCDA6A781F9A8A6F8F8F8FF01ED000000,31.341,8D8500005BA881CDCDA6A781F9A8A6F8F8F8FF01ED000000,31.341,8D8500005BA881CDCDA6A781F9A8A6F8F8F8FF01ED000000,31.341,8D8500005BA881CDCDA6A781F9A8A6F8F8F8FF01ED000000,31.341,8D8500005BA881CDCDA6A781F9A8A6F8F8F8FF01ED000000,31.341,1,31.341,237,31.369,0,31.369,0000,31.297,8192,31.297,2000,31.297,2000,31.297,2000,31.297,2000,31.297,2000,31.297,2000,31.297,2000,31.297,2000,31.297,2000,31.297,2000,31.297,2000,31.297,2000,31.297,2000
31.481,31.511,14.200000000000001,31.511,8E8600005BA780CCCCA6A781F9A8A6F7F8F8FF01ED000000,31.511,8E8600005BA780CCCCA6A781F9A8A6F7F8F8FF01ED000000,31.511,8E8600005BA780CCCCA6A781F9A8A6F7F8F8FF01ED000000,31.511,8E8600005BA780CCCCA6A781F9A8A6F7F8F8FF01ED000000,31.511,8E8600005BA780CCCCA6A781F9A8A6F7F8F8FF01ED000000,31.511,8E8600005BA780CCCCA6A781F9A8A6F7F8F8FF01ED000000,31.511,8E8600005BA780CCCCA6A781F9A8A6F7F8F8FF01ED000000,31.511,8E8600005BA780CCCCA6A781F9A8A6F7F8F8FF01ED000000,31.511,8E8600005BA780CCCCA6A781F9A8A6F7F8F8FF01ED000000,31.511,8E8600005BA780CCCCA6A781F9A8A6F7F8F8FF01ED000000,31.511,8E8600005BA780CCCCA6A781F9A8A6F7F8F8FF01ED000000,31.511,8E8600005BA780CCCCA6A781F9A8A6F7F8F8FF01ED000000,31.511,8E8600005BA780CCCCA6A781F9A8A6F7F8F8FF01ED000000,31.511,8E8600005BA780CCCCA6A781F9A8A6F7F8F8FF01ED000000,31.511,1,31.511,237,31.456,0,31.456,0000,31.456,8192,31.456,2000,31.456,2000,31.456,2000,31.456,2000,31.456,2000,31.456,2000,31.456,2000,31.456,2000,31.456,2000,31.456,2000,31.456,2000,31.456,2000,31.456,2000
31.584,31.511,14.200000000000001,31.511,8E8600005BA780CCCCA6A781F9A8A6F7F8F8FF01ED000000,31.511,8E8600005BA780CCCCA6A781F9A8A6F7F8F8FF01ED000000,31.511,8E8600005BA780CCCCA6A781F9A8A6F7F8F8FF01ED000000,31.511,8E8600005BA780CCCCA6A781F9A8A6F7F8F8FF01ED000000,31.511,8E8600005BA780CCCCA6A781F9A8A6F7F8F8FF01ED000000,31.511,8E8600005BA780CCCCA6A781F9A8A6F7F8F8FF01ED000000,31.511,8E8600005BA780CCCCA6A781F9A8A6F7F8F8FF01ED000000,31.511,8E8600005BA780CCCCA6A781F9A8A6F7F8F8FF01ED000000,31.511,8E8600005BA780CCCCA6A781F9A8A6F7F8F8FF01ED000000,31.511,8E8600005BA780CCCCA6A781F9A8A6F7F8F8FF01ED000000,31.511,8E8600005BA780CCCCA6A781F9A8A6F7F8F8FF01ED000000,31.511,8E8600005BA780CCCCA6A781F9A8A6F7F8F8FF01ED000000,31.511,8E8600005BA780CCCCA6A781F9A8A6F7F8F8FF01ED000000,31.511,8E8600005BA780CCCCA6A781F9A8A6F7F8F8FF01ED000000,31.511,1,31.511,237,31.527,0,31.527,0000,31.527,8192,31.527,2000,31.527,2000,31.527,2000,31.527,2000,31.527,2000,31.527,2000,31.527,2000,31.527,2000,31.527,2000,31.527,2000,31.527,2000,31.527,2000,31.527,2000
31.682,31.711,14.100000000000001,31.711,8D8500005BA880CDCDA7A780F8A7A7F8F9F9FF01EC000000,31.711,8D8500005BA880CDCDA7A780F8A7A7F8F9F9FF01EC000000,31.711,8D8500005BA880CDCDA7A780F8A7A7F8F9F9FF01EC000000,31.711,8D8500005BA880CDCDA7A780F8A7A7F8F9F9FF01EC000000,31.711,8D8500005BA880CDCDA7A780F8A7A7F8F9F9FF01EC000000,31.711,8D8500005BA880CDCDA7A780F8A7A7F8F9F9FF01EC000000,31.711,8D8500005BA880CDCDA7A780F8A7A7F8F9F9FF01EC000000,31.711,8D8500005BA880CDCDA7A780F8A7A7F8F9F9FF01EC000000,31.711,8D8500005BA880CDCDA7A780F8A7A7F8F9F9FF01EC000000,31.711,8D8500005BA880CDCDA7A780F8A7A7F8F9F9FF01EC000000,31.711,8D8500005BA880CDCDA7A780F8A7A7F8F9F9FF01EC000000,31.711,8D8500005BA880CDCDA7A780F8A7A7F8F9F9FF01EC000000,31.711,8D8500005BA880CDCDA7A780F8A7A7F8F9F9FF01EC000000,31.711,8D8500005BA880CDCDA7A780F8A7A7F8F9F9FF01EC000000,31.711,1,31.711,236,31.635,0,31.635,0000,31.635,8192,31.635,2000,31.635,2000,31.635,2000,31.635,2000,31.635,2000,31.635,2000,31.635,2000,31.635,2000,31.635,2000,31.635,2000,31.635,2000,31.635,2000,31.635,2000
31.781,31.711,14.100000000000001,31.711,8D8500005BA880CDCDA7A780F8A7A7F8F9F9FF01EC000000,31.711,8D8500005BA880CDCDA7A780F8A7A7F8F9F9FF01EC000000,31.711,8D8500005BA880CDCDA7A780F8A7A7F8F9F9FF01EC000000,31.711,8D8500005BA880CDCDA7A780F8A7A7F8F9F9FF01EC000000,31.711,8D8500005BA880CDCDA7A780F8A7A7F8F9F9FF01EC000000,31.711,8D8500005BA880CDCDA7A780F8A7A7F8F9F9FF01EC000000,31.711,8D8500005BA880CDCDA7A780F8A7A7F8F9F9FF01EC000000,31.711,8D8500005BA880CDCDA7A780F8A7A7F8F9F9FF01EC000000,31.711,8D8500005BA880CDCDA7A780F8A7A7F8F9F9FF01EC000000,31.711,8D8500005BA880CDCDA7A780F8A7A7F8F9F9FF01EC000000,31.711,8D8500005BA880CDCDA7A780F8A7A7F8F9F9FF01EC000000,31.711,8D8500005BA880CDCDA7A780F8A7A7F8F9F9FF01EC000000,31.711,8D8500005BA880CDCDA7A780F8A7A7F8F9F9FF01EC000000,31.711,8D8500005BA880CDCDA7A780F8A7A7F8F9F9FF01EC000000,31.711,1,31.711,236,31.736,0,31.736,0000,31.797,8192,31.797,2000,31.797,2000,31.797,2000,31.797,2000,31.797,2000,31.797,2000,31.797,2000,31.797,2000,31.797,2000,31.797,2000,31.797,2000,31.797,2000,31.797,2000
31.880,31.841,14.100000000000001,31.841,8D8500005BA881CDCDA7A781F9A8A7F8F9F9FF01ED000000,31.841,8D8500005BA881CDCDA7A781F9A8A7F8F9F9FF01ED000000,31.841,8D8500005BA881CDCDA7A781F9A8A7F8F9F9FF01ED000000,31.841,8D8500005BA881CDCDA7A781F9A8A7F8F9F9FF01ED000000,31.841,8D8500005BA881CDCDA7A781F9A8A7F8F9F9FF01ED000000,31.841,8D8500005BA881CDCDA7A781F9A8A7F8F9F9FF01ED000000,31.841,8D8500005BA881CDCDA7A781F9A8A7F8F9F9FF01ED000000,31.841,8D8500005BA881CDCDA7A781F9A8A7F8F9F9FF01ED000000,31.841,8D8500005BA881CDCDA7A781F9A8A7F8F9F9FF01ED000000,31.841,8D8500005BA881CDCDA7A781F9A8A7F8F9F9FF01ED000000,31.841,8D8500005BA881CDCDA7A781F9A8A7F8F9F9FF01ED000000,31.841,8D8500005BA881CDCDA7A781F9A8A7F8F9F9FF01ED000000,31.841,8D8500005BA881CDCDA7A781F9A8A7F8F9F9FF01ED000000,31.841,8D8500005BA881CDCDA7A781F9A8A7F8F9F9FF01ED000000,31.841,1,31.841,237,31.869,0,31.869,0000,31.797,8192,31.797,2000,31.797,2000,31.797,2000,31.797,2000,31.797,2000,31.797,2000,31.797,2000,31.797,2000,31.797,2000,31.797,2000,31.797,2000,31.797,2000,31.797,2000
31.982,32.011,14.100000000000001,32.011,8D8500005BA881CDCDA6A781F9A8A6F8F9F9FF01ED000000,32.011,8D8500005BA881CDCDA6A781F9A8A6F8F9F9FF01ED000000,32.011,8D8500005BA881CDCDA6A781F9A8A6F8F9F9FF01ED000000,32.011,8D8500005BA881CDCDA6A781F9A8A6F8F9F9FF01ED000000,32.011,8D8500005BA881CDCDA6A781F9A8A6F8F9F9FF01ED000000,32.011,8D8500005BA881CDCDA6A781F9A8A6F8F9F9FF01ED000000,32.011,8D8500005BA881CDCDA6A781F9A8A6F8F9F9FF01ED000000,32.011,8D8500005BA881CDCDA6A781F9A8A6F8F9F9FF01ED000000,32.011,8D8500005BA881CDCDA6A781F9A8A6F8F9F9FF01ED000000,32.011,8D8500005BA881CDCDA6A781F9A8A6F8F9F9FF01ED000000,32.011,8D8500005BA881CDCDA6A781F9A8A6F8F9F9FF01ED000000,32.011,8D8500005BA881CDCDA6A781F9A8A6F8F9F9FF01ED000000,32.011,8D8500005BA881CDCDA6A781F9A8A6F8F9F9FF01ED000000,32.011,8D8500005BA881CDCDA6A781F9A8A6F8F9F9FF01ED000000,32.011,1,32.011,237,31.947,0,31.947,0000,31.947,8192,31.947,2000,31.947,2000,31.947,2000,31.947,2000,31.947,2000,31.947,2000,31.947,2000,31.947,2000,31.947,2000,31.947,2000,31.947,2000,31.947,2000,31.947,2000
32.083,32.011,14.100000000000001,32.011,8D8500005BA881CDCDA6A781F9A8A6F8F9F9FF01ED000000,32.011,8D8500005BA881CDCDA6A781F9A8A6F8F9F9FF01ED000000,32.011,8D8500005BA881CDCDA6A781F9A8A6F8F9F9FF01ED000000,32.011,8D8500005BA881CDCDA6A781F9A8A6F8F9F9FF01ED000000,32.011,8D8500005BA881CDCDA6A781F9A8A6F8F9F9FF01ED000000,32.011,8D8500005BA881CDCDA6A781F9A8A6F8F9F9FF01ED000000,32.011,8D8500005BA881CDCDA6A781F9A8A6F8F9F9FF01ED000000,32.011,8D8500005BA881CDCDA6A781F9A8A6F8F9F9FF01ED000000,32.011,8D8500005BA881CDCDA6A781F9A8A6F8F9F9FF01ED000000,32.011,8D8500005BA881CDCDA6A781F9A8A6F8F9F9FF01ED000000,32.011,8D8500005BA881CDCDA6A781F9A8A6F8F9F9FF01ED000000,32.011,8D8500005BA881CDCDA6A781F9A8A6F8F9F9FF01ED000000,32.011,8D8500005BA881CDCDA6A781F9A8A6F8F9F9FF01ED000000,32.011,8D8500005BA881CDCDA6A781F9A8A6F8F9F9FF01ED000000,32.011,1,32.011,237,32.037,0,32.037,0000,32.037,8192,32.037,2000,32.037,2000,32.037,2000,32.037,2000,32.037,2000,32.037,2000,32.037,2000,32.037,2000,32.037,2000,32.037,2000,32.037,2000,32.037,2000,32.037,2000
32.185,32.111,14.200000000000001,32.111,8E8600005BA880CCCCA6A781F9A8A6F8F9F9FF01ED000000,32.111,8E8600005BA880CCCCA6A781F9A8A6F8F9F9FF01ED000000,32.111,8E8600005BA880CCCCA6A781F9A8A6F8F9F9FF01ED000000,32.111,8E8600005BA880CCCCA6A781F9A8A6F8F9F9FF01ED000000,32.111,8E8600005BA880CCCCA6A781F9A8A6F8F9F9FF01ED000000,32.111,8E8600005BA880CCCCA6A781F9A8A6F8F9F9FF01ED000000,32.111,8E8600005BA880CCCCA6A781F9A8A6F8F9F9FF01ED000000,32.111,8E8600005BA880CCCCA6A781F9A8A6F8F9F9FF01ED000000,32.111,8E8600005BA880CCCCA6A781F9A8A6F8F9F9FF01ED000000,32.111,8E8600005BA880CCCCA6A781F9A8A6F8F9F9FF01ED000000,32.111,8E8600005BA880CCCCA6A781F9A8A6F8F9F9FF01ED000000,32.111,8E8600005BA880CCCCA6A781F9A8A6F8F9F9FF01ED000000,32.111,8E8600005BA880CCCCA6A781F9A8A6F8F9F9FF01ED000000,32.111,8E8600005BA880CCCCA6A781F9A8A6F8F9F9FF01ED000000,32.111,1,32.111,237,32.137,0,32.137,0000,32.137,8192,32.137,2000,32.137,2000,32.137,2000,32.137,2000,32.137,2000,32.137,2000,32.137,2000,32.137,2000,32.137,2000,32.137,2000,32.137,2000,32.137,2000,32.137,2000
32.280,32.211,14.100000000000001,32.211,8D8500005BA780CCCCA6A781F9A8A6F7F8F8FF01ED000000,32.211,8D8500005BA780CCCCA6A781F9A8A6F7F8F8FF01ED000000,32.211,8D8500005BA780CCCCA6A781F9A8A6F7F8F8FF01ED000000,32.211,8D8500005BA780CCCCA6A781F9A8A6F7F8F8FF01ED000000,32.211,8D8500005BA780CCCCA6A781F9A8A6F7F8F8FF01ED000000,32.211,8D8500005BA780CCCCA6A781F9A8A6F7F8F8FF01ED000000,32.211,8D8500005BA780CCCCA6A781F9A8A6F7F8F8FF01ED000000,32.211,8D8500005BA780CCCCA6A781F9A8A6F7F8F8FF01ED000000,32.211,8D8500005BA780CCCCA6A781F9A8A6F7F8F8FF01ED000000,32.211,8D8500005BA780CCCCA6A781F9A8A6F7F8F8FF01ED000000,32.211,8D8500005BA780CCCCA6A781F9A8A6F7F8F8FF01ED000000,32.211,8D8500005BA780CCCCA6A781F9A8A6F7F8F8FF01ED000000,32.211,8D8500005BA780CCCCA6A781F9A8A6F7F8F8FF01ED000000,32.211,8D8500005BA780CCCCA6A781F9A8A6F7F8F8FF01ED000000,32.211,1,32.211,237,32.247,0,32.247,0000,32.299,8192,32.299,2000,32.299,2000,32.299,2000,32.299,2000,32.299,2000,32.299,2000,32.299,2000,32.299,2000,32.299,2000,32.299,2000,32.299,2000,32.299,2000,32.299,2000
32.381,32.351,14.100000000000001,32.351,8D8500005BA880CCCCA6A781F9A8A6F8F9F9FF01ED000000,32.351,8D8500005BA880CCCCA6A781F9A8A6F8F9F9FF01ED000000,32.351,8D8500005BA880CCCCA6A781F9A8A6F8F9F9FF01ED000000,32.351,8D8500005BA880CCCCA6A781F9A8A6F8F9F9FF01ED000000,32.351,8D8500005BA880CCCCA6A781F9A8A6F8F9F9FF01ED000000,32.351,8D8500005BA880CCCCA6A781F9A8A6F8F9F9FF01ED000000,32.351,8D8500005BA880CCCCA6A781F9A8A6F8F9F9FF01ED000000,32.351,8D8500005BA880CCCCA6A781F9A8A6F8F9F9FF01ED000000,32.351,8D8500005BA880CCCCA6A781F9A8A6F8F9F9FF01ED000000,32.351,8D8500005BA880CCCCA6A781F9A8A6F8F9F9FF01ED000000,32.351,8D8500005BA880CCCCA6A781F9A8A6F8F9F9FF01ED000000,32.351,8D8500005BA880CCCCA6A781F9A8A6F8F9F9FF01ED000000,32.351,8D8500005BA880CCCCA6A781F9A8A6F8F9F9FF01ED000000,32.351,8D8500005BA880CCCCA6A781F9A8A6F8F9F9FF01ED000000,32.351,1,32.351,237,32.387,0,32.387,0000,32.387,8192,32.387,2000,32.387,2000,32.387,2000,32.387,2000,32.387,2000,32.387,2000,32.387,2000,32.387,2000,32.387,2000,32.387,2000,32.387,2000,32.387,2000,32.387,2000
32.483,32.421,14,32.421,8C8400005CA981CECEA7A882FAA9A7F9FAFAFF01EE000000,32.421,8C8400005CA981CECEA7A882FAA9A7F9FAFAFF01EE000000,32.421,8C8400005CA981CECEA7A882FAA9A7F9FAFAFF01EE000000,32.421,8C8400005CA981CECEA7A882FAA9A7F9FAFAFF01EE000000,32.421,8C8400005CA981CECEA7A882FAA9A7F9FAFAFF01EE000000,32.421,8C8400005CA981CECEA7A882FAA9A7F9FAFAFF01EE000000,32.421,8C8400005CA981CECEA7A882FAA9A7F9FAFAFF01EE000000,32.421,8C8400005CA981CECEA7A882FAA9A7F9FAFAFF01EE000000,32.421,8C8400005CA981CECEA7A882FAA9A7F9FAFAFF01EE000000,32.421,8C8400005CA981CECEA7A882FAA9A7F9FAFAFF01EE000000,32.421,8C8400005CA981CECEA7A882FAA9A7F9FAFAFF01EE000000,32.421,8C8400005CA981CECEA7A882FAA9A7F9FAFAFF01EE000000,32.421,8C8400005CA981CECEA7A882FAA9A7F9FAFAFF01EE000000,32.421,8C8400005CA981CECEA7A882FAA9A7F9FAFAFF01EE000000,32.421,1,32.421,238,32.448,0,32.448,0000,32.387,8192,32.387,2000,32.387,2000,32.387,2000,32.387,2000,32.387,2000,32.387,2000,32.387,2000,32.387,2000,32.387,2000,32.387,2000,32.387,2000,32.387,2000,32.387,2000
32.582,32.611,14.100000000000001,32.611,8D8500005CA881CDCDA7A781F9A8A7F8F9F9FF01ED000000,32.611,8D8500005CA881CDCDA7A781F9A8A7F8F9F9FF01ED000000,32.611,8D8500005CA881CDCDA7A781F9A8A7F8F9F9FF01ED000000,32.611,8D8500005CA881CDCDA7A781F9A8A7F8F9F9FF01ED000000,32.611,8D8500005CA881CDCDA7A781F9A8A7F8F9F9FF01ED000000,32.611,8D8500005CA881CDCDA7A781F9A8A7F8F9F9FF01ED000000,32.611,8D8500005CA881CDCDA7A781F9A8A7F8F9F9FF01ED000000,32.611,8D8500005CA881CDCDA7A781F9A8A7F8F9F9FF01ED000000,32.611,8D8500005CA881CDCDA7A781F9A8A7F8F9F9FF01ED000000,32.611,8D8500005CA881CDCDA7A781F9A8A7F8F9F9FF01ED000000,32.611,8D8500005CA881CDCDA7A781F9A8A7F8F9F9FF01ED000000,32.611,8D8500005CA881CDCDA7A781F9A8A7F8F9F9FF01ED000000,32.611,8D8500005CA881CDCDA7A781F9A8A7F8F9F9FF01ED000000,32.611,8D8500005CA881CDCDA7A781F9A8A7F8F9F9FF01ED000000,32.611,1,32.611,237,32.537,0,32.537,0000,32.537,8192,32.537,2000,32.537,2000,32.537,2000,32.537,2000,32.537,2000,32.537,2000,32.537,2000,32.537,2000,32.537,2000,32.537,2000,32.537,2000,32.537,2000,32.537,2000
32.683,32.611,14.100000000000001,32.611,8D8500005CA881CDCDA7A781F9A8A7F8F9F9FF01ED000000,32.611,8D8500005CA881CDCDA7A781F9A8A7F8F9F9FF01ED000000,32.611,8D8500005CA881CDCDA7A781F9A8A7F8F9F9FF01ED000000,32.611,8D8500005CA881CDCDA7A781F9A8A7F8F9F9FF01ED000000,32.611,8D8500005CA881CDCDA7A781F9A8A7F8F9F9FF01ED000000,32.611,8D8500005CA881CDCDA7A781F9A8A7F8F9F9FF01ED000000,32.611,8D8500005CA881CDCDA7A781F9A8A7F8F9F9FF01ED000000,32.611,8D8500005CA881CDCDA7A781F9A8A7F8F9F9FF01ED000000,32.611,8D8500005CA881CDCDA7A781F9A8A7F8F9F9FF01ED000000,32.611,8D8500005CA881CDCDA7A781F9A8A7F8F9F9FF01ED000000,32.611,8D8500005CA881CDCDA7A781F9A8A7F8F9F9FF01ED000000,32.611,8D8500005CA881CDCDA7A781F9A8A7F8F9F9FF01ED000000,32.611,8D8500005CA881CDCDA7A781F9A8A7F8F9F9FF01ED000000,32.611,8D8500005CA881CDCDA7A781F9A8A7F8F9F9FF01ED000000,32.611,1,32.611,237,32.628,0,32.628,0000,32.628,8192,32.628,2000,32.628,2000,32.628,2000,32.628,2000,32.628,2000,32.628,2000,32.628,2000,32.628,2000,32.628,2000,32.628,2000,32.628,2000,32.628,2000,32.628,2000
32.783,32.711,14.100000000000001,32.711,8D8500005CA981CECEA7A881F9A8A7F9FAFAFF01EE000000,32.711,8D8500005CA981CECEA7A881F9A8A7F9FAFAFF01EE000000,32.711,8D8500005CA981CECEA7A881F9A8A7F9FAFAFF01EE000000,32.711,8D8500005CA981CECEA7A881F9A8A7F9FAFAFF01EE000000,32.711,8D8500005CA981CECEA7A881F9A8A7F9FAFAFF01EE000000,32.711,8D8500005CA981CECEA7A881F9A8A7F9FAFAFF01EE000000,32.711,8D8500005CA981CECEA7A881F9A8A7F9FAFAFF01EE000000,32.711,8D8500005CA981CECEA7A881F9A8A7F9FAFAFF01EE000000,32.711,8D8500005CA981CECEA7A881F9A8A7F9FAFAFF01EE000000,32.711,8D8500005CA981CECEA7A881F9A8A7F9FAFAFF01EE000000,32.711,8D8500005CA981CECEA7A881F9A8A7F9FAFAFF01EE000000,32.711,8D8500005CA981CECEA7A881F9A8A7F9FAFAFF01EE000000,32.711,8D8500005CA981CECEA7A881F9A8A7F9FAFAFF01EE000000,32.711,8D8500005CA981CECEA7A881F9A8A7F9FAFAFF01EE000000,32.711,1,32.711,238,32.747,0,32.747,0000,32.797,8192,32.797,2000,32.797,2000,32.797,2000,32.797,2000,32.797,2000,32.797,2000,32.797,2000,32.797,2000,32.797,2000,32.797,2000,32.797,2000,32.797,2000,32.797,2000
32.882,32.921,14.100000000000001,32.921,8D8500005BA880CCCCA7A781F8A8A7F8F8F8FF01EC000000,32.921,8D8500005BA880CCCCA7A781F8A8A7F8F8F8FF01EC000000,32.921,8D8500005BA880CCCCA7A781F8A8A7F8F8F8FF01EC000000,32.921,8D8500005BA880CCCCA7A781F8A8A7F8F8F8FF01EC000000,32.921,8D8500005BA880CCCCA7A781F8A8A7F8F8F8FF01EC000000,32.921,8D8500005BA880CCCCA7A781F8A8A7F8F8F8FF01EC000000,32.921,8D8500005BA880CCCCA7A781F8A8A7F8F8F8FF01EC000000,32.921,8D8500005BA880CCCCA7A781F8A8A7F8F8F8FF01EC000000,32.921,8D8500005BA880CCCCA7A781F8A8A7F8F8F8FF01EC000000,32.921,8D8500005BA880CCCCA7A781F8A8A7F8F8F8FF01EC000000,32.921,8D8500005BA880CCCCA7A781F8A8A7F8F8F8FF01EC000000,32.921,8D8500005BA880CCCCA7A781F8A8A7F8F8F8FF01EC000000,32.921,8D8500005BA880CCCCA7A781F8A8A7F8F8F8FF01EC000000,32.921,8D8500005BA880CCCCA7A781F8A8A7F8F8F8FF01EC000000,32.921,1,32.921,236,32.869,0,32.869,0000,32.797,8192,32.797,2000,32.797,2000,32.797,2000,32.797,2000,32.797,2000,32.797,2000,32.797,2000,32.797,2000,32.797,2000,32.797,2000,32.797,2000,32.797,2000,32.797,2000
32.984,32.921,14.100000000000001,32.921,8D8500005BA880CCCCA7A781F8A8A7F8F8F8FF01EC000000,32.921,8D8500005BA880CCCCA7A781F8A8A7F8F8F8FF01EC000000,32.921,8D8500005BA880CCCCA7A781F8A8A7F8F8F8FF01EC000000,32.921,8D8500005BA880CCCCA7A781F8A8A7F8F8F8FF01EC000000,32.921,8D8500005BA880CCCCA7A781F8A8A7F8F8F8FF01EC000000,32.921,8D8500005BA880CCCCA7A781F8A8A7F8F8F8FF01EC000000,32.921,8D8500005BA880CCCCA7A781F8A8A7F8F8F8FF01EC000000,32.921,8D8500005BA880CCCCA7A781F8A8A7F8F8F8FF01EC000000,32.921,8D8500005BA880CCCCA7A781F8A8A7F8F8F8FF01EC000000,32.921,8D8500005BA880CCCCA7A781F8A8A7F8F8F8FF01EC000000,32.921,8D8500005BA880CCCCA7A781F8A8A7F8F8F8FF01EC000000,32.921,8D8500005BA880CCCCA7A781F8A8A7F8F8F8FF01EC000000,32.921,8D8500005BA880CCCCA7A781F8A8A7F8F8F8FF01EC000000,32.921,8D8500005BA880CCCCA7A781F8A8A7F8F8F8FF01EC000000,32.921,1,32.921,236,32.937,0,32.937,0000,32.937,8192,32.937,2000,32.937,2000,32.937,2000,32.937,2000,32.937,2000,32.937,2000,32.937,2000,32.937,2000,32.937,2000,32.937,2000,32.937,2000,32.937,2000,32.937,2000
33.084,33.011,14.100000000000001,33.011,8D8500005BA881CDCDA7A881F9A8A7F9F9F9FF01ED000000,33.011,8D8500005BA881CDCDA7A881F9A8A7F9F9F9FF01ED000000,33.011,8D8500005BA881CDCDA7A881F9A8A7F9F9F9FF01ED000000,33.011,8D8500005BA881CDCDA7A881F9A8A7F9F9F9FF01ED000000,33.011,8D8500005BA881CDCDA7A881F9A8A7F9F9F9FF01ED000000,33.011,8D8500005BA881CDCDA7A881F9A8A7F9F9F9FF01ED000000,33.011,8D8500005BA881CDCDA7A881F9A8A7F9F9F9FF01ED000000,33.011,8D8500005BA881CDCDA7A881F9A8A7F9F9F9FF01ED000000,33.011,8D8500005BA881CDCDA7A881F9A8A7F9F9F9FF01ED000000,33.011,8D8500005BA881CDCDA7A881F9A8A7F9F9F9FF01ED000000,33.011,8D8500005BA881CDCDA7A881F9A8A7F9F9F9FF01ED000000,33.011,8D8500005BA881CDCDA7A881F9A8A7F9F9F9FF01ED000000,33.011,8D8500005BA881CDCDA7A881F9A8A7F9F9F9FF01ED000000,33.011,8D8500005BA881CDCDA7A881F9A8A7F9F9F9FF01ED000000,33.011,1,33.011,237,33.037,0,33.037,0000,33.037,8192,33.037,2000,33.037,2000,33.037,2000,33.037,2000,33.037,2000,33.037,2000,33.037,2000,33.037,2000,33.037,2000,33.037,2000,33.037,2000,33.037,2000,33.037,2000
33.182,33.211,14.200000000000001,33.211,8E8600005CA881CDCDA7A781F9A8A7F8F9F9FF01ED000000,33.211,8E8600005CA881CDCDA7A781F9A8A7F8F9F9FF01ED000000,33.211,8E8600005CA881CDCDA7A781F9A8A7F8F9F9FF01ED000000,33.211,8E8600005CA881CDCDA7A781F9A8A7F8F9F9FF01ED000000,33.211,8E8600005CA881CDCDA7A781F9A8A7F8F9F9FF01ED000000,33.211,8E8600005CA881CDCDA7A781F9A8A7F8F9F9FF01ED000000,33.211,8E8600005CA881CDCDA7A781F9A8A7F8F9F9FF01ED000000,33.211,8E8600005CA881CDCDA7A781F9A8A7F8F9F9FF01ED000000,33.211,8E8600005CA881CDCDA7A781F9A8A7F8F9F9FF01ED000000,33.211,8E8600005CA881CDCDA7A781F9A8A7F8F9F9FF01ED000000,33.211,8E8600005CA881CDCDA7A781F9A8A7F8F9F9FF01ED000000,33.211,8E8600005CA881CDCDA7A781F9A8A7F8F9F9FF01ED000000,33.211,8E8600005CA881CDCDA7A781F9A8A7F8F9F9FF01ED000000,33.211,8E8600005CA881CDCDA7A781F9A8A7F8F9F9FF01ED000000,33.211,1,33.211,237,33.137,0,33.137,0000,33.137,8192,33.137,2000,33.137,2000,33.137,2000,33.137,2000,33.137,2000,33.137,2000,33.137,2000,33.137,2000,33.137,2000,33.137,2000,33.137,2000,33.137,2000,33.137,2000
33.281,33.211,14.200000000000001,33.211,8E8600005CA881CDCDA7A781F9A8A7F8F9F9FF01ED000000,33.211,8E8600005CA881CDCDA7A781F9A8A7F8F9F9FF01ED000000,33.211,8E8600005CA881CDCDA7A781F9A8A7F8F9F9FF01ED000000,33.211,8E8600005CA881CDCDA7A781F9A8A7F8F9F9FF01ED000000,33.211,8E8600005CA881CDCDA7A781F9A8A7F8F9F9FF01ED000000,33.211,8E8600005CA881CDCDA7A781F9A8A7F8F9F9FF01ED000000,33.211,8E8600005CA881CDCDA7A781F9A8A7F8F9F9FF01ED000000,33.211,8E8600005CA881CDCDA7A781F9A8A7F8F9F9FF01ED000000,33.211,8E8600005CA881CDCDA7A781F9A8A7F8F9F9FF01ED000000,33.211,8E8600005CA881CDCDA7A781F9A8A7F8F9F9FF01ED000000,33.211,8E8600005CA881CDCDA7A781F9A8A7F8F9F9FF01ED000000,33.211,8E8600005CA881CDCDA7A781F9A8A7F8F9F9FF01ED000000,33.211,8E8600005CA881CDCDA7A781F9A8A7F8F9F9FF01ED000000,33.211,8E8600005CA881CDCDA7A781F9A8A7F8F9F9FF01ED000000,33.211,1,33.211,237,33.237,0,33.237,0000,33.296,8192,33.296,2000,33.296,2000,33.296,2000,33.296,2000,33.296,2000,33.296,2000,33.296,2000,33.296,2000,33.296,2000,33.296,2000,33.296,2000,33.296,2000,33.296,2000
33.383,33.341,14.100000000000001,33.341,8D8500005CA880CDCDA7A781F9A8A7F8F9F9FF01ED000000,33.341,8D8500005CA880CDCDA7A781F9A8A7F8F9F9FF01ED000000,33.341,8D8500005CA880CDCDA7A781F9A8A7F8F9F9FF01ED000000,33.341,8D8500005CA880CDCDA7A781F9A8A7F8F9F9FF01ED000000,33.341,8D8500005CA880CDCDA7A781F9A8A7F8F9F9FF01ED000000,33.341,8D8500005CA880CDCDA7A781F9A8A7F8F9F9FF01ED000000,33.341,8D8500005CA880CDCDA7A781F9A8A7F8F9F9FF01ED000000,33.341,8D8500005CA880CDCDA7A781F9A8A7F8F9F9FF01ED000000,33.341,8D8500005CA880CDCDA7A781F9A8A7F8F9F9FF01ED000000,33.341,8D8500005CA880CDCDA7A781F9A8A7F8F9F9FF01ED000000,33.341,8D8500005CA880CDCDA7A781F9A8A7F8F9F9FF01ED000000,33.341,8D8500005CA880CDCDA7A781F9A8A7F8F9F9FF01ED000000,33.341,8D8500005CA880CDCDA7A781F9A8A7F8F9F9FF01ED000000,33.341,8D8500005CA880CDCDA7A781F9A8A7F8F9F9FF01ED000000,33.341,1,33.341,237,33.357,0,33.357,0000,33.296,8192,33.296,2000,33.296,2000,33.296,2000,33.296,2000,33.296,2000,33.296,2000,33.296,2000,33.296,2000,33.296,2000,33.296,2000,33.296,2000,33.296,2000,33.296,2000
33.482,33.511,14.100000000000001,33.511,8D8500005BA881CECEA7A781F9A8A7F9FAFAFF01ED000000,33.511,8D8500005BA881CECEA7A781F9A8A7F9FAFAFF01ED000000,33.511,8D8500005BA881CECEA7A781F9A8A7F9FAFAFF01ED000000,33.511,8D8500005BA881CECEA7A781F9A8A7F9FAFAFF01ED000000,33.511,8D8500005BA881CECEA7A781F9A8A7F9FAFAFF01ED000000,33.511,8D8500005BA881CECEA7A781F9A8A7F9FAFAFF01ED000000,33.511,8D8500005BA881CECEA7A781F9A8A7F9FAFAFF01ED000000,33.511,8D8500005BA881CECEA7A781F9A8A7F9FAFAFF01ED000000,33.511,8D8500005BA881CECEA7A781F9A8A7F9FAFAFF01ED000000,33.511,8D8500005BA881CECEA7A781F9A8A7F9FAFAFF01ED000000,33.511,8D8500005BA881CECEA7A781F9A8A7F9FAFAFF01ED000000,33.511,8D8500005BA881CECEA7A781F9A8A7F9FAFAFF01ED000000,33.511,8D8500005BA881CECEA7A781F9A8A7F9FAFAFF01ED000000,33.511,8D8500005BA881CECEA7A781F9A8A7F9FAFAFF01ED000000,33.511,1,33.511,237,33.437,0,33.437,0000,33.437,8192,33.437,2000,33.437,2000,33.437,2000,33.437,2000,33.437,2000,33.437,2000,33.437,2000,33.437,2000,33.437,2000,33.437,2000,33.437,2000,33.437,2000,33.437,2000
33.584,33.511,14.100000000000001,33.511,8D8500005BA881CECEA7A781F9A8A7F9FAFAFF01ED000000,33.511,8D8500005BA881CECEA7A781F9A8A7F9FAFAFF01ED000000,33.511,8D8500005BA881CECEA7A781F9A8A7F9FAFAFF01ED000000,33.511,8D8500005BA881CECEA7A781F9A8A7F9FAFAFF01ED000000,33.511,8D8500005BA881CECEA7A781F9A8A7F9FAFAFF01ED000000,33.511,8D8500005BA881CECEA7A781F9A8A7F9FAFAFF01ED000000,33.511,8D8500005BA881CECEA7A781F9A8A7F9FAFAFF01ED000000,33.511,8D8500005BA881CECEA7A781F9A8A7F9FAFAFF01ED000000,33.511,8D8500005BA881CECEA7A781F9A8A7F9FAFAFF01ED000000,33.511,8D8500005BA881CECEA7A781F9A8A7F9FAFAFF01ED000000,33.511,8D8500005BA881CECEA7A781F9A8A7F9FAFAFF01ED000000,33.511,8D8500005BA881CECEA7A781F9A8A7F9FAFAFF01ED000000,33.511,8D8500005BA881CECEA7A781F9A8A7F9FAFAFF01ED000000,33.511,8D8500005BA881CECEA7A781F9A8A7F9FAFAFF01ED000000,33.511,1,33.511,237,33.527,0,33.527,0000,33.527,8192,33.527,2000,33.527,2000,33.527,2000,33.527,2000,33.527,2000,33.527,2000,33.527,2000,33.527,2000,33.527,2000,33.527,2000,33.527,2000,33.527,2000,33.527,2000
33.684,33.611,14.100000000000001,33.611,8D8500005BA780CCCCA6A780F8A7A6F7F8F8FF01EC000000,33.611,8D8500005BA780CCCCA6A780F8A7A6F7F8F8FF01EC000000,33.611,8D8500005BA780CCCCA6A780F8A7A6F7F8F8FF01EC000000,33.611,8D8500005BA780CCCCA6A780F8A7A6F7F8F8FF01EC000000,33.611,8D8500005BA780CCCCA6A780F8A7A6F7F8F8FF01EC000000,33.611,8D8500005BA780CCCCA6A780F8A7A6F7F8F8FF01EC000000,33.611,8D8500005BA780CCCCA6A780F8A7A6F7F8F8FF01EC000000,33.611,8D8500005BA780CCCCA6A780F8A7A6F7F8F8FF01EC000000,33.611,8D8500005BA780CCCCA6A780F8A7A6F7F8F8FF01EC000000,33.611,8D8500005BA780CCCCA6A780F8A7A6F7F8F8FF01EC000000,33.611,8D8500005BA780CCCCA6A780F8A7A6F7F8F8FF01EC000000,33.611,8D8500005BA780CCCCA6A780F8A7A6F7F8F8FF01EC000000,33.611,8D8500005BA780CCCCA6A780F8A7A6F7F8F8FF01EC000000,33.611,8D8500005BA780CCCCA6A780F8A7A6F7F8F8FF01EC000000,33.611,1,33.611,236,33.637,0,33.637,0000,33.637,8192,33.637,2000,33.637,2000,33.637,2000,33.637,2000,33.637,2000,33.637,2000,33.637,2000,33.637,2000,33.637,2000,33.637,2000,33.637,2000,33.637,2000,33.637,2000
33.780,33.711,14.200000000000001,33.711,8E8600005CA881CCCCA7A781F9A8A7F8F9F9FF01ED000000,33.711,8E8600005CA881CCCCA7A781F9A8A7F8F9F9FF01ED000000,33.711,8E8600005CA881CCCCA7A781F9A8A7F8F9F9FF01ED000000,33.711,8E8600005CA881CCCCA7A781F9A8A7F8F9F9FF01ED000000,33.711,8E8600005CA881CCCCA7A781F9A8A7F8F9F9FF01ED000000,33.711,8E8600005CA881CCCCA7A781F9A8A7F8F9F9FF01ED000000,33.711,8E8600005CA881CCCCA7A781F9A8A7F8F9F9FF01ED000000,33.711,8E8600005CA881CCCCA7A781F9A8A7F8F9F9FF01ED000000,33.711,8E8600005CA881CCCCA7A781F9A8A7F8F9F9FF01ED000000,33.711,8E8600005CA881CCCCA7A781F9A8A7F8F9F9FF01ED000000,33.711,8E8600005CA881CCCCA7A781F9A8A7F8F9F9FF01ED000000,33.711,8E8600005CA881CCCCA7A781F9A8A7F8F9F9FF01ED000000,33.711,8E8600005CA881CCCCA7A781F9A8A7F8F9F9FF01ED000000,33.711,8E8600005CA881CCCCA7A781F9A8A7F8F9F9FF01ED000000,33.711,1,33.711,237,33.761,0,33.761,0000,33.808,8192,33.808,2000,33.808,2000,33.808,2000,33.808,2000,33.808,2000,33.808,2000,33.808,2000,33.808,2000,33.808,2000,33.808,2000,33.808,2000,33.808,2000,33.808,2000
33.881,33.852,14.200000000000001,33.852,8E8600005BA881CDCDA6A781F9A8A6F8F9F9FF01ED000000,33.852,8E8600005BA881CDCDA6A781F9A8A6F8F9F9FF01ED000000,33.852,8E8600005BA881CDCDA6A781F9A8A6F8F9F9FF01ED000000,33.852,8E8600005BA881CDCDA6A781F9A8A6F8F9F9FF01ED000000,33.852,8E8600005BA881CDCDA6A781F9A8A6F8F9F9FF01ED000000,33.852,8E8600005BA881CDCDA6A781F9A8A6F8F9F9FF01ED000000,33.852,8E8600005BA881CDCDA6A781F9A8A6F8F9F9FF01ED000000,33.852,8E8600005BA881CDCDA6A781F9A8A6F8F9F9FF01ED000000,33.852,8E8600005BA881CDCDA6A781F9A8A6F8F9F9FF01ED000000,33.852,8E8600005BA881CDCDA6A781F9A8A6F8F9F9FF01ED000000,33.852,8E8600005BA881CDCDA6A781F9A8A6F8F9F9FF01ED000000,33.852,8E8600005BA881CDCDA6A781F9A8A6F8F9F9FF01ED000000,33.852,8E8600005BA881CDCDA6A781F9A8A6F8F9F9FF01ED000000,33.852,8E8600005BA881CDCDA6A781F9A8A6F8F9F9FF01ED000000,33.852,1,33.852,237,33.885,0,33.885,0000,33.885,8192,33.885,2000,33.885,2000,33.885,2000,33.885,2000,33.885,2000,33.885,2000,33.885,2000,33.885,2000,33.885,2000,33.885,2000,33.885,2000,33.885,2000,33.885,2000
33.982,33.931,14.100000000000001,33.931,8D8500005BA881CDCDA7A781F8A7A7F8F9F9FF01ED000000,33.931,8D8500005BA881CDCDA7A781F8A7A7F8F9F9FF01ED000000,33.931,8D8500005BA881CDCDA7A781F8A7A7F8F9F9FF01ED000000,33.931,8D8500005BA881CDCDA7A781F8A7A7F8F9F9FF01ED000000,33.931,8D8500005BA881CDCDA7A781F8A7A7F8F9F9FF01ED000000,33.931,8D8500005BA881CDCDA7A781F8A7A7F8F9F9FF01ED000000,33.931,8D8500005BA881CDCDA7A781F8A7A7F8F9F9FF01ED000000,33.931,8D8500005BA881CDCDA7A781F8A7A7F8F9F9FF01ED000000,33.931,8D8500005BA881CDCDA7A781F8A7A7F8F9F9FF01ED000000,33.931,8D8500005BA881CDCDA7A781F8A7A7F8F9F9FF01ED000000,33.931,8D8500005BA881CDCDA7A781F8A7A7F8F9F9FF01ED000000,33.931,8D8500005BA881CDCDA7A781F8A7A7F8F9F9FF01ED000000,33.931,8D8500005BA881CDCDA7A781F8A7A7F8F9F9FF01ED000000,33.931,8D8500005BA881CDCDA7A781F8A7A7F8F9F9FF01ED000000,33.931,1,33.931,237,33.948,0,33.948,0000,33.885,8192,33.885,2000,33.885,2000,33.885,2000,33.885,2000,33.885,2000,33.885,2000,33.885,2000,33.885,2000,33.885,2000,33.885,2000,33.885,2000,33.885,2000,33.885,2000
34.082,34.012,14.200000000000001,34.012,8E8600005BA880CDCDA6A781F9A8A6F8F8F8FF01ED000000,34.012,8E8600005BA880CDCDA6A781F9A8A6F8F8F8FF01ED000000,34.012,8E8600005BA880CDCDA6A781F9A8A6F8F8F8FF01ED000000,34.012,8E8600005BA880CDCDA6A781F9A8A6F8F8F8FF01ED000000,34.012,8E8600005BA880CDCDA6A781F9A8A6F8F8F8FF01ED000000,34.012,8E8600005BA880CDCDA6A781F9A8A6F8F8F8FF01ED000000,34.012,8E8600005BA880CDCDA6A781F9A8A6F8F8F8FF01ED000000,34.012,8E8600005BA880CDCDA6A781F9A8A6F8F8F8FF01ED000000,34.012,8E8600005BA880CDCDA6A781F9A8A6F8F8F8FF01ED000000,34.012,8E8600005BA880CDCDA6A781F9A8A6F8F8F8FF01ED000000,34.012,8E8600005BA880CDCDA6A781F9A8A6F8F8F8FF01ED000000,34.012,8E8600005BA880CDCDA6A781F9A8A6F8F8F8FF01ED000000,34.012,8E8600005BA880CDCDA6A781F9A8A6F8F8F8FF01ED000000,34.012,8E8600005BA880CDCDA6A781F9A8A6F8F8F8FF01ED000000,34.012,1,34.012,237,34.037,0,34.037,0000,34.037,8192,34.037,2000,34.037,2000,34.037,2000,34.037,2000,34.037,2000,34.037,2000,34.037,2000,34.037,2000,34.037,2000,34.037,2000,34.037,2000,34.037,2000,34.037,2000
34.183,34.111,14.100000000000001,34.111,8D8500005CA881CDCDA7A781F9A8A7F9F9F9FF01ED000000,34.111,8D8500005CA881CDCDA7A781F9A8A7F9F9F9FF01ED000000,34.111,8D8500005CA881CDCDA7A781F9A8A7F9F9F9FF01ED000000,34.111,8D8500005CA881CDCDA7A781F9A8A7F9F9F9FF01ED000000,34.111,8D8500005CA881CDCDA7A781F9A8A7F9F9F9FF01ED000000,34.111,8D8500005CA881CDCDA7A781F9A8A7F9F9F9FF01ED000000,34.111,8D8500005CA881CDCDA7A781F9A8A7F9F9F9FF01ED000000,34.111,8D8500005CA881CDCDA7A781F9A8A7F9F9F9FF01ED000000,34.111,8D8500005CA881CDCDA7A781F9A8A7F9F9F9FF01ED000000,34.111,8D8500005CA881CDCDA7A781F9A8A7F9F9F9FF01ED000000,34.111,8D8500005CA881CDCDA7A781F9A8A7F9F9F9FF01ED000000,34.111,8D8500005CA881CDCDA7A781F9A8A7F9F9F9FF01ED000000,34.111,8D8500005CA881CDCDA7A781F9A8A7F9F9F9FF01ED000000,34.111,8D8500005CA881CDCDA7A781F9A8A7F9F9F9FF01ED000000,34.111,1,34.111,237,34.127,0,34.127,0000,34.127,8192,34.127,2000,34.127,2000,34.127,2000,34.127,2000,34.127,2000,34.127,2000,34.127,2000,34.127,2000,34.127,2000,34.127,2000,34.127,2000,34.127,2000,34.127,2000
34.282,34.221,14.100000000000001,34.221,8D8500005BA981CDCDA7A881F9A8A7F9F9F9FF01ED000000,34.221,8D8500005BA981CDCDA7A881F9A8A7F9F9F9FF01ED000000,34.221,8D8500005BA981CDCDA7A881F9A8A7F9F9F9FF01ED000000,34.221,8D8500005BA981CDCDA7A881F9A8A7F9F9F9FF01ED000000,34.221,8D8500005BA981CDCDA7A881F9A8A7F9F9F9FF01ED000000,34.221,8D8500005BA981CDCDA7A881F9A8A7F9F9F9FF01ED000000,34.221,8D8500005BA981CDCDA7A881F9A8A7F9F9F9FF01ED000000,34.221,8D8500005BA981CDCDA7A881F9A8A7F9F9F9FF01ED000000,34.221,8D8500005BA981CDCDA7A881F9A8A7F9F9F9FF01ED000000,34.221,8D8500005BA981CDCDA7A881F9A8A7F9F9F9FF01ED000000,34.221,8D8500005BA981CDCDA7A881F9A8A7F9F9F9FF01ED000000,34.221,8D8500005BA981CDCDA7A881F9A8A7F9F9F9FF01ED000000,34.221,8D8500005BA981CDCDA7A881F9A8A7F9F9F9FF01ED000000,34.221,8D8500005BA981CDCDA7A881F9A8A7F9F9F9FF01ED000000,34.221,1,34.221,237,34.256,0,34.256,0000,34.256,8192,34.256,2000,34.256,2000,34.256,2000,34.256,2000,34.256,2000,34.256,2000,34.256,2000,34.256,2000,34.256,2000,34.256,2000,34.256,2000,34.256,2000,34.256,2000
34.381,34.351,14.100000000000001,34.351,8D8500005BA881CDCDA7A781F9A8A7F8F9F9FF01ED000000,34.351,8D8500005BA881CDCDA7A781F9A8A7F8F9F9FF01ED000000,34.351,8D8500005BA881CDCDA7A781F9A8A7F8F9F9FF01ED000000,34.351,8D8500005BA881CDCDA7A781F9A8A7F8F9F9FF01ED000000,34.351,8D8500005BA881CDCDA7A781F9A8A7F8F9F9FF01ED000000,34.351,8D8500005BA881CDCDA7A781F9A8A7F8F9F9FF01ED000000,34.351,8D8500005BA881CDCDA7A781F9A8A7F8F9F9FF01ED000000,34.351,8D8500005BA881CDCDA7A781F9A8A7F8F9F9FF01ED000000,34.351,8D8500005BA881CDCDA7A781F9A8A7F8F9F9FF01ED000000,34.351,8D8500005BA881CDCDA7A781F9A8A7F8F9F9FF01ED000000,34.351,8D8500005BA881CDCDA7A781F9A8A7F8F9F9FF01ED000000,34.351,8D8500005BA881CDCDA7A781F9A8A7F8F9F9FF01ED000000,34.351,8D8500005BA881CDCDA7A781F9A8A7F8F9F9FF01ED000000,34.351,8D8500005BA881CDCDA7A781F9A8A7F8F9F9FF01ED000000,34.351,1,34.351,237,34.376,0,34.376,0000,34.376,8192,34.376,2000,34.376,2000,34.376,2000,34.376,2000,34.376,2000,34.376,2000,34.376,2000,34.376,2000,34.376,2000,34.376,2000,34.376,2000,34.376,2000,34.376,2000
34.483,34.432,14.200000000000001,34.432,8E8600005BA881CDCDA7A881F9A8A7F9F9F9FF01ED000000,34.432,8E8600005BA881CDCDA7A881F9A8A7F9F9F9FF01ED000000,34.432,8E8600005BA881CDCDA7A881F9A8A7F9F9F9FF01ED000000,34.432,8E8600005BA881CDCDA7A881F9A8A7F9F9F9FF01ED000000,34.432,8E8600005BA881CDCDA7A881F9A8A7F9F9F9FF01ED000000,34.432,8E8600005BA881CDCDA7A881F9A8A7F9F9F9FF01ED000000,34.432,8E8600005BA881CDCDA7A881F9A8A7F9F9F9FF01ED000000,34.432,8E8600005BA881CDCDA7A881F9A8A7F9F9F9FF01ED000000,34.432,8E8600005BA881CDCDA7A881F9A8A7F9F9F9FF01ED000000,34.432,8E8600005BA881CDCDA7A881F9A8A7F9F9F9FF01ED000000,34.432,8E8600005BA881CDCDA7A881F9A8A7F9F9F9FF01ED000000,34.432,8E8600005BA881CDCDA7A881F9A8A7F9F9F9FF01ED000000,34.432,8E8600005BA881CDCDA7A881F9A8A7F9F9F9FF01ED000000,34.432,8E8600005BA881CDCDA7A881F9A8A7F9F9F9FF01ED000000,34.432,1,34.432,237,34.457,0,34.457,0000,34.376,8192,34.376,2000,34.376,2000,34.376,2000,34.376,2000,34.376,2000,34.376,2000,34.376,2000,34.376,2000,34.376,2000,34.376,2000,34.376,2000,34.376,2000,34.376,2000
34.583,34.511,14.100000000000001,34.511,8D8500005BA781CCCCA6A781F9A7A6F8F8F8FF01EC000000,34.511,8D8500005BA781CCCCA6A781F9A7A6F8F8F8FF01EC000000,34.511,8D8500005BA781CCCCA6A781F9A7A6F8F8F8FF01EC000000,34.511,8D8500005BA781CCCCA6A781F9A7A6F8F8F8FF01EC000000,34.511,8D8500005BA781CCCCA6A781F9A7A6F8F8F8FF01EC000000,34.511,8D8500005BA781CCCCA6A781F9A7A6F8F8F8FF01EC000000,34.511,8D8500005BA781CCCCA6A781F9A7A6F8F8F8FF01EC000000,34.511,8D8500005BA781CCCCA6A781F9A7A6F8F8F8FF01EC000000,34.511,8D8500005BA781CCCCA6A781F9A7A6F8F8F8FF01EC000000,34.511,8D8500005BA781CCCCA6A781F9A7A6F8F8F8FF01EC000000,34.511,8D8500005BA781CCCCA6A781F9A7A6F8F8F8FF01EC000000,34.511,8D8500005BA781CCCCA6A781F9A7A6F8F8F8FF01EC000000,34.511,8D8500005BA781CCCCA6A781F9A7A6F8F8F8FF01EC000000,34.511,8D8500005BA781CCCCA6A781F9A7A6F8F8F8FF01EC000000,34.511,1,34.511,236,34.537,0,34.537,0000,34.537,8192,34.537,2000,34.537,2000,34.537,2000,34.537,2000,34.537,2000,34.537,2000,34.537,2000,34.537,2000,34.537,2000,34.537,2000,34.537,2000,34.537,2000,34.537,2000
34.681,34.711,14.200000000000001,34.711,8E8600005BA881CCCCA6A781F9A8A6F8F8F8FF01ED000000,34.711,8E8600005BA881CCCCA6A781F9A8A6F8F8F8FF01ED000000,34.711,8E8600005BA881CCCCA6A781F9A8A6F8F8F8FF01ED000000,34.711,8E8600005BA881CCCCA6A781F9A8A6F8F8F8FF01ED000000,34.711,8E8600005BA881CCCCA6A781F9A8A6F8F8F8FF01ED000000,34.711,8E8600005BA881CCCCA6A781F9A8A6F8F8F8FF01ED000000,34.711,8E8600005BA881CCCCA6A781F9A8A6F8F8F8FF01ED000000,34.711,8E8600005BA881CCCCA6A781F9A8A6F8F8F8FF01ED000000,34.711,8E8600005BA881CCCCA6A781F9A8A6F8F8F8FF01ED000000,34.711,8E8600005BA881CCCCA6A781F9A8A6F8F8F8FF01ED000000,34.711,8E8600005BA881CCCCA6A781F9A8A6F8F8F8FF01ED000000,34.711,8E8600005BA881CCCCA6A781F9A8A6F8F8F8FF01ED000000,34.711,8E8600005BA881CCCCA6A781F9A8A6F8F8F8FF01ED000000,34.711,8E8600005BA881CCCCA6A781F9A8A6F8F8F8FF01ED000000,34.711,1,34.711,237,34.628,0,34.628,0000,34.628,8192,34.628,2000,34.628,2000,34.628,2000,34.628,2000,34.628,2000,34.628,2000,34.628,2000,34.628,2000,34.628,2000,34.628,2000,34.628,2000,34.628,2000,34.628,2000
34.781,34.711,14.200000000000001,34.711,8E8600005BA881CCCCA6A781F9A8A6F8F8F8FF01ED000000,34.711,8E8600005BA881CCCCA6A781F9A8A6F8F8F8FF01ED000000,34.711,8E8600005BA881CCCCA6A781F9A8A6F8F8F8FF01ED000000,34.711,8E8600005BA881CCCCA6A781F9A8A6F8F8F8FF01ED000000,34.711,8E8600005BA881CCCCA6A781F9A8A6F8F8F8FF01ED000000,34.711,8E8600005BA881CCCCA6A781F9A8A6F8F8F8FF01ED000000,34.711,8E8600005BA881CCCCA6A781F9A8A6F8F8F8FF01ED000000,34.711,8E8600005BA881CCCCA6A781F9A8A6F8F8F8FF01ED000000,34.711,8E8600005BA881CCCCA6A781F9A8A6F8F8F8FF01ED000000,34.711,8E8600005BA881CCCCA6A781F9A8A6F8F8F8FF01ED000000,34.711,8E8600005BA881CCCCA6A781F9A8A6F8F8F8FF01ED000000,34.711,8E8600005BA881CCCCA6A781F9A8A6F8F8F8FF01ED000000,34.711,8E8600005BA881CCCCA6A781F9A8A6F8F8F8FF01ED000000,34.711,8E8600005BA881CCCCA6A781F9A8A6F8F8F8FF01ED000000,34.711,1,34.711,237,34.736,0,34.736,0000,34.797,8192,34.797,2000,34.797,2000,34.797,2000,34.797,2000,34.797,2000,34.797,2000,34.797,2000,34.797,2000,34.797,2000,34.797,2000,34.797,2000,34.797,2000,34.797,2000
34.882,34.851,14.100000000000001,34.851,8D8500005CA881CDCDA7A781F9A8A7F8F9F9FF01ED000000,34.851,8D8500005CA881CDCDA7A781F9A8A7F8F9F9FF01ED000000,34.851,8D8500005CA881CDCDA7A781F9A8A7F8F9F9FF01ED000000,34.851,8D8500005CA881CDCDA7A781F9A8A7F8F9F9FF01ED000000,34.851,8D8500005CA881CDCDA7A781F9A8A7F8F9F9FF01ED000000,34.851,8D8500005CA881CDCDA7A781F9A8A7F8F9F9FF01ED000000,34.851,8D8500005CA881CDCDA7A781F9A8A7F8F9F9FF01ED000000,34.851,8D8500005CA881CDCDA7A781F9A8A7F8F9F9FF01ED000000,34.851,8D8500005CA881CDCDA7A781F9A8A7F8F9F9FF01ED000000,34.851,8D8500005CA881CDCDA7A781F9A8A7F8F9F9FF01ED000000,34.851,8D8500005CA881CDCDA7A781F9A8A7F8F9F9FF01ED000000,34.851,8D8500005CA881CDCDA7A781F9A8A7F8F9F9FF01ED000000,34.851,8D8500005CA881CDCDA7A781F9A8A7F8F9F9FF01ED000000,34.851,8D8500005CA881CDCDA7A781F9A8A7F8F9F9FF01ED000000,34.851,1,34.851,237,34.887,0,34.887,0000,34.887,8192,34.887,2000,34.887,2000,34.887,2000,34.887,2000,34.887,2000,34.887,2000,34.887,2000,34.887,2000,34.887,2000,34.887,2000,34.887,2000,34.887,2000,34.887,2000
34.982,35.011,14.200000000000001,35.011,8E8600005BA881A7A7A6A781F9A8A6F8F9F9FF01ED000000,35.011,8E8600005BA881A7A7A6A781F9A8A6F8F9F9FF01ED000000,35.011,8E8600005BA881A7A7A6A781F9A8A6F8F9F9FF01ED000000,35.011,8E8600005BA881A7A7A6A781F9A8A6F8F9F9FF01ED000000,35.011,8E8600005BA881A7A7A6A781F9A8A6F8F9F9FF01ED000000,35.011,8E8600005BA881A7A7A6A781F9A8A6F8F9F9FF01ED000000,35.011,8E8600005BA881A7A7A6A781F9A8A6F8F9F9FF01ED000000,35.011,8E8600005BA881A7A7A6A781F9A8A6F8F9F9FF01ED000000,35.011,8E8600005BA881A7A7A6A781F9A8A6F8F9F9FF01ED000000,35.011,8E8600005BA881A7A7A6A781F9A8A6F8F9F9FF01ED000000,35.011,8E8600005BA881A7A7A6A781F9A8A6F8F9F9FF01ED000000,35.011,8E8600005BA881A7A7A6A781F9A8A6F8F9F9FF01ED000000,35.011,8E8600005BA881A7A7A6A781F9A8A6F8F9F9FF01ED000000,35.011,8E8600005BA881A7A7A6A781F9A8A6F8F9F9FF01ED000000,35.011,1,35.011,237,34.938,0,34.938,0000,34.887,8192,34.887,2000,34.887,2000,34.887,2000,34.887,2000,34.887,2000,34.887,2000,34.887,2000,34.887,2000,34.887,2000,34.887,2000,34.887,2000,34.887,2000,34.887,2000
35.082,35.011,14.200000000000001,35.011,8E8600005BA881A7A7A6A781F9A8A6F8F9F9FF01ED000000,35.011,8E8600005BA881A7A7A6A781F9A8A6F8F9F9FF01ED000000,35.011,8E8600005BA881A7A7A6A781F9A8A6F8F9F9FF01ED000000,35.011,8E8600005BA881A7A7A6A781F9A8A6F8F9F9FF01ED000000,35.011,8E8600005BA881A7A7A6A781F9A8A6F8F9F9FF01ED000000,35.011,8E8600005BA881A7A7A6A781F9A8A6F8F9F9FF01ED000000,35.011,8E8600005BA881A7A7A6A781F9A8A6F8F9F9FF01ED000000,35.011,8E8600005BA881A7A7A6A781F9A8A6F8F9F9FF01ED000000,35.011,8E8600005BA881A7A7A6A781F9A8A6F8F9F9FF01ED000000,35.011,8E8600005BA881A7A7A6A781F9A8A6F8F9F9FF01ED000000,35.011,8E8600005BA881A7A7A6A781F9A8A6F8F9F9FF01ED000000,35.011,8E8600005BA881A7A7A6A781F9A8A6F8F9F9FF01ED000000,35.011,8E8600005BA881A7A7A6A781F9A8A6F8F9F9FF01ED000000,35.011,8E8600005BA881A7A7A6A781F9A8A6F8F9F9FF01ED000000,35.011,1,35.011,237,35.039,0,35.039,0000,35.039,8192,35.039,2000,35.039,2000,35.039,2000,35.039,2000,35.039,2000,35.039,2000,35.039,2000,35.039,2000,35.039,2000,35.039,2000,35.039,2000,35.039,2000,35.039,2000
35.182,35.111,14.200000000000001,35.111,8E8600005BA880A7A7A6A781F9A8A6F8F9F9FF01ED000000,35.111,8E8600005BA880A7A7A6A781F9A8A6F8F9F9FF01ED000000,35.111,8E8600005BA880A7A7A6A781F9A8A6F8F9F9FF01ED000000,35.111,8E8600005BA880A7A7A6A781F9A8A6F8F9F9FF01ED000000,35.111,8E8600005BA880A7A7A6A781F9A8A6F8F9F9FF01ED000000,35.111,8E8600005BA880A7A7A6A781F9A8A6F8F9F9FF01ED000000,35.111,8E8600005BA880A7A7A6A781F9A8A6F8F9F9FF01ED000000,35.111,8E8600005BA880A7A7A6A781F9A8A6F8F9F9FF01ED000000,35.111,8E8600005BA880A7A7A6A781F9A8A6F8F9F9FF01ED000000,35.111,8E8600005BA880A7A7A6A781F9A8A6F8F9F9FF01ED000000,35.111,8E8600005BA880A7A7A6A781F9A8A6F8F9F9FF01ED000000,35.111,8E8600005BA880A7A7A6A781F9A8A6F8F9F9FF01ED000000,35.111,8E8600005BA880A7A7A6A781F9A8A6F8F9F9FF01ED000000,35.111,8E8600005BA880A7A7A6A781F9A8A6F8F9F9FF01ED000000,35.111,1,35.111,237,35.137,0,35.137,0000,35.137,8192,35.137,2000,35.137,2000,35.137,2000,35.137,2000,35.137,2000,35.137,2000,35.137,2000,35.137,2000,35.137,2000,35.137,2000,35.137,2000,35.137,2000,35.137,2000
35.280,35.211,14.100000000000001,35.211,8D8500005BA881A7A7A7A781F9A8A7F8F9F9FF01ED000000,35.211,8D8500005BA881A7A7A7A781F9A8A7F8F9F9FF01ED000000,35.211,8D8500005BA881A7A7A7A781F9A8A7F8F9F9FF01ED000000,35.211,8D8500005BA881A7A7A7A781F9A8A7F8F9F9FF01ED000000,35.211,8D8500005BA881A7A7A7A781F9A8A7F8F9F9FF01ED000000,35.211,8D8500005BA881A7A7A7A781F9A8A7F8F9F9FF01ED000000,35.211,8D8500005BA881A7A7A7A781F9A8A7F8F9F9FF01ED000000,35.211,8D8500005BA881A7A7A7A781F9A8A7F8F9F9FF01ED000000,35.211,8D8500005BA881A7A7A7A781F9A8A7F8F9F9FF01ED000000,35.211,8D8500005BA881A7A7A7A781F9A8A7F8F9F9FF01ED000000,35.211,8D8500005BA881A7A7A7A781F9A8A7F8F9F9FF01ED000000,35.211,8D8500005BA881A7A7A7A781F9A8A7F8F9F9FF01ED000000,35.211,8D8500005BA881A7A7A7A781F9A8A7F8F9F9FF01ED000000,35.211,8D8500005BA881A7A7A7A781F9A8A7F8F9F9FF01ED000000,35.211,1,35.211,237,35.252,0,35.252,0000,35.296,8192,35.296,2000,35.296,2000,35.296,2000,35.296,2000,35.296,2000,35.296,2000,35.296,2000,35.296,2000,35.296,2000,35.296,2000,35.296,2000,35.296,2000,35.296,2000
35.380,35.351,14.100000000000001,35.351,8D8500005BA780A7A7A6A780F8A7A6F8F8F8FF01EC000000,35.351,8D8500005BA780A7A7A6A780F8A7A6F8F8F8FF01EC000000,35.351,8D8500005BA780A7A7A6A780F8A7A6F8F8F8FF01EC000000,35.351,8D8500005BA780A7A7A6A780F8A7A6F8F8F8FF01EC000000,35.351,8D8500005BA780A7A7A6A780F8A7A6F8F8F8FF01EC000000,35.351,8D8500005BA780A7A7A6A780F8A7A6F8F8F8FF01EC000000,35.351,8D8500005BA780A7A7A6A780F8A7A6F8F8F8FF01EC000000,35.351,8D8500005BA780A7A7A6A780F8A7A6F8F8F8FF01EC000000,35.351,8D8500005BA780A7A7A6A780F8A7A6F8F8F8FF01EC000000,35.351,8D8500005BA780A7A7A6A780F8A7A6F8F8F8FF01EC000000,35.351,8D8500005BA780A7A7A6A780F8A7A6F8F8F8FF01EC000000,35.351,8D8500005BA780A7A7A6A780F8A7A6F8F8F8FF01EC000000,35.351,8D8500005BA780A7A7A6A780F8A7A6F8F8F8FF01EC000000,35.351,8D8500005BA780A7A7A6A780F8A7A6F8F8F8FF01EC000000,35.351,1,35.351,236,35.388,0,35.388,0000,35.388,8192,35.388,2000,35.388,2000,35.388,2000,35.388,2000,35.388,2000,35.388,2000,35.388,2000,35.388,2000,35.388,2000,35.388,2000,35.388,2000,35.388,2000,35.388,2000
35.481,35.442,14.100000000000001,35.442,8D8500005CA881A7A7A7A881F9A8A7F9F9F9FF01ED000000,35.442,8D8500005CA881A7A7A7A881F9A8A7F9F9F9FF01ED000000,35.442,8D8500005CA881A7A7A7A881F9A8A7F9F9F9FF01ED000000,35.442,8D8500005CA881A7A7A7A881F9A8A7F9F9F9FF01ED000000,35.442,8D8500005CA881A7A7A7A881F9A8A7F9F9F9FF01ED000000,35.442,8D8500005CA881A7A7A7A881F9A8A7F9F9F9FF01ED000000,35.442,8D8500005CA881A7A7A7A881F9A8A7F9F9F9FF01ED000000,35.442,8D8500005CA881A7A7A7A881F9A8A7F9F9F9FF01ED000000,35.442,8D8500005CA881A7A7A7A881F9A8A7F9F9F9FF01ED000000,35.442,8D8500005CA881A7A7A7A881F9A8A7F9F9F9FF01ED000000,35.442,8D8500005CA881A7A7A7A881F9A8A7F9F9F9FF01ED000000,35.442,8D8500005CA881A7A7A7A881F9A8A7F9F9F9FF01ED000000,35.442,8D8500005CA881A7A7A7A881F9A8A7F9F9F9FF01ED000000,35.442,8D8500005CA881A7A7A7A881F9A8A7F9F9F9FF01ED000000,35.442,1,35.442,237,35.478,0,35.478,0000,35.388,8192,35.388,2000,35.388,2000,35.388,2000,35.388,2000,35.388,2000,35.388,2000,35.388,2000,35.388,2000,35.388,2000,35.388,2000,35.388,2000,35.388,2000,35.388,2000
35.581,35.612,14.200000000000001,35.612,8E8600005BA880CDCDA7A781F9A8A7F8F9F9FF01ED000000,35.612,8E8600005BA880CDCDA7A781F9A8A7F8F9F9FF01ED000000,35.612,8E8600005BA880CDCDA7A781F9A8A7F8F9F9FF01ED000000,35.612,8E8600005BA880CDCDA7A781F9A8A7F8F9F9FF01ED000000,35.612,8E8600005BA880CDCDA7A781F9A8A7F8F9F9FF01ED000000,35.612,8E8600005BA880CDCDA7A781F9A8A7F8F9F9FF01ED000000,35.612,8E8600005BA880CDCDA7A781F9A8A7F8F9F9FF01ED000000,35.612,8E8600005BA880CDCDA7A781F9A8A7F8F9F9FF01ED000000,35.612,8E8600005BA880CDCDA7A781F9A8A7F8F9F9FF01ED000000,35.612,8E8600005BA880CDCDA7A781F9A8A7F8F9F9FF01ED000000,35.612,8E8600005BA880CDCDA7A781F9A8A7F8F9F9FF01ED000000,35.612,8E8600005BA880CDCDA7A781F9A8A7F8F9F9FF01ED000000,35.612,8E8600005BA880CDCDA7A781F9A8A7F8F9F9FF01ED000000,35.612,8E8600005BA880CDCDA7A781F9A8A7F8F9F9FF01ED000000,35.612,1,35.612,237,35.547,0,35.547,0000,35.547,8192,35.547,2000,35.547,2000,35.547,2000,35.547,2000,35.547,2000,35.547,2000,35.547,2000,35.547,2000,35.547,2000,35.547,2000,35.547,2000,35.547,2000,35.547,2000
35.683,35.612,14.200000000000001,35.612,8E8600005BA880CDCDA7A781F9A8A7F8F9F9FF01ED000000,35.612,8E8600005BA880CDCDA7A781F9A8A7F8F9F9FF01ED000000,35.612,8E8600005BA880CDCDA7A781F9A8A7F8F9F9FF01ED000000,35.612,8E8600005BA880CDCDA7A781F9A8A7F8F9F9FF01ED000000,35.612,8E8600005BA880CDCDA7A781F9A8A7F8F9F9FF01ED000000,35.612,8E8600005BA880CDCDA7A781F9A8A7F8F9F9FF01ED000000,35.612,8E8600005BA880CDCDA7A781F9A8A7F8F9F9FF01ED000000,35.612,8E8600005BA880CDCDA7A781F9A8A7F8F9F9FF01ED000000,35.612,8E8600005BA880CDCDA7A781F9A8A7F8F9F9FF01ED000000,35.612,8E8600005BA880CDCDA7A781F9A8A7F8F9F9FF01ED000000,35.612,8E8600005BA880CDCDA7A781F9A8A7F8F9F9FF01ED000000,35.612,8E8600005BA880CDCDA7A781F9A8A7F8F9F9FF01ED000000,35.612,8E8600005BA880CDCDA7A781F9A8A7F8F9F9FF01ED000000,35.612,8E8600005BA880CDCDA7A781F9A8A7F8F9F9FF01ED000000,35.612,1,35.612,237,35.628,0,35.628,0000,35.628,8192,35.628,2000,35.628,2000,35.628,2000,35.628,2000,35.628,2000,35.628,2000,35.628,2000,35.628,2000,35.628,2000,35.628,2000,35.628,2000,35.628,2000,35.628,2000
35.782,35.731,14.200000000000001,35.731,8E8600005BA881CDCDA7A881F9A8A7F9F9F9FF01ED000000,35.731,8E8600005BA881CDCDA7A881F9A8A7F9F9F9FF01ED000000,35.731,8E8600005BA881CDCDA7A881F9A8A7F9F9F9FF01ED000000,35.731,8E8600005BA881CDCDA7A881F9A8A7F9F9F9FF01ED000000,35.731,8E8600005BA881CDCDA7A881F9A8A7F9F9F9FF01ED000000,35.731,8E8600005BA881CDCDA7A881F9A8A7F9F9F9FF01ED000000,35.731,8E8600005BA881CDCDA7A881F9A8A7F9F9F9FF01ED000000,35.731,8E8600005BA881CDCDA7A881F9A8A7F9F9F9FF01ED000000,35.731,8E8600005BA881CDCDA7A881F9A8A7F9F9F9FF01ED000000,35.731,8E8600005BA881CDCDA7A881F9A8A7F9F9F9FF01ED000000,35.731,8E8600005BA881CDCDA7A881F9A8A7F9F9F9FF01ED000000,35.731,8E8600005BA881CDCDA7A881F9A8A7F9F9F9FF01ED000000,35.731,8E8600005BA881CDCDA7A881F9A8A7F9F9F9FF01ED000000,35.731,8E8600005BA881CDCDA7A881F9A8A7F9F9F9FF01ED000000,35.731,1,35.731,237,35.756,0,35.756,0000,35.797,8192,35.797,2000,35.797,2000,35.797,2000,35.797,2000,35.797,2000,35.797,2000,35.797,2000,35.797,2000,35.797,2000,35.797,2000,35.797,2000,35.797,2000,35.797,2000
35.882,35.842,14.100000000000001,35.842,8D8500005CA881CDCDA7A881F9A8A7F9F9F9FF01ED000000,35.842,8D8500005CA881CDCDA7A881F9A8A7F9F9F9FF01ED000000,35.842,8D8500005CA881CDCDA7A881F9A8A7F9F9F9FF01ED000000,35.842,8D8500005CA881CDCDA7A881F9A8A7F9F9F9FF01ED000000,35.842,8D8500005CA881CDCDA7A881F9A8A7F9F9F9FF01ED000000,35.842,8D8500005CA881CDCDA7A881F9A8A7F9F9F9FF01ED000000,35.842,8D8500005CA881CDCDA7A881F9A8A7F9F9F9FF01ED000000,35.842,8D8500005CA881CDCDA7A881F9A8A7F9F9F9FF01ED000000,35.842,8D8500005CA881CDCDA7A881F9A8A7F9F9F9FF01ED000000,35.842,8D8500005CA881CDCDA7A881F9A8A7F9F9F9FF01ED000000,35.842,8D8500005CA881CDCDA7A881F9A8A7F9F9F9FF01ED000000,35.842,8D8500005CA881CDCDA7A881F9A8A7F9F9F9FF01ED000000,35.842,8D8500005CA881CDCDA7A881F9A8A7F9F9F9FF01ED000000,35.842,8D8500005CA881CDCDA7A881F9A8A7F9F9F9FF01ED000000,35.842,1,35.842,237,35.869,0,35.869,0000,35.797,8192,35.797,2000,35.797,2000,35.797,2000,35.797,2000,35.797,2000,35.797,2000,35.797,2000,35.797,2000,35.797,2000,35.797,2000,35.797,2000,35.797,2000,35.797,2000
35.981,36.011,14.100000000000001,36.011,8D8500005CA881CDCDA7A881F9A8A7F9F9F9FF01ED000000,36.011,8D8500005CA881CDCDA7A881F9A8A7F9F9F9FF01ED000000,36.011,8D8500005CA881CDCDA7A881F9A8A7F9F9F9FF01ED000000,36.011,8D8500005CA881CDCDA7A881F9A8A7F9F9F9FF01ED000000,36.011,8D8500005CA881CDCDA7A881F9A8A7F9F9F9FF01ED000000,36.011,8D8500005CA881CDCDA7A881F9A8A7F9F9F9FF01ED000000,36.011,8D8500005CA881CDCDA7A881F9A8A7F9F9F9FF01ED000000,36.011,8D8500005CA881CDCDA7A881F9A8A7F9F9F9FF01ED000000,36.011,8D8500005CA881CDCDA7A881F9A8A7F9F9F9FF01ED000000,36.011,8D8500005CA881CDCDA7A881F9A8A7F9F9F9FF01ED000000,36.011,8D8500005CA881CDCDA7A881F9A8A7F9F9F9FF01ED000000,36.011,8D8500005CA881CDCDA7A881F9A8A7F9F9F9FF01ED000000,36.011,8D8500005CA881CDCDA7A881F9A8A7F9F9F9FF01ED000000,36.011,8D8500005CA881CDCDA7A881F9A8A7F9F9F9FF01ED000000,36.011,1,36.011,237,35.957,0,35.957,0000,35.957,8192,35.957,2000,35.957,2000,35.957,2000,35.957,2000,35.957,2000,35.957,2000,35.957,2000,35.957,2000,35.957,2000,35.957,2000,35.957,2000,35.957,2000,35.957,2000
36.083,36.011,14.100000000000001,36.011,8D8500005CA881CDCDA7A881F9A8A7F9F9F9FF01ED000000,36.011,8D8500005CA881CDCDA7A881F9A8A7F9F9F9FF01ED000000,36.011,8D8500005CA881CDCDA7A881F9A8A7F9F9F9FF01ED000000,36.011,8D8500005CA881CDCDA7A881F9A8A7F9F9F9FF01ED000000,36.011,8D8500005CA881CDCDA7A881F9A8A7F9F9F9FF01ED000000,36.011,8D8500005CA881CDCDA7A881F9A8A7F9F9F9FF01ED000000,36.011,8D8500005CA881CDCDA7A881F9A8A7F9F9F9FF01ED000000,36.011,8D8500005CA881CDCDA7A881F9A8A7F9F9F9FF01ED000000,36.011,8D8500005CA881CDCDA7A881F9A8A7F9F9F9FF01ED000000,36.011,8D8500005CA881CDCDA7A881F9A8A7F9F9F9FF01ED000000,36.011,8D8500005CA881CDCDA7A881F9A8A7F9F9F9FF01ED000000,36.011,8D8500005CA881CDCDA7A881F9A8A7F9F9F9FF01ED000000,36.011,8D8500005CA881CDCDA7A881F9A8A7F9F9F9FF01ED000000,36.011,8D8500005CA881CDCDA7A881F9A8A7F9F9F9FF01ED000000,36.011,1,36.011,237,36.027,0,36.027,0000,36.027,8192,36.027,2000,36.027,2000,36.027,2000,36.027,2000,36.027,2000,36.027,2000,36.027,2000,36.027,2000,36.027,2000,36.027,2000,36.027,2000,36.027,2000,36.027,2000
36.182,36.211,14.100000000000001,36.211,8D8500005BA881CDCDA7A781F9A8A7F8F9F9FF01EC000000,36.211,8D8500005BA881CDCDA7A781F9A8A7F8F9F9FF01EC000000,36.211,8D8500005BA881CDCDA7A781F9A8A7F8F9F9FF01EC000000,36.211,8D8500005BA881CDCDA7A781F9A8A7F8F9F9FF01EC000000,36.211,8D8500005BA881CDCDA7A781F9A8A7F8F9F9FF01EC000000,36.211,8D8500005BA881CDCDA7A781F9A8A7F8F9F9FF01EC000000,36.211,8D8500005BA881CDCDA7A781F9A8A7F8F9F9FF01EC000000,36.211,8D8500005BA881CDCDA7A781F9A8A7F8F9F9FF01EC000000,36.211,8D8500005BA881CDCDA7A781F9A8A7F8F9F9FF01EC000000,36.211,8D8500005BA881CDCDA7A781F9A8A7F8F9F9FF01EC000000,36.211,8D8500005BA881CDCDA7A781F9A8A7F8F9F9FF01EC000000,36.211,8D8500005BA881CDCDA7A781F9A8A7F8F9F9FF01EC000000,36.211,8D8500005BA881CDCDA7A781F9A8A7F8F9F9FF01EC000000,36.211,8D8500005BA881CDCDA7A781F9A8A7F8F9F9FF01EC000000,36.211,1,36.211,236,36.137,0,36.137,0000,36.137,8192,36.137,2000,36.137,2000,36.137,2000,36.137,2000,36.137,2000,36.137,2000,36.137,2000,36.137,2000,36.137,2000,36.137,2000,36.137,2000,36.137,2000,36.137,2000
36.283,36.211,14.100000000000001,36.211,8D8500005BA881CDCDA7A781F9A8A7F8F9F9FF01EC000000,36.211,8D8500005BA881CDCDA7A781F9A8A7F8F9F9FF01EC000000,36.211,8D8500005BA881CDCDA7A781F9A8A7F8F9F9FF01EC000000,36.211,8D8500005BA881CDCDA7A781F9A8A7F8F9F9FF01EC000000,36.211,8D8500005BA881CDCDA7A781F9A8A7F8F9F9FF01EC000000,36.211,8D8500005BA881CDCDA7A781F9A8A7F8F9F9FF01EC000000,36.211,8D8500005BA881CDCDA7A781F9A8A7F8F9F9FF01EC000000,36.211,8D8500005BA881CDCDA7A781F9A8A7F8F9F9FF01EC000000,36.211,8D8500005BA881CDCDA7A781F9A8A7F8F9F9FF01EC000000,36.211,8D8500005BA881CDCDA7A781F9A8A7F8F9F9FF01EC000000,36.211,8D8500005BA881CDCDA7A781F9A8A7F8F9F9FF01EC000000,36.211,8D8500005BA881CDCDA7A781F9A8A7F8F9F9FF01EC000000,36.211,8D8500005BA881CDCDA7A781F9A8A7F8F9F9FF01EC000000,36.211,8D8500005BA881CDCDA7A781F9A8A7F8F9F9FF01EC000000,36.211,1,36.211,236,36.236,0,36.236,0000,36.296,8192,36.296,2000,36.296,2000,36.296,2000,36.296,2000,36.296,2000,36.296,2000,36.296,2000,36.296,2000,36.296,2000,36.296,2000,36.296,2000,36.296,2000,36.296,2000
36.381,36.351,14.200000000000001,36.351,8E8600005CA881CDCDA7A881F9A8A7F8F9F9FF01ED000000,36.351,8E8600005CA881CDCDA7A881F9A8A7F8F9F9FF01ED000000,36.351,8E8600005CA881CDCDA7A881F9A8A7F8F9F9FF01ED000000,36.351,8E8600005CA881CDCDA7A881F9A8A7F8F9F9FF01ED000000,36.351,8E8600005CA881CDCDA7A881F9A8A7F8F9F9FF01ED000000,36.351,8E8600005CA881CDCDA7A881F9A8A7F8F9F9FF01ED000000,36.351,8E8600005CA881CDCDA7A881F9A8A7F8F9F9FF01ED000000,36.351,8E8600005CA881CDCDA7A881F9A8A7F8F9F9FF01ED000000,36.351,8E8600005CA881CDCDA7A881F9A8A7F8F9F9FF01ED000000,36.351,8E8600005CA881CDCDA7A881F9A8A7F8F9F9FF01ED000000,36.351,8E8600005CA881CDCDA7A881F9A8A7F8F9F9FF01ED000000,36.351,8E8600005CA881CDCDA7A881F9A8A7F8F9F9FF01ED000000,36.351,8E8600005CA881CDCDA7A881F9A8A7F8F9F9FF01ED000000,36.351,8E8600005CA881CDCDA7A881F9A8A7F8F9F9FF01ED000000,36.351,1,36.351,237,36.376,0,36.376,0000,36.376,8192,36.376,2000,36.376,2000,36.376,2000,36.376,2000,36.376,2000,36.376,2000,36.376,2000,36.376,2000,36.376,2000,36.376,2000,36.376,2000,36.376,2000,36.376,2000
36.482,36.511,14.200000000000001,36.511,8E8600005CA881CDCDA7A781F9A8A7F8F9F9FF01ED000000,36.511,8E8600005CA881CDCDA7A781F9A8A7F8F9F9FF01ED000000,36.511,8E8600005CA881CDCDA7A781F9A8A7F8F9F9FF01ED000000,36.511,8E8600005CA881CDCDA7A781F9A8A7F8F9F9FF01ED000000,36.511,8E8600005CA881CDCDA7A781F9A8A7F8F9F9FF01ED000000,36.511,8E8600005CA881CDCDA7A781F9A8A7F8F9F9FF01ED000000,36.511,8E8600005CA881CDCDA7A781F9A8A7F8F9F9FF01ED000000,36.511,8E8600005CA881CDCDA7A781F9A8A7F8F9F9FF01ED000000,36.511,8E8600005CA881CDCDA7A781F9A8A7F8F9F9FF01ED000000,36.511,8E8600005CA881CDCDA7A781F9A8A7F8F9F9FF01ED000000,36.511,8E8600005CA881CDCDA7A781F9A8A7F8F9F9FF01ED000000,36.511,8E8600005CA881CDCDA7A781F9A8A7F8F9F9FF01ED000000,36.511,8E8600005CA881CDCDA7A781F9A8A7F8F9F9FF01ED000000,36.511,8E8600005CA881CDCDA7A781F9A8A7F8F9F9FF01ED000000,36.511,1,36.511,237,36.436,0,36.436,0000,36.376,8192,36.376,2000,36.376,2000,36.376,2000,36.376,2000,36.376,2000,36.376,2000,36.376,2000,36.376,2000,36.376,2000,36.376,2000,36.376,2000,36.376,2000,36.376,2000
36.581,36.612,14.100000000000001,36.612,8D8500005BA881CDCDA7A781F9A7A7F9F9F9FF01EC000000,36.612,8D8500005BA881CDCDA7A781F9A7A7F9F9F9FF01EC000000,36.612,8D8500005BA881CDCDA7A781F9A7A7F9F9F9FF01EC000000,36.612,8D8500005BA881CDCDA7A781F9A7A7F9F9F9FF01EC000000,36.612,8D8500005BA881CDCDA7A781F9A7A7F9F9F9FF01EC000000,36.612,8D8500005BA881CDCDA7A781F9A7A7F9F9F9FF01EC000000,36.612,8D8500005BA881CDCDA7A781F9A7A7F9F9F9FF01EC000000,36.612,8D8500005BA881CDCDA7A781F9A7A7F9F9F9FF01EC000000,36.612,8D8500005BA881CDCDA7A781F9A7A7F9F9F9FF01EC000000,36.612,8D8500005BA881CDCDA7A781F9A7A7F9F9F9FF01EC000000,36.612,8D8500005BA881CDCDA7A781F9A7A7F9F9F9FF01EC000000,36.612,8D8500005BA881CDCDA7A781F9A7A7F9F9F9FF01EC000000,36.612,8D8500005BA881CDCDA7A781F9A7A7F9F9F9FF01EC000000,36.612,8D8500005BA881CDCDA7A781F9A7A7F9F9F9FF01EC000000,36.612,1,36.612,236,36.538,0,36.538,0000,36.538,8192,36.538,2000,36.538,2000,36.538,2000,36.538,2000,36.538,2000,36.538,2000,36.538,2000,36.538,2000,36.538,2000,36.538,2000,36.538,2000,36.538,2000,36.538,2000
36.683,36.612,14.100000000000001,36.612,8D8500005BA881CDCDA7A781F9A7A7F9F9F9FF01EC000000,36.612,8D8500005BA881CDCDA7A781F9A7A7F9F9F9FF01EC000000,36.612,8D8500005BA881CDCDA7A781F9A7A7F9F9F9FF01EC000000,36.612,8D8500005BA881CDCDA7A781F9A7A7F9F9F9FF01EC000000,36.612,8D8500005BA881CDCDA7A781F9A7A7F9F9F9FF01EC000000,36.612,8D8500005BA881CDCDA7A781F9A7A7F9F9F9FF01EC000000,36.612,8D8500005BA881CDCDA7A781F9A7A7F9F9F9FF01EC000000,36.612,8D8500005BA881CDCDA7A781F9A7A7F9F9F9FF01EC000000,36.612,8D8500005BA881CDCDA7A781F9A7A7F9F9F9FF01EC000000,36.612,8D8500005BA881CDCDA7A781F9A7A7F9F9F9FF01EC000000,36.612,8D8500005BA881CDCDA7A781F9A7A7F9F9F9FF01EC000000,36.612,8D8500005BA881CDCDA7A781F9A7A7F9F9F9FF01EC000000,36.612,8D8500005BA881CDCDA7A781F9A7A7F9F9F9FF01EC000000,36.612,8D8500005BA881CDCDA7A781F9A7A7F9F9F9FF01EC000000,36.612,1,36.612,236,36.627,0,36.627,0000,36.627,8192,36.627,2000,36.627,2000,36.627,2000,36.627,2000,36.627,2000,36.627,2000,36.627,2000,36.627,2000,36.627,2000,36.627,2000,36.627,2000,36.627,2000,36.627,2000
36.780,36.712,14.100000000000001,36.712,8D8500005CA881CDCDA7A881F9A8A7F8F9F9FF01ED000000,36.712,8D8500005CA881CDCDA7A881F9A8A7F8F9F9FF01ED000000,36.712,8D8500005CA881CDCDA7A881F9A8A7F8F9F9FF01ED000000,36.712,8D8500005CA881CDCDA7A881F9A8A7F8F9F9FF01ED000000,36.712,8D8500005CA881CDCDA7A881F9A8A7F8F9F9FF01ED000000,36.712,8D8500005CA881CDCDA7A881F9A8A7F8F9F9FF01ED000000,36.712,8D8500005CA881CDCDA7A881F9A8A7F8F9F9FF01ED000000,36.712,8D8500005CA881CDCDA7A881F9A8A7F8F9F9FF01ED000000,36.712,8D8500005CA881CDCDA7A881F9A8A7F8F9F9FF01ED000000,36.712,8D8500005CA881CDCDA7A881F9A8A7F8F9F9FF01ED000000,36.712,8D8500005CA881CDCDA7A881F9A8A7F8F9F9FF01ED000000,36.712,8D8500005CA881CDCDA7A881F9A8A7F8F9F9FF01ED000000,36.712,8D8500005CA881CDCDA7A881F9A8A7F8F9F9FF01ED000000,36.712,8D8500005CA881CDCDA7A881F9A8A7F8F9F9FF01ED000000,36.712,1,36.712,237,36.757,0,36.757,0000,36.796,8192,36.796,2000,36.796,2000,36.796,2000,36.796,2000,36.796,2000,36.796,2000,36.796,2000,36.796,2000,36.796,2000,36.796,2000,36.796,2000,36.796,2000,36.796,2000
36.881,36.851,14.100000000000001,36.851,8D8500005BA880CCCCA6A781F9A8A6F8F9F9FF01ED000000,36.851,8D8500005BA880CCCCA6A781F9A8A6F8F9F9FF01ED000000,36.851,8D8500005BA880CCCCA6A781F9A8A6F8F9F9FF01ED000000,36.851,8D8500005BA880CCCCA6A781F9A8A6F8F9F9FF01ED000000,36.851,8D8500005BA880CCCCA6A781F9A8A6F8F9F9FF01ED000000,36.851,8D8500005BA880CCCCA6A781F9A8A6F8F9F9FF01ED000000,36.851,8D8500005BA880CCCCA6A781F9A8A6F8F9F9FF01ED000000,36.851,8D8500005BA880CCCCA6A781F9A8A6F8F9F9FF01ED000000,36.851,8D8500005BA880CCCCA6A781F9A8A6F8F9F9FF01ED000000,36.851,8D8500005BA880CCCCA6A781F9A8A6F8F9F9FF01ED000000,36.851,8D8500005BA880CCCCA6A781F9A8A6F8F9F9FF01ED000000,36.851,8D8500005BA880CCCCA6A781F9A8A6F8F9F9FF01ED000000,36.851,8D8500005BA880CCCCA6A781F9A8A6F8F9F9FF01ED000000,36.851,8D8500005BA880CCCCA6A781F9A8A6F8F9F9FF01ED000000,36.851,1,36.851,237,36.887,0,36.887,0000,36.887,8192,36.887,2000,36.887,2000,36.887,2000,36.887,2000,36.887,2000,36.887,2000,36.887,2000,36.887,2000,36.887,2000,36.887,2000,36.887,2000,36.887,2000,36.887,2000
36.983,36.922,14.100000000000001,36.922,8D8500005BA881CDCDA7A781F9A8A7F8F9F9FF01ED000000,36.922,8D8500005BA881CDCDA7A781F9A8A7F8F9F9FF01ED000000,36.922,8D8500005BA881CDCDA7A781F9A8A7F8F9F9FF01ED000000,36.922,8D8500005BA881CDCDA7A781F9A8A7F8F9F9FF01ED000000,36.922,8D8500005BA881CDCDA7A781F9A8A7F8F9F9FF01ED000000,36.922,8D8500005BA881CDCDA7A781F9A8A7F8F9F9FF01ED000000,36.922,8D8500005BA881CDCDA7A781F9A8A7F8F9F9FF01ED000000,36.922,8D8500005BA881CDCDA7A781F9A8A7F8F9F9FF01ED000000,36.922,8D8500005BA881CDCDA7A781F9A8A7F8F9F9FF01ED000000,36.922,8D8500005BA881CDCDA7A781F9A8A7F8F9F9FF01ED000000,36.922,8D8500005BA881CDCDA7A781F9A8A7F8F9F9FF01ED000000,36.922,8D8500005BA881CDCDA7A781F9A8A7F8F9F9FF01ED000000,36.922,8D8500005BA881CDCDA7A781F9A8A7F8F9F9FF01ED000000,36.922,8D8500005BA881CDCDA7A781F9A8A7F8F9F9FF01ED000000,36.922,1,36.922,237,36.938,0,36.938,0000,36.887,8192,36.887,2000,36.887,2000,36.887,2000,36.887,2000,36.887,2000,36.887,2000,36.887,2000,36.887,2000,36.887,2000,36.887,2000,36.887,2000,36.887,2000,36.887,2000
37.082,37.111,14.100000000000001,37.111,8D8500005BA8815B5BA6A781F9A8A6F8F8F8FF01ED000000,37.111,8D8500005BA8815B5BA6A781F9A8A6F8F8F8FF01ED000000,37.111,8D8500005BA8815B5BA6A781F9A8A6F8F8F8FF01ED000000,37.111,8D8500005BA8815B5BA6A781F9A8A6F8F8F8FF01ED000000,37.111,8D8500005BA8815B5BA6A781F9A8A6F8F8F8FF01ED000000,37.111,8D8500005BA8815B5BA6A781F9A8A6F8F8F8FF01ED000000,37.111,8D8500005BA8815B5BA6A781F9A8A6F8F8F8FF01ED000000,37.111,8D8500005BA8815B5BA6A781F9A8A6F8F8F8FF01ED000000,37.111,8D8500005BA8815B5BA6A781F9A8A6F8F8F8FF01ED000000,37.111,8D8500005BA8815B5BA6A781F9A8A6F8F8F8FF01ED000000,37.111,8D8500005BA8815B5BA6A781F9A8A6F8F8F8FF01ED000000,37.111,8D8500005BA8815B5BA6A781F9A8A6F8F8F8FF01ED000000,37.111,8D8500005BA8815B5BA6A781F9A8A6F8F8F8FF01ED000000,37.111,8D8500005BA8815B5BA6A781F9A8A6F8F8F8FF01ED000000,37.111,1,37.111,237,37.037,0,37.037,0000,37.037,8192,37.037,2000,37.037,2000,37.037,2000,37.037,2000,37.037,2000,37.037,2000,37.037,2000,37.037,2000,37.037,2000,37.037,2000,37.037,2000,37.037,2000,37.037,2000
37.182,37.211,14.100000000000001,37.211,8D8500005CA8815B5BA7A781F9A8A7F9F9F9FF01ED000000,37.211,8D8500005CA8815B5BA7A781F9A8A7F9F9F9FF01ED000000,37.211,8D8500005CA8815B5BA7A781F9A8A7F9F9F9FF01ED000000,37.211,8D8500005CA8815B5BA7A781F9A8A7F9F9F9FF01ED000000,37.211,8D8500005CA8815B5BA7A781F9A8A7F9F9F9FF01ED000000,37.211,8D8500005CA8815B5BA7A781F9A8A7F9F9F9FF01ED000000,37.211,8D8500005CA8815B5BA7A781F9A8A7F9F9F9FF01ED000000,37.211,8D8500005CA8815B5BA7A781F9A8A7F9F9F9FF01ED000000,37.211,8D8500005CA8815B5BA7A781F9A8A7F9F9F9FF01ED000000,37.211,8D8500005CA8815B5BA7A781F9A8A7F9F9F9FF01ED000000,37.211,8D8500005CA8815B5BA7A781F9A8A7F9F9F9FF01ED000000,37.211,8D8500005CA8815B5BA7A781F9A8A7F9F9F9FF01ED000000,37.211,8D8500005CA8815B5BA7A781F9A8A7F9F9F9FF01ED000000,37.211,8D8500005CA8815B5BA7A781F9A8A7F9F9F9FF01ED000000,37.211,1,37.211,237,37.127,0,37.127,0000,37.127,8192,37.127,2000,37.127,2000,37.127,2000,37.127,2000,37.127,2000,37.127,2000,37.127,2000,37.127,2000,37.127,2000,37.127,2000,37.127,2000,37.127,2000,37.127,2000
37.283,37.211,14.100000000000001,37.211,8D8500005CA8815B5BA7A781F9A8A7F9F9F9FF01ED000000,37.211,8D8500005CA8815B5BA7A781F9A8A7F9F9F9FF01ED000000,37.211,8D8500005CA8815B5BA7A781F9A8A7F9F9F9FF01ED000000,37.211,8D8500005CA8815B5BA7A781F9A8A7F9F9F9FF01ED000000,37.211,8D8500005CA8815B5BA7A781F9A8A7F9F9F9FF01ED000000,37.211,8D8500005CA8815B5BA7A781F9A8A7F9F9F9FF01ED000000,37.211,8D8500005CA8815B5BA7A781F9A8A7F9F9F9FF01ED000000,37.211,8D8500005CA8815B5BA7A781F9A8A7F9F9F9FF01ED000000,37.211,8D8500005CA8815B5BA7A781F9A8A7F9F9F9FF01ED000000,37.211,8D8500005CA8815B5BA7A781F9A8A7F9F9F9FF01ED000000,37.211,8D8500005CA8815B5BA7A781F9A8A7F9F9F9FF01ED000000,37.211,8D8500005CA8815B5BA7A781F9A8A7F9F9F9FF01ED000000,37.211,8D8500005CA8815B5BA7A781F9A8A7F9F9F9FF01ED000000,37.211,8D8500005CA8815B5BA7A781F9A8A7F9F9F9FF01ED000000,37.211,1,37.211,237,37.237,0,37.237,0000,37.237,8192,37.237,2000,37.237,2000,37.237,2000,37.237,2000,37.237,2000,37.237,2000,37.237,2000,37.237,2000,37.237,2000,37.237,2000,37.237,2000,37.237,2000,37.237,2000
37.382,37.351,14.200000000000001,37.351,8E8600005BA7805B5BA6A781F9A8A6F7F8F8FF01ED000000,37.351,8E8600005BA7805B5BA6A781F9A8A6F7F8F8FF01ED000000,37.351,8E8600005BA7805B5BA6A781F9A8A6F7F8F8FF01ED000000,37.351,8E8600005BA7805B5BA6A781F9A8A6F7F8F8FF01ED000000,37.351,8E8600005BA7805B5BA6A781F9A8A6F7F8F8FF01ED000000,37.351,8E8600005BA7805B5BA6A781F9A8A6F7F8F8FF01ED000000,37.351,8E8600005BA7805B5BA6A781F9A8A6F7F8F8FF01ED000000,37.351,8E8600005BA7805B5BA6A781F9A8A6F7F8F8FF01ED000000,37.351,8E8600005BA7805B5BA6A781F9A8A6F7F8F8FF01ED000000,37.351,8E8600005BA7805B5BA6A781F9A8A6F7F8F8FF01ED000000,37.351,8E8600005BA7805B5BA6A781F9A8A6F7F8F8FF01ED000000,37.351,8E8600005BA7805B5BA6A781F9A8A6F7F8F8FF01ED000000,37.351,8E8600005BA7805B5BA6A781F9A8A6F7F8F8FF01ED000000,37.351,8E8600005BA7805B5BA6A781F9A8A6F7F8F8FF01ED000000,37.351,1,37.351,237,37.376,0,37.376,0000,37.376,8192,37.376,2000,37.376,2000,37.376,2000,37.376,2000,37.376,2000,37.376,2000,37.376,2000,37.376,2000,37.376,2000,37.376,2000,37.376,2000,37.376,2000,37.376,2000
37.482,37.511,14.200000000000001,37.511,8E8600005CA8815B5BA7A881F9A8A7F8F9F9FF01ED000000,37.511,8E8600005CA8815B5BA7A881F9A8A7F8F9F9FF01ED000000,37.511,8E8600005CA8815B5BA7A881F9A8A7F8F9F9FF01ED000000,37.511,8E8600005CA8815B5BA7A881F9A8A7F8F9F9FF01ED000000,37.511,8E8600005CA8815B5BA7A881F9A8A7F8F9F9FF01ED000000,37.511,8E8600005CA8815B5BA7A881F9A8A7F8F9F9FF01ED000000,37.511,8E8600005CA8815B5BA7A881F9A8A7F8F9F9FF01ED000000,37.511,8E8600005CA8815B5BA7A881F9A8A7F8F9F9FF01ED000000,37.511,8E8600005CA8815B5BA7A881F9A8A7F8F9F9FF01ED000000,37.511,8E8600005CA8815B5BA7A881F9A8A7F8F9F9FF01ED000000,37.511,8E8600005CA8815B5BA7A881F9A8A7F8F9F9FF01ED000000,37.511,8E8600005CA8815B5BA7A881F9A8A7F8F9F9FF01ED000000,37.511,8E8600005CA8815B5BA7A881F9A8A7F8F9F9FF01ED000000,37.511,8E8600005CA8815B5BA7A881F9A8A7F8F9F9FF01ED000000,37.511,1,37.511,237,37.447,0,37.447,0000,37.376,8192,37.376,2000,37.376,2000,37.376,2000,37.376,2000,37.376,2000,37.376,2000,37.376,2000,37.376,2000,37.376,2000,37.376,2000,37.376,2000,37.376,2000,37.376,2000
37.583,37.511,14.200000000000001,37.511,8E8600005CA8815B5BA7A881F9A8A7F8F9F9FF01ED000000,37.511,8E8600005CA8815B5BA7A881F9A8A7F8F9F9FF01ED000000,37.511,8E8600005CA8815B5BA7A881F9A8A7F8F9F9FF01ED000000,37.511,8E8600005CA8815B5BA7A881F9A8A7F8F9F9FF01ED000000,37.511,8E8600005CA8815B5BA7A881F9A8A7F8F9F9FF01ED000000,37.511,8E8600005CA8815B5BA7A881F9A8A7F8F9F9FF01ED000000,37.511,8E8600005CA8815B5BA7A881F9A8A7F8F9F9FF01ED000000,37.511,8E8600005CA8815B5BA7A881F9A8A7F8F9F9FF01ED000000,37.511,8E8600005CA8815B5BA7A881F9A8A7F8F9F9FF01ED000000,37.511,8E8600005CA8815B5BA7A881F9A8A7F8F9F9FF01ED000000,37.511,8E8600005CA8815B5BA7A881F9A8A7F8F9F9FF01ED000000,37.511,8E8600005CA8815B5BA7A881F9A8A7F8F9F9FF01ED000000,37.511,8E8600005CA8815B5BA7A881F9A8A7F8F9F9FF01ED000000,37.511,8E8600005CA8815B5BA7A881F9A8A7F8F9F9FF01ED000000,37.511,1,37.511,237,37.527,0,37.527,0000,37.527,8192,37.527,2000,37.527,2000,37.527,2000,37.527,2000,37.527,2000,37.527,2000,37.527,2000,37.527,2000,37.527,2000,37.527,2000,37.527,2000,37.527,2000,37.527,2000
37.682,37.711,14.200000000000001,37.711,8E8600005CA881CDCDA7A881F9A8A7F9F9F9FF01ED000000,37.711,8E8600005CA881CDCDA7A881F9A8A7F9F9F9FF01ED000000,37.711,8E8600005CA881CDCDA7A881F9A8A7F9F9F9FF01ED000000,37.711,8E8600005CA881CDCDA7A881F9A8A7F9F9F9FF01ED000000,37.711,8E8600005CA881CDCDA7A881F9A8A7F9F9F9FF01ED000000,37.711,8E8600005CA881CDCDA7A881F9A8A7F9F9F9FF01ED000000,37.711,8E8600005CA881CDCDA7A881F9A8A7F9F9F9FF01ED000000,37.711,8E8600005CA881CDCDA7A881F9A8A7F9F9F9FF01ED000000,37.711,8E8600005CA881CDCDA7A881F9A8A7F9F9F9FF01ED000000,37.711,8E8600005CA881CDCDA7A881F9A8A7F9F9F9FF01ED000000,37.711,8E8600005CA881CDCDA7A881F9A8A7F9F9F9FF01ED000000,37.711,8E8600005CA881CDCDA7A881F9A8A7F9F9F9FF01ED000000,37.711,8E8600005CA881CDCDA7A881F9A8A7F9F9F9FF01ED000000,37.711,8E8600005CA881CDCDA7A881F9A8A7F9F9F9FF01ED000000,37.711,1,37.711,237,37.637,0,37.637,0000,37.637,8192,37.637,2000,37.637,2000,37.637,2000,37.637,2000,37.637,2000,37.637,2000,37.637,2000,37.637,2000,37.637,2000,37.637,2000,37.637,2000,37.637,2000,37.637,2000
37.783,37.711,14.200000000000001,37.711,8E8600005CA881CDCDA7A881F9A8A7F9F9F9FF01ED000000,37.711,8E8600005CA881CDCDA7A881F9A8A7F9F9F9FF01ED000000,37.711,8E8600005CA881CDCDA7A881F9A8A7F9F9F9FF01ED000000,37.711,8E8600005CA881CDCDA7A881F9A8A7F9F9F9FF01ED000000,37.711,8E8600005CA881CDCDA7A881F9A8A7F9F9F9FF01ED000000,37.711,8E8600005CA881CDCDA7A881F9A8A7F9F9F9FF01ED000000,37.711,8E8600005CA881CDCDA7A881F9A8A7F9F9F9FF01ED000000,37.711,8E8600005CA881CDCDA7A881F9A8A7F9F9F9FF01ED000000,37.711,8E8600005CA881CDCDA7A881F9A8A7F9F9F9FF01ED000000,37.711,8E8600005CA881CDCDA7A881F9A8A7F9F9F9FF01ED000000,37.711,8E8600005CA881CDCDA7A881F9A8A7F9F9F9FF01ED000000,37.711,8E8600005CA881CDCDA7A881F9A8A7F9F9F9FF01ED000000,37.711,8E8600005CA881CDCDA7A881F9A8A7F9F9F9FF01ED000000,37.711,8E8600005CA881CDCDA7A881F9A8A7F9F9F9FF01ED000000,37.711,1,37.711,237,37.737,0,37.737,0000,37.737,8192,37.737,2000,37.737,2000,37.737,2000,37.737,2000,37.737,2000,37.737,2000,37.737,2000,37.737,2000,37.737,2000,37.737,2000,37.737,2000,37.737,2000,37.737,2000
37.883,37.842,14.100000000000001,37.842,8D8500005CA881CDCDA7A781F9A8A7F8F9F9FF01ED000000,37.842,8D8500005CA881CDCDA7A781F9A8A7F8F9F9FF01ED000000,37.842,8D8500005CA881CDCDA7A781F9A8A7F8F9F9FF01ED000000,37.842,8D8500005CA881CDCDA7A781F9A8A7F8F9F9FF01ED000000,37.842,8D8500005CA881CDCDA7A781F9A8A7F8F9F9FF01ED000000,37.842,8D8500005CA881CDCDA7A781F9A8A7F8F9F9FF01ED000000,37.842,8D8500005CA881CDCDA7A781F9A8A7F8F9F9FF01ED000000,37.842,8D8500005CA881CDCDA7A781F9A8A7F8F9F9FF01ED000000,37.842,8D8500005CA881CDCDA7A781F9A8A7F8F9F9FF01ED000000,37.842,8D8500005CA881CDCDA7A781F9A8A7F8F9F9FF01ED000000,37.842,8D8500005CA881CDCDA7A781F9A8A7F8F9F9FF01ED000000,37.842,8D8500005CA881CDCDA7A781F9A8A7F8F9F9FF01ED000000,37.842,8D8500005CA881CDCDA7A781F9A8A7F8F9F9FF01ED000000,37.842,8D8500005CA881CDCDA7A781F9A8A7F8F9F9FF01ED000000,37.842,1,37.842,237,37.857,0,37.857,0000,37.797,8192,37.797,2000,37.797,2000,37.797,2000,37.797,2000,37.797,2000,37.797,2000,37.797,2000,37.797,2000,37.797,2000,37.797,2000,37.797,2000,37.797,2000,37.797,2000
37.984,37.912,14.200000000000001,37.912,8E8600005BA881CCCCA6A781F9A8A6F7F8F8FF01ED000000,37.912,8E8600005BA881CCCCA6A781F9A8A6F7F8F8FF01ED000000,37.912,8E8600005BA881CCCCA6A781F9A8A6F7F8F8FF01ED000000,37.912,8E8600005BA881CCCCA6A781F9A8A6F7F8F8FF01ED000000,37.912,8E8600005BA881CCCCA6A781F9A8A6F7F8F8FF01ED000000,37.912,8E8600005BA881CCCCA6A781F9A8A6F7F8F8FF01ED000000,37.912,8E8600005BA881CCCCA6A781F9A8A6F7F8F8FF01ED000000,37.912,8E8600005BA881CCCCA6A781F9A8A6F7F8F8FF01ED000000,37.912,8E8600005BA881CCCCA6A781F9A8A6F7F8F8FF01ED000000,37.912,8E8600005BA881CCCCA6A781F9A8A6F7F8F8FF01ED000000,37.912,8E8600005BA881CCCCA6A781F9A8A6F7F8F8FF01ED000000,37.912,8E8600005BA881CCCCA6A781F9A8A6F7F8F8FF01ED000000,37.912,8E8600005BA881CCCCA6A781F9A8A6F7F8F8FF01ED000000,37.912,8E8600005BA881CCCCA6A781F9A8A6F7F8F8FF01ED000000,37.912,1,37.912,237,37.937,0,37.937,0000,37.937,8192,37.937,2000,37.937,2000,37.937,2000,37.937,2000,37.937,2000,37.937,2000,37.937,2000,37.937,2000,37.937,2000,37.937,2000,37.937,2000,37.937,2000,37.937,2000
38.082,38.011,14.100000000000001,38.011,8D8500005BA880CDCDA6A781F9A8A6F7F8F8FF01ED000000,38.011,8D8500005BA880CDCDA6A781F9A8A6F7F8F8FF01ED000000,38.011,8D8500005BA880CDCDA6A781F9A8A6F7F8F8FF01ED000000,38.011,8D8500005BA880CDCDA6A781F9A8A6F7F8F8FF01ED000000,38.011,8D8500005BA880CDCDA6A781F9A8A6F7F8F8FF01ED000000,38.011,8D8500005BA880CDCDA6A781F9A8A6F7F8F8FF01ED000000,38.011,8D8500005BA880CDCDA6A781F9A8A6F7F8F8FF01ED000000,38.011,8D8500005BA880CDCDA6A781F9A8A6F7F8F8FF01ED000000,38.011,8D8500005BA880CDCDA6A781F9A8A6F7F8F8FF01ED000000,38.011,8D8500005BA880CDCDA6A781F9A8A6F7F8F8FF01ED000000,38.011,8D8500005BA880CDCDA6A781F9A8A6F7F8F8FF01ED000000,38.011,8D8500005BA880CDCDA6A781F9A8A6F7F8F8FF01ED000000,38.011,8D8500005BA880CDCDA6A781F9A8A6F7F8F8FF01ED000000,38.011,8D8500005BA880CDCDA6A781F9A8A6F7F8F8FF01ED000000,38.011,1,38.011,237,38.045,0,38.045,0000,38.045,8192,38.045,2000,38.045,2000,38.045,2000,38.045,2000,38.045,2000,38.045,2000,38.045,2000,38.045,2000,38.045,2000,38.045,2000,38.045,2000,38.045,2000,38.045,2000
38.184,38.111,14.100000000000001,38.111,8D8500005BA881CDCDA7A781F9A8A7F9F9F9FF01ED000000,38.111,8D8500005BA881CDCDA7A781F9A8A7F9F9F9FF01ED000000,38.111,8D8500005BA881CDCDA7A781F9A8A7F9F9F9FF01ED000000,38.111,8D8500005BA881CDCDA7A781F9A8A7F9F9F9FF01ED000000,38.111,8D8500005BA881CDCDA7A781F9A8A7F9F9F9FF01ED000000,38.111,8D8500005BA881CDCDA7A781F9A8A7F9F9F9FF01ED000000,38.111,8D8500005BA881CDCDA7A781F9A8A7F9F9F9FF01ED000000,38.111,8D8500005BA881CDCDA7A781F9A8A7F9F9F9FF01ED000000,38.111,8D8500005BA881CDCDA7A781F9A8A7F9F9F9FF01ED000000,38.111,8D8500005BA881CDCDA7A781F9A8A7F9F9F9FF01ED000000,38.111,8D8500005BA881CDCDA7A781F9A8A7F9F9F9FF01ED000000,38.111,8D8500005BA881CDCDA7A781F9A8A7F9F9F9FF01ED000000,38.111,8D8500005BA881CDCDA7A781F9A8A7F9F9F9FF01ED000000,38.111,8D8500005BA881CDCDA7A781F9A8A7F9F9F9FF01ED000000,38.111,1,38.111,237,38.137,0,38.137,0000,38.137,8192,38.137,2000,38.137,2000,38.137,2000,38.137,2000,38.137,2000,38.137,2000,38.137,2000,38.137,2000,38.137,2000,38.137,2000,38.137,2000,38.137,2000,38.137,2000
38.280,38.212,14.200000000000001,38.212,8E8600005CA881CDCDA7A881F9A8A7F9F9F9FF01ED000000,38.212,8E8600005CA881CDCDA7A881F9A8A7F9F9F9FF01ED000000,38.212,8E8600005CA881CDCDA7A881F9A8A7F9F9F9FF01ED000000,38.212,8E8600005CA881CDCDA7A881F9A8A7F9F9F9FF01ED000000,38.212,8E8600005CA881CDCDA7A881F9A8A7F9F9F9FF01ED000000,38.212,8E8600005CA881CDCDA7A881F9A8A7F9F9F9FF01ED000000,38.212,8E8600005CA881CDCDA7A881F9A8A7F9F9F9FF01ED000000,38.212,8E8600005CA881CDCDA7A881F9A8A7F9F9F9FF01ED000000,38.212,8E8600005CA881CDCDA7A881F9A8A7F9F9F9FF01ED000000,38.212,8E8600005CA881CDCDA7A881F9A8A7F9F9F9FF01ED000000,38.212,8E8600005CA881CDCDA7A881F9A8A7F9F9F9FF01ED000000,38.212,8E8600005CA881CDCDA7A881F9A8A7F9F9F9FF01ED000000,38.212,8E8600005CA881CDCDA7A881F9A8A7F9F9F9FF01ED000000,38.212,8E8600005CA881CDCDA7A881F9A8A7F9F9F9FF01ED000000,38.212,1,38.212,237,38.257,0,38.257,0000,38.297,8192,38.297,2000,38.297,2000,38.297,2000,38.297,2000,38.297,2000,38.297,2000,38.297,2000,38.297,2000,38.297,2000,38.297,2000,38.297,2000,38.297,2000,38.297,2000
38.381,38.351,14.100000000000001,38.351,8D8500005BA881CDCDA6A781F9A8A6F9F9F9FF01ED000000,38.351,8D8500005BA881CDCDA6A781F9A8A6F9F9F9FF01ED000000,38.351,8D8500005BA881CDCDA6A781F9A8A6F9F9F9FF01ED000000,38.351,8D8500005BA881CDCDA6A781F9A8A6F9F9F9FF01ED000000,38.351,8D8500005BA881CDCDA6A781F9A8A6F9F9F9FF01ED000000,38.351,8D8500005BA881CDCDA6A781F9A8A6F9F9F9FF01ED000000,38.351,8D8500005BA881CDCDA6A781F9A8A6F9F9F9FF01ED000000,38.351,8D8500005BA881CDCDA6A781F9A8A6F9F9F9FF01ED000000,38.351,8D8500005BA881CDCDA6A781F9A8A6F9F9F9FF01ED000000,38.351,8D8500005BA881CDCDA6A781F9A8A6F9F9F9FF01ED000000,38.351,8D8500005BA881CDCDA6A781F9A8A6F9F9F9FF01ED000000,38.351,8D8500005BA881CDCDA6A781F9A8A6F9F9F9FF01ED000000,38.351,8D8500005BA881CDCDA6A781F9A8A6F9F9F9FF01ED000000,38.351,8D8500005BA881CDCDA6A781F9A8A6F9F9F9FF01ED000000,38.351,1,38.351,237,38.385,0,38.385,0000,38.385,8192,38.385,2000,38.385,2000,38.385,2000,38.385,2000,38.385,2000,38.385,2000,38.385,2000,38.385,2000,38.385,2000,38.385,2000,38.385,2000,38.385,2000,38.385,2000
38.483,38.432,14.200000000000001,38.432,8E8600005CA881CDCDA7A781F9A8A7F8F9F9FF01ED000000,38.432,8E8600005CA881CDCDA7A781F9A8A7F8F9F9FF01ED000000,38.432,8E8600005CA881CDCDA7A781F9A8A7F8F9F9FF01ED000000,38.432,8E8600005CA881CDCDA7A781F9A8A7F8F9F9FF01ED000000,38.432,8E8600005CA881CDCDA7A781F9A8A7F8F9F9FF01ED000000,38.432,8E8600005CA881CDCDA7A781F9A8A7F8F9F9FF01ED000000,38.432,8E8600005CA881CDCDA7A781F9A8A7F8F9F9FF01ED000000,38.432,8E8600005CA881CDCDA7A781F9A8A7F8F9F9FF01ED000000,38.432,8E8600005CA881CDCDA7A781F9A8A7F8F9F9FF01ED000000,38.432,8E8600005CA881CDCDA7A781F9A8A7F8F9F9FF01ED000000,38.432,8E8600005CA881CDCDA7A781F9A8A7F8F9F9FF01ED000000,38.432,8E8600005CA881CDCDA7A781F9A8A7F8F9F9FF01ED000000,38.432,8E8600005CA881CDCDA7A781F9A8A7F8F9F9FF01ED000000,38.432,8E8600005CA881CDCDA7A781F9A8A7F8F9F9FF01ED000000,38.432,1,38.432,237,38.458,0,38.458,0000,38.385,8192,38.385,2000,38.385,2000,38.385,2000,38.385,2000,38.385,2000,38.385,2000,38.385,2000,38.385,2000,38.385,2000,38.385,2000,38.385,2000,38.385,2000,38.385,2000
38.581,38.512,14.200000000000001,38.512,8E8600005CA881CDCDA7A881F9A8A7F9F9F9FF01ED000000,38.512,8E8600005CA881CDCDA7A881F9A8A7F9F9F9FF01ED000000,38.512,8E8600005CA881CDCDA7A881F9A8A7F9F9F9FF01ED000000,38.512,8E8600005CA881CDCDA7A881F9A8A7F9F9F9FF01ED000000,38.512,8E8600005CA881CDCDA7A881F9A8A7F9F9F9FF01ED000000,38.512,8E8600005CA881CDCDA7A881F9A8A7F9F9F9FF01ED000000,38.512,8E8600005CA881CDCDA7A881F9A8A7F9F9F9FF01ED000000,38.512,8E8600005CA881CDCDA7A881F9A8A7F9F9F9FF01ED000000,38.512,8E8600005CA881CDCDA7A881F9A8A7F9F9F9FF01ED000000,38.512,8E8600005CA881CDCDA7A881F9A8A7F9F9F9FF01ED000000,38.512,8E8600005CA881CDCDA7A881F9A8A7F9F9F9FF01ED000000,38.512,8E8600005CA881CDCDA7A881F9A8A7F9F9F9FF01ED000000,38.512,8E8600005CA881CDCDA7A881F9A8A7F9F9F9FF01ED000000,38.512,8E8600005CA881CDCDA7A881F9A8A7F9F9F9FF01ED000000,38.512,1,38.512,237,38.537,0,38.537,0000,38.537,8192,38.537,2000,38.537,2000,38.537,2000,38.537,2000,38.537,2000,38.537,2000,38.537,2000,38.537,2000,38.537,2000,38.537,2000,38.537,2000,38.537,2000,38.537,2000
38.683,38.612,14.200000000000001,38.612,8E8600005BA880CCCCA6A781F9A8A6F8F8F8FF01ED000000,38.612,8E8600005BA880CCCCA6A781F9A8A6F8F8F8FF01ED000000,38.612,8E8600005BA880CCCCA6A781F9A8A6F8F8F8FF01ED000000,38.612,8E8600005BA880CCCCA6A781F9A8A6F8F8F8FF01ED000000,38.612,8E8600005BA880CCCCA6A781F9A8A6F8F8F8FF01ED000000,38.612,8E8600005BA880CCCCA6A781F9A8A6F8F8F8FF01ED000000,38.612,8E8600005BA880CCCCA6A781F9A8A6F8F8F8FF01ED000000,38.612,8E8600005BA880CCCCA6A781F9A8A6F8F8F8FF01ED000000,38.612,8E8600005BA880CCCCA6A781F9A8A6F8F8F8FF01ED000000,38.612,8E8600005BA880CCCCA6A781F9A8A6F8F8F8FF01ED000000,38.612,8E8600005BA880CCCCA6A781F9A8A6F8F8F8FF01ED000000,38.612,8E8600005BA880CCCCA6A781F9A8A6F8F8F8FF01ED000000,38.612,8E8600005BA880CCCCA6A781F9A8A6F8F8F8FF01ED000000,38.612,8E8600005BA880CCCCA6A781F9A8A6F8F8F8FF01ED000000,38.612,1,38.612,237,38.627,0,38.627,0000,38.627,8192,38.627,2000,38.627,2000,38.627,2000,38.627,2000,38.627,2000,38.627,2000,38.627,2000,38.627,2000,38.627,2000,38.627,2000,38.627,2000,38.627,2000,38.627,2000
38.782,38.711,14.100000000000001,38.711,8D8500005BA881CDCDA7A781F9A8A7F9F9F9FF01ED000000,38.711,8D8500005BA881CDCDA7A781F9A8A7F9F9F9FF01ED000000,38.711,8D8500005BA881CDCDA7A781F9A8A7F9F9F9FF01ED000000,38.711,8D8500005BA881CDCDA7A781F9A8A7F9F9F9FF01ED000000,38.711,8D8500005BA881CDCDA7A781F9A8A7F9F9F9FF01ED000000,38.711,8D8500005BA881CDCDA7A781F9A8A7F9F9F9FF01ED000000,38.711,8D8500005BA881CDCDA7A781F9A8A7F9F9F9FF01ED000000,38.711,8D8500005BA881CDCDA7A781F9A8A7F9F9F9FF01ED000000,38.711,8D8500005BA881CDCDA7A781F9A8A7F9F9F9FF01ED000000,38.711,8D8500005BA881CDCDA7A781F9A8A7F9F9F9FF01ED000000,38.711,8D8500005BA881CDCDA7A781F9A8A7F9F9F9FF01ED000000,38.711,8D8500005BA881CDCDA7A781F9A8A7F9F9F9FF01ED000000,38.711,8D8500005BA881CDCDA7A781F9A8A7F9F9F9FF01ED000000,38.711,8D8500005BA881CDCDA7A781F9A8A7F9F9F9FF01ED000000,38.711,1,38.711,237,38.747,0,38.747,0000,38.797,8192,38.797,2000,38.797,2000,38.797,2000,38.797,2000,38.797,2000,38.797,2000,38.797,2000,38.797,2000,38.797,2000,38.797,2000,38.797,2000,38.797,2000,38.797,2000
38.881,38.842,14.200000000000001,38.842,8E8600005CA881CDCDA7A781F9A8A7F8F9F9FF01ED000000,38.842,8E8600005CA881CDCDA7A781F9A8A7F8F9F9FF01ED000000,38.842,8E8600005CA881CDCDA7A781F9A8A7F8F9F9FF01ED000000,38.842,8E8600005CA881CDCDA7A781F9A8A7F8F9F9FF01ED000000,38.842,8E8600005CA881CDCDA7A781F9A8A7F8F9F9FF01ED000000,38.842,8E8600005CA881CDCDA7A781F9A8A7F8F9F9FF01ED000000,38.842,8E8600005CA881CDCDA7A781F9A8A7F8F9F9FF01ED000000,38.842,8E8600005CA881CDCDA7A781F9A8A7F8F9F9FF01ED000000,38.842,8E8600005CA881CDCDA7A781F9A8A7F8F9F9FF01ED000000,38.842,8E8600005CA881CDCDA7A781F9A8A7F8F9F9FF01ED000000,38.842,8E8600005CA881CDCDA7A781F9A8A7F8F9F9FF01ED000000,38.842,8E8600005CA881CDCDA7A781F9A8A7F8F9F9FF01ED000000,38.842,8E8600005CA881CDCDA7A781F9A8A7F8F9F9FF01ED000000,38.842,8E8600005CA881CDCDA7A781F9A8A7F8F9F9FF01ED000000,38.842,1,38.842,237,38.881,0,38.881,0000,38.797,8192,38.797,2000,38.797,2000,38.797,2000,38.797,2000,38.797,2000,38.797,2000,38.797,2000,38.797,2000,38.797,2000,38.797,2000,38.797,2000,38.797,2000,38.797,2000
38.982,39.011,14.100000000000001,39.011,8D8500005BA881CDCDA7A781F9A8A7F8F9F9FF01EC000000,39.011,8D8500005BA881CDCDA7A781F9A8A7F8F9F9FF01EC000000,39.011,8D8500005BA881CDCDA7A781F9A8A7F8F9F9FF01EC000000,39.011,8D8500005BA881CDCDA7A781F9A8A7F8F9F9FF01EC000000,39.011,8D8500005BA881CDCDA7A781F9A8A7F8F9F9FF01EC000000,39.011,8D8500005BA881CDCDA7A781F9A8A7F8F9F9FF01EC000000,39.011,8D8500005BA881CDCDA7A781F9A8A7F8F9F9FF01EC000000,39.011,8D8500005BA881CDCDA7A781F9A8A7F8F9F9FF01EC000000,39.011,8D8500005BA881CDCDA7A781F9A8A7F8F9F9FF01EC000000,39.011,8D8500005BA881CDCDA7A781F9A8A7F8F9F9FF01EC000000,39.011,8D8500005BA881CDCDA7A781F9A8A7F8F9F9FF01EC000000,39.011,8D8500005BA881CDCDA7A781F9A8A7F8F9F9FF01EC000000,39.011,8D8500005BA881CDCDA7A781F9A8A7F8F9F9FF01EC000000,39.011,8D8500005BA881CDCDA7A781F9A8A7F8F9F9FF01EC000000,39.011,1,39.011,236,38.957,0,38.957,0000,38.957,8192,38.957,2000,38.957,2000,38.957,2000,38.957,2000,38.957,2000,38.957,2000,38.957,2000,38.957,2000,38.957,2000,38.957,2000,38.957,2000,38.957,2000,38.957,2000
39.083,39.011,14.100000000000001,39.011,8D8500005BA881CDCDA7A781F9A8A7F8F9F9FF01EC000000,39.011,8D8500005BA881CDCDA7A781F9A8A7F8F9F9FF01EC000000,39.011,8D8500005BA881CDCDA7A781F9A8A7F8F9F9FF01EC000000,39.011,8D8500005BA881CDCDA7A781F9A8A7F8F9F9FF01EC000000,39.011,8D8500005BA881CDCDA7A781F9A8A7F8F9F9FF01EC000000,39.011,8D8500005BA881CDCDA7A781F9A8A7F8F9F9FF01EC000000,39.011,8D8500005BA881CDCDA7A781F9A8A7F8F9F9FF01EC000000,39.011,8D8500005BA881CDCDA7A781F9A8A7F8F9F9FF01EC000000,39.011,8D8500005BA881CDCDA7A781F9A8A7F8F9F9FF01EC000000,39.011,8D8500005BA881CDCDA7A781F9A8A7F8F9F9FF01EC000000,39.011,8D8500005BA881CDCDA7A781F9A8A7F8F9F9FF01EC000000,39.011,8D8500005BA881CDCDA7A781F9A8A7F8F9F9FF01EC000000,39.011,8D8500005BA881CDCDA7A781F9A8A7F8F9F9FF01EC000000,39.011,8D8500005BA881CDCDA7A781F9A8A7F8F9F9FF01EC000000,39.011,1,39.011,236,39.028,0,39.028,0000,39.028,8192,39.028,2000,39.028,2000,39.028,2000,39.028,2000,39.028,2000,39.028,2000,39.028,2000,39.028,2000,39.028,2000,39.028,2000,39.028,2000,39.028,2000,39.028,2000
39.182,39.212,14.100000000000001,39.212,8D8500005BA881CDCDA7A781F9A8A7F9F9F9FF01ED000000,39.212,8D8500005BA881CDCDA7A781F9A8A7F9F9F9FF01ED000000,39.212,8D8500005BA881CDCDA7A781F9A8A7F9F9F9FF01ED000000,39.212,8D8500005BA881CDCDA7A781F9A8A7F9F9F9FF01ED000000,39.212,8D8500005BA881CDCDA7A781F9A8A7F9F9F9FF01ED000000,39.212,8D8500005BA881CDCDA7A781F9A8A7F9F9F9FF01ED000000,39.212,8D8500005BA881CDCDA7A781F9A8A7F9F9F9FF01ED000000,39.212,8D8500005BA881CDCDA7A781F9A8A7F9F9F9FF01ED000000,39.212,8D8500005BA881CDCDA7A781F9A8A7F9F9F9FF01ED000000,39.212,8D8500005BA881CDCDA7A781F9A8A7F9F9F9FF01ED000000,39.212,8D8500005BA881CDCDA7A781F9A8A7F9F9F9FF01ED000000,39.212,8D8500005BA881CDCDA7A781F9A8A7F9F9F9FF01ED000000,39.212,8D8500005BA881CDCDA7A781F9A8A7F9F9F9FF01ED000000,39.212,8D8500005BA881CDCDA7A781F9A8A7F9F9F9FF01ED000000,39.212,1,39.212,237,39.137,0,39.137,0000,39.137,8192,39.137,2000,39.137,2000,39.137,2000,39.137,2000,39.137,2000,39.137,2000,39.137,2000,39.137,2000,39.137,2000,39.137,2000,39.137,2000,39.137,2000,39.137,2000
39.284,39.212,14.100000000000001,39.212,8D8500005BA881CDCDA7A781F9A8A7F9F9F9FF01ED000000,39.212,8D8500005BA881CDCDA7A781F9A8A7F9F9F9FF01ED000000,39.212,8D8500005BA881CDCDA7A781F9A8A7F9F9F9FF01ED000000,39.212,8D8500005BA881CDCDA7A781F9A8A7F9F9F9FF01ED000000,39.212,8D8500005BA881CDCDA7A781F9A8A7F9F9F9FF01ED000000,39.212,8D8500005BA881CDCDA7A781F9A8A7F9F9F9FF01ED000000,39.212,8D8500005BA881CDCDA7A781F9A8A7F9F9F9FF01ED000000,39.212,8D8500005BA881CDCDA7A781F9A8A7F9F9F9FF01ED000000,39.212,8D8500005BA881CDCDA7A781F9A8A7F9F9F9FF01ED000000,39.212,8D8500005BA881CDCDA7A781F9A8A7F9F9F9FF01ED000000,39.212,8D8500005BA881CDCDA7A781F9A8A7F9F9F9FF01ED000000,39.212,8D8500005BA881CDCDA7A781F9A8A7F9F9F9FF01ED000000,39.212,8D8500005BA881CDCDA7A781F9A8A7F9F9F9FF01ED000000,39.212,8D8500005BA881CDCDA7A781F9A8A7F9F9F9FF01ED000000,39.212,1,39.212,237,39.237,0,39.237,0000,39.237,8192,39.237,2000,39.237,2000,39.237,2000,39.237,2000,39.237,2000,39.237,2000,39.237,2000,39.237,2000,39.237,2000,39.237,2000,39.237,2000,39.237,2000,39.237,2000
39.381,39.362,14.100000000000001,39.362,8D8500005CA8818080A7A781F9A8A7F8F8F8FF01ED000000,39.362,8D8500005CA8818080A7A781F9A8A7F8F8F8FF01ED000000,39.362,8D8500005CA8818080A7A781F9A8A7F8F8F8FF01ED000000,39.362,8D8500005CA8818080A7A781F9A8A7F8F8F8FF01ED000000,39.362,8D8500005CA8818080A7A781F9A8A7F8F8F8FF01ED000000,39.362,8D8500005CA8818080A7A781F9A8A7F8F8F8FF01ED000000,39.362,8D8500005CA8818080A7A781F9A8A7F8F8F8FF01ED000000,39.362,8D8500005CA8818080A7A781F9A8A7F8F8F8FF01ED000000,39.362,8D8500005CA8818080A7A781F9A8A7F8F8F8FF01ED000000,39.362,8D8500005CA8818080A7A781F9A8A7F8F8F8FF01ED000000,39.362,8D8500005CA8818080A7A781F9A8A7F8F8F8FF01ED000000,39.362,8D8500005CA8818080A7A781F9A8A7F8F8F8FF01ED000000,39.362,8D8500005CA8818080A7A781F9A8A7F8F8F8FF01ED000000,39.362,8D8500005CA8818080A7A781F9A8A7F8F8F8FF01ED000000,39.362,1,39.362,237,39.388,0,39.388,0000,39.388,8192,39.388,2000,39.388,2000,39.388,2000,39.388,2000,39.388,2000,39.388,2000,39.388,2000,39.388,2000,39.388,2000,39.388,2000,39.388,2000,39.388,2000,39.388,2000
39.482,39.517,14.100000000000001,39.517,8D8500005BA8808080A6A781F9A8A6F8F8F8FF01ED000000,39.517,8D8500005BA8808080A6A781F9A8A6F8F8F8FF01ED000000,39.517,8D8500005BA8808080A6A781F9A8A6F8F8F8FF01ED000000,39.517,8D8500005BA8808080A6A781F9A8A6F8F8F8FF01ED000000,39.517,8D8500005BA8808080A6A781F9A8A6F8F8F8FF01ED000000,39.517,8D8500005BA8808080A6A781F9A8A6F8F8F8FF01ED000000,39.517,8D8500005BA8808080A6A781F9A8A6F8F8F8FF01ED000000,39.517,8D8500005BA8808080A6A781F9A8A6F8F8F8FF01ED000000,39.517,8D8500005BA8808080A6A781F9A8A6F8F8F8FF01ED000000,39.517,8D8500005BA8808080A6A781F9A8A6F8F8F8FF01ED000000,39.517,8D8500005BA8808080A6A781F9A8A6F8F8F8FF01ED000000,39.517,8D8500005BA8808080A6A781F9A8A6F8F8F8FF01ED000000,39.517,8D8500005BA8808080A6A781F9A8A6F8F8F8FF01ED000000,39.517,8D8500005BA8808080A6A781F9A8A6F8F8F8FF01ED000000,39.517,1,39.517,237,39.447,0,39.447,0000,39.388,8192,39.388,2000,39.388,2000,39.388,2000,39.388,2000,39.388,2000,39.388,2000,39.388,2000,39.388,2000,39.388,2000,39.388,2000,39.388,2000,39.388,2000,39.388,2000
39.581,39.612,14.100000000000001,39.612,8D8500005CA8818080A7A781F9A8A7F8F9F9FF01ED000000,39.612,8D8500005CA8818080A7A781F9A8A7F8F9F9FF01ED000000,39.612,8D8500005CA8818080A7A781F9A8A7F8F9F9FF01ED000000,39.612,8D8500005CA8818080A7A781F9A8A7F8F9F9FF01ED000000,39.612,8D8500005CA8818080A7A781F9A8A7F8F9F9FF01ED000000,39.612,8D8500005CA8818080A7A781F9A8A7F8F9F9FF01ED000000,39.612,8D8500005CA8818080A7A781F9A8A7F8F9F9FF01ED000000,39.612,8D8500005CA8818080A7A781F9A8A7F8F9F9FF01ED000000,39.612,8D8500005CA8818080A7A781F9A8A7F8F9F9FF01ED000000,39.612,8D8500005CA8818080A7A781F9A8A7F8F9F9FF01ED000000,39.612,8D8500005CA8818080A7A781F9A8A7F8F9F9FF01ED000000,39.612,8D8500005CA8818080A7A781F9A8A7F8F9F9FF01ED000000,39.612,8D8500005CA8818080A7A781F9A8A7F8F9F9FF01ED000000,39.612,8D8500005CA8818080A7A781F9A8A7F8F9F9FF01ED000000,39.612,1,39.612,237,39.527,0,39.527,0000,39.527,8192,39.527,2000,39.527,2000,39.527,2000,39.527,2000,39.527,2000,39.527,2000,39.527,2000,39.527,2000,39.527,2000,39.527,2000,39.527,2000,39.527,2000,39.527,2000
39.683,39.612,14.100000000000001,39.612,8D8500005CA8818080A7A781F9A8A7F8F9F9FF01ED000000,39.612,8D8500005CA8818080A7A781F9A8A7F8F9F9FF01ED000000,39.612,8D8500005CA8818080A7A781F9A8A7F8F9F9FF01ED000000,39.612,8D8500005CA8818080A7A781F9A8A7F8F9F9FF01ED000000,39.612,8D8500005CA8818080A7A781F9A8A7F8F9F9FF01ED000000,39.612,8D8500005CA8818080A7A781F9A8A7F8F9F9FF01ED000000,39.612,8D8500005CA8818080A7A781F9A8A7F8F9F9FF01ED000000,39.612,8D8500005CA8818080A7A781F9A8A7F8F9F9FF01ED000000,39.612,8D8500005CA8818080A7A781F9A8A7F8F9F9FF01ED000000,39.612,8D8500005CA8818080A7A781F9A8A7F8F9F9FF01ED000000,39.612,8D8500005CA8818080A7A781F9A8A7F8F9F9FF01ED000000,39.612,8D8500005CA8818080A7A781F9A8A7F8F9F9FF01ED000000,39.612,8D8500005CA8818080A7A781F9A8A7F8F9F9FF01ED000000,39.612,8D8500005CA8818080A7A781F9A8A7F8F9F9FF01ED000000,39.612,1,39.612,237,39.627,0,39.627,0000,39.627,8192,39.627,2000,39.627,2000,39.627,2000,39.627,2000,39.627,2000,39.627,2000,39.627,2000,39.627,2000,39.627,2000,39.627,2000,39.627,2000,39.627,2000,39.627,2000
39.780,39.712,14.100000000000001,39.712,8D8500005CA8818181A7A781F9A8A7F8F9F9FF01ED000000,39.712,8D8500005CA8818181A7A781F9A8A7F8F9F9FF01ED000000,39.712,8D8500005CA8818181A7A781F9A8A7F8F9F9FF01ED000000,39.712,8D8500005CA8818181A7A781F9A8A7F8F9F9FF01ED000000,39.712,8D8500005CA8818181A7A781F9A8A7F8F9F9FF01ED000000,39.712,8D8500005CA8818181A7A781F9A8A7F8F9F9FF01ED000000,39.712,8D8500005CA8818181A7A781F9A8A7F8F9F9FF01ED000000,39.712,8D8500005CA8818181A7A781F9A8A7F8F9F9FF01ED000000,39.712,8D8500005CA8818181A7A781F9A8A7F8F9F9FF01ED000000,39.712,8D8500005CA8818181A7A781F9A8A7F8F9F9FF01ED000000,39.712,8D8500005CA8818181A7A781F9A8A7F8F9F9FF01ED000000,39.712,8D8500005CA8818181A7A781F9A8A7F8F9F9FF01ED000000,39.712,8D8500005CA8818181A7A781F9A8A7F8F9F9FF01ED000000,39.712,8D8500005CA8818181A7A781F9A8A7F8F9F9FF01ED000000,39.712,1,39.712,237,39.748,0,39.748,0000,39.798,8192,39.798,2000,39.798,2000,39.798,2000,39.798,2000,39.798,2000,39.798,2000,39.798,2000,39.798,2000,39.798,2000,39.798,2000,39.798,2000,39.798,2000,39.798,2000
39.882,39.842,14.100000000000001,39.842,8D8500005CA8808080A7A781F9A8A7F8F9F9FF01ED000000,39.842,8D8500005CA8808080A7A781F9A8A7F8F9F9FF01ED000000,39.842,8D8500005CA8808080A7A781F9A8A7F8F9F9FF01ED000000,39.842,8D8500005CA8808080A7A781F9A8A7F8F9F9FF01ED000000,39.842,8D8500005CA8808080A7A781F9A8A7F8F9F9FF01ED000000,39.842,8D8500005CA8808080A7A781F9A8A7F8F9F9FF01ED000000,39.842,8D8500005CA8808080A7A781F9A8A7F8F9F9FF01ED000000,39.842,8D8500005CA8808080A7A781F9A8A7F8F9F9FF01ED000000,39.842,8D8500005CA8808080A7A781F9A8A7F8F9F9FF01ED000000,39.842,8D8500005CA8808080A7A781F9A8A7F8F9F9FF01ED000000,39.842,8D8500005CA8808080A7A781F9A8A7F8F9F9FF01ED000000,39.842,8D8500005CA8808080A7A781F9A8A7F8F9F9FF01ED000000,39.842,8D8500005CA8808080A7A781F9A8A7F8F9F9FF01ED000000,39.842,8D8500005CA8808080A7A781F9A8A7F8F9F9FF01ED000000,39.842,1,39.842,237,39.857,0,39.857,0000,39.798,8192,39.798,2000,39.798,2000,39.798,2000,39.798,2000,39.798,2000,39.798,2000,39.798,2000,39.798,2000,39.798,2000,39.798,2000,39.798,2000,39.798,2000,39.798,2000
39.984,39.922,14.200000000000001,39.922,8E8600005BA880CDCDA6A781F9A8A6F8F9F9FF01ED000000,39.922,8E8600005BA880CDCDA6A781F9A8A6F8F9F9FF01ED000000,39.922,8E8600005BA880CDCDA6A781F9A8A6F8F9F9FF01ED000000,39.922,8E8600005BA880CDCDA6A781F9A8A6F8F9F9FF01ED000000,39.922,8E8600005BA880CDCDA6A781F9A8A6F8F9F9FF01ED000000,39.922,8E8600005BA880CDCDA6A781F9A8A6F8F9F9FF01ED000000,39.922,8E8600005BA880CDCDA6A781F9A8A6F8F9F9FF01ED000000,39.922,8E8600005BA880CDCDA6A781F9A8A6F8F9F9FF01ED000000,39.922,8E8600005BA880CDCDA6A781F9A8A6F8F9F9FF01ED000000,39.922,8E8600005BA880CDCDA6A781F9A8A6F8F9F9FF01ED000000,39.922,8E8600005BA880CDCDA6A781F9A8A6F8F9F9FF01ED000000,39.922,8E8600005BA880CDCDA6A781F9A8A6F8F9F9FF01ED000000,39.922,8E8600005BA880CDCDA6A781F9A8A6F8F9F9FF01ED000000,39.922,8E8600005BA880CDCDA6A781F9A8A6F8F9F9FF01ED000000,39.922,1,39.922,237,39.958,0,39.958,0000,39.958,8192,39.958,2000,39.958,2000,39.958,2000,39.958,2000,39.958,2000,39.958,2000,39.958,2000,39.958,2000,39.958,2000,39.958,2000,39.958,2000,39.958,2000,39.958,2000
40.082,40.112,14.200000000000001,40.112,8E8600005CA880CDCDA7A781F9A8A7F7F8F8FF01ED000000,40.112,8E8600005CA880CDCDA7A781F9A8A7F7F8F8FF01ED000000,40.112,8E8600005CA880CDCDA7A781F9A8A7F7F8F8FF01ED000000,40.112,8E8600005CA880CDCDA7A781F9A8A7F7F8F8FF01ED000000,40.112,8E8600005CA880CDCDA7A781F9A8A7F7F8F8FF01ED000000,40.112,8E8600005CA880CDCDA7A781F9A8A7F7F8F8FF01ED000000,40.112,8E8600005CA880CDCDA7A781F9A8A7F7F8F8FF01ED000000,40.112,8E8600005CA880CDCDA7A781F9A8A7F7F8F8FF01ED000000,40.112,8E8600005CA880CDCDA7A781F9A8A7F7F8F8FF01ED000000,40.112,8E8600005CA880CDCDA7A781F9A8A7F7F8F8FF01ED000000,40.112,8E8600005CA880CDCDA7A781F9A8A7F7F8F8FF01ED000000,40.112,8E8600005CA880CDCDA7A781F9A8A7F7F8F8FF01ED000000,40.112,8E8600005CA880CDCDA7A781F9A8A7F7F8F8FF01ED000000,40.112,8E8600005CA880CDCDA7A781F9A8A7F7F8F8FF01ED000000,40.112,1,40.112,237,40.027,0,40.027,0000,40.027,8192,40.027,2000,40.027,2000,40.027,2000,40.027,2000,40.027,2000,40.027,2000,40.027,2000,40.027,2000,40.027,2000,40.027,2000,40.027,2000,40.027,2000,40.027,2000
40.183,40.112,14.200000000000001,40.112,8E8600005CA880CDCDA7A781F9A8A7F7F8F8FF01ED000000,40.112,8E8600005CA880CDCDA7A781F9A8A7F7F8F8FF01ED000000,40.112,8E8600005CA880CDCDA7A781F9A8A7F7F8F8FF01ED000000,40.112,8E8600005CA880CDCDA7A781F9A8A7F7F8F8FF01ED000000,40.112,8E8600005CA880CDCDA7A781F9A8A7F7F8F8FF01ED000000,40.112,8E8600005CA880CDCDA7A781F9A8A7F7F8F8FF01ED000000,40.112,8E8600005CA880CDCDA7A781F9A8A7F7F8F8FF01ED000000,40.112,8E8600005CA880CDCDA7A781F9A8A7F7F8F8FF01ED000000,40.112,8E8600005CA880CDCDA7A781F9A8A7F7F8F8FF01ED000000,40.112,8E8600005CA880CDCDA7A781F9A8A7F7F8F8FF01ED000000,40.112,8E8600005CA880CDCDA7A781F9A8A7F7F8F8FF01ED000000,40.112,8E8600005CA880CDCDA7A781F9A8A7F7F8F8FF01ED000000,40.112,8E8600005CA880CDCDA7A781F9A8A7F7F8F8FF01ED000000,40.112,8E8600005CA880CDCDA7A781F9A8A7F7F8F8FF01ED000000,40.112,1,40.112,237,40.127,0,40.127,0000,40.127,8192,40.127,2000,40.127,2000,40.127,2000,40.127,2000,40.127,2000,40.127,2000,40.127,2000,40.127,2000,40.127,2000,40.127,2000,40.127,2000,40.127,2000,40.127,2000
40.282,40.212,14.100000000000001,40.212,8D8500005CA981CDCDA7A781F9A8A7F9F9F9FF01ED000000,40.212,8D8500005CA981CDCDA7A781F9A8A7F9F9F9FF01ED000000,40.212,8D8500005CA981CDCDA7A781F9A8A7F9F9F9FF01ED000000,40.212,8D8500005CA981CDCDA7A781F9A8A7F9F9F9FF01ED000000,40.212,8D8500005CA981CDCDA7A781F9A8A7F9F9F9FF01ED000000,40.212,8D8500005CA981CDCDA7A781F9A8A7F9F9F9FF01ED000000,40.212,8D8500005CA981CDCDA7A781F9A8A7F9F9F9FF01ED000000,40.212,8D8500005CA981CDCDA7A781F9A8A7F9F9F9FF01ED000000,40.212,8D8500005CA981CDCDA7A781F9A8A7F9F9F9FF01ED000000,40.212,8D8500005CA981CDCDA7A781F9A8A7F9F9F9FF01ED000000,40.212,8D8500005CA981CDCDA7A781F9A8A7F9F9F9FF01ED000000,40.212,8D8500005CA981CDCDA7A781F9A8A7F9F9F9FF01ED000000,40.212,8D8500005CA981CDCDA7A781F9A8A7F9F9F9FF01ED000000,40.212,8D8500005CA981CDCDA7A781F9A8A7F9F9F9FF01ED000000,40.212,1,40.212,237,40.247,0,40.247,0000,40.297,8192,40.297,2000,40.297,2000,40.297,2000,40.297,2000,40.297,2000,40.297,2000,40.297,2000,40.297,2000,40.297,2000,40.297,2000,40.297,2000,40.297,2000,40.297,2000
40.382,40.342,14.100000000000001,40.342,8D8500005BA881CDCDA6A781F9A8A6F8F8F8FF01ED000000,40.342,8D8500005BA881CDCDA6A781F9A8A6F8F8F8FF01ED000000,40.342,8D8500005BA881CDCDA6A781F9A8A6F8F8F8FF01ED000000,40.342,8D8500005BA881CDCDA6A781F9A8A6F8F8F8FF01ED000000,40.342,8D8500005BA881CDCDA6A781F9A8A6F8F8F8FF01ED000000,40.342,8D8500005BA881CDCDA6A781F9A8A6F8F8F8FF01ED000000,40.342,8D8500005BA881CDCDA6A781F9A8A6F8F8F8FF01ED000000,40.342,8D8500005BA881CDCDA6A781F9A8A6F8F8F8FF01ED000000,40.342,8D8500005BA881CDCDA6A781F9A8A6F8F8F8FF01ED000000,40.342,8D8500005BA881CDCDA6A781F9A8A6F8F8F8FF01ED000000,40.342,8D8500005BA881CDCDA6A781F9A8A6F8F8F8FF01ED000000,40.342,8D8500005BA881CDCDA6A781F9A8A6F8F8F8FF01ED000000,40.342,8D8500005BA881CDCDA6A781F9A8A6F8F8F8FF01ED000000,40.342,8D8500005BA881CDCDA6A781F9A8A6F8F8F8FF01ED000000,40.342,1,40.342,237,40.381,0,40.381,0000,40.297,8192,40.297,2000,40.297,2000,40.297,2000,40.297,2000,40.297,2000,40.297,2000,40.297,2000,40.297,2000,40.297,2000,40.297,2000,40.297,2000,40.297,2000,40.297,2000
40.482,40.512,14.100000000000001,40.512,8D8500005CA881CDCDA7A781F9A7A7F8F9F9FF01EC000000,40.512,8D8500005CA881CDCDA7A781F9A7A7F8F9F9FF01EC000000,40.512,8D8500005CA881CDCDA7A781F9A7A7F8F9F9FF01EC000000,40.512,8D8500005CA881CDCDA7A781F9A7A7F8F9F9FF01EC000000,40.512,8D8500005CA881CDCDA7A781F9A7A7F8F9F9FF01EC000000,40.512,8D8500005CA881CDCDA7A781F9A7A7F8F9F9FF01EC000000,40.512,8D8500005CA881CDCDA7A781F9A7A7F8F9F9FF01EC000000,40.512,8D8500005CA881CDCDA7A781F9A7A7F8F9F9FF01EC000000,40.512,8D8500005CA881CDCDA7A781F9A7A7F8F9F9FF01EC000000,40.512,8D8500005CA881CDCDA7A781F9A7A7F8F9F9FF01EC000000,40.512,8D8500005CA881CDCDA7A781F9A7A7F8F9F9FF01EC000000,40.512,8D8500005CA881CDCDA7A781F9A7A7F8F9F9FF01EC000000,40.512,8D8500005CA881CDCDA7A781F9A7A7F8F9F9FF01EC000000,40.512,8D8500005CA881CDCDA7A781F9A7A7F8F9F9FF01EC000000,40.512,1,40.512,236,40.447,0,40.447,0000,40.447,8192,40.447,2000,40.447,2000,40.447,2000,40.447,2000,40.447,2000,40.447,2000,40.447,2000,40.447,2000,40.447,2000,40.447,2000,40.447,2000,40.447,2000,40.447,2000
40.583,40.512,14.100000000000001,40.512,8D8500005CA881CDCDA7A781F9A7A7F8F9F9FF01EC000000,40.512,8D8500005CA881CDCDA7A781F9A7A7F8F9F9FF01EC000000,40.512,8D8500005CA881CDCDA7A781F9A7A7F8F9F9FF01EC000000,40.512,8D8500005CA881CDCDA7A781F9A7A7F8F9F9FF01EC000000,40.512,8D8500005CA881CDCDA7A781F9A7A7F8F9F9FF01EC000000,40.512,8D8500005CA881CDCDA7A781F9A7A7F8F9F9FF01EC000000,40.512,8D8500005CA881CDCDA7A781F9A7A7F8F9F9FF01EC000000,40.512,8D8500005CA881CDCDA7A781F9A7A7F8F9F9FF01EC000000,40.512,8D8500005CA881CDCDA7A781F9A7A7F8F9F9FF01EC000000,40.512,8D8500005CA881CDCDA7A781F9A7A7F8F9F9FF01EC000000,40.512,8D8500005CA881CDCDA7A781F9A7A7F8F9F9FF01EC000000,40.512,8D8500005CA881CDCDA7A781F9A7A7F8F9F9FF01EC000000,40.512,8D8500005CA881CDCDA7A781F9A7A7F8F9F9FF01EC000000,40.512,8D8500005CA881CDCDA7A781F9A7A7F8F9F9FF01EC000000,40.512,1,40.512,236,40.527,0,40.527,0000,40.527,8192,40.527,2000,40.527,2000,40.527,2000,40.527,2000,40.527,2000,40.527,2000,40.527,2000,40.527,2000,40.527,2000,40.527,2000,40.527,2000,40.527,2000,40.527,2000
40.682,40.712,14.200000000000001,40.712,8E8600005CA881CDCDA7A881F9A8A7F9F9F9FF01ED000000,40.712,8E8600005CA881CDCDA7A881F9A8A7F9F9F9FF01ED000000,40.712,8E8600005CA881CDCDA7A881F9A8A7F9F9F9FF01ED000000,40.712,8E8600005CA881CDCDA7A881F9A8A7F9F9F9FF01ED000000,40.712,8E8600005CA881CDCDA7A881F9A8A7F9F9F9FF01ED000000,40.712,8E8600005CA881CDCDA7A881F9A8A7F9F9F9FF01ED000000,40.712,8E8600005CA881CDCDA7A881F9A8A7F9F9F9FF01ED000000,40.712,8E8600005CA881CDCDA7A881F9A8A7F9F9F9FF01ED000000,40.712,8E8600005CA881CDCDA7A881F9A8A7F9F9F9FF01ED000000,40.712,8E8600005CA881CDCDA7A881F9A8A7F9F9F9FF01ED000000,40.712,8E8600005CA881CDCDA7A881F9A8A7F9F9F9FF01ED000000,40.712,8E8600005CA881CDCDA7A881F9A8A7F9F9F9FF01ED000000,40.712,8E8600005CA881CDCDA7A881F9A8A7F9F9F9FF01ED000000,40.712,8E8600005CA881CDCDA7A881F9A8A7F9F9F9FF01ED000000,40.712,1,40.712,237,40.637,0,40.637,0000,40.637,8192,40.637,2000,40.637,2000,40.637,2000,40.637,2000,40.637,2000,40.637,2000,40.637,2000,40.637,2000,40.637,2000,40.637,2000,40.637,2000,40.637,2000,40.637,2000
40.782,40.712,14.200000000000001,40.712,8E8600005CA881CDCDA7A881F9A8A7F9F9F9FF01ED000000,40.712,8E8600005CA881CDCDA7A881F9A8A7F9F9F9FF01ED000000,40.712,8E8600005CA881CDCDA7A881F9A8A7F9F9F9FF01ED000000,40.712,8E8600005CA881CDCDA7A881F9A8A7F9F9F9FF01ED000000,40.712,8E8600005CA881CDCDA7A881F9A8A7F9F9F9FF01ED000000,40.712,8E8600005CA881CDCDA7A881F9A8A7F9F9F9FF01ED000000,40.712,8E8600005CA881CDCDA7A881F9A8A7F9F9F9FF01ED000000,40.712,8E8600005CA881CDCDA7A881F9A8A7F9F9F9FF01ED000000,40.712,8E8600005CA881CDCDA7A881F9A8A7F9F9F9FF01ED000000,40.712,8E8600005CA881CDCDA7A881F9A8A7F9F9F9FF01ED000000,40.712,8E8600005CA881CDCDA7A881F9A8A7F9F9F9FF01ED000000,40.712,8E8600005CA881CDCDA7A881F9A8A7F9F9F9FF01ED000000,40.712,8E8600005CA881CDCDA7A881F9A8A7F9F9F9FF01ED000000,40.712,8E8600005CA881CDCDA7A881F9A8A7F9F9F9FF01ED000000,40.712,1,40.712,237,40.737,0,40.737,0000,40.737,8192,40.737,2000,40.737,2000,40.737,2000,40.737,2000,40.737,2000,40.737,2000,40.737,2000,40.737,2000,40.737,2000,40.737,2000,40.737,2000,40.737,2000,40.737,2000
40.882,40.862,14.200000000000001,40.862,8E8600005CA881CDCDA7A881F9A8A7F8F9F9FF01ED000000,40.862,8E8600005CA881CDCDA7A881F9A8A7F8F9F9FF01ED000000,40.862,8E8600005CA881CDCDA7A881F9A8A7F8F9F9FF01ED000000,40.862,8E8600005CA881CDCDA7A881F9A8A7F8F9F9FF01ED000000,40.862,8E8600005CA881CDCDA7A881F9A8A7F8F9F9FF01ED000000,40.862,8E8600005CA881CDCDA7A881F9A8A7F8F9F9FF01ED000000,40.862,8E8600005CA881CDCDA7A881F9A8A7F8F9F9FF01ED000000,40.862,8E8600005CA881CDCDA7A881F9A8A7F8F9F9FF01ED000000,40.862,8E8600005CA881CDCDA7A881F9A8A7F8F9F9FF01ED000000,40.862,8E8600005CA881CDCDA7A881F9A8A7F8F9F9FF01ED000000,40.862,8E8600005CA881CDCDA7A881F9A8A7F8F9F9FF01ED000000,40.862,8E8600005CA881CDCDA7A881F9A8A7F8F9F9FF01ED000000,40.862,8E8600005CA881CDCDA7A881F9A8A7F8F9F9FF01ED000000,40.862,8E8600005CA881CDCDA7A881F9A8A7F8F9F9FF01ED000000,40.862,1,40.862,237,40.888,0,40.888,0000,40.888,8192,40.888,2000,40.888,2000,40.888,2000,40.888,2000,40.888,2000,40.888,2000,40.888,2000,40.888,2000,40.888,2000,40.888,2000,40.888,2000,40.888,2000,40.888,2000
40.981,41.016,14.200000000000001,41.016,8E8600005BA881CDCDA7A781F9A8A7F8F9F9FF01ED000000,41.016,8E8600005BA881CDCDA7A781F9A8A7F8F9F9FF01ED000000,41.016,8E8600005BA881CDCDA7A781F9A8A7F8F9F9FF01ED000000,41.016,8E8600005BA881CDCDA7A781F9A8A7F8F9F9FF01ED000000,41.016,8E8600005BA881CDCDA7A781F9A8A7F8F9F9FF01ED000000,41.016,8E8600005BA881CDCDA7A781F9A8A7F8F9F9FF01ED000000,41.016,8E8600005BA881CDCDA7A781F9A8A7F8F9F9FF01ED000000,41.016,8E8600005BA881CDCDA7A781F9A8A7F8F9F9FF01ED000000,41.016,8E8600005BA881CDCDA7A781F9A8A7F8F9F9FF01ED000000,41.016,8E8600005BA881CDCDA7A781F9A8A7F8F9F9FF01ED000000,41.016,8E8600005BA881CDCDA7A781F9A8A7F8F9F9FF01ED000000,41.016,8E8600005BA881CDCDA7A781F9A8A7F8F9F9FF01ED000000,41.016,8E8600005BA881CDCDA7A781F9A8A7F8F9F9FF01ED000000,41.016,8E8600005BA881CDCDA7A781F9A8A7F8F9F9FF01ED000000,41.016,1,41.016,237,40.947,0,40.947,0000,40.888,8192,40.888,2000,40.888,2000,40.888,2000,40.888,2000,40.888,2000,40.888,2000,40.888,2000,40.888,2000,40.888,2000,40.888,2000,40.888,2000,40.888,2000,40.888,2000
41.083,41.112,14.200000000000001,41.112,8E8600005BA881CDCDA7A781F9A8A7F9F9F9FF01ED000000,41.112,8E8600005BA881CDCDA7A781F9A8A7F9F9F9FF01ED000000,41.112,8E8600005BA881CDCDA7A781F9A8A7F9F9F9FF01ED000000,41.112,8E8600005BA881CDCDA7A781F9A8A7F9F9F9FF01ED000000,41.112,8E8600005BA881CDCDA7A781F9A8A7F9F9F9FF01ED000000,41.112,8E8600005BA881CDCDA7A781F9A8A7F9F9F9FF01ED000000,41.112,8E8600005BA881CDCDA7A781F9A8A7F9F9F9FF01ED000000,41.112,8E8600005BA881CDCDA7A781F9A8A7F9F9F9FF01ED000000,41.112,8E8600005BA881CDCDA7A781F9A8A7F9F9F9FF01ED000000,41.112,8E8600005BA881CDCDA7A781F9A8A7F9F9F9FF01ED000000,41.112,8E8600005BA881CDCDA7A781F9A8A7F9F9F9FF01ED000000,41.112,8E8600005BA881CDCDA7A781F9A8A7F9F9F9FF01ED000000,41.112,8E8600005BA881CDCDA7A781F9A8A7F9F9F9FF01ED000000,41.112,8E8600005BA881CDCDA7A781F9A8A7F9F9F9FF01ED000000,41.112,1,41.112,237,41.027,0,41.027,0000,41.027,8192,41.027,2000,41.027,2000,41.027,2000,41.027,2000,41.027,2000,41.027,2000,41.027,2000,41.027,2000,41.027,2000,41.027,2000,41.027,2000,41.027,2000,41.027,2000
41.182,41.112,14.200000000000001,41.112,8E8600005BA881CDCDA7A781F9A8A7F9F9F9FF01ED000000,41.112,8E8600005BA881CDCDA7A781F9A8A7F9F9F9FF01ED000000,41.112,8E8600005BA881CDCDA7A781F9A8A7F9F9F9FF01ED000000,41.112,8E8600005BA881CDCDA7A781F9A8A7F9F9F9FF01ED000000,41.112,8E8600005BA881CDCDA7A781F9A8A7F9F9F9FF01ED000000,41.112,8E8600005BA881CDCDA7A781F9A8A7F9F9F9FF01ED000000,41.112,8E8600005BA881CDCDA7A781F9A8A7F9F9F9FF01ED000000,41.112,8E8600005BA881CDCDA7A781F9A8A7F9F9F9FF01ED000000,41.112,8E8600005BA881CDCDA7A781F9A8A7F9F9F9FF01ED000000,41.112,8E8600005BA881CDCDA7A781F9A8A7F9F9F9FF01ED000000,41.112,8E8600005BA881CDCDA7A781F9A8A7F9F9F9FF01ED000000,41.112,8E8600005BA881CDCDA7A781F9A8A7F9F9F9FF01ED000000,41.112,8E8600005BA881CDCDA7A781F9A8A7F9F9F9FF01ED000000,41.112,8E8600005BA881CDCDA7A781F9A8A7F9F9F9FF01ED000000,41.112,1,41.112,237,41.127,0,41.127,0000,41.127,8192,41.127,2000,41.127,2000,41.127,2000,41.127,2000,41.127,2000,41.127,2000,41.127,2000,41.127,2000,41.127,2000,41.127,2000,41.127,2000,41.127,2000,41.127,2000
41.280,41.212,14.100000000000001,41.212,8D8500005BA881CDCDA6A781F9A8A6F8F9F9FF01ED000000,41.212,8D8500005BA881CDCDA6A781F9A8A6F8F9F9FF01ED000000,41.212,8D8500005BA881CDCDA6A781F9A8A6F8F9F9FF01ED000000,41.212,8D8500005BA881CDCDA6A781F9A8A6F8F9F9FF01ED000000,41.212,8D8500005BA881CDCDA6A781F9A8A6F8F9F9FF01ED000000,41.212,8D8500005BA881CDCDA6A781F9A8A6F8F9F9FF01ED000000,41.212,8D8500005BA881CDCDA6A781F9A8A6F8F9F9FF01ED000000,41.212,8D8500005BA881CDCDA6A781F9A8A6F8F9F9FF01ED000000,41.212,8D8500005BA881CDCDA6A781F9A8A6F8F9F9FF01ED000000,41.212,8D8500005BA881CDCDA6A781F9A8A6F8F9F9FF01ED000000,41.212,8D8500005BA881CDCDA6A781F9A8A6F8F9F9FF01ED000000,41.212,8D8500005BA881CDCDA6A781F9A8A6F8F9F9FF01ED000000,41.212,8D8500005BA881CDCDA6A781F9A8A6F8F9F9FF01ED000000,41.212,8D8500005BA881CDCDA6A781F9A8A6F8F9F9FF01ED000000,41.212,1,41.212,237,41.248,0,41.248,0000,41.297,8192,41.297,2000,41.297,2000,41.297,2000,41.297,2000,41.297,2000,41.297,2000,41.297,2000,41.297,2000,41.297,2000,41.297,2000,41.297,2000,41.297,2000,41.297,2000
41.380,41.352,14.100000000000001,41.352,8D8500005BA881CDCDA7A781F9A8A7F8F9F9FF01ED000000,41.352,8D8500005BA881CDCDA7A781F9A8A7F8F9F9FF01ED000000,41.352,8D8500005BA881CDCDA7A781F9A8A7F8F9F9FF01ED000000,41.352,8D8500005BA881CDCDA7A781F9A8A7F8F9F9FF01ED000000,41.352,8D8500005BA881CDCDA7A781F9A8A7F8F9F9FF01ED000000,41.352,8D8500005BA881CDCDA7A781F9A8A7F8F9F9FF01ED000000,41.352,8D8500005BA881CDCDA7A781F9A8A7F8F9F9FF01ED000000,41.352,8D8500005BA881CDCDA7A781F9A8A7F8F9F9FF01ED000000,41.352,8D8500005BA881CDCDA7A781F9A8A7F8F9F9FF01ED000000,41.352,8D8500005BA881CDCDA7A781F9A8A7F8F9F9FF01ED000000,41.352,8D8500005BA881CDCDA7A781F9A8A7F8F9F9FF01ED000000,41.352,8D8500005BA881CDCDA7A781F9A8A7F8F9F9FF01ED000000,41.352,8D8500005BA881CDCDA7A781F9A8A7F8F9F9FF01ED000000,41.352,8D8500005BA881CDCDA7A781F9A8A7F8F9F9FF01ED000000,41.352,1,41.352,237,41.388,0,41.388,0000,41.388,8192,41.388,2000,41.388,2000,41.388,2000,41.388,2000,41.388,2000,41.388,2000,41.388,2000,41.388,2000,41.388,2000,41.388,2000,41.388,2000,41.388,2000,41.388,2000
41.482,41.443,14.100000000000001,41.443,8D8500005BA881CDCDA7A781F9A8A7F9F9F9FF01ED000000,41.443,8D8500005BA881CDCDA7A781F9A8A7F9F9F9FF01ED000000,41.443,8D8500005BA881CDCDA7A781F9A8A7F9F9F9FF01ED000000,41.443,8D8500005BA881CDCDA7A781F9A8A7F9F9F9FF01ED000000,41.443,8D8500005BA881CDCDA7A781F9A8A7F9F9F9FF01ED000000,41.443,8D8500005BA881CDCDA7A781F9A8A7F9F9F9FF01ED000000,41.443,8D8500005BA881CDCDA7A781F9A8A7F9F9F9FF01ED000000,41.443,8D8500005BA881CDCDA7A781F9A8A7F9F9F9FF01ED000000,41.443,8D8500005BA881CDCDA7A781F9A8A7F9F9F9FF01ED000000,41.443,8D8500005BA881CDCDA7A781F9A8A7F9F9F9FF01ED000000,41.443,8D8500005BA881CDCDA7A781F9A8A7F9F9F9FF01ED000000,41.443,8D8500005BA881CDCDA7A781F9A8A7F9F9F9FF01ED000000,41.443,8D8500005BA881CDCDA7A781F9A8A7F9F9F9FF01ED000000,41.443,8D8500005BA881CDCDA7A781F9A8A7F9F9F9FF01ED000000,41.443,1,41.443,237,41.457,0,41.457,0000,41.388,8192,41.388,2000,41.388,2000,41.388,2000,41.388,2000,41.388,2000,41.388,2000,41.388,2000,41.388,2000,41.388,2000,41.388,2000,41.388,2000,41.388,2000,41.388,2000
41.582,41.612,14.100000000000001,41.612,8D8500005BA881CDCDA7A881F9A8A7F9F9F9FF01ED000000,41.612,8D8500005BA881CDCDA7A881F9A8A7F9F9F9FF01ED000000,41.612,8D8500005BA881CDCDA7A881F9A8A7F9F9F9FF01ED000000,41.612,8D8500005BA881CDCDA7A881F9A8A7F9F9F9FF01ED000000,41.612,8D8500005BA881CDCDA7A881F9A8A7F9F9F9FF01ED000000,41.612,8D8500005BA881CDCDA7A881F9A8A7F9F9F9FF01ED000000,41.612,8D8500005BA881CDCDA7A881F9A8A7F9F9F9FF01ED000000,41.612,8D8500005BA881CDCDA7A881F9A8A7F9F9F9FF01ED000000,41.612,8D8500005BA881CDCDA7A881F9A8A7F9F9F9FF01ED000000,41.612,8D8500005BA881CDCDA7A881F9A8A7F9F9F9FF01ED000000,41.612,8D8500005BA881CDCDA7A881F9A8A7F9F9F9FF01ED000000,41.612,8D8500005BA881CDCDA7A881F9A8A7F9F9F9FF01ED000000,41.612,8D8500005BA881CDCDA7A881F9A8A7F9F9F9FF01ED000000,41.612,8D8500005BA881CDCDA7A881F9A8A7F9F9F9FF01ED000000,41.612,1,41.612,237,41.527,0,41.527,0000,41.527,8192,41.527,2000,41.527,2000,41.527,2000,41.527,2000,41.527,2000,41.527,2000,41.527,2000,41.527,2000,41.527,2000,41.527,2000,41.527,2000,41.527,2000,41.527,2000
41.683,41.612,14.100000000000001,41.612,8D8500005BA881CDCDA7A881F9A8A7F9F9F9FF01ED000000,41.612,8D8500005BA881CDCDA7A881F9A8A7F9F9F9FF01ED000000,41.612,8D8500005BA881CDCDA7A881F9A8A7F9F9F9FF01ED000000,41.612,8D8500005BA881CDCDA7A881F9A8A7F9F9F9FF01ED000000,41.612,8D8500005BA881CDCDA7A881F9A8A7F9F9F9FF01ED000000,41.612,8D8500005BA881CDCDA7A881F9A8A7F9F9F9FF01ED000000,41.612,8D8500005BA881CDCDA7A881F9A8A7F9F9F9FF01ED000000,41.612,8D8500005BA881CDCDA7A881F9A8A7F9F9F9FF01ED000000,41.612,8D8500005BA881CDCDA7A881F9A8A7F9F9F9FF01ED000000,41.612,8D8500005BA881CDCDA7A881F9A8A7F9F9F9FF01ED000000,41.612,8D8500005BA881CDCDA7A881F9A8A7F9F9F9FF01ED000000,41.612,8D8500005BA881CDCDA7A881F9A8A7F9F9F9FF01ED000000,41.612,8D8500005BA881CDCDA7A881F9A8A7F9F9F9FF01ED000000,41.612,8D8500005BA881CDCDA7A881F9A8A7F9F9F9FF01ED000000,41.612,1,41.612,237,41.627,0,41.627,0000,41.627,8192,41.627,2000,41.627,2000,41.627,2000,41.627,2000,41.627,2000,41.627,2000,41.627,2000,41.627,2000,41.627,2000,41.627,2000,41.627,2000,41.627,2000,41.627,2000
41.782,41.712,14.200000000000001,41.712,8E8600005BA881CDCDA7A781F9A8A7F8F9F9FF01ED000000,41.712,8E8600005BA881CDCDA7A781F9A8A7F8F9F9FF01ED000000,41.712,8E8600005BA881CDCDA7A781F9A8A7F8F9F9FF01ED000000,41.712,8E8600005BA881CDCDA7A781F9A8A7F8F9F9FF01ED000000,41.712,8E8600005BA881CDCDA7A781F9A8A7F8F9F9FF01ED000000,41.712,8E8600005BA881CDCDA7A781F9A8A7F8F9F9FF01ED000000,41.712,8E8600005BA881CDCDA7A781F9A8A7F8F9F9FF01ED000000,41.712,8E8600005BA881CDCDA7A781F9A8A7F8F9F9FF01ED000000,41.712,8E8600005BA881CDCDA7A781F9A8A7F8F9F9FF01ED000000,41.712,8E8600005BA881CDCDA7A781F9A8A7F8F9F9FF01ED000000,41.712,8E8600005BA881CDCDA7A781F9A8A7F8F9F9FF01ED000000,41.712,8E8600005BA881CDCDA7A781F9A8A7F8F9F9FF01ED000000,41.712,8E8600005BA881CDCDA7A781F9A8A7F8F9F9FF01ED000000,41.712,8E8600005BA881CDCDA7A781F9A8A7F8F9F9FF01ED000000,41.712,1,41.712,237,41.748,0,41.748,0000,41.797,8192,41.797,2000,41.797,2000,41.797,2000,41.797,2000,41.797,2000,41.797,2000,41.797,2000,41.797,2000,41.797,2000,41.797,2000,41.797,2000,41.797,2000,41.797,2000
41.883,41.842,14.200000000000001,41.842,8E8600005CA881CDCDA7A881F9A8A7F9F9F9FF01ED000000,41.842,8E8600005CA881CDCDA7A881F9A8A7F9F9F9FF01ED000000,41.842,8E8600005CA881CDCDA7A881F9A8A7F9F9F9FF01ED000000,41.842,8E8600005CA881CDCDA7A881F9A8A7F9F9F9FF01ED000000,41.842,8E8600005CA881CDCDA7A881F9A8A7F9F9F9FF01ED000000,41.842,8E8600005CA881CDCDA7A881F9A8A7F9F9F9FF01ED000000,41.842,8E8600005CA881CDCDA7A881F9A8A7F9F9F9FF01ED000000,41.842,8E8600005CA881CDCDA7A881F9A8A7F9F9F9FF01ED000000,41.842,8E8600005CA881CDCDA7A881F9A8A7F9F9F9FF01ED000000,41.842,8E8600005CA881CDCDA7A881F9A8A7F9F9F9FF01ED000000,41.842,8E8600005CA881CDCDA7A881F9A8A7F9F9F9FF01ED000000,41.842,8E8600005CA881CDCDA7A881F9A8A7F9F9F9FF01ED000000,41.842,8E8600005CA881CDCDA7A881F9A8A7F9F9F9FF01ED000000,41.842,8E8600005CA881CDCDA7A881F9A8A7F9F9F9FF01ED000000,41.842,1,41.842,237,41.878,0,41.878,0000,41.797,8192,41.797,2000,41.797,2000,41.797,2000,41.797,2000,41.797,2000,41.797,2000,41.797,2000,41.797,2000,41.797,2000,41.797,2000,41.797,2000,41.797,2000,41.797,2000
41.981,42.012,14.200000000000001,42.012,8E8600005BA880CDCDA7A781F9A8A7F8F9F9FF01ED000000,42.012,8E8600005BA880CDCDA7A781F9A8A7F8F9F9FF01ED000000,42.012,8E8600005BA880CDCDA7A781F9A8A7F8F9F9FF01ED000000,42.012,8E8600005BA880CDCDA7A781F9A8A7F8F9F9FF01ED000000,42.012,8E8600005BA880CDCDA7A781F9A8A7F8F9F9FF01ED000000,42.012,8E8600005BA880CDCDA7A781F9A8A7F8F9F9FF01ED000000,42.012,8E8600005BA880CDCDA7A781F9A8A7F8F9F9FF01ED000000,42.012,8E8600005BA880CDCDA7A781F9A8A7F8F9F9FF01ED000000,42.012,8E8600005BA880CDCDA7A781F9A8A7F8F9F9FF01ED000000,42.012,8E8600005BA880CDCDA7A781F9A8A7F8F9F9FF01ED000000,42.012,8E8600005BA880CDCDA7A781F9A8A7F8F9F9FF01ED000000,42.012,8E8600005BA880CDCDA7A781F9A8A7F8F9F9FF01ED000000,42.012,8E8600005BA880CDCDA7A781F9A8A7F8F9F9FF01ED000000,42.012,8E8600005BA880CDCDA7A781F9A8A7F8F9F9FF01ED000000,42.012,1,42.012,237,41.947,0,41.947,0000,41.947,8192,41.947,2000,41.947,2000,41.947,2000,41.947,2000,41.947,2000,41.947,2000,41.947,2000,41.947,2000,41.947,2000,41.947,2000,41.947,2000,41.947,2000,41.947,2000
42.101,42.122,14.100000000000001,42.122,8D8500005CA881CDCDA7A781F9A8A7F9F9F9FF01ED000000,42.122,8D8500005CA881CDCDA7A781F9A8A7F9F9F9FF01ED000000,42.122,8D8500005CA881CDCDA7A781F9A8A7F9F9F9FF01ED000000,42.122,8D8500005CA881CDCDA7A781F9A8A7F9F9F9FF01ED000000,42.122,8D8500005CA881CDCDA7A781F9A8A7F9F9F9FF01ED000000,42.122,8D8500005CA881CDCDA7A781F9A8A7F9F9F9FF01ED000000,42.122,8D8500005CA881CDCDA7A781F9A8A7F9F9F9FF01ED000000,42.122,8D8500005CA881CDCDA7A781F9A8A7F9F9F9FF01ED000000,42.122,8D8500005CA881CDCDA7A781F9A8A7F9F9F9FF01ED000000,42.122,8D8500005CA881CDCDA7A781F9A8A7F9F9F9FF01ED000000,42.122,8D8500005CA881CDCDA7A781F9A8A7F9F9F9FF01ED000000,42.122,8D8500005CA881CDCDA7A781F9A8A7F9F9F9FF01ED000000,42.122,8D8500005CA881CDCDA7A781F9A8A7F9F9F9FF01ED000000,42.122,8D8500005CA881CDCDA7A781F9A8A7F9F9F9FF01ED000000,42.122,1,42.122,237,42.028,0,42.028,0000,42.028,8192,42.028,2000,42.028,2000,42.028,2000,42.028,2000,42.028,2000,42.028,2000,42.028,2000,42.028,2000,42.028,2000,42.028,2000,42.028,2000,42.028,2000,42.028,2000
42.181,42.212,14.100000000000001,42.212,8D8500005BA881CDCDA7A781F9A8A7F8F9F9FF01ED000000,42.212,8D8500005BA881CDCDA7A781F9A8A7F8F9F9FF01ED000000,42.212,8D8500005BA881CDCDA7A781F9A8A7F8F9F9FF01ED000000,42.212,8D8500005BA881CDCDA7A781F9A8A7F8F9F9FF01ED000000,42.212,8D8500005BA881CDCDA7A781F9A8A7F8F9F9FF01ED000000,42.212,8D8500005BA881CDCDA7A781F9A8A7F8F9F9FF01ED000000,42.212,8D8500005BA881CDCDA7A781F9A8A7F8F9F9FF01ED000000,42.212,8D8500005BA881CDCDA7A781F9A8A7F8F9F9FF01ED000000,42.212,8D8500005BA881CDCDA7A781F9A8A7F8F9F9FF01ED000000,42.212,8D8500005BA881CDCDA7A781F9A8A7F8F9F9FF01ED000000,42.212,8D8500005BA881CDCDA7A781F9A8A7F8F9F9FF01ED000000,42.212,8D8500005BA881CDCDA7A781F9A8A7F8F9F9FF01ED000000,42.212,8D8500005BA881CDCDA7A781F9A8A7F8F9F9FF01ED000000,42.212,8D8500005BA881CDCDA7A781F9A8A7F8F9F9FF01ED000000,42.212,1,42.212,237,42.137,0,42.137,0000,42.137,8192,42.137,2000,42.137,2000,42.137,2000,42.137,2000,42.137,2000,42.137,2000,42.137,2000,42.137,2000,42.137,2000,42.137,2000,42.137,2000,42.137,2000,42.137,2000
42.282,42.212,14.100000000000001,42.212,8D8500005BA881CDCDA7A781F9A8A7F8F9F9FF01ED000000,42.212,8D8500005BA881CDCDA7A781F9A8A7F8F9F9FF01ED000000,42.212,8D8500005BA881CDCDA7A781F9A8A7F8F9F9FF01ED000000,42.212,8D8500005BA881CDCDA7A781F9A8A7F8F9F9FF01ED000000,42.212,8D8500005BA881CDCDA7A781F9A8A7F8F9F9FF01ED000000,42.212,8D8500005BA881CDCDA7A781F9A8A7F8F9F9FF01ED000000,42.212,8D8500005BA881CDCDA7A781F9A8A7F8F9F9FF01ED000000,42.212,8D8500005BA881CDCDA7A781F9A8A7F8F9F9FF01ED000000,42.212,8D8500005BA881CDCDA7A781F9A8A7F8F9F9FF01ED000000,42.212,8D8500005BA881CDCDA7A781F9A8A7F8F9F9FF01ED000000,42.212,8D8500005BA881CDCDA7A781F9A8A7F8F9F9FF01ED000000,42.212,8D8500005BA881CDCDA7A781F9A8A7F8F9F9FF01ED000000,42.212,8D8500005BA881CDCDA7A781F9A8A7F8F9F9FF01ED000000,42.212,8D8500005BA881CDCDA7A781F9A8A7F8F9F9FF01ED000000,42.212,1,42.212,237,42.248,0,42.248,0000,42.302,8192,42.302,2000,42.302,2000,42.302,2000,42.302,2000,42.302,2000,42.302,2000,42.302,2000,42.302,2000,42.302,2000,42.302,2000,42.302,2000,42.302,2000,42.302,2000
42.381,42.342,14.100000000000001,42.342,8D8500005BA881CDCDA7A881F9A8A7F8F9F9FF01ED000000,42.342,8D8500005BA881CDCDA7A881F9A8A7F8F9F9FF01ED000000,42.342,8D8500005BA881CDCDA7A881F9A8A7F8F9F9FF01ED000000,42.342,8D8500005BA881CDCDA7A881F9A8A7F8F9F9FF01ED000000,42.342,8D8500005BA881CDCDA7A881F9A8A7F8F9F9FF01ED000000,42.342,8D8500005BA881CDCDA7A881F9A8A7F8F9F9FF01ED000000,42.342,8D8500005BA881CDCDA7A881F9A8A7F8F9F9FF01ED000000,42.342,8D8500005BA881CDCDA7A881F9A8A7F8F9F9FF01ED000000,42.342,8D8500005BA881CDCDA7A881F9A8A7F8F9F9FF01ED000000,42.342,8D8500005BA881CDCDA7A881F9A8A7F8F9F9FF01ED000000,42.342,8D8500005BA881CDCDA7A881F9A8A7F8F9F9FF01ED000000,42.342,8D8500005BA881CDCDA7A881F9A8A7F8F9F9FF01ED000000,42.342,8D8500005BA881CDCDA7A881F9A8A7F8F9F9FF01ED000000,42.342,8D8500005BA881CDCDA7A881F9A8A7F8F9F9FF01ED000000,42.342,1,42.342,237,42.357,0,42.357,0000,42.302,8192,42.302,2000,42.302,2000,42.302,2000,42.302,2000,42.302,2000,42.302,2000,42.302,2000,42.302,2000,42.302,2000,42.302,2000,42.302,2000,42.302,2000,42.302,2000
42.482,42.412,14.200000000000001,42.412,8E8600005BA880CDCDA6A881F9A8A6F8F9F9FF01ED000000,42.412,8E8600005BA880CDCDA6A881F9A8A6F8F9F9FF01ED000000,42.412,8E8600005BA880CDCDA6A881F9A8A6F8F9F9FF01ED000000,42.412,8E8600005BA880CDCDA6A881F9A8A6F8F9F9FF01ED000000,42.412,8E8600005BA880CDCDA6A881F9A8A6F8F9F9FF01ED000000,42.412,8E8600005BA880CDCDA6A881F9A8A6F8F9F9FF01ED000000,42.412,8E8600005BA880CDCDA6A881F9A8A6F8F9F9FF01ED000000,42.412,8E8600005BA880CDCDA6A881F9A8A6F8F9F9FF01ED000000,42.412,8E8600005BA880CDCDA6A881F9A8A6F8F9F9FF01ED000000,42.412,8E8600005BA880CDCDA6A881F9A8A6F8F9F9FF01ED000000,42.412,8E8600005BA880CDCDA6A881F9A8A6F8F9F9FF01ED000000,42.412,8E8600005BA880CDCDA6A881F9A8A6F8F9F9FF01ED000000,42.412,8E8600005BA880CDCDA6A881F9A8A6F8F9F9FF01ED000000,42.412,8E8600005BA880CDCDA6A881F9A8A6F8F9F9FF01ED000000,42.412,1,42.412,237,42.437,0,42.437,0000,42.437,8192,42.437,2000,42.437,2000,42.437,2000,42.437,2000,42.437,2000,42.437,2000,42.437,2000,42.437,2000,42.437,2000,42.437,2000,42.437,2000,42.437,2000,42.437,2000
42.583,42.512,14.200000000000001,42.512,8E8600005BA880CCCCA6A781F9A8A6F8F8F8FF01ED000000,42.512,8E8600005BA880CCCCA6A781F9A8A6F8F8F8FF01ED000000,42.512,8E8600005BA880CCCCA6A781F9A8A6F8F8F8FF01ED000000,42.512,8E8600005BA880CCCCA6A781F9A8A6F8F8F8FF01ED000000,42.512,8E8600005BA880CCCCA6A781F9A8A6F8F8F8FF01ED000000,42.512,8E8600005BA880CCCCA6A781F9A8A6F8F8F8FF01ED000000,42.512,8E8600005BA880CCCCA6A781F9A8A6F8F8F8FF01ED000000,42.512,8E8600005BA880CCCCA6A781F9A8A6F8F8F8FF01ED000000,42.512,8E8600005BA880CCCCA6A781F9A8A6F8F8F8FF01ED000000,42.512,8E8600005BA880CCCCA6A781F9A8A6F8F8F8FF01ED000000,42.512,8E8600005BA880CCCCA6A781F9A8A6F8F8F8FF01ED000000,42.512,8E8600005BA880CCCCA6A781F9A8A6F8F8F8FF01ED000000,42.512,8E8600005BA880CCCCA6A781F9A8A6F8F8F8FF01ED000000,42.512,8E8600005BA880CCCCA6A781F9A8A6F8F8F8FF01ED000000,42.512,1,42.512,237,42.527,0,42.527,0000,42.527,8192,42.527,2000,42.527,2000,42.527,2000,42.527,2000,42.527,2000,42.527,2000,42.527,2000,42.527,2000,42.527,2000,42.527,2000,42.527,2000,42.527,2000,42.527,2000
42.684,42.612,14.200000000000001,42.612,8E8600005BA881CDCDA7A781F9A8A7F8F9F9FF01ED000000,42.612,8E8600005BA881CDCDA7A781F9A8A7F8F9F9FF01ED000000,42.612,8E8600005BA881CDCDA7A781F9A8A7F8F9F9FF01ED000000,42.612,8E8600005BA881CDCDA7A781F9A8A7F8F9F9FF01ED000000,42.612,8E8600005BA881CDCDA7A781F9A8A7F8F9F9FF01ED000000,42.612,8E8600005BA881CDCDA7A781F9A8A7F8F9F9FF01ED000000,42.612,8E8600005BA881CDCDA7A781F9A8A7F8F9F9FF01ED000000,42.612,8E8600005BA881CDCDA7A781F9A8A7F8F9F9FF01ED000000,42.612,8E8600005BA881CDCDA7A781F9A8A7F8F9F9FF01ED000000,42.612,8E8600005BA881CDCDA7A781F9A8A7F8F9F9FF01ED000000,42.612,8E8600005BA881CDCDA7A781F9A8A7F8F9F9FF01ED000000,42.612,8E8600005BA881CDCDA7A781F9A8A7F8F9F9FF01ED000000,42.612,8E8600005BA881CDCDA7A781F9A8A7F8F9F9FF01ED000000,42.612,8E8600005BA881CDCDA7A781F9A8A7F8F9F9FF01ED000000,42.612,1,42.612,237,42.637,0,42.637,0000,42.637,8192,42.637,2000,42.637,2000,42.637,2000,42.637,2000,42.637,2000,42.637,2000,42.637,2000,42.637,2000,42.637,2000,42.637,2000,42.637,2000,42.637,2000,42.637,2000
42.780,42.724,14.200000000000001,42.724,8E8600005CA881CCCCA7A781F9A8A7F8F9F9FF01ED000000,42.724,8E8600005CA881CCCCA7A781F9A8A7F8F9F9FF01ED000000,42.724,8E8600005CA881CCCCA7A781F9A8A7F8F9F9FF01ED000000,42.724,8E8600005CA881CCCCA7A781F9A8A7F8F9F9FF01ED000000,42.724,8E8600005CA881CCCCA7A781F9A8A7F8F9F9FF01ED000000,42.724,8E8600005CA881CCCCA7A781F9A8A7F8F9F9FF01ED000000,42.724,8E8600005CA881CCCCA7A781F9A8A7F8F9F9FF01ED000000,42.724,8E8600005CA881CCCCA7A781F9A8A7F8F9F9FF01ED000000,42.724,8E8600005CA881CCCCA7A781F9A8A7F8F9F9FF01ED000000,42.724,8E8600005CA881CCCCA7A781F9A8A7F8F9F9FF01ED000000,42.724,8E8600005CA881CCCCA7A781F9A8A7F8F9F9FF01ED000000,42.724,8E8600005CA881CCCCA7A781F9A8A7F8F9F9FF01ED000000,42.724,8E8600005CA881CCCCA7A781F9A8A7F8F9F9FF01ED000000,42.724,8E8600005CA881CCCCA7A781F9A8A7F8F9F9FF01ED000000,42.724,1,42.724,237,42.748,0,42.748,0000,42.798,8192,42.798,2000,42.798,2000,42.798,2000,42.798,2000,42.798,2000,42.798,2000,42.798,2000,42.798,2000,42.798,2000,42.798,2000,42.798,2000,42.798,2000,42.798,2000
42.882,42.842,14.200000000000001,42.842,8E8600005BA881CDCDA7A881F9A8A7F9F9F9FF01ED000000,42.842,8E8600005BA881CDCDA7A881F9A8A7F9F9F9FF01ED000000,42.842,8E8600005BA881CDCDA7A881F9A8A7F9F9F9FF01ED000000,42.842,8E8600005BA881CDCDA7A881F9A8A7F9F9F9FF01ED000000,42.842,8E8600005BA881CDCDA7A881F9A8A7F9F9F9FF01ED000000,42.842,8E8600005BA881CDCDA7A881F9A8A7F9F9F9FF01ED000000,42.842,8E8600005BA881CDCDA7A881F9A8A7F9F9F9FF01ED000000,42.842,8E8600005BA881CDCDA7A881F9A8A7F9F9F9FF01ED000000,42.842,8E8600005BA881CDCDA7A881F9A8A7F9F9F9FF01ED000000,42.842,8E8600005BA881CDCDA7A881F9A8A7F9F9F9FF01ED000000,42.842,8E8600005BA881CDCDA7A881F9A8A7F9F9F9FF01ED000000,42.842,8E8600005BA881CDCDA7A881F9A8A7F9F9F9FF01ED000000,42.842,8E8600005BA881CDCDA7A881F9A8A7F9F9F9FF01ED000000,42.842,8E8600005BA881CDCDA7A881F9A8A7F9F9F9FF01ED000000,42.842,1,42.842,237,42.857,0,42.857,0000,42.798,8192,42.798,2000,42.798,2000,42.798,2000,42.798,2000,42.798,2000,42.798,2000,42.798,2000,42.798,2000,42.798,2000,42.798,2000,42.798,2000,42.798,2000,42.798,2000
42.984,42.922,14.200000000000001,42.922,8E8600005BA880CCCCA7A781F9A8A7F8F8F8FF01ED000000,42.922,8E8600005BA880CCCCA7A781F9A8A7F8F8F8FF01ED000000,42.922,8E8600005BA880CCCCA7A781F9A8A7F8F8F8FF01ED000000,42.922,8E8600005BA880CCCCA7A781F9A8A7F8F8F8FF01ED000000,42.922,8E8600005BA880CCCCA7A781F9A8A7F8F8F8FF01ED000000,42.922,8E8600005BA880CCCCA7A781F9A8A7F8F8F8FF01ED000000,42.922,8E8600005BA880CCCCA7A781F9A8A7F8F8F8FF01ED000000,42.922,8E8600005BA880CCCCA7A781F9A8A7F8F8F8FF01ED000000,42.922,8E8600005BA880CCCCA7A781F9A8A7F8F8F8FF01ED000000,42.922,8E8600005BA880CCCCA7A781F9A8A7F8F8F8FF01ED000000,42.922,8E8600005BA880CCCCA7A781F9A8A7F8F8F8FF01ED000000,42.922,8E8600005BA880CCCCA7A781F9A8A7F8F8F8FF01ED000000,42.922,8E8600005BA880CCCCA7A781F9A8A7F8F8F8FF01ED000000,42.922,8E8600005BA880CCCCA7A781F9A8A7F8F8F8FF01ED000000,42.922,1,42.922,237,42.945,0,42.945,0000,42.945,8192,42.945,2000,42.945,2000,42.945,2000,42.945,2000,42.945,2000,42.945,2000,42.945,2000,42.945,2000,42.945,2000,42.945,2000,42.945,2000,42.945,2000,42.945,2000
43.082,43.112,14.100000000000001,43.112,8D8500005BA881CDCDA7A781F8A8A7F8F9F9FF01ED000000,43.112,8D8500005BA881CDCDA7A781F8A8A7F8F9F9FF01ED000000,43.112,8D8500005BA881CDCDA7A781F8A8A7F8F9F9FF01ED000000,43.112,8D8500005BA881CDCDA7A781F8A8A7F8F9F9FF01ED000000,43.112,8D8500005BA881CDCDA7A781F8A8A7F8F9F9FF01ED000000,43.112,8D8500005BA881CDCDA7A781F8A8A7F8F9F9FF01ED000000,43.112,8D8500005BA881CDCDA7A781F8A8A7F8F9F9FF01ED000000,43.112,8D8500005BA881CDCDA7A781F8A8A7F8F9F9FF01ED000000,43.112,8D8500005BA881CDCDA7A781F8A8A7F8F9F9FF01ED000000,43.112,8D8500005BA881CDCDA7A781F8A8A7F8F9F9FF01ED000000,43.112,8D8500005BA881CDCDA7A781F8A8A7F8F9F9FF01ED000000,43.112,8D8500005BA881CDCDA7A781F8A8A7F8F9F9FF01ED000000,43.112,8D8500005BA881CDCDA7A781F8A8A7F8F9F9FF01ED000000,43.112,8D8500005BA881CDCDA7A781F8A8A7F8F9F9FF01ED000000,43.112,1,43.112,237,43.037,0,43.037,0000,43.037,8192,43.037,2000,43.037,2000,43.037,2000,43.037,2000,43.037,2000,43.037,2000,43.037,2000,43.037,2000,43.037,2000,43.037,2000,43.037,2000,43.037,2000,43.037,2000
43.182,43.212,14.200000000000001,43.212,8E8600005BA880CDCDA6A781F9A8A6F8F9F9FF01ED000000,43.212,8E8600005BA880CDCDA6A781F9A8A6F8F9F9FF01ED000000,43.212,8E8600005BA880CDCDA6A781F9A8A6F8F9F9FF01ED000000,43.212,8E8600005BA880CDCDA6A781F9A8A6F8F9F9FF01ED000000,43.212,8E8600005BA880CDCDA6A781F9A8A6F8F9F9FF01ED000000,43.212,8E8600005BA880CDCDA6A781F9A8A6F8F9F9FF01ED000000,43.212,8E8600005BA880CDCDA6A781F9A8A6F8F9F9FF01ED000000,43.212,8E8600005BA880CDCDA6A781F9A8A6F8F9F9FF01ED000000,43.212,8E8600005BA880CDCDA6A781F9A8A6F8F9F9FF01ED000000,43.212,8E8600005BA880CDCDA6A781F9A8A6F8F9F9FF01ED000000,43.212,8E8600005BA880CDCDA6A781F9A8A6F8F9F9FF01ED000000,43.212,8E8600005BA880CDCDA6A781F9A8A6F8F9F9FF01ED000000,43.212,8E8600005BA880CDCDA6A781F9A8A6F8F9F9FF01ED000000,43.212,8E8600005BA880CDCDA6A781F9A8A6F8F9F9FF01ED000000,43.212,1,43.212,237,43.127,0,43.127,0000,43.127,8192,43.127,2000,43.127,2000,43.127,2000,43.127,2000,43.127,2000,43.127,2000,43.127,2000,43.127,2000,43.127,2000,43.127,2000,43.127,2000,43.127,2000,43.127,2000
43.283,43.212,14.200000000000001,43.212,8E8600005BA880CDCDA6A781F9A8A6F8F9F9FF01ED000000,43.212,8E8600005BA880CDCDA6A781F9A8A6F8F9F9FF01ED000000,43.212,8E8600005BA880CDCDA6A781F9A8A6F8F9F9FF01ED000000,43.212,8E8600005BA880CDCDA6A781F9A8A6F8F9F9FF01ED000000,43.212,8E8600005BA880CDCDA6A781F9A8A6F8F9F9FF01ED000000,43.212,8E8600005BA880CDCDA6A781F9A8A6F8F9F9FF01ED000000,43.212,8E8600005BA880CDCDA6A781F9A8A6F8F9F9FF01ED000000,43.212,8E8600005BA880CDCDA6A781F9A8A6F8F9F9FF01ED000000,43.212,8E8600005BA880CDCDA6A781F9A8A6F8F9F9FF01ED000000,43.212,8E8600005BA880CDCDA6A781F9A8A6F8F9F9FF01ED000000,43.212,8E8600005BA880CDCDA6A781F9A8A6F8F9F9FF01ED000000,43.212,8E8600005BA880CDCDA6A781F9A8A6F8F9F9FF01ED000000,43.212,8E8600005BA880CDCDA6A781F9A8A6F8F9F9FF01ED000000,43.212,8E8600005BA880CDCDA6A781F9A8A6F8F9F9FF01ED000000,43.212,1,43.212,237,43.237,0,43.237,0000,43.237,8192,43.237,2000,43.237,2000,43.237,2000,43.237,2000,43.237,2000,43.237,2000,43.237,2000,43.237,2000,43.237,2000,43.237,2000,43.237,2000,43.237,2000,43.237,2000
43.383,43.352,14.100000000000001,43.352,8D8500005BA881CDCDA7A781F9A8A7F9F9F9FF01ED000000,43.352,8D8500005BA881CDCDA7A781F9A8A7F9F9F9FF01ED000000,43.352,8D8500005BA881CDCDA7A781F9A8A7F9F9F9FF01ED000000,43.352,8D8500005BA881CDCDA7A781F9A8A7F9F9F9FF01ED000000,43.352,8D8500005BA881CDCDA7A781F9A8A7F9F9F9FF01ED000000,43.352,8D8500005BA881CDCDA7A781F9A8A7F9F9F9FF01ED000000,43.352,8D8500005BA881CDCDA7A781F9A8A7F9F9F9FF01ED000000,43.352,8D8500005BA881CDCDA7A781F9A8A7F9F9F9FF01ED000000,43.352,8D8500005BA881CDCDA7A781F9A8A7F9F9F9FF01ED000000,43.352,8D8500005BA881CDCDA7A781F9A8A7F9F9F9FF01ED000000,43.352,8D8500005BA881CDCDA7A781F9A8A7F9F9F9FF01ED000000,43.352,8D8500005BA881CDCDA7A781F9A8A7F9F9F9FF01ED000000,43.352,8D8500005BA881CDCDA7A781F9A8A7F9F9F9FF01ED000000,43.352,8D8500005BA881CDCDA7A781F9A8A7F9F9F9FF01ED000000,43.352,1,43.352,237,43.388,0,43.388,0000,43.388,8192,43.388,2000,43.388,2000,43.388,2000,43.388,2000,43.388,2000,43.388,2000,43.388,2000,43.388,2000,43.388,2000,43.388,2000,43.388,2000,43.388,2000,43.388,2000
43.483,43.432,14.100000000000001,43.432,8D8500005BA881CDCDA7A781F9A8A7F9F9F9FF01ED000000,43.432,8D8500005BA881CDCDA7A781F9A8A7F9F9F9FF01ED000000,43.432,8D8500005BA881CDCDA7A781F9A8A7F9F9F9FF01ED000000,43.432,8D8500005BA881CDCDA7A781F9A8A7F9F9F9FF01ED000000,43.432,8D8500005BA881CDCDA7A781F9A8A7F9F9F9FF01ED000000,43.432,8D8500005BA881CDCDA7A781F9A8A7F9F9F9FF01ED000000,43.432,8D8500005BA881CDCDA7A781F9A8A7F9F9F9FF01ED000000,43.432,8D8500005BA881CDCDA7A781F9A8A7F9F9F9FF01ED000000,43.432,8D8500005BA881CDCDA7A781F9A8A7F9F9F9FF01ED000000,43.432,8D8500005BA881CDCDA7A781F9A8A7F9F9F9FF01ED000000,43.432,8D8500005BA881CDCDA7A781F9A8A7F9F9F9FF01ED000000,43.432,8D8500005BA881CDCDA7A781F9A8A7F9F9F9FF01ED000000,43.432,8D8500005BA881CDCDA7A781F9A8A7F9F9F9FF01ED000000,43.432,8D8500005BA881CDCDA7A781F9A8A7F9F9F9FF01ED000000,43.432,1,43.432,237,43.447,0,43.447,0000,43.388,8192,43.388,2000,43.388,2000,43.388,2000,43.388,2000,43.388,2000,43.388,2000,43.388,2000,43.388,2000,43.388,2000,43.388,2000,43.388,2000,43.388,2000,43.388,2000
43.583,43.512,14.100000000000001,43.512,8D8500005BA881CDCDA7A781F9A8A7F8F9F9FF01ED000000,43.512,8D8500005BA881CDCDA7A781F9A8A7F8F9F9FF01ED000000,43.512,8D8500005BA881CDCDA7A781F9A8A7F8F9F9FF01ED000000,43.512,8D8500005BA881CDCDA7A781F9A8A7F8F9F9FF01ED000000,43.512,8D8500005BA881CDCDA7A781F9A8A7F8F9F9FF01ED000000,43.512,8D8500005BA881CDCDA7A781F9A8A7F8F9F9FF01ED000000,43.512,8D8500005BA881CDCDA7A781F9A8A7F8F9F9FF01ED000000,43.512,8D8500005BA881CDCDA7A781F9A8A7F8F9F9FF01ED000000,43.512,8D8500005BA881CDCDA7A781F9A8A7F8F9F9FF01ED000000,43.512,8D8500005BA881CDCDA7A781F9A8A7F8F9F9FF01ED000000,43.512,8D8500005BA881CDCDA7A781F9A8A7F8F9F9FF01ED000000,43.512,8D8500005BA881CDCDA7A781F9A8A7F8F9F9FF01ED000000,43.512,8D8500005BA881CDCDA7A781F9A8A7F8F9F9FF01ED000000,43.512,8D8500005BA881CDCDA7A781F9A8A7F8F9F9FF01ED000000,43.512,1,43.512,237,43.537,0,43.537,0000,43.537,8192,43.537,2000,43.537,2000,43.537,2000,43.537,2000,43.537,2000,43.537,2000,43.537,2000,43.537,2000,43.537,2000,43.537,2000,43.537,2000,43.537,2000,43.537,2000
43.682,43.712,14.100000000000001,43.712,8D8500005BA881CDCDA7A781F9A8A7F8F9F9FF01ED000000,43.712,8D8500005BA881CDCDA7A781F9A8A7F8F9F9FF01ED000000,43.712,8D8500005BA881CDCDA7A781F9A8A7F8F9F9FF01ED000000,43.712,8D8500005BA881CDCDA7A781F9A8A7F8F9F9FF01ED000000,43.712,8D8500005BA881CDCDA7A781F9A8A7F8F9F9FF01ED000000,43.712,8D8500005BA881CDCDA7A781F9A8A7F8F9F9FF01ED000000,43.712,8D8500005BA881CDCDA7A781F9A8A7F8F9F9FF01ED000000,43.712,8D8500005BA881CDCDA7A781F9A8A7F8F9F9FF01ED000000,43.712,8D8500005BA881CDCDA7A781F9A8A7F8F9F9FF01ED000000,43.712,8D8500005BA881CDCDA7A781F9A8A7F8F9F9FF01ED000000,43.712,8D8500005BA881CDCDA7A781F9A8A7F8F9F9FF01ED000000,43.712,8D8500005BA881CDCDA7A781F9A8A7F8F9F9FF01ED000000,43.712,8D8500005BA881CDCDA7A781F9A8A7F8F9F9FF01ED000000,43.712,8D8500005BA881CDCDA7A781F9A8A7F8F9F9FF01ED000000,43.712,1,43.712,237,43.637,0,43.637,0000,43.637,8192,43.637,2000,43.637,2000,43.637,2000,43.637,2000,43.637,2000,43.637,2000,43.637,2000,43.637,2000,43.637,2000,43.637,2000,43.637,2000,43.637,2000,43.637,2000
43.783,43.712,14.100000000000001,43.712,8D8500005BA881CDCDA7A781F9A8A7F8F9F9FF01ED000000,43.712,8D8500005BA881CDCDA7A781F9A8A7F8F9F9FF01ED000000,43.712,8D8500005BA881CDCDA7A781F9A8A7F8F9F9FF01ED000000,43.712,8D8500005BA881CDCDA7A781F9A8A7F8F9F9FF01ED000000,43.712,8D8500005BA881CDCDA7A781F9A8A7F8F9F9FF01ED000000,43.712,8D8500005BA881CDCDA7A781F9A8A7F8F9F9FF01ED000000,43.712,8D8500005BA881CDCDA7A781F9A8A7F8F9F9FF01ED000000,43.712,8D8500005BA881CDCDA7A781F9A8A7F8F9F9FF01ED000000,43.712,8D8500005BA881CDCDA7A781F9A8A7F8F9F9FF01ED000000,43.712,8D8500005BA881CDCDA7A781F9A8A7F8F9F9FF01ED000000,43.712,8D8500005BA881CDCDA7A781F9A8A7F8F9F9FF01ED000000,43.712,8D8500005BA881CDCDA7A781F9A8A7F8F9F9FF01ED000000,43.712,8D8500005BA881CDCDA7A781F9A8A7F8F9F9FF01ED000000,43.712,8D8500005BA881CDCDA7A781F9A8A7F8F9F9FF01ED000000,43.712,1,43.712,237,43.737,0,43.737,0000,43.737,8192,43.737,2000,43.737,2000,43.737,2000,43.737,2000,43.737,2000,43.737,2000,43.737,2000,43.737,2000,43.737,2000,43.737,2000,43.737,2000,43.737,2000,43.737,2000
43.881,43.862,14.100000000000001,43.862,8D8500005BA881CDCDA6A881F9A8A6F8F9F9FF01ED000000,43.862,8D8500005BA881CDCDA6A881F9A8A6F8F9F9FF01ED000000,43.862,8D8500005BA881CDCDA6A881F9A8A6F8F9F9FF01ED000000,43.862,8D8500005BA881CDCDA6A881F9A8A6F8F9F9FF01ED000000,43.862,8D8500005BA881CDCDA6A881F9A8A6F8F9F9FF01ED000000,43.862,8D8500005BA881CDCDA6A881F9A8A6F8F9F9FF01ED000000,43.862,8D8500005BA881CDCDA6A881F9A8A6F8F9F9FF01ED000000,43.862,8D8500005BA881CDCDA6A881F9A8A6F8F9F9FF01ED000000,43.862,8D8500005BA881CDCDA6A881F9A8A6F8F9F9FF01ED000000,43.862,8D8500005BA881CDCDA6A881F9A8A6F8F9F9FF01ED000000,43.862,8D8500005BA881CDCDA6A881F9A8A6F8F9F9FF01ED000000,43.862,8D8500005BA881CDCDA6A881F9A8A6F8F9F9FF01ED000000,43.862,8D8500005BA881CDCDA6A881F9A8A6F8F9F9FF01ED000000,43.862,8D8500005BA881CDCDA6A881F9A8A6F8F9F9FF01ED000000,43.862,1,43.862,237,43.887,0,43.887,0000,43.887,8192,43.887,2000,43.887,2000,43.887,2000,43.887,2000,43.887,2000,43.887,2000,43.887,2000,43.887,2000,43.887,2000,43.887,2000,43.887,2000,43.887,2000,43.887,2000
43.982,44.016,14.100000000000001,44.016,8D8500005BA881CDCDA6A781F9A8A6F8F9F9FF01ED000000,44.016,8D8500005BA881CDCDA6A781F9A8A6F8F9F9FF01ED000000,44.016,8D8500005BA881CDCDA6A781F9A8A6F8F9F9FF01ED000000,44.016,8D8500005BA881CDCDA6A781F9A8A6F8F9F9FF01ED000000,44.016,8D8500005BA881CDCDA6A781F9A8A6F8F9F9FF01ED000000,44.016,8D8500005BA881CDCDA6A781F9A8A6F8F9F9FF01ED000000,44.016,8D8500005BA881CDCDA6A781F9A8A6F8F9F9FF01ED000000,44.016,8D8500005BA881CDCDA6A781F9A8A6F8F9F9FF01ED000000,44.016,8D8500005BA881CDCDA6A781F9A8A6F8F9F9FF01ED000000,44.016,8D8500005BA881CDCDA6A781F9A8A6F8F9F9FF01ED000000,44.016,8D8500005BA881CDCDA6A781F9A8A6F8F9F9FF01ED000000,44.016,8D8500005BA881CDCDA6A781F9A8A6F8F9F9FF01ED000000,44.016,8D8500005BA881CDCDA6A781F9A8A6F8F9F9FF01ED000000,44.016,8D8500005BA881CDCDA6A781F9A8A6F8F9F9FF01ED000000,44.016,1,44.016,237,43.938,0,43.938,0000,43.887,8192,43.887,2000,43.887,2000,43.887,2000,43.887,2000,43.887,2000,43.887,2000,43.887,2000,43.887,2000,43.887,2000,43.887,2000,43.887,2000,43.887,2000,43.887,2000
44.083,44.016,14.100000000000001,44.016,8D8500005BA881CDCDA6A781F9A8A6F8F9F9FF01ED000000,44.016,8D8500005BA881CDCDA6A781F9A8A6F8F9F9FF01ED000000,44.016,8D8500005BA881CDCDA6A781F9A8A6F8F9F9FF01ED000000,44.016,8D8500005BA881CDCDA6A781F9A8A6F8F9F9FF01ED000000,44.016,8D8500005BA881CDCDA6A781F9A8A6F8F9F9FF01ED000000,44.016,8D8500005BA881CDCDA6A781F9A8A6F8F9F9FF01ED000000,44.016,8D8500005BA881CDCDA6A781F9A8A6F8F9F9FF01ED000000,44.016,8D8500005BA881CDCDA6A781F9A8A6F8F9F9FF01ED000000,44.016,8D8500005BA881CDCDA6A781F9A8A6F8F9F9FF01ED000000,44.016,8D8500005BA881CDCDA6A781F9A8A6F8F9F9FF01ED000000,44.016,8D8500005BA881CDCDA6A781F9A8A6F8F9F9FF01ED000000,44.016,8D8500005BA881CDCDA6A781F9A8A6F8F9F9FF01ED000000,44.016,8D8500005BA881CDCDA6A781F9A8A6F8F9F9FF01ED000000,44.016,8D8500005BA881CDCDA6A781F9A8A6F8F9F9FF01ED000000,44.016,1,44.016,237,44.027,0,44.027,0000,44.027,8192,44.027,2000,44.027,2000,44.027,2000,44.027,2000,44.027,2000,44.027,2000,44.027,2000,44.027,2000,44.027,2000,44.027,2000,44.027,2000,44.027,2000,44.027,2000
44.183,44.112,14.100000000000001,44.112,8D8500005CA881CDCDA7A781F9A8A7F9F9F9FF01ED000000,44.112,8D8500005CA881CDCDA7A781F9A8A7F9F9F9FF01ED000000,44.112,8D8500005CA881CDCDA7A781F9A8A7F9F9F9FF01ED000000,44.112,8D8500005CA881CDCDA7A781F9A8A7F9F9F9FF01ED000000,44.112,8D8500005CA881CDCDA7A781F9A8A7F9F9F9FF01ED000000,44.112,8D8500005CA881CDCDA7A781F9A8A7F9F9F9FF01ED000000,44.112,8D8500005CA881CDCDA7A781F9A8A7F9F9F9FF01ED000000,44.112,8D8500005CA881CDCDA7A781F9A8A7F9F9F9FF01ED000000,44.112,8D8500005CA881CDCDA7A781F9A8A7F9F9F9FF01ED000000,44.112,8D8500005CA881CDCDA7A781F9A8A7F9F9F9FF01ED000000,44.112,8D8500005CA881CDCDA7A781F9A8A7F9F9F9FF01ED000000,44.112,8D8500005CA881CDCDA7A781F9A8A7F9F9F9FF01ED000000,44.112,8D8500005CA881CDCDA7A781F9A8A7F9F9F9FF01ED000000,44.112,8D8500005CA881CDCDA7A781F9A8A7F9F9F9FF01ED000000,44.112,1,44.112,237,44.137,0,44.137,0000,44.137,8192,44.137,2000,44.137,2000,44.137,2000,44.137,2000,44.137,2000,44.137,2000,44.137,2000,44.137,2000,44.137,2000,44.137,2000,44.137,2000,44.137,2000,44.137,2000
44.280,44.212,14.100000000000001,44.212,8D8500005CA881CDCDA7A781F9A8A7F9F9F9FF01ED000000,44.212,8D8500005CA881CDCDA7A781F9A8A7F9F9F9FF01ED000000,44.212,8D8500005CA881CDCDA7A781F9A8A7F9F9F9FF01ED000000,44.212,8D8500005CA881CDCDA7A781F9A8A7F9F9F9FF01ED000000,44.212,8D8500005CA881CDCDA7A781F9A8A7F9F9F9FF01ED000000,44.212,8D8500005CA881CDCDA7A781F9A8A7F9F9F9FF01ED000000,44.212,8D8500005CA881CDCDA7A781F9A8A7F9F9F9FF01ED000000,44.212,8D8500005CA881CDCDA7A781F9A8A7F9F9F9FF01ED000000,44.212,8D8500005CA881CDCDA7A781F9A8A7F9F9F9FF01ED000000,44.212,8D8500005CA881CDCDA7A781F9A8A7F9F9F9FF01ED000000,44.212,8D8500005CA881CDCDA7A781F9A8A7F9F9F9FF01ED000000,44.212,8D8500005CA881CDCDA7A781F9A8A7F9F9F9FF01ED000000,44.212,8D8500005CA881CDCDA7A781F9A8A7F9F9F9FF01ED000000,44.212,8D8500005CA881CDCDA7A781F9A8A7F9F9F9FF01ED000000,44.212,1,44.212,237,44.248,0,44.248,0000,44.298,8192,44.298,2000,44.298,2000,44.298,2000,44.298,2000,44.298,2000,44.298,2000,44.298,2000,44.298,2000,44.298,2000,44.298,2000,44.298,2000,44.298,2000,44.298,2000
44.381,44.352,14.100000000000001,44.352,8D8500005CA881CDCDA7A881F9A8A7F8F9F9FF01ED000000,44.352,8D8500005CA881CDCDA7A881F9A8A7F8F9F9FF01ED000000,44.352,8D8500005CA881CDCDA7A881F9A8A7F8F9F9FF01ED000000,44.352,8D8500005CA881CDCDA7A881F9A8A7F8F9F9FF01ED000000,44.352,8D8500005CA881CDCDA7A881F9A8A7F8F9F9FF01ED000000,44.352,8D8500005CA881CDCDA7A881F9A8A7F8F9F9FF01ED000000,44.352,8D8500005CA881CDCDA7A881F9A8A7F8F9F9FF01ED000000,44.352,8D8500005CA881CDCDA7A881F9A8A7F8F9F9FF01ED000000,44.352,8D8500005CA881CDCDA7A881F9A8A7F8F9F9FF01ED000000,44.352,8D8500005CA881CDCDA7A881F9A8A7F8F9F9FF01ED000000,44.352,8D8500005CA881CDCDA7A881F9A8A7F8F9F9FF01ED000000,44.352,8D8500005CA881CDCDA7A881F9A8A7F8F9F9FF01ED000000,44.352,8D8500005CA881CDCDA7A881F9A8A7F8F9F9FF01ED000000,44.352,8D8500005CA881CDCDA7A881F9A8A7F8F9F9FF01ED000000,44.352,1,44.352,237,44.377,0,44.377,0000,44.377,8192,44.377,2000,44.377,2000,44.377,2000,44.377,2000,44.377,2000,44.377,2000,44.377,2000,44.377,2000,44.377,2000,44.377,2000,44.377,2000,44.377,2000,44.377,2000
44.483,44.443,14.200000000000001,44.443,8E8600005BA881CDCDA7A781F9A8A7F8F9F9FF01ED000000,44.443,8E8600005BA881CDCDA7A781F9A8A7F8F9F9FF01ED000000,44.443,8E8600005BA881CDCDA7A781F9A8A7F8F9F9FF01ED000000,44.443,8E8600005BA881CDCDA7A781F9A8A7F8F9F9FF01ED000000,44.443,8E8600005BA881CDCDA7A781F9A8A7F8F9F9FF01ED000000,44.443,8E8600005BA881CDCDA7A781F9A8A7F8F9F9FF01ED000000,44.443,8E8600005BA881CDCDA7A781F9A8A7F8F9F9FF01ED000000,44.443,8E8600005BA881CDCDA7A781F9A8A7F8F9F9FF01ED000000,44.443,8E8600005BA881CDCDA7A781F9A8A7F8F9F9FF01ED000000,44.443,8E8600005BA881CDCDA7A781F9A8A7F8F9F9FF01ED000000,44.443,8E8600005BA881CDCDA7A781F9A8A7F8F9F9FF01ED000000,44.443,8E8600005BA881CDCDA7A781F9A8A7F8F9F9FF01ED000000,44.443,8E8600005BA881CDCDA7A781F9A8A7F8F9F9FF01ED000000,44.443,8E8600005BA881CDCDA7A781F9A8A7F8F9F9FF01ED000000,44.443,1,44.443,237,44.457,0,44.457,0000,44.377,8192,44.377,2000,44.377,2000,44.377,2000,44.377,2000,44.377,2000,44.377,2000,44.377,2000,44.377,2000,44.377,2000,44.377,2000,44.377,2000,44.377,2000,44.377,2000
44.582,44.612,14.200000000000001,44.612,8E8600005CA8815B5BA7A781F9A8A7F9F9F9FF01ED000000,44.612,8E8600005CA8815B5BA7A781F9A8A7F9F9F9FF01ED000000,44.612,8E8600005CA8815B5BA7A781F9A8A7F9F9F9FF01ED000000,44.612,8E8600005CA8815B5BA7A781F9A8A7F9F9F9FF01ED000000,44.612,8E8600005CA8815B5BA7A781F9A8A7F9F9F9FF01ED000000,44.612,8E8600005CA8815B5BA7A781F9A8A7F9F9F9FF01ED000000,44.612,8E8600005CA8815B5BA7A781F9A8A7F9F9F9FF01ED000000,44.612,8E8600005CA8815B5BA7A781F9A8A7F9F9F9FF01ED000000,44.612,8E8600005CA8815B5BA7A781F9A8A7F9F9F9FF01ED000000,44.612,8E8600005CA8815B5BA7A781F9A8A7F9F9F9FF01ED000000,44.612,8E8600005CA8815B5BA7A781F9A8A7F9F9F9FF01ED000000,44.612,8E8600005CA8815B5BA7A781F9A8A7F9F9F9FF01ED000000,44.612,8E8600005CA8815B5BA7A781F9A8A7F9F9F9FF01ED000000,44.612,8E8600005CA8815B5BA7A781F9A8A7F9F9F9FF01ED000000,44.612,1,44.612,237,44.537,0,44.537,0000,44.537,8192,44.537,2000,44.537,2000,44.537,2000,44.537,2000,44.537,2000,44.537,2000,44.537,2000,44.537,2000,44.537,2000,44.537,2000,44.537,2000,44.537,2000,44.537,2000
44.681,44.712,14.100000000000001,44.712,8D8500005CA8815B5BA7A781F9A8A7F9F9F9FF01ED000000,44.712,8D8500005CA8815B5BA7A781F9A8A7F9F9F9FF01ED000000,44.712,8D8500005CA8815B5BA7A781F9A8A7F9F9F9FF01ED000000,44.712,8D8500005CA8815B5BA7A781F9A8A7F9F9F9FF01ED000000,44.712,8D8500005CA8815B5BA7A781F9A8A7F9F9F9FF01ED000000,44.712,8D8500005CA8815B5BA7A781F9A8A7F9F9F9FF01ED000000,44.712,8D8500005CA8815B5BA7A781F9A8A7F9F9F9FF01ED000000,44.712,8D8500005CA8815B5BA7A781F9A8A7F9F9F9FF01ED000000,44.712,8D8500005CA8815B5BA7A781F9A8A7F9F9F9FF01ED000000,44.712,8D8500005CA8815B5BA7A781F9A8A7F9F9F9FF01ED000000,44.712,8D8500005CA8815B5BA7A781F9A8A7F9F9F9FF01ED000000,44.712,8D8500005CA8815B5BA7A781F9A8A7F9F9F9FF01ED000000,44.712,8D8500005CA8815B5BA7A781F9A8A7F9F9F9FF01ED000000,44.712,8D8500005CA8815B5BA7A781F9A8A7F9F9F9FF01ED000000,44.712,1,44.712,237,44.627,0,44.627,0000,44.627,8192,44.627,2000,44.627,2000,44.627,2000,44.627,2000,44.627,2000,44.627,2000,44.627,2000,44.627,2000,44.627,2000,44.627,2000,44.627,2000,44.627,2000,44.627,2000
44.782,44.712,14.100000000000001,44.712,8D8500005CA8815B5BA7A781F9A8A7F9F9F9FF01ED000000,44.712,8D8500005CA8815B5BA7A781F9A8A7F9F9F9FF01ED000000,44.712,8D8500005CA8815B5BA7A781F9A8A7F9F9F9FF01ED000000,44.712,8D8500005CA8815B5BA7A781F9A8A7F9F9F9FF01ED000000,44.712,8D8500005CA8815B5BA7A781F9A8A7F9F9F9FF01ED000000,44.712,8D8500005CA8815B5BA7A781F9A8A7F9F9F9FF01ED000000,44.712,8D8500005CA8815B5BA7A781F9A8A7F9F9F9FF01ED000000,44.712,8D8500005CA8815B5BA7A781F9A8A7F9F9F9FF01ED000000,44.712,8D8500005CA8815B5BA7A781F9A8A7F9F9F9FF01ED000000,44.712,8D8500005CA8815B5BA7A781F9A8A7F9F9F9FF01ED000000,44.712,8D8500005CA8815B5BA7A781F9A8A7F9F9F9FF01ED000000,44.712,8D8500005CA8815B5BA7A781F9A8A7F9F9F9FF01ED000000,44.712,8D8500005CA8815B5BA7A781F9A8A7F9F9F9FF01ED000000,44.712,8D8500005CA8815B5BA7A781F9A8A7F9F9F9FF01ED000000,44.712,1,44.712,237,44.738,0,44.738,0000,44.797,8192,44.797,2000,44.797,2000,44.797,2000,44.797,2000,44.797,2000,44.797,2000,44.797,2000,44.797,2000,44.797,2000,44.797,2000,44.797,2000,44.797,2000,44.797,2000
44.883,44.842,14.100000000000001,44.842,8D8500005BA8815B5BA7A781F9A8A7F8F9F9FF01ED000000,44.842,8D8500005BA8815B5BA7A781F9A8A7F8F9F9FF01ED000000,44.842,8D8500005BA8815B5BA7A781F9A8A7F8F9F9FF01ED000000,44.842,8D8500005BA8815B5BA7A781F9A8A7F8F9F9FF01ED000000,44.842,8D8500005BA8815B5BA7A781F9A8A7F8F9F9FF01ED000000,44.842,8D8500005BA8815B5BA7A781F9A8A7F8F9F9FF01ED000000,44.842,8D8500005BA8815B5BA7A781F9A8A7F8F9F9FF01ED000000,44.842,8D8500005BA8815B5BA7A781F9A8A7F8F9F9FF01ED000000,44.842,8D8500005BA8815B5BA7A781F9A8A7F8F9F9FF01ED000000,44.842,8D8500005BA8815B5BA7A781F9A8A7F8F9F9FF01ED000000,44.842,8D8500005BA8815B5BA7A781F9A8A7F8F9F9FF01ED000000,44.842,8D8500005BA8815B5BA7A781F9A8A7F8F9F9FF01ED000000,44.842,8D8500005BA8815B5BA7A781F9A8A7F8F9F9FF01ED000000,44.842,8D8500005BA8815B5BA7A781F9A8A7F8F9F9FF01ED000000,44.842,1,44.842,237,44.879,0,44.879,0000,44.797,8192,44.797,2000,44.797,2000,44.797,2000,44.797,2000,44.797,2000,44.797,2000,44.797,2000,44.797,2000,44.797,2000,44.797,2000,44.797,2000,44.797,2000,44.797,2000
44.981,44.933,14.100000000000001,44.933,8D8500005CA8815B5BA7A781F9A8A7F9F9F9FF01ED000000,44.933,8D8500005CA8815B5BA7A781F9A8A7F9F9F9FF01ED000000,44.933,8D8500005CA8815B5BA7A781F9A8A7F9F9F9FF01ED000000,44.933,8D8500005CA8815B5BA7A781F9A8A7F9F9F9FF01ED000000,44.933,8D8500005CA8815B5BA7A781F9A8A7F9F9F9FF01ED000000,44.933,8D8500005CA8815B5BA7A781F9A8A7F9F9F9FF01ED000000,44.933,8D8500005CA8815B5BA7A781F9A8A7F9F9F9FF01ED000000,44.933,8D8500005CA8815B5BA7A781F9A8A7F9F9F9FF01ED000000,44.933,8D8500005CA8815B5BA7A781F9A8A7F9F9F9FF01ED000000,44.933,8D8500005CA8815B5BA7A781F9A8A7F9F9F9FF01ED000000,44.933,8D8500005CA8815B5BA7A781F9A8A7F9F9F9FF01ED000000,44.933,8D8500005CA8815B5BA7A781F9A8A7F9F9F9FF01ED000000,44.933,8D8500005CA8815B5BA7A781F9A8A7F9F9F9FF01ED000000,44.933,8D8500005CA8815B5BA7A781F9A8A7F9F9F9FF01ED000000,44.933,1,44.933,237,44.957,0,44.957,0000,44.957,8192,44.957,2000,44.957,2000,44.957,2000,44.957,2000,44.957,2000,44.957,2000,44.957,2000,44.957,2000,44.957,2000,44.957,2000,44.957,2000,44.957,2000,44.957,2000
45.084,45.022,14.100000000000001,45.022,8D8500005CA8815B5BA7A781F9A8A7F8F9F9FF01ED000000,45.022,8D8500005CA8815B5BA7A781F9A8A7F8F9F9FF01ED000000,45.022,8D8500005CA8815B5BA7A781F9A8A7F8F9F9FF01ED000000,45.022,8D8500005CA8815B5BA7A781F9A8A7F8F9F9FF01ED000000,45.022,8D8500005CA8815B5BA7A781F9A8A7F8F9F9FF01ED000000,45.022,8D8500005CA8815B5BA7A781F9A8A7F8F9F9FF01ED000000,45.022,8D8500005CA8815B5BA7A781F9A8A7F8F9F9FF01ED000000,45.022,8D8500005CA8815B5BA7A781F9A8A7F8F9F9FF01ED000000,45.022,8D8500005CA8815B5BA7A781F9A8A7F8F9F9FF01ED000000,45.022,8D8500005CA8815B5BA7A781F9A8A7F8F9F9FF01ED000000,45.022,8D8500005CA8815B5BA7A781F9A8A7F8F9F9FF01ED000000,45.022,8D8500005CA8815B5BA7A781F9A8A7F8F9F9FF01ED000000,45.022,8D8500005CA8815B5BA7A781F9A8A7F8F9F9FF01ED000000,45.022,8D8500005CA8815B5BA7A781F9A8A7F8F9F9FF01ED000000,45.022,1,45.022,237,45.037,0,45.037,0000,45.037,8192,45.037,2000,45.037,2000,45.037,2000,45.037,2000,45.037,2000,45.037,2000,45.037,2000,45.037,2000,45.037,2000,45.037,2000,45.037,2000,45.037,2000,45.037,2000
45.182,45.212,14.200000000000001,45.212,8E8600005BA780CCCCA6A781F8A7A6F7F8F8FF01EC000000,45.212,8E8600005BA780CCCCA6A781F8A7A6F7F8F8FF01EC000000,45.212,8E8600005BA780CCCCA6A781F8A7A6F7F8F8FF01EC000000,45.212,8E8600005BA780CCCCA6A781F8A7A6F7F8F8FF01EC000000,45.212,8E8600005BA780CCCCA6A781F8A7A6F7F8F8FF01EC000000,45.212,8E8600005BA780CCCCA6A781F8A7A6F7F8F8FF01EC000000,45.212,8E8600005BA780CCCCA6A781F8A7A6F7F8F8FF01EC000000,45.212,8E8600005BA780CCCCA6A781F8A7A6F7F8F8FF01EC000000,45.212,8E8600005BA780CCCCA6A781F8A7A6F7F8F8FF01EC000000,45.212,8E8600005BA780CCCCA6A781F8A7A6F7F8F8FF01EC000000,45.212,8E8600005BA780CCCCA6A781F8A7A6F7F8F8FF01EC000000,45.212,8E8600005BA780CCCCA6A781F8A7A6F7F8F8FF01EC000000,45.212,8E8600005BA780CCCCA6A781F8A7A6F7F8F8FF01EC000000,45.212,8E8600005BA780CCCCA6A781F8A7A6F7F8F8FF01EC000000,45.212,1,45.212,236,45.137,0,45.137,0000,45.137,8192,45.137,2000,45.137,2000,45.137,2000,45.137,2000,45.137,2000,45.137,2000,45.137,2000,45.137,2000,45.137,2000,45.137,2000,45.137,2000,45.137,2000,45.137,2000
45.282,45.212,14.200000000000001,45.212,8E8600005BA780CCCCA6A781F8A7A6F7F8F8FF01EC000000,45.212,8E8600005BA780CCCCA6A781F8A7A6F7F8F8FF01EC000000,45.212,8E8600005BA780CCCCA6A781F8A7A6F7F8F8FF01EC000000,45.212,8E8600005BA780CCCCA6A781F8A7A6F7F8F8FF01EC000000,45.212,8E8600005BA780CCCCA6A781F8A7A6F7F8F8FF01EC000000,45.212,8E8600005BA780CCCCA6A781F8A7A6F7F8F8FF01EC000000,45.212,8E8600005BA780CCCCA6A781F8A7A6F7F8F8FF01EC000000,45.212,8E8600005BA780CCCCA6A781F8A7A6F7F8F8FF01EC000000,45.212,8E8600005BA780CCCCA6A781F8A7A6F7F8F8FF01EC000000,45.212,8E8600005BA780CCCCA6A781F8A7A6F7F8F8FF01EC000000,45.212,8E8600005BA780CCCCA6A781F8A7A6F7F8F8FF01EC000000,45.212,8E8600005BA780CCCCA6A781F8A7A6F7F8F8FF01EC000000,45.212,8E8600005BA780CCCCA6A781F8A7A6F7F8F8FF01EC000000,45.212,8E8600005BA780CCCCA6A781F8A7A6F7F8F8FF01EC000000,45.212,1,45.212,236,45.248,0,45.248,0000,45.308,8192,45.308,2000,45.308,2000,45.308,2000,45.308,2000,45.308,2000,45.308,2000,45.308,2000,45.308,2000,45.308,2000,45.308,2000,45.308,2000,45.308,2000,45.308,2000
45.381,45.352,14.200000000000001,45.352,8E8600005CA881CDCDA7A781F9A8A7F8F9F9FF01ED000000,45.352,8E8600005CA881CDCDA7A781F9A8A7F8F9F9FF01ED000000,45.352,8E8600005CA881CDCDA7A781F9A8A7F8F9F9FF01ED000000,45.352,8E8600005CA881CDCDA7A781F9A8A7F8F9F9FF01ED000000,45.352,8E8600005CA881CDCDA7A781F9A8A7F8F9F9FF01ED000000,45.352,8E8600005CA881CDCDA7A781F9A8A7F8F9F9FF01ED000000,45.352,8E8600005CA881CDCDA7A781F9A8A7F8F9F9FF01ED000000,45.352,8E8600005CA881CDCDA7A781F9A8A7F8F9F9FF01ED000000,45.352,8E8600005CA881CDCDA7A781F9A8A7F8F9F9FF01ED000000,45.352,8E8600005CA881CDCDA7A781F9A8A7F8F9F9FF01ED000000,45.352,8E8600005CA881CDCDA7A781F9A8A7F8F9F9FF01ED000000,45.352,8E8600005CA881CDCDA7A781F9A8A7F8F9F9FF01ED000000,45.352,8E8600005CA881CDCDA7A781F9A8A7F8F9F9FF01ED000000,45.352,8E8600005CA881CDCDA7A781F9A8A7F8F9F9FF01ED000000,45.352,1,45.352,237,45.387,0,45.387,0000,45.387,8192,45.387,2000,45.387,2000,45.387,2000,45.387,2000,45.387,2000,45.387,2000,45.387,2000,45.387,2000,45.387,2000,45.387,2000,45.387,2000,45.387,2000,45.387,2000
45.482,45.516,14.200000000000001,45.516,8E8600005CA881CDCDA7A881F9A8A7F8F9F9FF01ED000000,45.516,8E8600005CA881CDCDA7A881F9A8A7F8F9F9FF01ED000000,45.516,8E8600005CA881CDCDA7A881F9A8A7F8F9F9FF01ED000000,45.516,8E8600005CA881CDCDA7A881F9A8A7F8F9F9FF01ED000000,45.516,8E8600005CA881CDCDA7A881F9A8A7F8F9F9FF01ED000000,45.516,8E8600005CA881CDCDA7A881F9A8A7F8F9F9FF01ED000000,45.516,8E8600005CA881CDCDA7A881F9A8A7F8F9F9FF01ED000000,45.516,8E8600005CA881CDCDA7A881F9A8A7F8F9F9FF01ED000000,45.516,8E8600005CA881CDCDA7A881F9A8A7F8F9F9FF01ED000000,45.516,8E8600005CA881CDCDA7A881F9A8A7F8F9F9FF01ED000000,45.516,8E8600005CA881CDCDA7A881F9A8A7F8F9F9FF01ED000000,45.516,8E8600005CA881CDCDA7A881F9A8A7F8F9F9FF01ED000000,45.516,8E8600005CA881CDCDA7A881F9A8A7F8F9F9FF01ED000000,45.516,8E8600005CA881CDCDA7A881F9A8A7F8F9F9FF01ED000000,45.516,1,45.516,237,45.447,0,45.447,0000,45.387,8192,45.387,2000,45.387,2000,45.387,2000,45.387,2000,45.387,2000,45.387,2000,45.387,2000,45.387,2000,45.387,2000,45.387,2000,45.387,2000,45.387,2000,45.387,2000
45.583,45.516,14.200000000000001,45.516,8E8600005CA881CDCDA7A881F9A8A7F8F9F9FF01ED000000,45.516,8E8600005CA881CDCDA7A881F9A8A7F8F9F9FF01ED000000,45.516,8E8600005CA881CDCDA7A881F9A8A7F8F9F9FF01ED000000,45.516,8E8600005CA881CDCDA7A881F9A8A7F8F9F9FF01ED000000,45.516,8E8600005CA881CDCDA7A881F9A8A7F8F9F9FF01ED000000,45.516,8E8600005CA881CDCDA7A881F9A8A7F8F9F9FF01ED000000,45.516,8E8600005CA881CDCDA7A881F9A8A7F8F9F9FF01ED000000,45.516,8E8600005CA881CDCDA7A881F9A8A7F8F9F9FF01ED000000,45.516,8E8600005CA881CDCDA7A881F9A8A7F8F9F9FF01ED000000,45.516,8E8600005CA881CDCDA7A881F9A8A7F8F9F9FF01ED000000,45.516,8E8600005CA881CDCDA7A881F9A8A7F8F9F9FF01ED000000,45.516,8E8600005CA881CDCDA7A881F9A8A7F8F9F9FF01ED000000,45.516,8E8600005CA881CDCDA7A881F9A8A7F8F9F9FF01ED000000,45.516,8E8600005CA881CDCDA7A881F9A8A7F8F9F9FF01ED000000,45.516,1,45.516,237,45.527,0,45.527,0000,45.527,8192,45.527,2000,45.527,2000,45.527,2000,45.527,2000,45.527,2000,45.527,2000,45.527,2000,45.527,2000,45.527,2000,45.527,2000,45.527,2000,45.527,2000,45.527,2000
45.684,45.612,14.200000000000001,45.612,8E8600005CA881CDCDA7A781F9A8A7F8F9F9FF01ED000000,45.612,8E8600005CA881CDCDA7A781F9A8A7F8F9F9FF01ED000000,45.612,8E8600005CA881CDCDA7A781F9A8A7F8F9F9FF01ED000000,45.612,8E8600005CA881CDCDA7A781F9A8A7F8F9F9FF01ED000000,45.612,8E8600005CA881CDCDA7A781F9A8A7F8F9F9FF01ED000000,45.612,8E8600005CA881CDCDA7A781F9A8A7F8F9F9FF01ED000000,45.612,8E8600005CA881CDCDA7A781F9A8A7F8F9F9FF01ED000000,45.612,8E8600005CA881CDCDA7A781F9A8A7F8F9F9FF01ED000000,45.612,8E8600005CA881CDCDA7A781F9A8A7F8F9F9FF01ED000000,45.612,8E8600005CA881CDCDA7A781F9A8A7F8F9F9FF01ED000000,45.612,8E8600005CA881CDCDA7A781F9A8A7F8F9F9FF01ED000000,45.612,8E8600005CA881CDCDA7A781F9A8A7F8F9F9FF01ED000000,45.612,8E8600005CA881CDCDA7A781F9A8A7F8F9F9FF01ED000000,45.612,8E8600005CA881CDCDA7A781F9A8A7F8F9F9FF01ED000000,45.612,1,45.612,237,45.637,0,45.637,0000,45.637,8192,45.637,2000,45.637,2000,45.637,2000,45.637,2000,45.637,2000,45.637,2000,45.637,2000,45.637,2000,45.637,2000,45.637,2000,45.637,2000,45.637,2000,45.637,2000
45.780,45.713,14.100000000000001,45.713,8D8500005BA881CDCDA7A781F9A8A7F9F9F9FF01ED000000,45.713,8D8500005BA881CDCDA7A781F9A8A7F9F9F9FF01ED000000,45.713,8D8500005BA881CDCDA7A781F9A8A7F9F9F9FF01ED000000,45.713,8D8500005BA881CDCDA7A781F9A8A7F9F9F9FF01ED000000,45.713,8D8500005BA881CDCDA7A781F9A8A7F9F9F9FF01ED000000,45.713,8D8500005BA881CDCDA7A781F9A8A7F9F9F9FF01ED000000,45.713,8D8500005BA881CDCDA7A781F9A8A7F9F9F9FF01ED000000,45.713,8D8500005BA881CDCDA7A781F9A8A7F9F9F9FF01ED000000,45.713,8D8500005BA881CDCDA7A781F9A8A7F9F9F9FF01ED000000,45.713,8D8500005BA881CDCDA7A781F9A8A7F9F9F9FF01ED000000,45.713,8D8500005BA881CDCDA7A781F9A8A7F9F9F9FF01ED000000,45.713,8D8500005BA881CDCDA7A781F9A8A7F9F9F9FF01ED000000,45.713,8D8500005BA881CDCDA7A781F9A8A7F9F9F9FF01ED000000,45.713,8D8500005BA881CDCDA7A781F9A8A7F9F9F9FF01ED000000,45.713,1,45.713,237,45.748,0,45.748,0000,45.798,8192,45.798,2000,45.798,2000,45.798,2000,45.798,2000,45.798,2000,45.798,2000,45.798,2000,45.798,2000,45.798,2000,45.798,2000,45.798,2000,45.798,2000,45.798,2000
45.881,45.912,14.200000000000001,45.912,8E8600005CA881CDCDA7A781F9A8A7F9F9F9FF01ED000000,45.912,8E8600005CA881CDCDA7A781F9A8A7F9F9F9FF01ED000000,45.912,8E8600005CA881CDCDA7A781F9A8A7F9F9F9FF01ED000000,45.912,8E8600005CA881CDCDA7A781F9A8A7F9F9F9FF01ED000000,45.912,8E8600005CA881CDCDA7A781F9A8A7F9F9F9FF01ED000000,45.912,8E8600005CA881CDCDA7A781F9A8A7F9F9F9FF01ED000000,45.912,8E8600005CA881CDCDA7A781F9A8A7F9F9F9FF01ED000000,45.912,8E8600005CA881CDCDA7A781F9A8A7F9F9F9FF01ED000000,45.912,8E8600005CA881CDCDA7A781F9A8A7F9F9F9FF01ED000000,45.912,8E8600005CA881CDCDA7A781F9A8A7F9F9F9FF01ED000000,45.912,8E8600005CA881CDCDA7A781F9A8A7F9F9F9FF01ED000000,45.912,8E8600005CA881CDCDA7A781F9A8A7F9F9F9FF01ED000000,45.912,8E8600005CA881CDCDA7A781F9A8A7F9F9F9FF01ED000000,45.912,8E8600005CA881CDCDA7A781F9A8A7F9F9F9FF01ED000000,45.912,1,45.912,237,45.857,0,45.857,0000,45.798,8192,45.798,2000,45.798,2000,45.798,2000,45.798,2000,45.798,2000,45.798,2000,45.798,2000,45.798,2000,45.798,2000,45.798,2000,45.798,2000,45.798,2000,45.798,2000
45.983,45.912,14.200000000000001,45.912,8E8600005CA881CDCDA7A781F9A8A7F9F9F9FF01ED000000,45.912,8E8600005CA881CDCDA7A781F9A8A7F9F9F9FF01ED000000,45.912,8E8600005CA881CDCDA7A781F9A8A7F9F9F9FF01ED000000,45.912,8E8600005CA881CDCDA7A781F9A8A7F9F9F9FF01ED000000,45.912,8E8600005CA881CDCDA7A781F9A8A7F9F9F9FF01ED000000,45.912,8E8600005CA881CDCDA7A781F9A8A7F9F9F9FF01ED000000,45.912,8E8600005CA881CDCDA7A781F9A8A7F9F9F9FF01ED000000,45.912,8E8600005CA881CDCDA7A781F9A8A7F9F9F9FF01ED000000,45.912,8E8600005CA881CDCDA7A781F9A8A7F9F9F9FF01ED000000,45.912,8E8600005CA881CDCDA7A781F9A8A7F9F9F9FF01ED000000,45.912,8E8600005CA881CDCDA7A781F9A8A7F9F9F9FF01ED000000,45.912,8E8600005CA881CDCDA7A781F9A8A7F9F9F9FF01ED000000,45.912,8E8600005CA881CDCDA7A781F9A8A7F9F9F9FF01ED000000,45.912,8E8600005CA881CDCDA7A781F9A8A7F9F9F9FF01ED000000,45.912,1,45.912,237,45.942,0,45.942,0000,45.942,8192,45.942,2000,45.942,2000,45.942,2000,45.942,2000,45.942,2000,45.942,2000,45.942,2000,45.942,2000,45.942,2000,45.942,2000,45.942,2000,45.942,2000,45.942,2000
46.082,46.112,14.100000000000001,46.112,8D8500005CA881CDCDA7A781F9A8A7F9F9F9FF01ED000000,46.112,8D8500005CA881CDCDA7A781F9A8A7F9F9F9FF01ED000000,46.112,8D8500005CA881CDCDA7A781F9A8A7F9F9F9FF01ED000000,46.112,8D8500005CA881CDCDA7A781F9A8A7F9F9F9FF01ED000000,46.112,8D8500005CA881CDCDA7A781F9A8A7F9F9F9FF01ED000000,46.112,8D8500005CA881CDCDA7A781F9A8A7F9F9F9FF01ED000000,46.112,8D8500005CA881CDCDA7A781F9A8A7F9F9F9FF01ED000000,46.112,8D8500005CA881CDCDA7A781F9A8A7F9F9F9FF01ED000000,46.112,8D8500005CA881CDCDA7A781F9A8A7F9F9F9FF01ED000000,46.112,8D8500005CA881CDCDA7A781F9A8A7F9F9F9FF01ED000000,46.112,8D8500005CA881CDCDA7A781F9A8A7F9F9F9FF01ED000000,46.112,8D8500005CA881CDCDA7A781F9A8A7F9F9F9FF01ED000000,46.112,8D8500005CA881CDCDA7A781F9A8A7F9F9F9FF01ED000000,46.112,8D8500005CA881CDCDA7A781F9A8A7F9F9F9FF01ED000000,46.112,1,46.112,237,46.037,0,46.037,0000,46.037,8192,46.037,2000,46.037,2000,46.037,2000,46.037,2000,46.037,2000,46.037,2000,46.037,2000,46.037,2000,46.037,2000,46.037,2000,46.037,2000,46.037,2000,46.037,2000
46.183,46.112,14.100000000000001,46.112,8D8500005CA881CDCDA7A781F9A8A7F9F9F9FF01ED000000,46.112,8D8500005CA881CDCDA7A781F9A8A7F9F9F9FF01ED000000,46.112,8D8500005CA881CDCDA7A781F9A8A7F9F9F9FF01ED000000,46.112,8D8500005CA881CDCDA7A781F9A8A7F9F9F9FF01ED000000,46.112,8D8500005CA881CDCDA7A781F9A8A7F9F9F9FF01ED000000,46.112,8D8500005CA881CDCDA7A781F9A8A7F9F9F9FF01ED000000,46.112,8D8500005CA881CDCDA7A781F9A8A7F9F9F9FF01ED000000,46.112,8D8500005CA881CDCDA7A781F9A8A7F9F9F9FF01ED000000,46.112,8D8500005CA881CDCDA7A781F9A8A7F9F9F9FF01ED000000,46.112,8D8500005CA881CDCDA7A781F9A8A7F9F9F9FF01ED000000,46.112,8D8500005CA881CDCDA7A781F9A8A7F9F9F9FF01ED000000,46.112,8D8500005CA881CDCDA7A781F9A8A7F9F9F9FF01ED000000,46.112,8D8500005CA881CDCDA7A781F9A8A7F9F9F9FF01ED000000,46.112,8D8500005CA881CDCDA7A781F9A8A7F9F9F9FF01ED000000,46.112,1,46.112,237,46.136,0,46.136,0000,46.136,8192,46.136,2000,46.136,2000,46.136,2000,46.136,2000,46.136,2000,46.136,2000,46.136,2000,46.136,2000,46.136,2000,46.136,2000,46.136,2000,46.136,2000,46.136,2000
46.281,46.212,14.200000000000001,46.212,8E8600005CA881CDCDA7A881F9A8A7F9F9F9FF01ED000000,46.212,8E8600005CA881CDCDA7A881F9A8A7F9F9F9FF01ED000000,46.212,8E8600005CA881CDCDA7A881F9A8A7F9F9F9FF01ED000000,46.212,8E8600005CA881CDCDA7A881F9A8A7F9F9F9FF01ED000000,46.212,8E8600005CA881CDCDA7A881F9A8A7F9F9F9FF01ED000000,46.212,8E8600005CA881CDCDA7A881F9A8A7F9F9F9FF01ED000000,46.212,8E8600005CA881CDCDA7A881F9A8A7F9F9F9FF01ED000000,46.212,8E8600005CA881CDCDA7A881F9A8A7F9F9F9FF01ED000000,46.212,8E8600005CA881CDCDA7A881F9A8A7F9F9F9FF01ED000000,46.212,8E8600005CA881CDCDA7A881F9A8A7F9F9F9FF01ED000000,46.212,8E8600005CA881CDCDA7A881F9A8A7F9F9F9FF01ED000000,46.212,8E8600005CA881CDCDA7A881F9A8A7F9F9F9FF01ED000000,46.212,8E8600005CA881CDCDA7A881F9A8A7F9F9F9FF01ED000000,46.212,8E8600005CA881CDCDA7A881F9A8A7F9F9F9FF01ED000000,46.212,1,46.212,237,46.248,0,46.248,0000,46.297,8192,46.297,2000,46.297,2000,46.297,2000,46.297,2000,46.297,2000,46.297,2000,46.297,2000,46.297,2000,46.297,2000,46.297,2000,46.297,2000,46.297,2000,46.297,2000
46.381,46.343,14.200000000000001,46.343,8E8600005CA7808080A6A781F8A7A6F7F8F8FF01ED000000,46.343,8E8600005CA7808080A6A781F8A7A6F7F8F8FF01ED000000,46.343,8E8600005CA7808080A6A781F8A7A6F7F8F8FF01ED000000,46.343,8E8600005CA7808080A6A781F8A7A6F7F8F8FF01ED000000,46.343,8E8600005CA7808080A6A781F8A7A6F7F8F8FF01ED000000,46.343,8E8600005CA7808080A6A781F8A7A6F7F8F8FF01ED000000,46.343,8E8600005CA7808080A6A781F8A7A6F7F8F8FF01ED000000,46.343,8E8600005CA7808080A6A781F8A7A6F7F8F8FF01ED000000,46.343,8E8600005CA7808080A6A781F8A7A6F7F8F8FF01ED000000,46.343,8E8600005CA7808080A6A781F8A7A6F7F8F8FF01ED000000,46.343,8E8600005CA7808080A6A781F8A7A6F7F8F8FF01ED000000,46.343,8E8600005CA7808080A6A781F8A7A6F7F8F8FF01ED000000,46.343,8E8600005CA7808080A6A781F8A7A6F7F8F8FF01ED000000,46.343,8E8600005CA7808080A6A781F8A7A6F7F8F8FF01ED000000,46.343,1,46.343,237,46.378,0,46.378,0000,46.297,8192,46.297,2000,46.297,2000,46.297,2000,46.297,2000,46.297,2000,46.297,2000,46.297,2000,46.297,2000,46.297,2000,46.297,2000,46.297,2000,46.297,2000,46.297,2000
46.481,46.512,14.100000000000001,46.512,8D8500005CA8818181A7A881F9A8A7F9FAFAFF01ED000000,46.512,8D8500005CA8818181A7A881F9A8A7F9FAFAFF01ED000000,46.512,8D8500005CA8818181A7A881F9A8A7F9FAFAFF01ED000000,46.512,8D8500005CA8818181A7A881F9A8A7F9FAFAFF01ED000000,46.512,8D8500005CA8818181A7A881F9A8A7F9FAFAFF01ED000000,46.512,8D8500005CA8818181A7A881F9A8A7F9FAFAFF01ED000000,46.512,8D8500005CA8818181A7A881F9A8A7F9FAFAFF01ED000000,46.512,8D8500005CA8818181A7A881F9A8A7F9FAFAFF01ED000000,46.512,8D8500005CA8818181A7A881F9A8A7F9FAFAFF01ED000000,46.512,8D8500005CA8818181A7A881F9A8A7F9FAFAFF01ED000000,46.512,8D8500005CA8818181A7A881F9A8A7F9FAFAFF01ED000000,46.512,8D8500005CA8818181A7A881F9A8A7F9FAFAFF01ED000000,46.512,8D8500005CA8818181A7A881F9A8A7F9FAFAFF01ED000000,46.512,8D8500005CA8818181A7A881F9A8A7F9FAFAFF01ED000000,46.512,1,46.512,237,46.456,0,46.456,0000,46.456,8192,46.456,2000,46.456,2000,46.456,2000,46.456,2000,46.456,2000,46.456,2000,46.456,2000,46.456,2000,46.456,2000,46.456,2000,46.456,2000,46.456,2000,46.456,2000
46.583,46.512,14.100000000000001,46.512,8D8500005CA8818181A7A881F9A8A7F9FAFAFF01ED000000,46.512,8D8500005CA8818181A7A881F9A8A7F9FAFAFF01ED000000,46.512,8D8500005CA8818181A7A881F9A8A7F9FAFAFF01ED000000,46.512,8D8500005CA8818181A7A881F9A8A7F9FAFAFF01ED000000,46.512,8D8500005CA8818181A7A881F9A8A7F9FAFAFF01ED000000,46.512,8D8500005CA8818181A7A881F9A8A7F9FAFAFF01ED000000,46.512,8D8500005CA8818181A7A881F9A8A7F9FAFAFF01ED000000,46.512,8D8500005CA8818181A7A881F9A8A7F9FAFAFF01ED000000,46.512,8D8500005CA8818181A7A881F9A8A7F9FAFAFF01ED000000,46.512,8D8500005CA8818181A7A881F9A8A7F9FAFAFF01ED000000,46.512,8D8500005CA8818181A7A881F9A8A7F9FAFAFF01ED000000,46.512,8D8500005CA8818181A7A881F9A8A7F9FAFAFF01ED000000,46.512,8D8500005CA8818181A7A881F9A8A7F9FAFAFF01ED000000,46.512,8D8500005CA8818181A7A881F9A8A7F9FAFAFF01ED000000,46.512,1,46.512,237,46.527,0,46.527,0000,46.527,8192,46.527,2000,46.527,2000,46.527,2000,46.527,2000,46.527,2000,46.527,2000,46.527,2000,46.527,2000,46.527,2000,46.527,2000,46.527,2000,46.527,2000,46.527,2000
46.682,46.712,14.200000000000001,46.712,8E8600005CA8818080A7A781F9A8A7F8F9F9FF01ED000000,46.712,8E8600005CA8818080A7A781F9A8A7F8F9F9FF01ED000000,46.712,8E8600005CA8818080A7A781F9A8A7F8F9F9FF01ED000000,46.712,8E8600005CA8818080A7A781F9A8A7F8F9F9FF01ED000000,46.712,8E8600005CA8818080A7A781F9A8A7F8F9F9FF01ED000000,46.712,8E8600005CA8818080A7A781F9A8A7F8F9F9FF01ED000000,46.712,8E8600005CA8818080A7A781F9A8A7F8F9F9FF01ED000000,46.712,8E8600005CA8818080A7A781F9A8A7F8F9F9FF01ED000000,46.712,8E8600005CA8818080A7A781F9A8A7F8F9F9FF01ED000000,46.712,8E8600005CA8818080A7A781F9A8A7F8F9F9FF01ED000000,46.712,8E8600005CA8818080A7A781F9A8A7F8F9F9FF01ED000000,46.712,8E8600005CA8818080A7A781F9A8A7F8F9F9FF01ED000000,46.712,8E8600005CA8818080A7A781F9A8A7F8F9F9FF01ED000000,46.712,8E8600005CA8818080A7A781F9A8A7F8F9F9FF01ED000000,46.712,1,46.712,237,46.647,0,46.647,0000,46.647,8192,46.647,2000,46.647,2000,46.647,2000,46.647,2000,46.647,2000,46.647,2000,46.647,2000,46.647,2000,46.647,2000,46.647,2000,46.647,2000,46.647,2000,46.647,2000
46.781,46.712,14.200000000000001,46.712,8E8600005CA8818080A7A781F9A8A7F8F9F9FF01ED000000,46.712,8E8600005CA8818080A7A781F9A8A7F8F9F9FF01ED000000,46.712,8E8600005CA8818080A7A781F9A8A7F8F9F9FF01ED000000,46.712,8E8600005CA8818080A7A781F9A8A7F8F9F9FF01ED000000,46.712,8E8600005CA8818080A7A781F9A8A7F8F9F9FF01ED000000,46.712,8E8600005CA8818080A7A781F9A8A7F8F9F9FF01ED000000,46.712,8E8600005CA8818080A7A781F9A8A7F8F9F9FF01ED000000,46.712,8E8600005CA8818080A7A781F9A8A7F8F9F9FF01ED000000,46.712,8E8600005CA8818080A7A781F9A8A7F8F9F9FF01ED000000,46.712,8E8600005CA8818080A7A781F9A8A7F8F9F9FF01ED000000,46.712,8E8600005CA8818080A7A781F9A8A7F8F9F9FF01ED000000,46.712,8E8600005CA8818080A7A781F9A8A7F8F9F9FF01ED000000,46.712,8E8600005CA8818080A7A781F9A8A7F8F9F9FF01ED000000,46.712,8E8600005CA8818080A7A781F9A8A7F8F9F9FF01ED000000,46.712,1,46.712,237,46.748,0,46.748,0000,46.802,8192,46.802,2000,46.802,2000,46.802,2000,46.802,2000,46.802,2000,46.802,2000,46.802,2000,46.802,2000,46.802,2000,46.802,2000,46.802,2000,46.802,2000,46.802,2000
46.882,46.842,14.100000000000001,46.842,8D8500005CA881CDCDA7A781F9A8A7F9F9F9FF01ED000000,46.842,8D8500005CA881CDCDA7A781F9A8A7F9F9F9FF01ED000000,46.842,8D8500005CA881CDCDA7A781F9A8A7F9F9F9FF01ED000000,46.842,8D8500005CA881CDCDA7A781F9A8A7F9F9F9FF01ED000000,46.842,8D8500005CA881CDCDA7A781F9A8A7F9F9F9FF01ED000000,46.842,8D8500005CA881CDCDA7A781F9A8A7F9F9F9FF01ED000000,46.842,8D8500005CA881CDCDA7A781F9A8A7F9F9F9FF01ED000000,46.842,8D8500005CA881CDCDA7A781F9A8A7F9F9F9FF01ED000000,46.842,8D8500005CA881CDCDA7A781F9A8A7F9F9F9FF01ED000000,46.842,8D8500005CA881CDCDA7A781F9A8A7F9F9F9FF01ED000000,46.842,8D8500005CA881CDCDA7A781F9A8A7F9F9F9FF01ED000000,46.842,8D8500005CA881CDCDA7A781F9A8A7F9F9F9FF01ED000000,46.842,8D8500005CA881CDCDA7A781F9A8A7F9F9F9FF01ED000000,46.842,8D8500005CA881CDCDA7A781F9A8A7F9F9F9FF01ED000000,46.842,1,46.842,237,46.857,0,46.857,0000,46.802,8192,46.802,2000,46.802,2000,46.802,2000,46.802,2000,46.802,2000,46.802,2000,46.802,2000,46.802,2000,46.802,2000,46.802,2000,46.802,2000,46.802,2000,46.802,2000
46.982,47.012,14.100000000000001,47.012,8D8500005CA881CDCDA7A781F9A8A7F9F9F9FF01ED000000,47.012,8D8500005CA881CDCDA7A781F9A8A7F9F9F9FF01ED000000,47.012,8D8500005CA881CDCDA7A781F9A8A7F9F9F9FF01ED000000,47.012,8D8500005CA881CDCDA7A781F9A8A7F9F9F9FF01ED000000,47.012,8D8500005CA881CDCDA7A781F9A8A7F9F9F9FF01ED000000,47.012,8D8500005CA881CDCDA7A781F9A8A7F9F9F9FF01ED000000,47.012,8D8500005CA881CDCDA7A781F9A8A7F9F9F9FF01ED000000,47.012,8D8500005CA881CDCDA7A781F9A8A7F9F9F9FF01ED000000,47.012,8D8500005CA881CDCDA7A781F9A8A7F9F9F9FF01ED000000,47.012,8D8500005CA881CDCDA7A781F9A8A7F9F9F9FF01ED000000,47.012,8D8500005CA881CDCDA7A781F9A8A7F9F9F9FF01ED000000,47.012,8D8500005CA881CDCDA7A781F9A8A7F9F9F9FF01ED000000,47.012,8D8500005CA881CDCDA7A781F9A8A7F9F9F9FF01ED000000,47.012,8D8500005CA881CDCDA7A781F9A8A7F9F9F9FF01ED000000,47.012,1,47.012,237,46.927,0,46.927,0000,46.927,8192,46.927,2000,46.927,2000,46.927,2000,46.927,2000,46.927,2000,46.927,2000,46.927,2000,46.927,2000,46.927,2000,46.927,2000,46.927,2000,46.927,2000,46.927,2000
47.081,47.112,14.100000000000001,47.112,8D8500005CA881CDCDA7A781F9A8A7F8F9F9FF01ED000000,47.112,8D8500005CA881CDCDA7A781F9A8A7F8F9F9FF01ED000000,47.112,8D8500005CA881CDCDA7A781F9A8A7F8F9F9FF01ED000000,47.112,8D8500005CA881CDCDA7A781F9A8A7F8F9F9FF01ED000000,47.112,8D8500005CA881CDCDA7A781F9A8A7F8F9F9FF01ED000000,47.112,8D8500005CA881CDCDA7A781F9A8A7F8F9F9FF01ED000000,47.112,8D8500005CA881CDCDA7A781F9A8A7F8F9F9FF01ED000000,47.112,8D8500005CA881CDCDA7A781F9A8A7F8F9F9FF01ED000000,47.112,8D8500005CA881CDCDA7A781F9A8A7F8F9F9FF01ED000000,47.112,8D8500005CA881CDCDA7A781F9A8A7F8F9F9FF01ED000000,47.112,8D8500005CA881CDCDA7A781F9A8A7F8F9F9FF01ED000000,47.112,8D8500005CA881CDCDA7A781F9A8A7F8F9F9FF01ED000000,47.112,8D8500005CA881CDCDA7A781F9A8A7F8F9F9FF01ED000000,47.112,8D8500005CA881CDCDA7A781F9A8A7F8F9F9FF01ED000000,47.112,1,47.112,237,47.027,0,47.027,0000,47.027,8192,47.027,2000,47.027,2000,47.027,2000,47.027,2000,47.027,2000,47.027,2000,47.027,2000,47.027,2000,47.027,2000,47.027,2000,47.027,2000,47.027,2000,47.027,2000
47.183,47.112,14.100000000000001,47.112,8D8500005CA881CDCDA7A781F9A8A7F8F9F9FF01ED000000,47.112,8D8500005CA881CDCDA7A781F9A8A7F8F9F9FF01ED000000,47.112,8D8500005CA881CDCDA7A781F9A8A7F8F9F9FF01ED000000,47.112,8D8500005CA881CDCDA7A781F9A8A7F8F9F9FF01ED000000,47.112,8D8500005CA881CDCDA7A781F9A8A7F8F9F9FF01ED000000,47.112,8D8500005CA881CDCDA7A781F9A8A7F8F9F9FF01ED000000,47.112,8D8500005CA881CDCDA7A781F9A8A7F8F9F9FF01ED000000,47.112,8D8500005CA881CDCDA7A781F9A8A7F8F9F9FF01ED000000,47.112,8D8500005CA881CDCDA7A781F9A8A7F8F9F9FF01ED000000,47.112,8D8500005CA881CDCDA7A781F9A8A7F8F9F9FF01ED000000,47.112,8D8500005CA881CDCDA7A781F9A8A7F8F9F9FF01ED000000,47.112,8D8500005CA881CDCDA7A781F9A8A7F8F9F9FF01ED000000,47.112,8D8500005CA881CDCDA7A781F9A8A7F8F9F9FF01ED000000,47.112,8D8500005CA881CDCDA7A781F9A8A7F8F9F9FF01ED000000,47.112,1,47.112,237,47.127,0,47.127,0000,47.127,8192,47.127,2000,47.127,2000,47.127,2000,47.127,2000,47.127,2000,47.127,2000,47.127,2000,47.127,2000,47.127,2000,47.127,2000,47.127,2000,47.127,2000,47.127,2000
47.280,47.224,14.100000000000001,47.224,8D8500005CA881CDCDA7A781F9A8A7F9F9F9FF01ED000000,47.224,8D8500005CA881CDCDA7A781F9A8A7F9F9F9FF01ED000000,47.224,8D8500005CA881CDCDA7A781F9A8A7F9F9F9FF01ED000000,47.224,8D8500005CA881CDCDA7A781F9A8A7F9F9F9FF01ED000000,47.224,8D8500005CA881CDCDA7A781F9A8A7F9F9F9FF01ED000000,47.224,8D8500005CA881CDCDA7A781F9A8A7F9F9F9FF01ED000000,47.224,8D8500005CA881CDCDA7A781F9A8A7F9F9F9FF01ED000000,47.224,8D8500005CA881CDCDA7A781F9A8A7F9F9F9FF01ED000000,47.224,8D8500005CA881CDCDA7A781F9A8A7F9F9F9FF01ED000000,47.224,8D8500005CA881CDCDA7A781F9A8A7F9F9F9FF01ED000000,47.224,8D8500005CA881CDCDA7A781F9A8A7F9F9F9FF01ED000000,47.224,8D8500005CA881CDCDA7A781F9A8A7F9F9F9FF01ED000000,47.224,8D8500005CA881CDCDA7A781F9A8A7F9F9F9FF01ED000000,47.224,8D8500005CA881CDCDA7A781F9A8A7F9F9F9FF01ED000000,47.224,1,47.224,237,47.248,0,47.248,0000,47.298,8192,47.298,2000,47.298,2000,47.298,2000,47.298,2000,47.298,2000,47.298,2000,47.298,2000,47.298,2000,47.298,2000,47.298,2000,47.298,2000,47.298,2000,47.298,2000
47.382,47.412,14.100000000000001,47.412,8D8500005CA881CDCDA7A781F9A8A7F9F9F9FF01ED000000,47.412,8D8500005CA881CDCDA7A781F9A8A7F9F9F9FF01ED000000,47.412,8D8500005CA881CDCDA7A781F9A8A7F9F9F9FF01ED000000,47.412,8D8500005CA881CDCDA7A781F9A8A7F9F9F9FF01ED000000,47.412,8D8500005CA881CDCDA7A781F9A8A7F9F9F9FF01ED000000,47.412,8D8500005CA881CDCDA7A781F9A8A7F9F9F9FF01ED000000,47.412,8D8500005CA881CDCDA7A781F9A8A7F9F9F9FF01ED000000,47.412,8D8500005CA881CDCDA7A781F9A8A7F9F9F9FF01ED000000,47.412,8D8500005CA881CDCDA7A781F9A8A7F9F9F9FF01ED000000,47.412,8D8500005CA881CDCDA7A781F9A8A7F9F9F9FF01ED000000,47.412,8D8500005CA881CDCDA7A781F9A8A7F9F9F9FF01ED000000,47.412,8D8500005CA881CDCDA7A781F9A8A7F9F9F9FF01ED000000,47.412,8D8500005CA881CDCDA7A781F9A8A7F9F9F9FF01ED000000,47.412,8D8500005CA881CDCDA7A781F9A8A7F9F9F9FF01ED000000,47.412,1,47.412,237,47.357,0,47.357,0000,47.298,8192,47.298,2000,47.298,2000,47.298,2000,47.298,2000,47.298,2000,47.298,2000,47.298,2000,47.298,2000,47.298,2000,47.298,2000,47.298,2000,47.298,2000,47.298,2000
47.480,47.412,14.100000000000001,47.412,8D8500005CA881CDCDA7A781F9A8A7F9F9F9FF01ED000000,47.412,8D8500005CA881CDCDA7A781F9A8A7F9F9F9FF01ED000000,47.412,8D8500005CA881CDCDA7A781F9A8A7F9F9F9FF01ED000000,47.412,8D8500005CA881CDCDA7A781F9A8A7F9F9F9FF01ED000000,47.412,8D8500005CA881CDCDA7A781F9A8A7F9F9F9FF01ED000000,47.412,8D8500005CA881CDCDA7A781F9A8A7F9F9F9FF01ED000000,47.412,8D8500005CA881CDCDA7A781F9A8A7F9F9F9FF01ED000000,47.412,8D8500005CA881CDCDA7A781F9A8A7F9F9F9FF01ED000000,47.412,8D8500005CA881CDCDA7A781F9A8A7F9F9F9FF01ED000000,47.412,8D8500005CA881CDCDA7A781F9A8A7F9F9F9FF01ED000000,47.412,8D8500005CA881CDCDA7A781F9A8A7F9F9F9FF01ED000000,47.412,8D8500005CA881CDCDA7A781F9A8A7F9F9F9FF01ED000000,47.412,8D8500005CA881CDCDA7A781F9A8A7F9F9F9FF01ED000000,47.412,8D8500005CA881CDCDA7A781F9A8A7F9F9F9FF01ED000000,47.412,1,47.412,237,47.440,0,47.440,0000,47.440,8192,47.440,2000,47.440,2000,47.440,2000,47.440,2000,47.440,2000,47.440,2000,47.440,2000,47.440,2000,47.440,2000,47.440,2000,47.440,2000,47.440,2000,47.440,2000
47.582,47.612,14.200000000000001,47.612,8E8600005BA881CDCDA7A781F9A8A7F9F9F9FF01ED000000,47.612,8E8600005BA881CDCDA7A781F9A8A7F9F9F9FF01ED000000,47.612,8E8600005BA881CDCDA7A781F9A8A7F9F9F9FF01ED000000,47.612,8E8600005BA881CDCDA7A781F9A8A7F9F9F9FF01ED000000,47.612,8E8600005BA881CDCDA7A781F9A8A7F9F9F9FF01ED000000,47.612,8E8600005BA881CDCDA7A781F9A8A7F9F9F9FF01ED000000,47.612,8E8600005BA881CDCDA7A781F9A8A7F9F9F9FF01ED000000,47.612,8E8600005BA881CDCDA7A781F9A8A7F9F9F9FF01ED000000,47.612,8E8600005BA881CDCDA7A781F9A8A7F9F9F9FF01ED000000,47.612,8E8600005BA881CDCDA7A781F9A8A7F9F9F9FF01ED000000,47.612,8E8600005BA881CDCDA7A781F9A8A7F9F9F9FF01ED000000,47.612,8E8600005BA881CDCDA7A781F9A8A7F9F9F9FF01ED000000,47.612,8E8600005BA881CDCDA7A781F9A8A7F9F9F9FF01ED000000,47.612,8E8600005BA881CDCDA7A781F9A8A7F9F9F9FF01ED000000,47.612,1,47.612,237,47.537,0,47.537,0000,47.537,8192,47.537,2000,47.537,2000,47.537,2000,47.537,2000,47.537,2000,47.537,2000,47.537,2000,47.537,2000,47.537,2000,47.537,2000,47.537,2000,47.537,2000,47.537,2000
47.681,47.712,14.200000000000001,47.712,8E8600005BA880CDCDA6A781F9A8A6F8F8F8FF01ED000000,47.712,8E8600005BA880CDCDA6A781F9A8A6F8F8F8FF01ED000000,47.712,8E8600005BA880CDCDA6A781F9A8A6F8F8F8FF01ED000000,47.712,8E8600005BA880CDCDA6A781F9A8A6F8F8F8FF01ED000000,47.712,8E8600005BA880CDCDA6A781F9A8A6F8F8F8FF01ED000000,47.712,8E8600005BA880CDCDA6A781F9A8A6F8F8F8FF01ED000000,47.712,8E8600005BA880CDCDA6A781F9A8A6F8F8F8FF01ED000000,47.712,8E8600005BA880CDCDA6A781F9A8A6F8F8F8FF01ED000000,47.712,8E8600005BA880CDCDA6A781F9A8A6F8F8F8FF01ED000000,47.712,8E8600005BA880CDCDA6A781F9A8A6F8F8F8FF01ED000000,47.712,8E8600005BA880CDCDA6A781F9A8A6F8F8F8FF01ED000000,47.712,8E8600005BA880CDCDA6A781F9A8A6F8F8F8FF01ED000000,47.712,8E8600005BA880CDCDA6A781F9A8A6F8F8F8FF01ED000000,47.712,8E8600005BA880CDCDA6A781F9A8A6F8F8F8FF01ED000000,47.712,1,47.712,237,47.627,0,47.627,0000,47.627,8192,47.627,2000,47.627,2000,47.627,2000,47.627,2000,47.627,2000,47.627,2000,47.627,2000,47.627,2000,47.627,2000,47.627,2000,47.627,2000,47.627,2000,47.627,2000
47.781,47.712,14.200000000000001,47.712,8E8600005BA880CDCDA6A781F9A8A6F8F8F8FF01ED000000,47.712,8E8600005BA880CDCDA6A781F9A8A6F8F8F8FF01ED000000,47.712,8E8600005BA880CDCDA6A781F9A8A6F8F8F8FF01ED000000,47.712,8E8600005BA880CDCDA6A781F9A8A6F8F8F8FF01ED000000,47.712,8E8600005BA880CDCDA6A781F9A8A6F8F8F8FF01ED000000,47.712,8E8600005BA880CDCDA6A781F9A8A6F8F8F8FF01ED000000,47.712,8E8600005BA880CDCDA6A781F9A8A6F8F8F8FF01ED000000,47.712,8E8600005BA880CDCDA6A781F9A8A6F8F8F8FF01ED000000,47.712,8E8600005BA880CDCDA6A781F9A8A6F8F8F8FF01ED000000,47.712,8E8600005BA880CDCDA6A781F9A8A6F8F8F8FF01ED000000,47.712,8E8600005BA880CDCDA6A781F9A8A6F8F8F8FF01ED000000,47.712,8E8600005BA880CDCDA6A781F9A8A6F8F8F8FF01ED000000,47.712,8E8600005BA880CDCDA6A781F9A8A6F8F8F8FF01ED000000,47.712,8E8600005BA880CDCDA6A781F9A8A6F8F8F8FF01ED000000,47.712,1,47.712,237,47.738,0,47.738,0000,47.797,8192,47.797,2000,47.797,2000,47.797,2000,47.797,2000,47.797,2000,47.797,2000,47.797,2000,47.797,2000,47.797,2000,47.797,2000,47.797,2000,47.797,2000,47.797,2000
47.882,47.842,14.100000000000001,47.842,8D8500005CA881CDCDA7A881F9A8A7F9F9F9FF01ED000000,47.842,8D8500005CA881CDCDA7A881F9A8A7F9F9F9FF01ED000000,47.842,8D8500005CA881CDCDA7A881F9A8A7F9F9F9FF01ED000000,47.842,8D8500005CA881CDCDA7A881F9A8A7F9F9F9FF01ED000000,47.842,8D8500005CA881CDCDA7A881F9A8A7F9F9F9FF01ED000000,47.842,8D8500005CA881CDCDA7A881F9A8A7F9F9F9FF01ED000000,47.842,8D8500005CA881CDCDA7A881F9A8A7F9F9F9FF01ED000000,47.842,8D8500005CA881CDCDA7A881F9A8A7F9F9F9FF01ED000000,47.842,8D8500005CA881CDCDA7A881F9A8A7F9F9F9FF01ED000000,47.842,8D8500005CA881CDCDA7A881F9A8A7F9F9F9FF01ED000000,47.842,8D8500005CA881CDCDA7A881F9A8A7F9F9F9FF01ED000000,47.842,8D8500005CA881CDCDA7A881F9A8A7F9F9F9FF01ED000000,47.842,8D8500005CA881CDCDA7A881F9A8A7F9F9F9FF01ED000000,47.842,8D8500005CA881CDCDA7A881F9A8A7F9F9F9FF01ED000000,47.842,1,47.842,237,47.879,0,47.879,0000,47.797,8192,47.797,2000,47.797,2000,47.797,2000,47.797,2000,47.797,2000,47.797,2000,47.797,2000,47.797,2000,47.797,2000,47.797,2000,47.797,2000,47.797,2000,47.797,2000
47.984,47.932,14.100000000000001,47.932,8D8500005CA881CECEA7A881F9A8A7F9F9F9FF01ED000000,47.932,8D8500005CA881CECEA7A881F9A8A7F9F9F9FF01ED000000,47.932,8D8500005CA881CECEA7A881F9A8A7F9F9F9FF01ED000000,47.932,8D8500005CA881CECEA7A881F9A8A7F9F9F9FF01ED000000,47.932,8D8500005CA881CECEA7A881F9A8A7F9F9F9FF01ED000000,47.932,8D8500005CA881CECEA7A881F9A8A7F9F9F9FF01ED000000,47.932,8D8500005CA881CECEA7A881F9A8A7F9F9F9FF01ED000000,47.932,8D8500005CA881CECEA7A881F9A8A7F9F9F9FF01ED000000,47.932,8D8500005CA881CECEA7A881F9A8A7F9F9F9FF01ED000000,47.932,8D8500005CA881CECEA7A881F9A8A7F9F9F9FF01ED000000,47.932,8D8500005CA881CECEA7A881F9A8A7F9F9F9FF01ED000000,47.932,8D8500005CA881CECEA7A881F9A8A7F9F9F9FF01ED000000,47.932,8D8500005CA881CECEA7A881F9A8A7F9F9F9FF01ED000000,47.932,8D8500005CA881CECEA7A881F9A8A7F9F9F9FF01ED000000,47.932,1,47.932,237,47.958,0,47.958,0000,47.958,8192,47.958,2000,47.958,2000,47.958,2000,47.958,2000,47.958,2000,47.958,2000,47.958,2000,47.958,2000,47.958,2000,47.958,2000,47.958,2000,47.958,2000,47.958,2000
48.083,48.023,14.100000000000001,48.023,8D8500005CA881CECEA7A881F9A8A7F9FAFAFF01EE000000,48.023,8D8500005CA881CECEA7A881F9A8A7F9FAFAFF01EE000000,48.023,8D8500005CA881CECEA7A881F9A8A7F9FAFAFF01EE000000,48.023,8D8500005CA881CECEA7A881F9A8A7F9FAFAFF01EE000000,48.023,8D8500005CA881CECEA7A881F9A8A7F9FAFAFF01EE000000,48.023,8D8500005CA881CECEA7A881F9A8A7F9FAFAFF01EE000000,48.023,8D8500005CA881CECEA7A881F9A8A7F9FAFAFF01EE000000,48.023,8D8500005CA881CECEA7A881F9A8A7F9FAFAFF01EE000000,48.023,8D8500005CA881CECEA7A881F9A8A7F9FAFAFF01EE000000,48.023,8D8500005CA881CECEA7A881F9A8A7F9FAFAFF01EE000000,48.023,8D8500005CA881CECEA7A881F9A8A7F9FAFAFF01EE000000,48.023,8D8500005CA881CECEA7A881F9A8A7F9FAFAFF01EE000000,48.023,8D8500005CA881CECEA7A881F9A8A7F9FAFAFF01EE000000,48.023,8D8500005CA881CECEA7A881F9A8A7F9FAFAFF01EE000000,48.023,1,48.023,238,48.047,0,48.047,0000,48.047,8192,48.047,2000,48.047,2000,48.047,2000,48.047,2000,48.047,2000,48.047,2000,48.047,2000,48.047,2000,48.047,2000,48.047,2000,48.047,2000,48.047,2000,48.047,2000
48.182,48.212,14.200000000000001,48.212,8E8600005BA880CDCD5BA780F9A75BF9F9F9FCFCED000000,48.212,8E8600005BA880CDCD5BA780F9A75BF9F9F9FCFCED000000,48.212,8E8600005BA880CDCD5BA780F9A75BF9F9F9FCFCED000000,48.212,8E8600005BA880CDCD5BA780F9A75BF9F9F9FCFCED000000,48.212,8E8600005BA880CDCD5BA780F9A75BF9F9F9FCFCED000000,48.212,8E8600005BA880CDCD5BA780F9A75BF9F9F9FCFCED000000,48.212,8E8600005BA880CDCD5BA780F9A75BF9F9F9FCFCED000000,48.212,8E8600005BA880CDCD5BA780F9A75BF9F9F9FCFCED000000,48.212,8E8600005BA880CDCD5BA780F9A75BF9F9F9FCFCED000000,48.212,8E8600005BA880CDCD5BA780F9A75BF9F9F9FCFCED000000,48.212,8E8600005BA880CDCD5BA780F9A75BF9F9F9FCFCED000000,48.212,8E8600005BA880CDCD5BA780F9A75BF9F9F9FCFCED000000,48.212,8E8600005BA880CDCD5BA780F9A75BF9F9F9FCFCED000000,48.212,8E8600005BA880CDCD5BA780F9A75BF9F9F9FCFCED000000,48.212,252,48.212,237,48.137,0,48.137,0000,48.137,8192,48.137,2000,48.137,2000,48.137,2000,48.137,2000,48.137,2000,48.137,2000,48.137,2000,48.137,2000,48.137,2000,48.137,2000,48.137,2000,48.137,2000,48.137,2000
48.282,48.212,14.200000000000001,48.212,8E8600005BA880CDCD5BA780F9A75BF9F9F9FCFCED000000,48.212,8E8600005BA880CDCD5BA780F9A75BF9F9F9FCFCED000000,48.212,8E8600005BA880CDCD5BA780F9A75BF9F9F9FCFCED000000,48.212,8E8600005BA880CDCD5BA780F9A75BF9F9F9FCFCED000000,48.212,8E8600005BA880CDCD5BA780F9A75BF9F9F9FCFCED000000,48.212,8E8600005BA880CDCD5BA780F9A75BF9F9F9FCFCED000000,48.212,8E8600005BA880CDCD5BA780F9A75BF9F9F9FCFCED000000,48.212,8E8600005BA880CDCD5BA780F9A75BF9F9F9FCFCED000000,48.212,8E8600005BA880CDCD5BA780F9A75BF9F9F9FCFCED000000,48.212,8E8600005BA880CDCD5BA780F9A75BF9F9F9FCFCED000000,48.212,8E8600005BA880CDCD5BA780F9A75BF9F9F9FCFCED000000,48.212,8E8600005BA880CDCD5BA780F9A75BF9F9F9FCFCED000000,48.212,8E8600005BA880CDCD5BA780F9A75BF9F9F9FCFCED000000,48.212,8E8600005BA880CDCD5BA780F9A75BF9F9F9FCFCED000000,48.212,252,48.212,237,48.237,0,48.237,0002,48.237,12545,48.237,3101,48.237,3101,48.237,3101,48.237,3101,48.237,3101,48.237,3101,48.237,3101,48.237,3101,48.237,3101,48.237,3101,48.237,3101,48.237,3101,48.237,3101
48.381,48.362,14.100000000000001,48.362,8D8500005CA881CDCD5BA881F9A85BF9F9F9FCFCED000000,48.362,8D8500005CA881CDCD5BA881F9A85BF9F9F9FCFCED000000,48.362,8D8500005CA881CDCD5BA881F9A85BF9F9F9FCFCED000000,48.362,8D8500005CA881CDCD5BA881F9A85BF9F9F9FCFCED000000,48.362,8D8500005CA881CDCD5BA881F9A85BF9F9F9FCFCED000000,48.362,8D8500005CA881CDCD5BA881F9A85BF9F9F9FCFCED000000,48.362,8D8500005CA881CDCD5BA881F9A85BF9F9F9FCFCED000000,48.362,8D8500005CA881CDCD5BA881F9A85BF9F9F9FCFCED000000,48.362,8D8500005CA881CDCD5BA881F9A85BF9F9F9FCFCED000000,48.362,8D8500005CA881CDCD5BA881F9A85BF9F9F9FCFCED000000,48.362,8D8500005CA881CDCD5BA881F9A85BF9F9F9FCFCED000000,48.362,8D8500005CA881CDCD5BA881F9A85BF9F9F9FCFCED000000,48.362,8D8500005CA881CDCD5BA881F9A85BF9F9F9FCFCED000000,48.362,8D8500005CA881CDCD5BA881F9A85BF9F9F9FCFCED000000,48.362,252,48.362,237,48.385,0,48.385,0002,48.385,12545,48.385,3101,48.385,3101,48.385,3101,48.385,3101,48.385,3101,48.385,3101,48.385,3101,48.385,3101,48.385,3101,48.385,3101,48.385,3101,48.385,3101,48.385,3101
48.482,48.516,14.200000000000001,48.516,8E8600005CA881CDCD5BA781F9A85BF9F9F9FCFCED000000,48.516,8E8600005CA881CDCD5BA781F9A85BF9F9F9FCFCED000000,48.516,8E8600005CA881CDCD5BA781F9A85BF9F9F9FCFCED000000,48.516,8E8600005CA881CDCD5BA781F9A85BF9F9F9FCFCED000000,48.516,8E8600005CA881CDCD5BA781F9A85BF9F9F9FCFCED000000,48.516,8E8600005CA881CDCD5BA781F9A85BF9F9F9FCFCED000000,48.516,8E8600005CA881CDCD5BA781F9A85BF9F9F9FCFCED000000,48.516,8E8600005CA881CDCD5BA781F9A85BF9F9F9FCFCED000000,48.516,8E8600005CA881CDCD5BA781F9A85BF9F9F9FCFCED000000,48.516,8E8600005CA881CDCD5BA781F9A85BF9F9F9FCFCED000000,48.516,8E8600005CA881CDCD5BA781F9A85BF9F9F9FCFCED000000,48.516,8E8600005CA881CDCD5BA781F9A85BF9F9F9FCFCED000000,48.516,8E8600005CA881CDCD5BA781F9A85BF9F9F9FCFCED000000,48.516,8E8600005CA881CDCD5BA781F9A85BF9F9F9FCFCED000000,48.516,252,48.516,237,48.456,0,48.456,0002,48.385,12545,48.385,3101,48.385,3101,48.385,3101,48.385,3101,48.385,3101,48.385,3101,48.385,3101,48.385,3101,48.385,3101,48.385,3101,48.385,3101,48.385,3101,48.385,3101
48.583,48.516,14.200000000000001,48.516,8E8600005CA881CDCD5BA781F9A85BF9F9F9FCFCED000000,48.516,8E8600005CA881CDCD5BA781F9A85BF9F9F9FCFCED000000,48.516,8E8600005CA881CDCD5BA781F9A85BF9F9F9FCFCED000000,48.516,8E8600005CA881CDCD5BA781F9A85BF9F9F9FCFCED000000,48.516,8E8600005CA881CDCD5BA781F9A85BF9F9F9FCFCED000000,48.516,8E8600005CA881CDCD5BA781F9A85BF9F9F9FCFCED000000,48.516,8E8600005CA881CDCD5BA781F9A85BF9F9F9FCFCED000000,48.516,8E8600005CA881CDCD5BA781F9A85BF9F9F9FCFCED000000,48.516,8E8600005CA881CDCD5BA781F9A85BF9F9F9FCFCED000000,48.516,8E8600005CA881CDCD5BA781F9A85BF9F9F9FCFCED000000,48.516,8E8600005CA881CDCD5BA781F9A85BF9F9F9FCFCED000000,48.516,8E8600005CA881CDCD5BA781F9A85BF9F9F9FCFCED000000,48.516,8E8600005CA881CDCD5BA781F9A85BF9F9F9FCFCED000000,48.516,8E8600005CA881CDCD5BA781F9A85BF9F9F9FCFCED000000,48.516,252,48.516,237,48.527,0,48.527,0002,48.527,12545,48.527,3101,48.527,3101,48.527,3101,48.527,3101,48.527,3101,48.527,3101,48.527,3101,48.527,3101,48.527,3101,48.527,3101,48.527,3101,48.527,3101,48.527,3101
48.683,48.612,14.100000000000001,48.612,8D8500005BA881CDCD5BA781F9A85BF9F9F9FCFCED000000,48.612,8D8500005BA881CDCD5BA781F9A85BF9F9F9FCFCED000000,48.612,8D8500005BA881CDCD5BA781F9A85BF9F9F9FCFCED000000,48.612,8D8500005BA881CDCD5BA781F9A85BF9F9F9FCFCED000000,48.612,8D8500005BA881CDCD5BA781F9A85BF9F9F9FCFCED000000,48.612,8D8500005BA881CDCD5BA781F9A85BF9F9F9FCFCED000000,48.612,8D8500005BA881CDCD5BA781F9A85BF9F9F9FCFCED000000,48.612,8D8500005BA881CDCD5BA781F9A85BF9F9F9FCFCED000000,48.612,8D8500005BA881CDCD5BA781F9A85BF9F9F9FCFCED000000,48.612,8D8500005BA881CDCD5BA781F9A85BF9F9F9FCFCED000000,48.612,8D8500005BA881CDCD5BA781F9A85BF9F9F9FCFCED000000,48.612,8D8500005BA881CDCD5BA781F9A85BF9F9F9FCFCED000000,48.612,8D8500005BA881CDCD5BA781F9A85BF9F9F9FCFCED000000,48.612,8D8500005BA881CDCD5BA781F9A85BF9F9F9FCFCED000000,48.612,252,48.612,237,48.636,0,48.636,0002,48.636,12545,48.636,3101,48.636,3101,48.636,3101,48.636,3101,48.636,3101,48.636,3101,48.636,3101,48.636,3101,48.636,3101,48.636,3101,48.636,3101,48.636,3101,48.636,3101
48.780,48.712,14.100000000000001,48.712,8D8500005BA880CCCC5BA781F8A85BF8F8F8FCFCED000000,48.712,8D8500005BA880CCCC5BA781F8A85BF8F8F8FCFCED000000,48.712,8D8500005BA880CCCC5BA781F8A85BF8F8F8FCFCED000000,48.712,8D8500005BA880CCCC5BA781F8A85BF8F8F8FCFCED000000,48.712,8D8500005BA880CCCC5BA781F8A85BF8F8F8FCFCED000000,48.712,8D8500005BA880CCCC5BA781F8A85BF8F8F8FCFCED000000,48.712,8D8500005BA880CCCC5BA781F8A85BF8F8F8FCFCED000000,48.712,8D8500005BA880CCCC5BA781F8A85BF8F8F8FCFCED000000,48.712,8D8500005BA880CCCC5BA781F8A85BF8F8F8FCFCED000000,48.712,8D8500005BA880CCCC5BA781F8A85BF8F8F8FCFCED000000,48.712,8D8500005BA880CCCC5BA781F8A85BF8F8F8FCFCED000000,48.712,8D8500005BA880CCCC5BA781F8A85BF8F8F8FCFCED000000,48.712,8D8500005BA880CCCC5BA781F8A85BF8F8F8FCFCED000000,48.712,8D8500005BA880CCCC5BA781F8A85BF8F8F8FCFCED000000,48.712,252,48.712,237,48.748,0,48.748,0002,48.797,12545,48.797,3101,48.797,3101,48.797,3101,48.797,3101,48.797,3101,48.797,3101,48.797,3101,48.797,3101,48.797,3101,48.797,3101,48.797,3101,48.797,3101,48.797,3101
48.881,48.843,14.100000000000001,48.843,8D8500005BA881CCCC5BA781F8A85BF8F8F8FCFCED000000,48.843,8D8500005BA881CCCC5BA781F8A85BF8F8F8FCFCED000000,48.843,8D8500005BA881CCCC5BA781F8A85BF8F8F8FCFCED000000,48.843,8D8500005BA881CCCC5BA781F8A85BF8F8F8FCFCED000000,48.843,8D8500005BA881CCCC5BA781F8A85BF8F8F8FCFCED000000,48.843,8D8500005BA881CCCC5BA781F8A85BF8F8F8FCFCED000000,48.843,8D8500005BA881CCCC5BA781F8A85BF8F8F8FCFCED000000,48.843,8D8500005BA881CCCC5BA781F8A85BF8F8F8FCFCED000000,48.843,8D8500005BA881CCCC5BA781F8A85BF8F8F8FCFCED000000,48.843,8D8500005BA881CCCC5BA781F8A85BF8F8F8FCFCED000000,48.843,8D8500005BA881CCCC5BA781F8A85BF8F8F8FCFCED000000,48.843,8D8500005BA881CCCC5BA781F8A85BF8F8F8FCFCED000000,48.843,8D8500005BA881CCCC5BA781F8A85BF8F8F8FCFCED000000,48.843,8D8500005BA881CCCC5BA781F8A85BF8F8F8FCFCED000000,48.843,252,48.843,237,48.858,0,48.858,0002,48.797,12545,48.797,3101,48.797,3101,48.797,3101,48.797,3101,48.797,3101,48.797,3101,48.797,3101,48.797,3101,48.797,3101,48.797,3101,48.797,3101,48.797,3101,48.797,3101
48.984,48.913,14.200000000000001,48.913,8E8600005BA880CCCC5BA781F9A85BF9F9F9FCFCED000000,48.913,8E8600005BA880CCCC5BA781F9A85BF9F9F9FCFCED000000,48.913,8E8600005BA880CCCC5BA781F9A85BF9F9F9FCFCED000000,48.913,8E8600005BA880CCCC5BA781F9A85BF9F9F9FCFCED000000,48.913,8E8600005BA880CCCC5BA781F9A85BF9F9F9FCFCED000000,48.913,8E8600005BA880CCCC5BA781F9A85BF9F9F9FCFCED000000,48.913,8E8600005BA880CCCC5BA781F9A85BF9F9F9FCFCED000000,48.913,8E8600005BA880CCCC5BA781F9A85BF9F9F9FCFCED000000,48.913,8E8600005BA880CCCC5BA781F9A85BF9F9F9FCFCED000000,48.913,8E8600005BA880CCCC5BA781F9A85BF9F9F9FCFCED000000,48.913,8E8600005BA880CCCC5BA781F9A85BF9F9F9FCFCED000000,48.913,8E8600005BA880CCCC5BA781F9A85BF9F9F9FCFCED000000,48.913,8E8600005BA880CCCC5BA781F9A85BF9F9F9FCFCED000000,48.913,8E8600005BA880CCCC5BA781F9A85BF9F9F9FCFCED000000,48.913,252,48.913,237,48.948,0,48.948,0002,48.948,12545,48.948,3101,48.948,3101,48.948,3101,48.948,3101,48.948,3101,48.948,3101,48.948,3101,48.948,3101,48.948,3101,48.948,3101,48.948,3101,48.948,3101,48.948,3101
49.082,49.112,14.200000000000001,49.112,8E8600005CA881CDCD5BA881F9A85BF9F9F9FCFCED000000,49.112,8E8600005CA881CDCD5BA881F9A85BF9F9F9FCFCED000000,49.112,8E8600005CA881CDCD5BA881F9A85BF9F9F9FCFCED000000,49.112,8E8600005CA881CDCD5BA881F9A85BF9F9F9FCFCED000000,49.112,8E8600005CA881CDCD5BA881F9A85BF9F9F9FCFCED000000,49.112,8E8600005CA881CDCD5BA881F9A85BF9F9F9FCFCED000000,49.112,8E8600005CA881CDCD5BA881F9A85BF9F9F9FCFCED000000,49.112,8E8600005CA881CDCD5BA881F9A85BF9F9F9FCFCED000000,49.112,8E8600005CA881CDCD5BA881F9A85BF9F9F9FCFCED000000,49.112,8E8600005CA881CDCD5BA881F9A85BF9F9F9FCFCED000000,49.112,8E8600005CA881CDCD5BA881F9A85BF9F9F9FCFCED000000,49.112,8E8600005CA881CDCD5BA881F9A85BF9F9F9FCFCED000000,49.112,8E8600005CA881CDCD5BA881F9A85BF9F9F9FCFCED000000,49.112,8E8600005CA881CDCD5BA881F9A85BF9F9F9FCFCED000000,49.112,252,49.112,237,49.027,0,49.027,0002,49.027,12545,49.027,3101,49.027,3101,49.027,3101,49.027,3101,49.027,3101,49.027,3101,49.027,3101,49.027,3101,49.027,3101,49.027,3101,49.027,3101,49.027,3101,49.027,3101
49.183,49.112,14.200000000000001,49.112,8E8600005CA881CDCD5BA881F9A85BF9F9F9FCFCED000000,49.112,8E8600005CA881CDCD5BA881F9A85BF9F9F9FCFCED000000,49.112,8E8600005CA881CDCD5BA881F9A85BF9F9F9FCFCED000000,49.112,8E8600005CA881CDCD5BA881F9A85BF9F9F9FCFCED000000,49.112,8E8600005CA881CDCD5BA881F9A85BF9F9F9FCFCED000000,49.112,8E8600005CA881CDCD5BA881F9A85BF9F9F9FCFCED000000,49.112,8E8600005CA881CDCD5BA881F9A85BF9F9F9FCFCED000000,49.112,8E8600005CA881CDCD5BA881F9A85BF9F9F9FCFCED000000,49.112,8E8600005CA881CDCD5BA881F9A85BF9F9F9FCFCED000000,49.112,8E8600005CA881CDCD5BA881F9A85BF9F9F9FCFCED000000,49.112,8E8600005CA881CDCD5BA881F9A85BF9F9F9FCFCED000000,49.112,8E8600005CA881CDCD5BA881F9A85BF9F9F9FCFCED000000,49.112,8E8600005CA881CDCD5BA881F9A85BF9F9F9FCFCED000000,49.112,8E8600005CA881CDCD5BA881F9A85BF9F9F9FCFCED000000,49.112,252,49.112,237,49.136,0,49.136,0002,49.136,12545,49.136,3101,49.136,3101,49.136,3101,49.136,3101,49.136,3101,49.136,3101,49.136,3101,49.136,3101,49.136,3101,49.136,3101,49.136,3101,49.136,3101,49.136,3101
49.282,49.212,14.200000000000001,49.212,8E8600005CA881CDCD5BA780F8A85BF9F9F9FCFCED000000,49.212,8E8600005CA881CDCD5BA780F8A85BF9F9F9FCFCED000000,49.212,8E8600005CA881CDCD5BA780F8A85BF9F9F9FCFCED000000,49.212,8E8600005CA881CDCD5BA780F8A85BF9F9F9FCFCED000000,49.212,8E8600005CA881CDCD5BA780F8A85BF9F9F9FCFCED000000,49.212,8E8600005CA881CDCD5BA780F8A85BF9F9F9FCFCED000000,49.212,8E8600005CA881CDCD5BA780F8A85BF9F9F9FCFCED000000,49.212,8E8600005CA881CDCD5BA780F8A85BF9F9F9FCFCED000000,49.212,8E8600005CA881CDCD5BA780F8A85BF9F9F9FCFCED000000,49.212,8E8600005CA881CDCD5BA780F8A85BF9F9F9FCFCED000000,49.212,8E8600005CA881CDCD5BA780F8A85BF9F9F9FCFCED000000,49.212,8E8600005CA881CDCD5BA780F8A85BF9F9F9FCFCED000000,49.212,8E8600005CA881CDCD5BA780F8A85BF9F9F9FCFCED000000,49.212,8E8600005CA881CDCD5BA780F8A85BF9F9F9FCFCED000000,49.212,252,49.212,237,49.248,0,49.248,0002,49.248,12545,49.248,3101,49.248,3101,49.248,3101,49.248,3101,49.248,3101,49.248,3101,49.248,3101,49.248,3101,49.248,3101,49.248,3101,49.248,3101,49.248,3101,49.248,3101
49.382,49.352,14.100000000000001,49.352,8D8500005CA881CECE5CA881F9A85CFAFAFAFDFDEE000000,49.352,8D8500005CA881CECE5CA881F9A85CFAFAFAFDFDEE000000,49.352,8D8500005CA881CECE5CA881F9A85CFAFAFAFDFDEE000000,49.352,8D8500005CA881CECE5CA881F9A85CFAFAFAFDFDEE000000,49.352,8D8500005CA881CECE5CA881F9A85CFAFAFAFDFDEE000000,49.352,8D8500005CA881CECE5CA881F9A85CFAFAFAFDFDEE000000,49.352,8D8500005CA881CECE5CA881F9A85CFAFAFAFDFDEE000000,49.352,8D8500005CA881CECE5CA881F9A85CFAFAFAFDFDEE000000,49.352,8D8500005CA881CECE5CA881F9A85CFAFAFAFDFDEE000000,49.352,8D8500005CA881CECE5CA881F9A85CFAFAFAFDFDEE000000,49.352,8D8500005CA881CECE5CA881F9A85CFAFAFAFDFDEE000000,49.352,8D8500005CA881CECE5CA881F9A85CFAFAFAFDFDEE000000,49.352,8D8500005CA881CECE5CA881F9A85CFAFAFAFDFDEE000000,49.352,8D8500005CA881CECE5CA881F9A85CFAFAFAFDFDEE000000,49.352,253,49.352,238,49.385,0,49.385,0002,49.385,12545,49.385,3101,49.385,3101,49.385,3101,49.385,3101,49.385,3101,49.385,3101,49.385,3101,49.385,3101,49.385,3101,49.385,3101,49.385,3101,49.385,3101,49.385,3101
49.482,49.512,14.200000000000001,49.512,8E8600005BA880CDCD5BA781F9A85BF9F9F9FCFCED000000,49.512,8E8600005BA880CDCD5BA781F9A85BF9F9F9FCFCED000000,49.512,8E8600005BA880CDCD5BA781F9A85BF9F9F9FCFCED000000,49.512,8E8600005BA880CDCD5BA781F9A85BF9F9F9FCFCED000000,49.512,8E8600005BA880CDCD5BA781F9A85BF9F9F9FCFCED000000,49.512,8E8600005BA880CDCD5BA781F9A85BF9F9F9FCFCED000000,49.512,8E8600005BA880CDCD5BA781F9A85BF9F9F9FCFCED000000,49.512,8E8600005BA880CDCD5BA781F9A85BF9F9F9FCFCED000000,49.512,8E8600005BA880CDCD5BA781F9A85BF9F9F9FCFCED000000,49.512,8E8600005BA880CDCD5BA781F9A85BF9F9F9FCFCED000000,49.512,8E8600005BA880CDCD5BA781F9A85BF9F9F9FCFCED000000,49.512,8E8600005BA880CDCD5BA781F9A85BF9F9F9FCFCED000000,49.512,8E8600005BA880CDCD5BA781F9A85BF9F9F9FCFCED000000,49.512,8E8600005BA880CDCD5BA781F9A85BF9F9F9FCFCED000000,49.512,252,49.512,237,49.456,0,49.456,0002,49.385,12545,49.385,3101,49.385,3101,49.385,3101,49.385,3101,49.385,3101,49.385,3101,49.385,3101,49.385,3101,49.385,3101,49.385,3101,49.385,3101,49.385,3101,49.385,3101
49.584,49.512,14.200000000000001,49.512,8E8600005BA880CDCD5BA781F9A85BF9F9F9FCFCED000000,49.512,8E8600005BA880CDCD5BA781F9A85BF9F9F9FCFCED000000,49.512,8E8600005BA880CDCD5BA781F9A85BF9F9F9FCFCED000000,49.512,8E8600005BA880CDCD5BA781F9A85BF9F9F9FCFCED000000,49.512,8E8600005BA880CDCD5BA781F9A85BF9F9F9FCFCED000000,49.512,8E8600005BA880CDCD5BA781F9A85BF9F9F9FCFCED000000,49.512,8E8600005BA880CDCD5BA781F9A85BF9F9F9FCFCED000000,49.512,8E8600005BA880CDCD5BA781F9A85BF9F9F9FCFCED000000,49.512,8E8600005BA880CDCD5BA781F9A85BF9F9F9FCFCED000000,49.512,8E8600005BA880CDCD5BA781F9A85BF9F9F9FCFCED000000,49.512,8E8600005BA880CDCD5BA781F9A85BF9F9F9FCFCED000000,49.512,8E8600005BA880CDCD5BA781F9A85BF9F9F9FCFCED000000,49.512,8E8600005BA880CDCD5BA781F9A85BF9F9F9FCFCED000000,49.512,8E8600005BA880CDCD5BA781F9A85BF9F9F9FCFCED000000,49.512,252,49.512,237,49.527,0,49.527,0002,49.527,12545,49.527,3101,49.527,3101,49.527,3101,49.527,3101,49.527,3101,49.527,3101,49.527,3101,49.527,3101,49.527,3101,49.527,3101,49.527,3101,49.527,3101,49.527,3101
49.682,49.712,14.100000000000001,49.712,8D8500005BA780CCCC5BA781F9A75BF9F9F9FBFCEC000000,49.712,8D8500005BA780CCCC5BA781F9A75BF9F9F9FBFCEC000000,49.712,8D8500005BA780CCCC5BA781F9A75BF9F9F9FBFCEC000000,49.712,8D8500005BA780CCCC5BA781F9A75BF9F9F9FBFCEC000000,49.712,8D8500005BA780CCCC5BA781F9A75BF9F9F9FBFCEC000000,49.712,8D8500005BA780CCCC5BA781F9A75BF9F9F9FBFCEC000000,49.712,8D8500005BA780CCCC5BA781F9A75BF9F9F9FBFCEC000000,49.712,8D8500005BA780CCCC5BA781F9A75BF9F9F9FBFCEC000000,49.712,8D8500005BA780CCCC5BA781F9A75BF9F9F9FBFCEC000000,49.712,8D8500005BA780CCCC5BA781F9A75BF9F9F9FBFCEC000000,49.712,8D8500005BA780CCCC5BA781F9A75BF9F9F9FBFCEC000000,49.712,8D8500005BA780CCCC5BA781F9A75BF9F9F9FBFCEC000000,49.712,8D8500005BA780CCCC5BA781F9A75BF9F9F9FBFCEC000000,49.712,8D8500005BA780CCCC5BA781F9A75BF9F9F9FBFCEC000000,49.712,252,49.712,236,49.637,0,49.637,0002,49.637,12545,49.637,3101,49.637,3101,49.637,3101,49.637,3101,49.637,3101,49.637,3101,49.637,3101,49.637,3101,49.637,3101,49.637,3101,49.637,3101,49.637,3101,49.637,3101
49.783,49.712,14.100000000000001,49.712,8D8500005BA780CCCC5BA781F9A75BF9F9F9FBFCEC000000,49.712,8D8500005BA780CCCC5BA781F9A75BF9F9F9FBFCEC000000,49.712,8D8500005BA780CCCC5BA781F9A75BF9F9F9FBFCEC000000,49.712,8D8500005BA780CCCC5BA781F9A75BF9F9F9FBFCEC000000,49.712,8D8500005BA780CCCC5BA781F9A75BF9F9F9FBFCEC000000,49.712,8D8500005BA780CCCC5BA781F9A75BF9F9F9FBFCEC000000,49.712,8D8500005BA780CCCC5BA781F9A75BF9F9F9FBFCEC000000,49.712,8D8500005BA780CCCC5BA781F9A75BF9F9F9FBFCEC000000,49.712,8D8500005BA780CCCC5BA781F9A75BF9F9F9FBFCEC000000,49.712,8D8500005BA780CCCC5BA781F9A75BF9F9F9FBFCEC000000,49.712,8D8500005BA780CCCC5BA781F9A75BF9F9F9FBFCEC000000,49.712,8D8500005BA780CCCC5BA781F9A75BF9F9F9FBFCEC000000,49.712,8D8500005BA780CCCC5BA781F9A75BF9F9F9FBFCEC000000,49.712,8D8500005BA780CCCC5BA781F9A75BF9F9F9FBFCEC000000,49.712,252,49.712,236,49.737,0,49.737,0002,49.737,12545,49.737,3101,49.737,3101,49.737,3101,49.737,3101,49.737,3101,49.737,3101,49.737,3101,49.737,3101,49.737,3101,49.737,3101,49.737,3101,49.737,3101,49.737,3101
49.883,49.862,14.100000000000001,49.862,8D8500005BA881CDCD5BA781F9A85BF9F9F9FCFCED000000,49.862,8D8500005BA881CDCD5BA781F9A85BF9F9F9FCFCED000000,49.862,8D8500005BA881CDCD5BA781F9A85BF9F9F9FCFCED000000,49.862,8D8500005BA881CDCD5BA781F9A85BF9F9F9FCFCED000000,49.862,8D8500005BA881CDCD5BA781F9A85BF9F9F9FCFCED000000,49.862,8D8500005BA881CDCD5BA781F9A85BF9F9F9FCFCED000000,49.862,8D8500005BA881CDCD5BA781F9A85BF9F9F9FCFCED000000,49.862,8D8500005BA881CDCD5BA781F9A85BF9F9F9FCFCED000000,49.862,8D8500005BA881CDCD5BA781F9A85BF9F9F9FCFCED000000,49.862,8D8500005BA881CDCD5BA781F9A85BF9F9F9FCFCED000000,49.862,8D8500005BA881CDCD5BA781F9A85BF9F9F9FCFCED000000,49.862,8D8500005BA881CDCD5BA781F9A85BF9F9F9FCFCED000000,49.862,8D8500005BA881CDCD5BA781F9A85BF9F9F9FCFCED000000,49.862,8D8500005BA881CDCD5BA781F9A85BF9F9F9FCFCED000000,49.862,252,49.862,237,49.888,0,49.888,0002,49.888,12545,49.888,3101,49.888,3101,49.888,3101,49.888,3101,49.888,3101,49.888,3101,49.888,3101,49.888,3101,49.888,3101,49.888,3101,49.888,3101,49.888,3101,49.888,3101
49.982,50.016,14.100000000000001,50.016,8D8500005BA881CDCD5BA781F9A85BF9F9F9FCFCED000000,50.016,8D8500005BA881CDCD5BA781F9A85BF9F9F9FCFCED000000,50.016,8D8500005BA881CDCD5BA781F9A85BF9F9F9FCFCED000000,50.016,8D8500005BA881CDCD5BA781F9A85BF9F9F9FCFCED000000,50.016,8D8500005BA881CDCD5BA781F9A85BF9F9F9FCFCED000000,50.016,8D8500005BA881CDCD5BA781F9A85BF9F9F9FCFCED000000,50.016,8D8500005BA881CDCD5BA781F9A85BF9F9F9FCFCED000000,50.016,8D8500005BA881CDCD5BA781F9A85BF9F9F9FCFCED000000,50.016,8D8500005BA881CDCD5BA781F9A85BF9F9F9FCFCED000000,50.016,8D8500005BA881CDCD5BA781F9A85BF9F9F9FCFCED000000,50.016,8D8500005BA881CDCD5BA781F9A85BF9F9F9FCFCED000000,50.016,8D8500005BA881CDCD5BA781F9A85BF9F9F9FCFCED000000,50.016,8D8500005BA881CDCD5BA781F9A85BF9F9F9FCFCED000000,50.016,8D8500005BA881CDCD5BA781F9A85BF9F9F9FCFCED000000,50.016,252,50.016,237,49.937,0,49.937,0002,49.888,12545,49.888,3101,49.888,3101,49.888,3101,49.888,3101,49.888,3101,49.888,3101,49.888,3101,49.888,3101,49.888,3101,49.888,3101,49.888,3101,49.888,3101,49.888,3101
50.083,50.016,14.100000000000001,50.016,8D8500005BA881CDCD5BA781F9A85BF9F9F9FCFCED000000,50.016,8D8500005BA881CDCD5BA781F9A85BF9F9F9FCFCED000000,50.016,8D8500005BA881CDCD5BA781F9A85BF9F9F9FCFCED000000,50.016,8D8500005BA881CDCD5BA781F9A85BF9F9F9FCFCED000000,50.016,8D8500005BA881CDCD5BA781F9A85BF9F9F9FCFCED000000,50.016,8D8500005BA881CDCD5BA781F9A85BF9F9F9FCFCED000000,50.016,8D8500005BA881CDCD5BA781F9A85BF9F9F9FCFCED000000,50.016,8D8500005BA881CDCD5BA781F9A85BF9F9F9FCFCED000000,50.016,8D8500005BA881CDCD5BA781F9A85BF9F9F9FCFCED000000,50.016,8D8500005BA881CDCD5BA781F9A85BF9F9F9FCFCED000000,50.016,8D8500005BA881CDCD5BA781F9A85BF9F9F9FCFCED000000,50.016,8D8500005BA881CDCD5BA781F9A85BF9F9F9FCFCED000000,50.016,8D8500005BA881CDCD5BA781F9A85BF9F9F9FCFCED000000,50.016,8D8500005BA881CDCD5BA781F9A85BF9F9F9FCFCED000000,50.016,252,50.016,237,50.027,0,50.027,0002,50.027,12545,50.027,3101,50.027,3101,50.027,3101,50.027,3101,50.027,3101,50.027,3101,50.027,3101,50.027,3101,50.027,3101,50.027,3101,50.027,3101,50.027,3101,50.027,3101
50.183,50.112,14.200000000000001,50.112,8E8600005BA881CDCD5BA781F9A85BF9F9F9FCFCED000000,50.112,8E8600005BA881CDCD5BA781F9A85BF9F9F9FCFCED000000,50.112,8E8600005BA881CDCD5BA781F9A85BF9F9F9FCFCED000000,50.112,8E8600005BA881CDCD5BA781F9A85BF9F9F9FCFCED000000,50.112,8E8600005BA881CDCD5BA781F9A85BF9F9F9FCFCED000000,50.112,8E8600005BA881CDCD5BA781F9A85BF9F9F9FCFCED000000,50.112,8E8600005BA881CDCD5BA781F9A85BF9F9F9FCFCED000000,50.112,8E8600005BA881CDCD5BA781F9A85BF9F9F9FCFCED000000,50.112,8E8600005BA881CDCD5BA781F9A85BF9F9F9FCFCED000000,50.112,8E8600005BA881CDCD5BA781F9A85BF9F9F9FCFCED000000,50.112,8E8600005BA881CDCD5BA781F9A85BF9F9F9FCFCED000000,50.112,8E8600005BA881CDCD5BA781F9A85BF9F9F9FCFCED000000,50.112,8E8600005BA881CDCD5BA781F9A85BF9F9F9FCFCED000000,50.112,8E8600005BA881CDCD5BA781F9A85BF9F9F9FCFCED000000,50.112,252,50.112,237,50.137,0,50.137,0002,50.137,12545,50.137,3101,50.137,3101,50.137,3101,50.137,3101,50.137,3101,50.137,3101,50.137,3101,50.137,3101,50.137,3101,50.137,3101,50.137,3101,50.137,3101,50.137,3101
50.280,50.212,14.200000000000001,50.212,8E8600005BA880CCCC5BA781F9A85BF9F8F8FCFCED000000,50.212,8E8600005BA880CCCC5BA781F9A85BF9F8F8FCFCED000000,50.212,8E8600005BA880CCCC5BA781F9A85BF9F8F8FCFCED000000,50.212,8E8600005BA880CCCC5BA781F9A85BF9F8F8FCFCED000000,50.212,8E8600005BA880CCCC5BA781F9A85BF9F8F8FCFCED000000,50.212,8E8600005BA880CCCC5BA781F9A85BF9F8F8FCFCED000000,50.212,8E8600005BA880CCCC5BA781F9A85BF9F8F8FCFCED000000,50.212,8E8600005BA880CCCC5BA781F9A85BF9F8F8FCFCED000000,50.212,8E8600005BA880CCCC5BA781F9A85BF9F8F8FCFCED000000,50.212,8E8600005BA880CCCC5BA781F9A85BF9F8F8FCFCED000000,50.212,8E8600005BA880CCCC5BA781F9A85BF9F8F8FCFCED000000,50.212,8E8600005BA880CCCC5BA781F9A85BF9F8F8FCFCED000000,50.212,8E8600005BA880CCCC5BA781F9A85BF9F8F8FCFCED000000,50.212,8E8600005BA880CCCC5BA781F9A85BF9F8F8FCFCED000000,50.212,252,50.212,237,50.248,0,50.248,0002,50.297,12545,50.297,3101,50.297,3101,50.297,3101,50.297,3101,50.297,3101,50.297,3101,50.297,3101,50.297,3101,50.297,3101,50.297,3101,50.297,3101,50.297,3101,50.297,3101
50.381,50.343,14.200000000000001,50.343,8E8600005BA880CCCC5BA780F8A85BF9F9F9FCFCED000000,50.343,8E8600005BA880CCCC5BA780F8A85BF9F9F9FCFCED000000,50.343,8E8600005BA880CCCC5BA780F8A85BF9F9F9FCFCED000000,50.343,8E8600005BA880CCCC5BA780F8A85BF9F9F9FCFCED000000,50.343,8E8600005BA880CCCC5BA780F8A85BF9F9F9FCFCED000000,50.343,8E8600005BA880CCCC5BA780F8A85BF9F9F9FCFCED000000,50.343,8E8600005BA880CCCC5BA780F8A85BF9F9F9FCFCED000000,50.343,8E8600005BA880CCCC5BA780F8A85BF9F9F9FCFCED000000,50.343,8E8600005BA880CCCC5BA780F8A85BF9F9F9FCFCED000000,50.343,8E8600005BA880CCCC5BA780F8A85BF9F9F9FCFCED000000,50.343,8E8600005BA880CCCC5BA780F8A85BF9F9F9FCFCED000000,50.343,8E8600005BA880CCCC5BA780F8A85BF9F9F9FCFCED000000,50.343,8E8600005BA880CCCC5BA780F8A85BF9F9F9FCFCED000000,50.343,8E8600005BA880CCCC5BA780F8A85BF9F9F9FCFCED000000,50.343,252,50.343,237,50.358,0,50.358,0002,50.297,12545,50.297,3101,50.297,3101,50.297,3101,50.297,3101,50.297,3101,50.297,3101,50.297,3101,50.297,3101,50.297,3101,50.297,3101,50.297,3101,50.297,3101,50.297,3101
50.482,50.422,14.200000000000001,50.422,8E8600005CA881CDCD5CA881F9A85CFAF9F9FCFDED000000,50.422,8E8600005CA881CDCD5CA881F9A85CFAF9F9FCFDED000000,50.422,8E8600005CA881CDCD5CA881F9A85CFAF9F9FCFDED000000,50.422,8E8600005CA881CDCD5CA881F9A85CFAF9F9FCFDED000000,50.422,8E8600005CA881CDCD5CA881F9A85CFAF9F9FCFDED000000,50.422,8E8600005CA881CDCD5CA881F9A85CFAF9F9FCFDED000000,50.422,8E8600005CA881CDCD5CA881F9A85CFAF9F9FCFDED000000,50.422,8E8600005CA881CDCD5CA881F9A85CFAF9F9FCFDED000000,50.422,8E8600005CA881CDCD5CA881F9A85CFAF9F9FCFDED000000,50.422,8E8600005CA881CDCD5CA881F9A85CFAF9F9FCFDED000000,50.422,8E8600005CA881CDCD5CA881F9A85CFAF9F9FCFDED000000,50.422,8E8600005CA881CDCD5CA881F9A85CFAF9F9FCFDED000000,50.422,8E8600005CA881CDCD5CA881F9A85CFAF9F9FCFDED000000,50.422,8E8600005CA881CDCD5CA881F9A85CFAF9F9FCFDED000000,50.422,253,50.422,237,50.455,0,50.455,0002,50.455,12545,50.455,3101,50.455,3101,50.455,3101,50.455,3101,50.455,3101,50.455,3101,50.455,3101,50.455,3101,50.455,3101,50.455,3101,50.455,3101,50.455,3101,50.455,3101
50.582,50.613,14.100000000000001,50.613,8D8500005BA881CDCD5BA781F9A85BF9F9F9FCFCED000000,50.613,8D8500005BA881CDCD5BA781F9A85BF9F9F9FCFCED000000,50.613,8D8500005BA881CDCD5BA781F9A85BF9F9F9FCFCED000000,50.613,8D8500005BA881CDCD5BA781F9A85BF9F9F9FCFCED000000,50.613,8D8500005BA881CDCD5BA781F9A85BF9F9F9FCFCED000000,50.613,8D8500005BA881CDCD5BA781F9A85BF9F9F9FCFCED000000,50.613,8D8500005BA881CDCD5BA781F9A85BF9F9F9FCFCED000000,50.613,8D8500005BA881CDCD5BA781F9A85BF9F9F9FCFCED000000,50.613,8D8500005BA881CDCD5BA781F9A85BF9F9F9FCFCED000000,50.613,8D8500005BA881CDCD5BA781F9A85BF9F9F9FCFCED000000,50.613,8D8500005BA881CDCD5BA781F9A85BF9F9F9FCFCED000000,50.613,8D8500005BA881CDCD5BA781F9A85BF9F9F9FCFCED000000,50.613,8D8500005BA881CDCD5BA781F9A85BF9F9F9FCFCED000000,50.613,8D8500005BA881CDCD5BA781F9A85BF9F9F9FCFCED000000,50.613,252,50.613,237,50.537,0,50.537,0002,50.537,12545,50.537,3101,50.537,3101,50.537,3101,50.537,3101,50.537,3101,50.537,3101,50.537,3101,50.537,3101,50.537,3101,50.537,3101,50.537,3101,50.537,3101,50.537,3101
50.682,50.712,14.200000000000001,50.712,8E8600005BA881CDCD5BA881F9A85BF9F9F9FCFCED000000,50.712,8E8600005BA881CDCD5BA881F9A85BF9F9F9FCFCED000000,50.712,8E8600005BA881CDCD5BA881F9A85BF9F9F9FCFCED000000,50.712,8E8600005BA881CDCD5BA881F9A85BF9F9F9FCFCED000000,50.712,8E8600005BA881CDCD5BA881F9A85BF9F9F9FCFCED000000,50.712,8E8600005BA881CDCD5BA881F9A85BF9F9F9FCFCED000000,50.712,8E8600005BA881CDCD5BA881F9A85BF9F9F9FCFCED000000,50.712,8E8600005BA881CDCD5BA881F9A85BF9F9F9FCFCED000000,50.712,8E8600005BA881CDCD5BA881F9A85BF9F9F9FCFCED000000,50.712,8E8600005BA881CDCD5BA881F9A85BF9F9F9FCFCED000000,50.712,8E8600005BA881CDCD5BA881F9A85BF9F9F9FCFCED000000,50.712,8E8600005BA881CDCD5BA881F9A85BF9F9F9FCFCED000000,50.712,8E8600005BA881CDCD5BA881F9A85BF9F9F9FCFCED000000,50.712,8E8600005BA881CDCD5BA881F9A85BF9F9F9FCFCED000000,50.712,252,50.712,237,50.637,0,50.637,0002,50.637,12545,50.637,3101,50.637,3101,50.637,3101,50.637,3101,50.637,3101,50.637,3101,50.637,3101,50.637,3101,50.637,3101,50.637,3101,50.637,3101,50.637,3101,50.637,3101
50.782,50.712,14.200000000000001,50.712,8E8600005BA881CDCD5BA881F9A85BF9F9F9FCFCED000000,50.712,8E8600005BA881CDCD5BA881F9A85BF9F9F9FCFCED000000,50.712,8E8600005BA881CDCD5BA881F9A85BF9F9F9FCFCED000000,50.712,8E8600005BA881CDCD5BA881F9A85BF9F9F9FCFCED000000,50.712,8E8600005BA881CDCD5BA881F9A85BF9F9F9FCFCED000000,50.712,8E8600005BA881CDCD5BA881F9A85BF9F9F9FCFCED000000,50.712,8E8600005BA881CDCD5BA881F9A85BF9F9F9FCFCED000000,50.712,8E8600005BA881CDCD5BA881F9A85BF9F9F9FCFCED000000,50.712,8E8600005BA881CDCD5BA881F9A85BF9F9F9FCFCED000000,50.712,8E8600005BA881CDCD5BA881F9A85BF9F9F9FCFCED000000,50.712,8E8600005BA881CDCD5BA881F9A85BF9F9F9FCFCED000000,50.712,8E8600005BA881CDCD5BA881F9A85BF9F9F9FCFCED000000,50.712,8E8600005BA881CDCD5BA881F9A85BF9F9F9FCFCED000000,50.712,8E8600005BA881CDCD5BA881F9A85BF9F9F9FCFCED000000,50.712,252,50.712,237,50.738,0,50.738,0002,50.797,12545,50.797,3101,50.797,3101,50.797,3101,50.797,3101,50.797,3101,50.797,3101,50.797,3101,50.797,3101,50.797,3101,50.797,3101,50.797,3101,50.797,3101,50.797,3101
50.883,50.843,14.100000000000001,50.843,8D8500005BA881CDCD5BA781F9A85BF9F9F9FCFCED000000,50.843,8D8500005BA881CDCD5BA781F9A85BF9F9F9FCFCED000000,50.843,8D8500005BA881CDCD5BA781F9A85BF9F9F9FCFCED000000,50.843,8D8500005BA881CDCD5BA781F9A85BF9F9F9FCFCED000000,50.843,8D8500005BA881CDCD5BA781F9A85BF9F9F9FCFCED000000,50.843,8D8500005BA881CDCD5BA781F9A85BF9F9F9FCFCED000000,50.843,8D8500005BA881CDCD5BA781F9A85BF9F9F9FCFCED000000,50.843,8D8500005BA881CDCD5BA781F9A85BF9F9F9FCFCED000000,50.843,8D8500005BA881CDCD5BA781F9A85BF9F9F9FCFCED000000,50.843,8D8500005BA881CDCD5BA781F9A85BF9F9F9FCFCED000000,50.843,8D8500005BA881CDCD5BA781F9A85BF9F9F9FCFCED000000,50.843,8D8500005BA881CDCD5BA781F9A85BF9F9F9FCFCED000000,50.843,8D8500005BA881CDCD5BA781F9A85BF9F9F9FCFCED000000,50.843,8D8500005BA881CDCD5BA781F9A85BF9F9F9FCFCED000000,50.843,252,50.843,237,50.878,0,50.878,0002,50.797,12545,50.797,3101,50.797,3101,50.797,3101,50.797,3101,50.797,3101,50.797,3101,50.797,3101,50.797,3101,50.797,3101,50.797,3101,50.797,3101,50.797,3101,50.797,3101
50.983,50.933,14.200000000000001,50.933,8E8600005BA880CCCC5BA781F9A85BF9F8F8FCFCED000000,50.933,8E8600005BA880CCCC5BA781F9A85BF9F8F8FCFCED000000,50.933,8E8600005BA880CCCC5BA781F9A85BF9F8F8FCFCED000000,50.933,8E8600005BA880CCCC5BA781F9A85BF9F8F8FCFCED000000,50.933,8E8600005BA880CCCC5BA781F9A85BF9F8F8FCFCED000000,50.933,8E8600005BA880CCCC5BA781F9A85BF9F8F8FCFCED000000,50.933,8E8600005BA880CCCC5BA781F9A85BF9F8F8FCFCED000000,50.933,8E8600005BA880CCCC5BA781F9A85BF9F8F8FCFCED000000,50.933,8E8600005BA880CCCC5BA781F9A85BF9F8F8FCFCED000000,50.933,8E8600005BA880CCCC5BA781F9A85BF9F8F8FCFCED000000,50.933,8E8600005BA880CCCC5BA781F9A85BF9F8F8FCFCED000000,50.933,8E8600005BA880CCCC5BA781F9A85BF9F8F8FCFCED000000,50.933,8E8600005BA880CCCC5BA781F9A85BF9F8F8FCFCED000000,50.933,8E8600005BA880CCCC5BA781F9A85BF9F8F8FCFCED000000,50.933,252,50.933,237,50.957,0,50.957,0002,50.957,12545,50.957,3101,50.957,3101,50.957,3101,50.957,3101,50.957,3101,50.957,3101,50.957,3101,50.957,3101,50.957,3101,50.957,3101,50.957,3101,50.957,3101,50.957,3101
51.083,51.012,14.200000000000001,51.012,8E8600005BA780CCCC5BA780F8A75BF8F8F8FBFBEC000000,51.012,8E8600005BA780CCCC5BA780F8A75BF8F8F8FBFBEC000000,51.012,8E8600005BA780CCCC5BA780F8A75BF8F8F8FBFBEC000000,51.012,8E8600005BA780CCCC5BA780F8A75BF8F8F8FBFBEC000000,51.012,8E8600005BA780CCCC5BA780F8A75BF8F8F8FBFBEC000000,51.012,8E8600005BA780CCCC5BA780F8A75BF8F8F8FBFBEC000000,51.012,8E8600005BA780CCCC5BA780F8A75BF8F8F8FBFBEC000000,51.012,8E8600005BA780CCCC5BA780F8A75BF8F8F8FBFBEC000000,51.012,8E8600005BA780CCCC5BA780F8A75BF8F8F8FBFBEC000000,51.012,8E8600005BA780CCCC5BA780F8A75BF8F8F8FBFBEC000000,51.012,8E8600005BA780CCCC5BA780F8A75BF8F8F8FBFBEC000000,51.012,8E8600005BA780CCCC5BA780F8A75BF8F8F8FBFBEC000000,51.012,8E8600005BA780CCCC5BA780F8A75BF8F8F8FBFBEC000000,51.012,8E8600005BA780CCCC5BA780F8A75BF8F8F8FBFBEC000000,51.012,251,51.012,236,51.037,0,51.037,0002,51.037,12545,51.037,3101,51.037,3101,51.037,3101,51.037,3101,51.037,3101,51.037,3101,51.037,3101,51.037,3101,51.037,3101,51.037,3101,51.037,3101,51.037,3101,51.037,3101
51.181,51.132,14.100000000000001,51.132,8D8500005BA881CDCD5BA781F9A85BFAF9F9FCFDED000000,51.132,8D8500005BA881CDCD5BA781F9A85BFAF9F9FCFDED000000,51.132,8D8500005BA881CDCD5BA781F9A85BFAF9F9FCFDED000000,51.132,8D8500005BA881CDCD5BA781F9A85BFAF9F9FCFDED000000,51.132,8D8500005BA881CDCD5BA781F9A85BFAF9F9FCFDED000000,51.132,8D8500005BA881CDCD5BA781F9A85BFAF9F9FCFDED000000,51.132,8D8500005BA881CDCD5BA781F9A85BFAF9F9FCFDED000000,51.132,8D8500005BA881CDCD5BA781F9A85BFAF9F9FCFDED000000,51.132,8D8500005BA881CDCD5BA781F9A85BFAF9F9FCFDED000000,51.132,8D8500005BA881CDCD5BA781F9A85BFAF9F9FCFDED000000,51.132,8D8500005BA881CDCD5BA781F9A85BFAF9F9FCFDED000000,51.132,8D8500005BA881CDCD5BA781F9A85BFAF9F9FCFDED000000,51.132,8D8500005BA881CDCD5BA781F9A85BFAF9F9FCFDED000000,51.132,8D8500005BA881CDCD5BA781F9A85BFAF9F9FCFDED000000,51.132,253,51.132,237,51.158,0,51.158,0002,51.158,12545,51.158,3101,51.158,3101,51.158,3101,51.158,3101,51.158,3101,51.158,3101,51.158,3101,51.158,3101,51.158,3101,51.158,3101,51.158,3101,51.158,3101,51.158,3101
51.281,51.223,14.100000000000001,51.223,8D8500005BA781CCCC5BA781F9A85BF9F9F9FCFCED000000,51.223,8D8500005BA781CCCC5BA781F9A85BF9F9F9FCFCED000000,51.223,8D8500005BA781CCCC5BA781F9A85BF9F9F9FCFCED000000,51.223,8D8500005BA781CCCC5BA781F9A85BF9F9F9FCFCED000000,51.223,8D8500005BA781CCCC5BA781F9A85BF9F9F9FCFCED000000,51.223,8D8500005BA781CCCC5BA781F9A85BF9F9F9FCFCED000000,51.223,8D8500005BA781CCCC5BA781F9A85BF9F9F9FCFCED000000,51.223,8D8500005BA781CCCC5BA781F9A85BF9F9F9FCFCED000000,51.223,8D8500005BA781CCCC5BA781F9A85BF9F9F9FCFCED000000,51.223,8D8500005BA781CCCC5BA781F9A85BF9F9F9FCFCED000000,51.223,8D8500005BA781CCCC5BA781F9A85BF9F9F9FCFCED000000,51.223,8D8500005BA781CCCC5BA781F9A85BF9F9F9FCFCED000000,51.223,8D8500005BA781CCCC5BA781F9A85BF9F9F9FCFCED000000,51.223,8D8500005BA781CCCC5BA781F9A85BF9F9F9FCFCED000000,51.223,252,51.223,237,51.258,0,51.258,0002,51.258,12545,51.258,3101,51.258,3101,51.258,3101,51.258,3101,51.258,3101,51.258,3101,51.258,3101,51.258,3101,51.258,3101,51.258,3101,51.258,3101,51.258,3101,51.258,3101
51.384,51.373,14.100000000000001,51.373,8D8500005CA881CDCD5BA881F9A85BFAF9F9FCFDED000000,51.373,8D8500005CA881CDCD5BA881F9A85BFAF9F9FCFDED000000,51.373,8D8500005CA881CDCD5BA881F9A85BFAF9F9FCFDED000000,51.373,8D8500005CA881CDCD5BA881F9A85BFAF9F9FCFDED000000,51.373,8D8500005CA881CDCD5BA881F9A85BFAF9F9FCFDED000000,51.373,8D8500005CA881CDCD5BA881F9A85BFAF9F9FCFDED000000,51.373,8D8500005CA881CDCD5BA881F9A85BFAF9F9FCFDED000000,51.373,8D8500005CA881CDCD5BA881F9A85BFAF9F9FCFDED000000,51.373,8D8500005CA881CDCD5BA881F9A85BFAF9F9FCFDED000000,51.373,8D8500005CA881CDCD5BA881F9A85BFAF9F9FCFDED000000,51.373,8D8500005CA881CDCD5BA881F9A85BFAF9F9FCFDED000000,51.373,8D8500005CA881CDCD5BA881F9A85BFAF9F9FCFDED000000,51.373,8D8500005CA881CDCD5BA881F9A85BFAF9F9FCFDED000000,51.373,8D8500005CA881CDCD5BA881F9A85BFAF9F9FCFDED000000,51.373,253,51.373,237,51.258,0,51.258,0002,51.318,12545,51.318,3101,51.318,3101,51.318,3101,51.318,3101,51.318,3101,51.318,3101,51.318,3101,51.318,3101,51.318,3101,51.318,3101,51.318,3101,51.318,3101,51.318,3101
51.482,51.432,14.100000000000001,51.432,8D8500005BA780CCCC5BA781F9A75BF8F8F8FBFBEC000000,51.432,8D8500005BA780CCCC5BA781F9A75BF8F8F8FBFBEC000000,51.432,8D8500005BA780CCCC5BA781F9A75BF8F8F8FBFBEC000000,51.432,8D8500005BA780CCCC5BA781F9A75BF8F8F8FBFBEC000000,51.432,8D8500005BA780CCCC5BA781F9A75BF8F8F8FBFBEC000000,51.432,8D8500005BA780CCCC5BA781F9A75BF8F8F8FBFBEC000000,51.432,8D8500005BA780CCCC5BA781F9A75BF8F8F8FBFBEC000000,51.432,8D8500005BA780CCCC5BA781F9A75BF8F8F8FBFBEC000000,51.432,8D8500005BA780CCCC5BA781F9A75BF8F8F8FBFBEC000000,51.432,8D8500005BA780CCCC5BA781F9A75BF8F8F8FBFBEC000000,51.432,8D8500005BA780CCCC5BA781F9A75BF8F8F8FBFBEC000000,51.432,8D8500005BA780CCCC5BA781F9A75BF8F8F8FBFBEC000000,51.432,8D8500005BA780CCCC5BA781F9A75BF8F8F8FBFBEC000000,51.432,8D8500005BA780CCCC5BA781F9A75BF8F8F8FBFBEC000000,51.432,251,51.432,236,51.458,0,51.458,0002,51.398,12545,51.398,3101,51.398,3101,51.398,3101,51.398,3101,51.398,3101,51.398,3101,51.398,3101,51.398,3101,51.398,3101,51.398,3101,51.398,3101,51.398,3101,51.398,3101
51.583,51.522,14.100000000000001,51.522,8D8500005BA8815B5B5BA781F9A85BF8F8F8FCFCED000000,51.522,8D8500005BA8815B5B5BA781F9A85BF8F8F8FCFCED000000,51.522,8D8500005BA8815B5B5BA781F9A85BF8F8F8FCFCED000000,51.522,8D8500005BA8815B5B5BA781F9A85BF8F8F8FCFCED000000,51.522,8D8500005BA8815B5B5BA781F9A85BF8F8F8FCFCED000000,51.522,8D8500005BA8815B5B5BA781F9A85BF8F8F8FCFCED000000,51.522,8D8500005BA8815B5B5BA781F9A85BF8F8F8FCFCED000000,51.522,8D8500005BA8815B5B5BA781F9A85BF8F8F8FCFCED000000,51.522,8D8500005BA8815B5B5BA781F9A85BF8F8F8FCFCED000000,51.522,8D8500005BA8815B5B5BA781F9A85BF8F8F8FCFCED000000,51.522,8D8500005BA8815B5B5BA781F9A85BF8F8F8FCFCED000000,51.522,8D8500005BA8815B5B5BA781F9A85BF8F8F8FCFCED000000,51.522,8D8500005BA8815B5B5BA781F9A85BF8F8F8FCFCED000000,51.522,8D8500005BA8815B5B5BA781F9A85BF8F8F8FCFCED000000,51.522,252,51.522,237,51.537,0,51.537,0002,51.537,12545,51.537,3101,51.537,3101,51.537,3101,51.537,3101,51.537,3101,51.537,3101,51.537,3101,51.537,3101,51.537,3101,51.537,3101,51.537,3101,51.537,3101,51.537,3101
51.683,51.613,14.100000000000001,51.613,8D8500005CA8815B5B5BA781F9A85BF9F8F8FCFCED000000,51.613,8D8500005CA8815B5B5BA781F9A85BF9F8F8FCFCED000000,51.613,8D8500005CA8815B5B5BA781F9A85BF9F8F8FCFCED000000,51.613,8D8500005CA8815B5B5BA781F9A85BF9F8F8FCFCED000000,51.613,8D8500005CA8815B5B5BA781F9A85BF9F8F8FCFCED000000,51.613,8D8500005CA8815B5B5BA781F9A85BF9F8F8FCFCED000000,51.613,8D8500005CA8815B5B5BA781F9A85BF9F8F8FCFCED000000,51.613,8D8500005CA8815B5B5BA781F9A85BF9F8F8FCFCED000000,51.613,8D8500005CA8815B5B5BA781F9A85BF9F8F8FCFCED000000,51.613,8D8500005CA8815B5B5BA781F9A85BF9F8F8FCFCED000000,51.613,8D8500005CA8815B5B5BA781F9A85BF9F8F8FCFCED000000,51.613,8D8500005CA8815B5B5BA781F9A85BF9F8F8FCFCED000000,51.613,8D8500005CA8815B5B5BA781F9A85BF9F8F8FCFCED000000,51.613,8D8500005CA8815B5B5BA781F9A85BF9F8F8FCFCED000000,51.613,252,51.613,237,51.638,0,51.638,0002,51.638,12553,51.638,3109,51.638,3109,51.638,3109,51.638,3109,51.638,3109,51.638,3109,51.638,3109,51.638,3109,51.638,3109,51.638,3109,51.638,3109,51.638,3109,51.638,3109
51.780,51.713,14.200000000000001,51.713,8E8600005CA8815B5B5BA881F9A85BF9F9F9FCFCED000000,51.713,8E8600005CA8815B5B5BA881F9A85BF9F9F9FCFCED000000,51.713,8E8600005CA8815B5B5BA881F9A85BF9F9F9FCFCED000000,51.713,8E8600005CA8815B5B5BA881F9A85BF9F9F9FCFCED000000,51.713,8E8600005CA8815B5B5BA881F9A85BF9F9F9FCFCED000000,51.713,8E8600005CA8815B5B5BA881F9A85BF9F9F9FCFCED000000,51.713,8E8600005CA8815B5B5BA881F9A85BF9F9F9FCFCED000000,51.713,8E8600005CA8815B5B5BA881F9A85BF9F9F9FCFCED000000,51.713,8E8600005CA8815B5B5BA881F9A85BF9F9F9FCFCED000000,51.713,8E8600005CA8815B5B5BA881F9A85BF9F9F9FCFCED000000,51.713,8E8600005CA8815B5B5BA881F9A85BF9F9F9FCFCED000000,51.713,8E8600005CA8815B5B5BA881F9A85BF9F9F9FCFCED000000,51.713,8E8600005CA8815B5B5BA881F9A85BF9F9F9FCFCED000000,51.713,8E8600005CA8815B5B5BA881F9A85BF9F9F9FCFCED000000,51.713,252,51.713,237,51.748,0,51.748,0002,51.798,12553,51.798,3109,51.798,3109,51.798,3109,51.798,3109,51.798,3109,51.798,3109,51.798,3109,51.798,3109,51.798,3109,51.798,3109,51.798,3109,51.798,3109,51.798,3109
51.881,51.852,14.100000000000001,51.852,8D8500005CA8815B5B5BA781F9A85BF9F9F9FCFCED000000,51.852,8D8500005CA8815B5B5BA781F9A85BF9F9F9FCFCED000000,51.852,8D8500005CA8815B5B5BA781F9A85BF9F9F9FCFCED000000,51.852,8D8500005CA8815B5B5BA781F9A85BF9F9F9FCFCED000000,51.852,8D8500005CA8815B5B5BA781F9A85BF9F9F9FCFCED000000,51.852,8D8500005CA8815B5B5BA781F9A85BF9F9F9FCFCED000000,51.852,8D8500005CA8815B5B5BA781F9A85BF9F9F9FCFCED000000,51.852,8D8500005CA8815B5B5BA781F9A85BF9F9F9FCFCED000000,51.852,8D8500005CA8815B5B5BA781F9A85BF9F9F9FCFCED000000,51.852,8D8500005CA8815B5B5BA781F9A85BF9F9F9FCFCED000000,51.852,8D8500005CA8815B5B5BA781F9A85BF9F9F9FCFCED000000,51.852,8D8500005CA8815B5B5BA781F9A85BF9F9F9FCFCED000000,51.852,8D8500005CA8815B5B5BA781F9A85BF9F9F9FCFCED000000,51.852,8D8500005CA8815B5B5BA781F9A85BF9F9F9FCFCED000000,51.852,252,51.852,237,51.878,0,51.878,0002,51.878,12553,51.878,3109,51.878,3109,51.878,3109,51.878,3109,51.878,3109,51.878,3109,51.878,3109,51.878,3109,51.878,3109,51.878,3109,51.878,3109,51.878,3109,51.878,3109
51.982,51.943,14.100000000000001,51.943,8D8500005CA8805B5B5BA780F9A85BF9F8F8FCFCEC000000,51.943,8D8500005CA8805B5B5BA780F9A85BF9F8F8FCFCEC000000,51.943,8D8500005CA8805B5B5BA780F9A85BF9F8F8FCFCEC000000,51.943,8D8500005CA8805B5B5BA780F9A85BF9F8F8FCFCEC000000,51.943,8D8500005CA8805B5B5BA780F9A85BF9F8F8FCFCEC000000,51.943,8D8500005CA8805B5B5BA780F9A85BF9F8F8FCFCEC000000,51.943,8D8500005CA8805B5B5BA780F9A85BF9F8F8FCFCEC000000,51.943,8D8500005CA8805B5B5BA780F9A85BF9F8F8FCFCEC000000,51.943,8D8500005CA8805B5B5BA780F9A85BF9F8F8FCFCEC000000,51.943,8D8500005CA8805B5B5BA780F9A85BF9F8F8FCFCEC000000,51.943,8D8500005CA8805B5B5BA780F9A85BF9F8F8FCFCEC000000,51.943,8D8500005CA8805B5B5BA780F9A85BF9F8F8FCFCEC000000,51.943,8D8500005CA8805B5B5BA780F9A85BF9F8F8FCFCEC000000,51.943,8D8500005CA8805B5B5BA780F9A85BF9F8F8FCFCEC000000,51.943,252,51.943,236,51.958,0,51.958,0002,51.878,12553,51.878,3109,51.878,3109,51.878,3109,51.878,3109,51.878,3109,51.878,3109,51.878,3109,51.878,3109,51.878,3109,51.878,3109,51.878,3109,51.878,3109,51.878,3109
52.082,52.112,14.200000000000001,52.112,8E8600005CA881CCCC5BA781F9A85BF9F9F9FCFCED000000,52.112,8E8600005CA881CCCC5BA781F9A85BF9F9F9FCFCED000000,52.112,8E8600005CA881CCCC5BA781F9A85BF9F9F9FCFCED000000,52.112,8E8600005CA881CCCC5BA781F9A85BF9F9F9FCFCED000000,52.112,8E8600005CA881CCCC5BA781F9A85BF9F9F9FCFCED000000,52.112,8E8600005CA881CCCC5BA781F9A85BF9F9F9FCFCED000000,52.112,8E8600005CA881CCCC5BA781F9A85BF9F9F9FCFCED000000,52.112,8E8600005CA881CCCC5BA781F9A85BF9F9F9FCFCED000000,52.112,8E8600005CA881CCCC5BA781F9A85BF9F9F9FCFCED000000,52.112,8E8600005CA881CCCC5BA781F9A85BF9F9F9FCFCED000000,52.112,8E8600005CA881CCCC5BA781F9A85BF9F9F9FCFCED000000,52.112,8E8600005CA881CCCC5BA781F9A85BF9F9F9FCFCED000000,52.112,8E8600005CA881CCCC5BA781F9A85BF9F9F9FCFCED000000,52.112,8E8600005CA881CCCC5BA781F9A85BF9F9F9FCFCED000000,52.112,252,52.112,237,52.038,0,52.038,0002,52.038,12553,52.038,3109,52.038,3109,52.038,3109,52.038,3109,52.038,3109,52.038,3109,52.038,3109,52.038,3109,52.038,3109,52.038,3109,52.038,3109,52.038,3109,52.038,3109
52.183,52.112,14.200000000000001,52.112,8E8600005CA881CCCC5BA781F9A85BF9F9F9FCFCED000000,52.112,8E8600005CA881CCCC5BA781F9A85BF9F9F9FCFCED000000,52.112,8E8600005CA881CCCC5BA781F9A85BF9F9F9FCFCED000000,52.112,8E8600005CA881CCCC5BA781F9A85BF9F9F9FCFCED000000,52.112,8E8600005CA881CCCC5BA781F9A85BF9F9F9FCFCED000000,52.112,8E8600005CA881CCCC5BA781F9A85BF9F9F9FCFCED000000,52.112,8E8600005CA881CCCC5BA781F9A85BF9F9F9FCFCED000000,52.112,8E8600005CA881CCCC5BA781F9A85BF9F9F9FCFCED000000,52.112,8E8600005CA881CCCC5BA781F9A85BF9F9F9FCFCED000000,52.112,8E8600005CA881CCCC5BA781F9A85BF9F9F9FCFCED000000,52.112,8E8600005CA881CCCC5BA781F9A85BF9F9F9FCFCED000000,52.112,8E8600005CA881CCCC5BA781F9A85BF9F9F9FCFCED000000,52.112,8E8600005CA881CCCC5BA781F9A85BF9F9F9FCFCED000000,52.112,8E8600005CA881CCCC5BA781F9A85BF9F9F9FCFCED000000,52.112,252,52.112,237,52.128,0,52.128,0002,52.128,12553,52.128,3109,52.128,3109,52.128,3109,52.128,3109,52.128,3109,52.128,3109,52.128,3109,52.128,3109,52.128,3109,52.128,3109,52.128,3109,52.128,3109,52.128,3109
52.283,52.212,14.100000000000001,52.212,8D8500005CA880CCCC5BA781F8A85BF8F8F8FCFCEC000000,52.212,8D8500005CA880CCCC5BA781F8A85BF8F8F8FCFCEC000000,52.212,8D8500005CA880CCCC5BA781F8A85BF8F8F8FCFCEC000000,52.212,8D8500005CA880CCCC5BA781F8A85BF8F8F8FCFCEC000000,52.212,8D8500005CA880CCCC5BA781F8A85BF8F8F8FCFCEC000000,52.212,8D8500005CA880CCCC5BA781F8A85BF8F8F8FCFCEC000000,52.212,8D8500005CA880CCCC5BA781F8A85BF8F8F8FCFCEC000000,52.212,8D8500005CA880CCCC5BA781F8A85BF8F8F8FCFCEC000000,52.212,8D8500005CA880CCCC5BA781F8A85BF8F8F8FCFCEC000000,52.212,8D8500005CA880CCCC5BA781F8A85BF8F8F8FCFCEC000000,52.212,8D8500005CA880CCCC5BA781F8A85BF8F8F8FCFCEC000000,52.212,8D8500005CA880CCCC5BA781F8A85BF8F8F8FCFCEC000000,52.212,8D8500005CA880CCCC5BA781F8A85BF8F8F8FCFCEC000000,52.212,8D8500005CA880CCCC5BA781F8A85BF8F8F8FCFCEC000000,52.212,252,52.212,236,52.248,0,52.248,0002,52.248,12545,52.248,3101,52.248,3101,52.248,3101,52.248,3101,52.248,3101,52.248,3101,52.248,3101,52.248,3101,52.248,3101,52.248,3101,52.248,3101,52.248,3101,52.248,3101
52.381,52.423,14.200000000000001,52.423,8E8600005CA881CCCC5BA781F9A85BF9F9F9FCFCED000000,52.423,8E8600005CA881CCCC5BA781F9A85BF9F9F9FCFCED000000,52.423,8E8600005CA881CCCC5BA781F9A85BF9F9F9FCFCED000000,52.423,8E8600005CA881CCCC5BA781F9A85BF9F9F9FCFCED000000,52.423,8E8600005CA881CCCC5BA781F9A85BF9F9F9FCFCED000000,52.423,8E8600005CA881CCCC5BA781F9A85BF9F9F9FCFCED000000,52.423,8E8600005CA881CCCC5BA781F9A85BF9F9F9FCFCED000000,52.423,8E8600005CA881CCCC5BA781F9A85BF9F9F9FCFCED000000,52.423,8E8600005CA881CCCC5BA781F9A85BF9F9F9FCFCED000000,52.423,8E8600005CA881CCCC5BA781F9A85BF9F9F9FCFCED000000,52.423,8E8600005CA881CCCC5BA781F9A85BF9F9F9FCFCED000000,52.423,8E8600005CA881CCCC5BA781F9A85BF9F9F9FCFCED000000,52.423,8E8600005CA881CCCC5BA781F9A85BF9F9F9FCFCED000000,52.423,8E8600005CA881CCCC5BA781F9A85BF9F9F9FCFCED000000,52.423,252,52.423,237,52.389,0,52.389,0002,52.389,12545,52.389,3101,52.389,3101,52.389,3101,52.389,3101,52.389,3101,52.389,3101,52.389,3101,52.389,3101,52.389,3101,52.389,3101,52.389,3101,52.389,3101,52.389,3101
52.484,52.423,14.200000000000001,52.423,8E8600005CA881CCCC5BA781F9A85BF9F9F9FCFCED000000,52.423,8E8600005CA881CCCC5BA781F9A85BF9F9F9FCFCED000000,52.423,8E8600005CA881CCCC5BA781F9A85BF9F9F9FCFCED000000,52.423,8E8600005CA881CCCC5BA781F9A85BF9F9F9FCFCED000000,52.423,8E8600005CA881CCCC5BA781F9A85BF9F9F9FCFCED000000,52.423,8E8600005CA881CCCC5BA781F9A85BF9F9F9FCFCED000000,52.423,8E8600005CA881CCCC5BA781F9A85BF9F9F9FCFCED000000,52.423,8E8600005CA881CCCC5BA781F9A85BF9F9F9FCFCED000000,52.423,8E8600005CA881CCCC5BA781F9A85BF9F9F9FCFCED000000,52.423,8E8600005CA881CCCC5BA781F9A85BF9F9F9FCFCED000000,52.423,8E8600005CA881CCCC5BA781F9A85BF9F9F9FCFCED000000,52.423,8E8600005CA881CCCC5BA781F9A85BF9F9F9FCFCED000000,52.423,8E8600005CA881CCCC5BA781F9A85BF9F9F9FCFCED000000,52.423,8E8600005CA881CCCC5BA781F9A85BF9F9F9FCFCED000000,52.423,252,52.423,237,52.438,0,52.438,0002,52.389,12545,52.389,3101,52.389,3101,52.389,3101,52.389,3101,52.389,3101,52.389,3101,52.389,3101,52.389,3101,52.389,3101,52.389,3101,52.389,3101,52.389,3101,52.389,3101
52.583,52.512,14.100000000000001,52.512,8D8500005CA881CDCD5BA781F9A85BF9F9F9FCFCED000000,52.512,8D8500005CA881CDCD5BA781F9A85BF9F9F9FCFCED000000,52.512,8D8500005CA881CDCD5BA781F9A85BF9F9F9FCFCED000000,52.512,8D8500005CA881CDCD5BA781F9A85BF9F9F9FCFCED000000,52.512,8D8500005CA881CDCD5BA781F9A85BF9F9F9FCFCED000000,52.512,8D8500005CA881CDCD5BA781F9A85BF9F9F9FCFCED000000,52.512,8D8500005CA881CDCD5BA781F9A85BF9F9F9FCFCED000000,52.512,8D8500005CA881CDCD5BA781F9A85BF9F9F9FCFCED000000,52.512,8D8500005CA881CDCD5BA781F9A85BF9F9F9FCFCED000000,52.512,8D8500005CA881CDCD5BA781F9A85BF9F9F9FCFCED000000,52.512,8D8500005CA881CDCD5BA781F9A85BF9F9F9FCFCED000000,52.512,8D8500005CA881CDCD5BA781F9A85BF9F9F9FCFCED000000,52.512,8D8500005CA881CDCD5BA781F9A85BF9F9F9FCFCED000000,52.512,8D8500005CA881CDCD5BA781F9A85BF9F9F9FCFCED000000,52.512,252,52.512,237,52.537,0,52.537,0002,52.537,12545,52.537,3101,52.537,3101,52.537,3101,52.537,3101,52.537,3101,52.537,3101,52.537,3101,52.537,3101,52.537,3101,52.537,3101,52.537,3101,52.537,3101,52.537,3101
52.681,52.712,14.200000000000001,52.712,8E8600005BA881CCCC5BA781F9A85BF9F9F9FCFCED000000,52.712,8E8600005BA881CCCC5BA781F9A85BF9F9F9FCFCED000000,52.712,8E8600005BA881CCCC5BA781F9A85BF9F9F9FCFCED000000,52.712,8E8600005BA881CCCC5BA781F9A85BF9F9F9FCFCED000000,52.712,8E8600005BA881CCCC5BA781F9A85BF9F9F9FCFCED000000,52.712,8E8600005BA881CCCC5BA781F9A85BF9F9F9FCFCED000000,52.712,8E8600005BA881CCCC5BA781F9A85BF9F9F9FCFCED000000,52.712,8E8600005BA881CCCC5BA781F9A85BF9F9F9FCFCED000000,52.712,8E8600005BA881CCCC5BA781F9A85BF9F9F9FCFCED000000,52.712,8E8600005BA881CCCC5BA781F9A85BF9F9F9FCFCED000000,52.712,8E8600005BA881CCCC5BA781F9A85BF9F9F9FCFCED000000,52.712,8E8600005BA881CCCC5BA781F9A85BF9F9F9FCFCED000000,52.712,8E8600005BA881CCCC5BA781F9A85BF9F9F9FCFCED000000,52.712,8E8600005BA881CCCC5BA781F9A85BF9F9F9FCFCED000000,52.712,252,52.712,237,52.648,0,52.648,0002,52.648,12545,52.648,3101,52.648,3101,52.648,3101,52.648,3101,52.648,3101,52.648,3101,52.648,3101,52.648,3101,52.648,3101,52.648,3101,52.648,3101,52.648,3101,52.648,3101
52.782,52.712,14.200000000000001,52.712,8E8600005BA881CCCC5BA781F9A85BF9F9F9FCFCED000000,52.712,8E8600005BA881CCCC5BA781F9A85BF9F9F9FCFCED000000,52.712,8E8600005BA881CCCC5BA781F9A85BF9F9F9FCFCED000000,52.712,8E8600005BA881CCCC5BA781F9A85BF9F9F9FCFCED000000,52.712,8E8600005BA881CCCC5BA781F9A85BF9F9F9FCFCED000000,52.712,8E8600005BA881CCCC5BA781F9A85BF9F9F9FCFCED000000,52.712,8E8600005BA881CCCC5BA781F9A85BF9F9F9FCFCED000000,52.712,8E8600005BA881CCCC5BA781F9A85BF9F9F9FCFCED000000,52.712,8E8600005BA881CCCC5BA781F9A85BF9F9F9FCFCED000000,52.712,8E8600005BA881CCCC5BA781F9A85BF9F9F9FCFCED000000,52.712,8E8600005BA881CCCC5BA781F9A85BF9F9F9FCFCED000000,52.712,8E8600005BA881CCCC5BA781F9A85BF9F9F9FCFCED000000,52.712,8E8600005BA881CCCC5BA781F9A85BF9F9F9FCFCED000000,52.712,8E8600005BA881CCCC5BA781F9A85BF9F9F9FCFCED000000,52.712,252,52.712,237,52.737,0,52.737,0002,52.809,12545,52.809,3101,52.809,3101,52.809,3101,52.809,3101,52.809,3101,52.809,3101,52.809,3101,52.809,3101,52.809,3101,52.809,3101,52.809,3101,52.809,3101,52.809,3101
52.880,52.853,14.200000000000001,52.853,8E8600005BA780CCCC5BA780F8A85BF8F8F8FBFBED000000,52.853,8E8600005BA780CCCC5BA780F8A85BF8F8F8FBFBED000000,52.853,8E8600005BA780CCCC5BA780F8A85BF8F8F8FBFBED000000,52.853,8E8600005BA780CCCC5BA780F8A85BF8F8F8FBFBED000000,52.853,8E8600005BA780CCCC5BA780F8A85BF8F8F8FBFBED000000,52.853,8E8600005BA780CCCC5BA780F8A85BF8F8F8FBFBED000000,52.853,8E8600005BA780CCCC5BA780F8A85BF8F8F8FBFBED000000,52.853,8E8600005BA780CCCC5BA780F8A85BF8F8F8FBFBED000000,52.853,8E8600005BA780CCCC5BA780F8A85BF8F8F8FBFBED000000,52.853,8E8600005BA780CCCC5BA780F8A85BF8F8F8FBFBED000000,52.853,8E8600005BA780CCCC5BA780F8A85BF8F8F8FBFBED000000,52.853,8E8600005BA780CCCC5BA780F8A85BF8F8F8FBFBED000000,52.853,8E8600005BA780CCCC5BA780F8A85BF8F8F8FBFBED000000,52.853,8E8600005BA780CCCC5BA780F8A85BF8F8F8FBFBED000000,52.853,251,52.853,237,52.889,0,52.889,0002,52.889,12545,52.889,3101,52.889,3101,52.889,3101,52.889,3101,52.889,3101,52.889,3101,52.889,3101,52.889,3101,52.889,3101,52.889,3101,52.889,3101,52.889,3101,52.889,3101
52.981,53.016,14.100000000000001,53.016,8D8500005BA881CDCD5BA781F9A85BF9F9F9FCFCED000000,53.016,8D8500005BA881CDCD5BA781F9A85BF9F9F9FCFCED000000,53.016,8D8500005BA881CDCD5BA781F9A85BF9F9F9FCFCED000000,53.016,8D8500005BA881CDCD5BA781F9A85BF9F9F9FCFCED000000,53.016,8D8500005BA881CDCD5BA781F9A85BF9F9F9FCFCED000000,53.016,8D8500005BA881CDCD5BA781F9A85BF9F9F9FCFCED000000,53.016,8D8500005BA881CDCD5BA781F9A85BF9F9F9FCFCED000000,53.016,8D8500005BA881CDCD5BA781F9A85BF9F9F9FCFCED000000,53.016,8D8500005BA881CDCD5BA781F9A85BF9F9F9FCFCED000000,53.016,8D8500005BA881CDCD5BA781F9A85BF9F9F9FCFCED000000,53.016,8D8500005BA881CDCD5BA781F9A85BF9F9F9FCFCED000000,53.016,8D8500005BA881CDCD5BA781F9A85BF9F9F9FCFCED000000,53.016,8D8500005BA881CDCD5BA781F9A85BF9F9F9FCFCED000000,53.016,8D8500005BA881CDCD5BA781F9A85BF9F9F9FCFCED000000,53.016,252,53.016,237,52.948,0,52.948,0002,52.889,12545,52.889,3101,52.889,3101,52.889,3101,52.889,3101,52.889,3101,52.889,3101,52.889,3101,52.889,3101,52.889,3101,52.889,3101,52.889,3101,52.889,3101,52.889,3101
53.084,53.016,14.100000000000001,53.016,8D8500005BA881CDCD5BA781F9A85BF9F9F9FCFCED000000,53.016,8D8500005BA881CDCD5BA781F9A85BF9F9F9FCFCED000000,53.016,8D8500005BA881CDCD5BA781F9A85BF9F9F9FCFCED000000,53.016,8D8500005BA881CDCD5BA781F9A85BF9F9F9FCFCED000000,53.016,8D8500005BA881CDCD5BA781F9A85BF9F9F9FCFCED000000,53.016,8D8500005BA881CDCD5BA781F9A85BF9F9F9FCFCED000000,53.016,8D8500005BA881CDCD5BA781F9A85BF9F9F9FCFCED000000,53.016,8D8500005BA881CDCD5BA781F9A85BF9F9F9FCFCED000000,53.016,8D8500005BA881CDCD5BA781F9A85BF9F9F9FCFCED000000,53.016,8D8500005BA881CDCD5BA781F9A85BF9F9F9FCFCED000000,53.016,8D8500005BA881CDCD5BA781F9A85BF9F9F9FCFCED000000,53.016,8D8500005BA881CDCD5BA781F9A85BF9F9F9FCFCED000000,53.016,8D8500005BA881CDCD5BA781F9A85BF9F9F9FCFCED000000,53.016,8D8500005BA881CDCD5BA781F9A85BF9F9F9FCFCED000000,53.016,252,53.016,237,53.028,0,53.028,0002,53.028,12545,53.028,3101,53.028,3101,53.028,3101,53.028,3101,53.028,3101,53.028,3101,53.028,3101,53.028,3101,53.028,3101,53.028,3101,53.028,3101,53.028,3101,53.028,3101
53.183,53.112,14.200000000000001,53.112,8E8600005CA881CDCD5BA881F9A85BF9F9F9FCFCED000000,53.112,8E8600005CA881CDCD5BA881F9A85BF9F9F9FCFCED000000,53.112,8E8600005CA881CDCD5BA881F9A85BF9F9F9FCFCED000000,53.112,8E8600005CA881CDCD5BA881F9A85BF9F9F9FCFCED000000,53.112,8E8600005CA881CDCD5BA881F9A85BF9F9F9FCFCED000000,53.112,8E8600005CA881CDCD5BA881F9A85BF9F9F9FCFCED000000,53.112,8E8600005CA881CDCD5BA881F9A85BF9F9F9FCFCED000000,53.112,8E8600005CA881CDCD5BA881F9A85BF9F9F9FCFCED000000,53.112,8E8600005CA881CDCD5BA881F9A85BF9F9F9FCFCED000000,53.112,8E8600005CA881CDCD5BA881F9A85BF9F9F9FCFCED000000,53.112,8E8600005CA881CDCD5BA881F9A85BF9F9F9FCFCED000000,53.112,8E8600005CA881CDCD5BA881F9A85BF9F9F9FCFCED000000,53.112,8E8600005CA881CDCD5BA881F9A85BF9F9F9FCFCED000000,53.112,8E8600005CA881CDCD5BA881F9A85BF9F9F9FCFCED000000,53.112,252,53.112,237,53.137,0,53.137,0002,53.137,12545,53.137,3101,53.137,3101,53.137,3101,53.137,3101,53.137,3101,53.137,3101,53.137,3101,53.137,3101,53.137,3101,53.137,3101,53.137,3101,53.137,3101,53.137,3101
53.280,53.213,14,53.213,8C8400005CA88180805BA881F9A85BFAF9F9FDFDED000000,53.213,8C8400005CA88180805BA881F9A85BFAF9F9FDFDED000000,53.213,8C8400005CA88180805BA881F9A85BFAF9F9FDFDED000000,53.213,8C8400005CA88180805BA881F9A85BFAF9F9FDFDED000000,53.213,8C8400005CA88180805BA881F9A85BFAF9F9FDFDED000000,53.213,8C8400005CA88180805BA881F9A85BFAF9F9FDFDED000000,53.213,8C8400005CA88180805BA881F9A85BFAF9F9FDFDED000000,53.213,8C8400005CA88180805BA881F9A85BFAF9F9FDFDED000000,53.213,8C8400005CA88180805BA881F9A85BFAF9F9FDFDED000000,53.213,8C8400005CA88180805BA881F9A85BFAF9F9FDFDED000000,53.213,8C8400005CA88180805BA881F9A85BFAF9F9FDFDED000000,53.213,8C8400005CA88180805BA881F9A85BFAF9F9FDFDED000000,53.213,8C8400005CA88180805BA881F9A85BFAF9F9FDFDED000000,53.213,8C8400005CA88180805BA881F9A85BFAF9F9FDFDED000000,53.213,253,53.213,237,53.248,0,53.248,0002,53.298,12549,53.298,3105,53.298,3105,53.298,3105,53.298,3105,53.298,3105,53.298,3105,53.298,3105,53.298,3105,53.298,3105,53.298,3105,53.298,3105,53.298,3105,53.298,3105
53.382,53.353,14.100000000000001,53.353,8D8500005BA88080805BA781F8A85BF8F8F8FCFCED000000,53.353,8D8500005BA88080805BA781F8A85BF8F8F8FCFCED000000,53.353,8D8500005BA88080805BA781F8A85BF8F8F8FCFCED000000,53.353,8D8500005BA88080805BA781F8A85BF8F8F8FCFCED000000,53.353,8D8500005BA88080805BA781F8A85BF8F8F8FCFCED000000,53.353,8D8500005BA88080805BA781F8A85BF8F8F8FCFCED000000,53.353,8D8500005BA88080805BA781F8A85BF8F8F8FCFCED000000,53.353,8D8500005BA88080805BA781F8A85BF8F8F8FCFCED000000,53.353,8D8500005BA88080805BA781F8A85BF8F8F8FCFCED000000,53.353,8D8500005BA88080805BA781F8A85BF8F8F8FCFCED000000,53.353,8D8500005BA88080805BA781F8A85BF8F8F8FCFCED000000,53.353,8D8500005BA88080805BA781F8A85BF8F8F8FCFCED000000,53.353,8D8500005BA88080805BA781F8A85BF8F8F8FCFCED000000,53.353,8D8500005BA88080805BA781F8A85BF8F8F8FCFCED000000,53.353,252,53.353,237,53.377,0,53.377,0002,53.377,12549,53.377,3105,53.377,3105,53.377,3105,53.377,3105,53.377,3105,53.377,3105,53.377,3105,53.377,3105,53.377,3105,53.377,3105,53.377,3105,53.377,3105,53.377,3105
53.483,53.423,14.100000000000001,53.423,8D8500005BA88180805BA781F8A85BF9F9F9FCFCED000000,53.423,8D8500005BA88180805BA781F8A85BF9F9F9FCFCED000000,53.423,8D8500005BA88180805BA781F8A85BF9F9F9FCFCED000000,53.423,8D8500005BA88180805BA781F8A85BF9F9F9FCFCED000000,53.423,8D8500005BA88180805BA781F8A85BF9F9F9FCFCED000000,53.423,8D8500005BA88180805BA781F8A85BF9F9F9FCFCED000000,53.423,8D8500005BA88180805BA781F8A85BF9F9F9FCFCED000000,53.423,8D8500005BA88180805BA781F8A85BF9F9F9FCFCED000000,53.423,8D8500005BA88180805BA781F8A85BF9F9F9FCFCED000000,53.423,8D8500005BA88180805BA781F8A85BF9F9F9FCFCED000000,53.423,8D8500005BA88180805BA781F8A85BF9F9F9FCFCED000000,53.423,8D8500005BA88180805BA781F8A85BF9F9F9FCFCED000000,53.423,8D8500005BA88180805BA781F8A85BF9F9F9FCFCED000000,53.423,8D8500005BA88180805BA781F8A85BF9F9F9FCFCED000000,53.423,252,53.423,237,53.460,0,53.460,0002,53.377,12549,53.377,3105,53.377,3105,53.377,3105,53.377,3105,53.377,3105,53.377,3105,53.377,3105,53.377,3105,53.377,3105,53.377,3105,53.377,3105,53.377,3105,53.377,3105
53.581,53.613,14.100000000000001,53.613,8D8500005CA88180805BA781F9A85BF9F9F9FCFCED000000,53.613,8D8500005CA88180805BA781F9A85BF9F9F9FCFCED000000,53.613,8D8500005CA88180805BA781F9A85BF9F9F9FCFCED000000,53.613,8D8500005CA88180805BA781F9A85BF9F9F9FCFCED000000,53.613,8D8500005CA88180805BA781F9A85BF9F9F9FCFCED000000,53.613,8D8500005CA88180805BA781F9A85BF9F9F9FCFCED000000,53.613,8D8500005CA88180805BA781F9A85BF9F9F9FCFCED000000,53.613,8D8500005CA88180805BA781F9A85BF9F9F9FCFCED000000,53.613,8D8500005CA88180805BA781F9A85BF9F9F9FCFCED000000,53.613,8D8500005CA88180805BA781F9A85BF9F9F9FCFCED000000,53.613,8D8500005CA88180805BA781F9A85BF9F9F9FCFCED000000,53.613,8D8500005CA88180805BA781F9A85BF9F9F9FCFCED000000,53.613,8D8500005CA88180805BA781F9A85BF9F9F9FCFCED000000,53.613,8D8500005CA88180805BA781F9A85BF9F9F9FCFCED000000,53.613,252,53.613,237,53.537,0,53.537,0002,53.537,12549,53.537,3105,53.537,3105,53.537,3105,53.537,3105,53.537,3105,53.537,3105,53.537,3105,53.537,3105,53.537,3105,53.537,3105,53.537,3105,53.537,3105,53.537,3105
53.683,53.613,14.100000000000001,53.613,8D8500005CA88180805BA781F9A85BF9F9F9FCFCED000000,53.613,8D8500005CA88180805BA781F9A85BF9F9F9FCFCED000000,53.613,8D8500005CA88180805BA781F9A85BF9F9F9FCFCED000000,53.613,8D8500005CA88180805BA781F9A85BF9F9F9FCFCED000000,53.613,8D8500005CA88180805BA781F9A85BF9F9F9FCFCED000000,53.613,8D8500005CA88180805BA781F9A85BF9F9F9FCFCED000000,53.613,8D8500005CA88180805BA781F9A85BF9F9F9FCFCED000000,53.613,8D8500005CA88180805BA781F9A85BF9F9F9FCFCED000000,53.613,8D8500005CA88180805BA781F9A85BF9F9F9FCFCED000000,53.613,8D8500005CA88180805BA781F9A85BF9F9F9FCFCED000000,53.613,8D8500005CA88180805BA781F9A85BF9F9F9FCFCED000000,53.613,8D8500005CA88180805BA781F9A85BF9F9F9FCFCED000000,53.613,8D8500005CA88180805BA781F9A85BF9F9F9FCFCED000000,53.613,8D8500005CA88180805BA781F9A85BF9F9F9FCFCED000000,53.613,252,53.613,237,53.628,0,53.628,0002,53.628,12549,53.628,3105,53.628,3105,53.628,3105,53.628,3105,53.628,3105,53.628,3105,53.628,3105,53.628,3105,53.628,3105,53.628,3105,53.628,3105,53.628,3105,53.628,3105
53.781,53.712,14.200000000000001,53.712,8E8600005BA881CDCD5BA781F9A85BF9F9F9FCFCED000000,53.712,8E8600005BA881CDCD5BA781F9A85BF9F9F9FCFCED000000,53.712,8E8600005BA881CDCD5BA781F9A85BF9F9F9FCFCED000000,53.712,8E8600005BA881CDCD5BA781F9A85BF9F9F9FCFCED000000,53.712,8E8600005BA881CDCD5BA781F9A85BF9F9F9FCFCED000000,53.712,8E8600005BA881CDCD5BA781F9A85BF9F9F9FCFCED000000,53.712,8E8600005BA881CDCD5BA781F9A85BF9F9F9FCFCED000000,53.712,8E8600005BA881CDCD5BA781F9A85BF9F9F9FCFCED000000,53.712,8E8600005BA881CDCD5BA781F9A85BF9F9F9FCFCED000000,53.712,8E8600005BA881CDCD5BA781F9A85BF9F9F9FCFCED000000,53.712,8E8600005BA881CDCD5BA781F9A85BF9F9F9FCFCED000000,53.712,8E8600005BA881CDCD5BA781F9A85BF9F9F9FCFCED000000,53.712,8E8600005BA881CDCD5BA781F9A85BF9F9F9FCFCED000000,53.712,8E8600005BA881CDCD5BA781F9A85BF9F9F9FCFCED000000,53.712,252,53.712,237,53.748,0,53.748,0002,53.798,12545,53.798,3101,53.798,3101,53.798,3101,53.798,3101,53.798,3101,53.798,3101,53.798,3101,53.798,3101,53.798,3101,53.798,3101,53.798,3101,53.798,3101,53.798,3101
53.881,53.843,14.100000000000001,53.843,8D8500005CA881CDCD5BA881F9A85BF9F9F9FCFCED000000,53.843,8D8500005CA881CDCD5BA881F9A85BF9F9F9FCFCED000000,53.843,8D8500005CA881CDCD5BA881F9A85BF9F9F9FCFCED000000,53.843,8D8500005CA881CDCD5BA881F9A85BF9F9F9FCFCED000000,53.843,8D8500005CA881CDCD5BA881F9A85BF9F9F9FCFCED000000,53.843,8D8500005CA881CDCD5BA881F9A85BF9F9F9FCFCED000000,53.843,8D8500005CA881CDCD5BA881F9A85BF9F9F9FCFCED000000,53.843,8D8500005CA881CDCD5BA881F9A85BF9F9F9FCFCED000000,53.843,8D8500005CA881CDCD5BA881F9A85BF9F9F9FCFCED000000,53.843,8D8500005CA881CDCD5BA881F9A85BF9F9F9FCFCED000000,53.843,8D8500005CA881CDCD5BA881F9A85BF9F9F9FCFCED000000,53.843,8D8500005CA881CDCD5BA881F9A85BF9F9F9FCFCED000000,53.843,8D8500005CA881CDCD5BA881F9A85BF9F9F9FCFCED000000,53.843,8D8500005CA881CDCD5BA881F9A85BF9F9F9FCFCED000000,53.843,252,53.843,237,53.880,0,53.880,0002,53.798,12545,53.798,3101,53.798,3101,53.798,3101,53.798,3101,53.798,3101,53.798,3101,53.798,3101,53.798,3101,53.798,3101,53.798,3101,53.798,3101,53.798,3101,53.798,3101
53.981,53.933,14.200000000000001,53.933,8E8600005CA881CCCC5BA781F9A85BF9F9F9FCFCED000000,53.933,8E8600005CA881CCCC5BA781F9A85BF9F9F9FCFCED000000,53.933,8E8600005CA881CCCC5BA781F9A85BF9F9F9FCFCED000000,53.933,8E8600005CA881CCCC5BA781F9A85BF9F9F9FCFCED000000,53.933,8E8600005CA881CCCC5BA781F9A85BF9F9F9FCFCED000000,53.933,8E8600005CA881CCCC5BA781F9A85BF9F9F9FCFCED000000,53.933,8E8600005CA881CCCC5BA781F9A85BF9F9F9FCFCED000000,53.933,8E8600005CA881CCCC5BA781F9A85BF9F9F9FCFCED000000,53.933,8E8600005CA881CCCC5BA781F9A85BF9F9F9FCFCED000000,53.933,8E8600005CA881CCCC5BA781F9A85BF9F9F9FCFCED000000,53.933,8E8600005CA881CCCC5BA781F9A85BF9F9F9FCFCED000000,53.933,8E8600005CA881CCCC5BA781F9A85BF9F9F9FCFCED000000,53.933,8E8600005CA881CCCC5BA781F9A85BF9F9F9FCFCED000000,53.933,8E8600005CA881CCCC5BA781F9A85BF9F9F9FCFCED000000,53.933,252,53.933,237,53.958,0,53.958,0002,53.958,12545,53.958,3101,53.958,3101,53.958,3101,53.958,3101,53.958,3101,53.958,3101,53.958,3101,53.958,3101,53.958,3101,53.958,3101,53.958,3101,53.958,3101,53.958,3101
54.083,54.023,14.100000000000001,54.023,8D8500005CA881CDCD5BA781F9A85BF9F9F9FCFCED000000,54.023,8D8500005CA881CDCD5BA781F9A85BF9F9F9FCFCED000000,54.023,8D8500005CA881CDCD5BA781F9A85BF9F9F9FCFCED000000,54.023,8D8500005CA881CDCD5BA781F9A85BF9F9F9FCFCED000000,54.023,8D8500005CA881CDCD5BA781F9A85BF9F9F9FCFCED000000,54.023,8D8500005CA881CDCD5BA781F9A85BF9F9F9FCFCED000000,54.023,8D8500005CA881CDCD5BA781F9A85BF9F9F9FCFCED000000,54.023,8D8500005CA881CDCD5BA781F9A85BF9F9F9FCFCED000000,54.023,8D8500005CA881CDCD5BA781F9A85BF9F9F9FCFCED000000,54.023,8D8500005CA881CDCD5BA781F9A85BF9F9F9FCFCED000000,54.023,8D8500005CA881CDCD5BA781F9A85BF9F9F9FCFCED000000,54.023,8D8500005CA881CDCD5BA781F9A85BF9F9F9FCFCED000000,54.023,8D8500005CA881CDCD5BA781F9A85BF9F9F9FCFCED000000,54.023,8D8500005CA881CDCD5BA781F9A85BF9F9F9FCFCED000000,54.023,252,54.023,237,54.048,0,54.048,0002,54.048,12545,54.048,3101,54.048,3101,54.048,3101,54.048,3101,54.048,3101,54.048,3101,54.048,3101,54.048,3101,54.048,3101,54.048,3101,54.048,3101,54.048,3101,54.048,3101
54.182,54.213,14.100000000000001,54.213,8D8500005BA880CCCC5BA781F9A75BF9F9F9FBFBED000000,54.213,8D8500005BA880CCCC5BA781F9A75BF9F9F9FBFBED000000,54.213,8D8500005BA880CCCC5BA781F9A75BF9F9F9FBFBED000000,54.213,8D8500005BA880CCCC5BA781F9A75BF9F9F9FBFBED000000,54.213,8D8500005BA880CCCC5BA781F9A75BF9F9F9FBFBED000000,54.213,8D8500005BA880CCCC5BA781F9A75BF9F9F9FBFBED000000,54.213,8D8500005BA880CCCC5BA781F9A75BF9F9F9FBFBED000000,54.213,8D8500005BA880CCCC5BA781F9A75BF9F9F9FBFBED000000,54.213,8D8500005BA880CCCC5BA781F9A75BF9F9F9FBFBED000000,54.213,8D8500005BA880CCCC5BA781F9A75BF9F9F9FBFBED000000,54.213,8D8500005BA880CCCC5BA781F9A75BF9F9F9FBFBED000000,54.213,8D8500005BA880CCCC5BA781F9A75BF9F9F9FBFBED000000,54.213,8D8500005BA880CCCC5BA781F9A75BF9F9F9FBFBED000000,54.213,8D8500005BA880CCCC5BA781F9A75BF9F9F9FBFBED000000,54.213,251,54.213,237,54.138,0,54.138,0002,54.138,12545,54.138,3101,54.138,3101,54.138,3101,54.138,3101,54.138,3101,54.138,3101,54.138,3101,54.138,3101,54.138,3101,54.138,3101,54.138,3101,54.138,3101,54.138,3101
54.283,54.213,14.100000000000001,54.213,8D8500005BA880CCCC5BA781F9A75BF9F9F9FBFBED000000,54.213,8D8500005BA880CCCC5BA781F9A75BF9F9F9FBFBED000000,54.213,8D8500005BA880CCCC5BA781F9A75BF9F9F9FBFBED000000,54.213,8D8500005BA880CCCC5BA781F9A75BF9F9F9FBFBED000000,54.213,8D8500005BA880CCCC5BA781F9A75BF9F9F9FBFBED000000,54.213,8D8500005BA880CCCC5BA781F9A75BF9F9F9FBFBED000000,54.213,8D8500005BA880CCCC5BA781F9A75BF9F9F9FBFBED000000,54.213,8D8500005BA880CCCC5BA781F9A75BF9F9F9FBFBED000000,54.213,8D8500005BA880CCCC5BA781F9A75BF9F9F9FBFBED000000,54.213,8D8500005BA880CCCC5BA781F9A75BF9F9F9FBFBED000000,54.213,8D8500005BA880CCCC5BA781F9A75BF9F9F9FBFBED000000,54.213,8D8500005BA880CCCC5BA781F9A75BF9F9F9FBFBED000000,54.213,8D8500005BA880CCCC5BA781F9A75BF9F9F9FBFBED000000,54.213,8D8500005BA880CCCC5BA781F9A75BF9F9F9FBFBED000000,54.213,251,54.213,237,54.237,0,54.237,0002,54.237,12545,54.237,3101,54.237,3101,54.237,3101,54.237,3101,54.237,3101,54.237,3101,54.237,3101,54.237,3101,54.237,3101,54.237,3101,54.237,3101,54.237,3101,54.237,3101
54.382,54.363,14.200000000000001,54.363,8E8600005BA881CCCC5BA781F9A85BF9F9F9FCFCED000000,54.363,8E8600005BA881CCCC5BA781F9A85BF9F9F9FCFCED000000,54.363,8E8600005BA881CCCC5BA781F9A85BF9F9F9FCFCED000000,54.363,8E8600005BA881CCCC5BA781F9A85BF9F9F9FCFCED000000,54.363,8E8600005BA881CCCC5BA781F9A85BF9F9F9FCFCED000000,54.363,8E8600005BA881CCCC5BA781F9A85BF9F9F9FCFCED000000,54.363,8E8600005BA881CCCC5BA781F9A85BF9F9F9FCFCED000000,54.363,8E8600005BA881CCCC5BA781F9A85BF9F9F9FCFCED000000,54.363,8E8600005BA881CCCC5BA781F9A85BF9F9F9FCFCED000000,54.363,8E8600005BA881CCCC5BA781F9A85BF9F9F9FCFCED000000,54.363,8E8600005BA881CCCC5BA781F9A85BF9F9F9FCFCED000000,54.363,8E8600005BA881CCCC5BA781F9A85BF9F9F9FCFCED000000,54.363,8E8600005BA881CCCC5BA781F9A85BF9F9F9FCFCED000000,54.363,8E8600005BA881CCCC5BA781F9A85BF9F9F9FCFCED000000,54.363,252,54.363,237,54.388,0,54.388,0002,54.388,12545,54.388,3101,54.388,3101,54.388,3101,54.388,3101,54.388,3101,54.388,3101,54.388,3101,54.388,3101,54.388,3101,54.388,3101,54.388,3101,54.388,3101,54.388,3101
54.482,54.516,14.100000000000001,54.516,8D8500005CA8815B5B5BA781F9A85BF9F9F9FCFCED000000,54.516,8D8500005CA8815B5B5BA781F9A85BF9F9F9FCFCED000000,54.516,8D8500005CA8815B5B5BA781F9A85BF9F9F9FCFCED000000,54.516,8D8500005CA8815B5B5BA781F9A85BF9F9F9FCFCED000000,54.516,8D8500005CA8815B5B5BA781F9A85BF9F9F9FCFCED000000,54.516,8D8500005CA8815B5B5BA781F9A85BF9F9F9FCFCED000000,54.516,8D8500005CA8815B5B5BA781F9A85BF9F9F9FCFCED000000,54.516,8D8500005CA8815B5B5BA781F9A85BF9F9F9FCFCED000000,54.516,8D8500005CA8815B5B5BA781F9A85BF9F9F9FCFCED000000,54.516,8D8500005CA8815B5B5BA781F9A85BF9F9F9FCFCED000000,54.516,8D8500005CA8815B5B5BA781F9A85BF9F9F9FCFCED000000,54.516,8D8500005CA8815B5B5BA781F9A85BF9F9F9FCFCED000000,54.516,8D8500005CA8815B5B5BA781F9A85BF9F9F9FCFCED000000,54.516,8D8500005CA8815B5B5BA781F9A85BF9F9F9FCFCED000000,54.516,252,54.516,237,54.438,0,54.438,0002,54.388,12545,54.388,3101,54.388,3101,54.388,3101,54.388,3101,54.388,3101,54.388,3101,54.388,3101,54.388,3101,54.388,3101,54.388,3101,54.388,3101,54.388,3101,54.388,3101
54.583,54.516,14.100000000000001,54.516,8D8500005CA8815B5B5BA781F9A85BF9F9F9FCFCED000000,54.516,8D8500005CA8815B5B5BA781F9A85BF9F9F9FCFCED000000,54.516,8D8500005CA8815B5B5BA781F9A85BF9F9F9FCFCED000000,54.516,8D8500005CA8815B5B5BA781F9A85BF9F9F9FCFCED000000,54.516,8D8500005CA8815B5B5BA781F9A85BF9F9F9FCFCED000000,54.516,8D8500005CA8815B5B5BA781F9A85BF9F9F9FCFCED000000,54.516,8D8500005CA8815B5B5BA781F9A85BF9F9F9FCFCED000000,54.516,8D8500005CA8815B5B5BA781F9A85BF9F9F9FCFCED000000,54.516,8D8500005CA8815B5B5BA781F9A85BF9F9F9FCFCED000000,54.516,8D8500005CA8815B5B5BA781F9A85BF9F9F9FCFCED000000,54.516,8D8500005CA8815B5B5BA781F9A85BF9F9F9FCFCED000000,54.516,8D8500005CA8815B5B5BA781F9A85BF9F9F9FCFCED000000,54.516,8D8500005CA8815B5B5BA781F9A85BF9F9F9FCFCED000000,54.516,8D8500005CA8815B5B5BA781F9A85BF9F9F9FCFCED000000,54.516,252,54.516,237,54.528,0,54.528,0002,54.528,12545,54.528,3101,54.528,3101,54.528,3101,54.528,3101,54.528,3101,54.528,3101,54.528,3101,54.528,3101,54.528,3101,54.528,3101,54.528,3101,54.528,3101,54.528,3101
54.683,54.613,14.200000000000001,54.613,8E8600005CA8815B5B5BA881F9A85BF9F9F9FCFCED000000,54.613,8E8600005CA8815B5B5BA881F9A85BF9F9F9FCFCED000000,54.613,8E8600005CA8815B5B5BA881F9A85BF9F9F9FCFCED000000,54.613,8E8600005CA8815B5B5BA881F9A85BF9F9F9FCFCED000000,54.613,8E8600005CA8815B5B5BA881F9A85BF9F9F9FCFCED000000,54.613,8E8600005CA8815B5B5BA881F9A85BF9F9F9FCFCED000000,54.613,8E8600005CA8815B5B5BA881F9A85BF9F9F9FCFCED000000,54.613,8E8600005CA8815B5B5BA881F9A85BF9F9F9FCFCED000000,54.613,8E8600005CA8815B5B5BA881F9A85BF9F9F9FCFCED000000,54.613,8E8600005CA8815B5B5BA881F9A85BF9F9F9FCFCED000000,54.613,8E8600005CA8815B5B5BA881F9A85BF9F9F9FCFCED000000,54.613,8E8600005CA8815B5B5BA881F9A85BF9F9F9FCFCED000000,54.613,8E8600005CA8815B5B5BA881F9A85BF9F9F9FCFCED000000,54.613,8E8600005CA8815B5B5BA881F9A85BF9F9F9FCFCED000000,54.613,252,54.613,237,54.638,0,54.638,0002,54.638,12553,54.638,3109,54.638,3109,54.638,3109,54.638,3109,54.638,3109,54.638,3109,54.638,3109,54.638,3109,54.638,3109,54.638,3109,54.638,3109,54.638,3109,54.638,3109
54.780,54.713,14.100000000000001,54.713,8D8500005CA881CDCD5BA781F9A85BF9F9F9FCFCED000000,54.713,8D8500005CA881CDCD5BA781F9A85BF9F9F9FCFCED000000,54.713,8D8500005CA881CDCD5BA781F9A85BF9F9F9FCFCED000000,54.713,8D8500005CA881CDCD5BA781F9A85BF9F9F9FCFCED000000,54.713,8D8500005CA881CDCD5BA781F9A85BF9F9F9FCFCED000000,54.713,8D8500005CA881CDCD5BA781F9A85BF9F9F9FCFCED000000,54.713,8D8500005CA881CDCD5BA781F9A85BF9F9F9FCFCED000000,54.713,8D8500005CA881CDCD5BA781F9A85BF9F9F9FCFCED000000,54.713,8D8500005CA881CDCD5BA781F9A85BF9F9F9FCFCED000000,54.713,8D8500005CA881CDCD5BA781F9A85BF9F9F9FCFCED000000,54.713,8D8500005CA881CDCD5BA781F9A85BF9F9F9FCFCED000000,54.713,8D8500005CA881CDCD5BA781F9A85BF9F9F9FCFCED000000,54.713,8D8500005CA881CDCD5BA781F9A85BF9F9F9FCFCED000000,54.713,8D8500005CA881CDCD5BA781F9A85BF9F9F9FCFCED000000,54.713,252,54.713,237,54.750,0,54.750,0002,54.798,12545,54.798,3101,54.798,3101,54.798,3101,54.798,3101,54.798,3101,54.798,3101,54.798,3101,54.798,3101,54.798,3101,54.798,3101,54.798,3101,54.798,3101,54.798,3101
54.881,54.853,14.100000000000001,54.853,8D8500005CA881CDCD5BA881F8A85BFAF9F9FCFCEC000000,54.853,8D8500005CA881CDCD5BA881F8A85BFAF9F9FCFCEC000000,54.853,8D8500005CA881CDCD5BA881F8A85BFAF9F9FCFCEC000000,54.853,8D8500005CA881CDCD5BA881F8A85BFAF9F9FCFCEC000000,54.853,8D8500005CA881CDCD5BA881F8A85BFAF9F9FCFCEC000000,54.853,8D8500005CA881CDCD5BA881F8A85BFAF9F9FCFCEC000000,54.853,8D8500005CA881CDCD5BA881F8A85BFAF9F9FCFCEC000000,54.853,8D8500005CA881CDCD5BA881F8A85BFAF9F9FCFCEC000000,54.853,8D8500005CA881CDCD5BA881F8A85BFAF9F9FCFCEC000000,54.853,8D8500005CA881CDCD5BA881F8A85BFAF9F9FCFCEC000000,54.853,8D8500005CA881CDCD5BA881F8A85BFAF9F9FCFCEC000000,54.853,8D8500005CA881CDCD5BA881F8A85BFAF9F9FCFCEC000000,54.853,8D8500005CA881CDCD5BA881F8A85BFAF9F9FCFCEC000000,54.853,8D8500005CA881CDCD5BA881F8A85BFAF9F9FCFCEC000000,54.853,252,54.853,236,54.888,0,54.888,0002,54.888,12545,54.888,3101,54.888,3101,54.888,3101,54.888,3101,54.888,3101,54.888,3101,54.888,3101,54.888,3101,54.888,3101,54.888,3101,54.888,3101,54.888,3101,54.888,3101
54.984,54.923,14.200000000000001,54.923,8E8600005BA881CDCD5BA881F9A85BF9F9F9FCFCED000000,54.923,8E8600005BA881CDCD5BA881F9A85BF9F9F9FCFCED000000,54.923,8E8600005BA881CDCD5BA881F9A85BF9F9F9FCFCED000000,54.923,8E8600005BA881CDCD5BA881F9A85BF9F9F9FCFCED000000,54.923,8E8600005BA881CDCD5BA881F9A85BF9F9F9FCFCED000000,54.923,8E8600005BA881CDCD5BA881F9A85BF9F9F9FCFCED000000,54.923,8E8600005BA881CDCD5BA881F9A85BF9F9F9FCFCED000000,54.923,8E8600005BA881CDCD5BA881F9A85BF9F9F9FCFCED000000,54.923,8E8600005BA881CDCD5BA881F9A85BF9F9F9FCFCED000000,54.923,8E8600005BA881CDCD5BA881F9A85BF9F9F9FCFCED000000,54.923,8E8600005BA881CDCD5BA881F9A85BF9F9F9FCFCED000000,54.923,8E8600005BA881CDCD5BA881F9A85BF9F9F9FCFCED000000,54.923,8E8600005BA881CDCD5BA881F9A85BF9F9F9FCFCED000000,54.923,8E8600005BA881CDCD5BA881F9A85BF9F9F9FCFCED000000,54.923,252,54.923,237,54.949,0,54.949,0002,54.888,12545,54.888,3101,54.888,3101,54.888,3101,54.888,3101,54.888,3101,54.888,3101,54.888,3101,54.888,3101,54.888,3101,54.888,3101,54.888,3101,54.888,3101,54.888,3101
55.081,55.013,14.200000000000001,55.013,8E8600005BA881CDCD5BA781F9A85BF9F9F9FCFCED000000,55.013,8E8600005BA881CDCD5BA781F9A85BF9F9F9FCFCED000000,55.013,8E8600005BA881CDCD5BA781F9A85BF9F9F9FCFCED000000,55.013,8E8600005BA881CDCD5BA781F9A85BF9F9F9FCFCED000000,55.013,8E8600005BA881CDCD5BA781F9A85BF9F9F9FCFCED000000,55.013,8E8600005BA881CDCD5BA781F9A85BF9F9F9FCFCED000000,55.013,8E8600005BA881CDCD5BA781F9A85BF9F9F9FCFCED000000,55.013,8E8600005BA881CDCD5BA781F9A85BF9F9F9FCFCED000000,55.013,8E8600005BA881CDCD5BA781F9A85BF9F9F9FCFCED000000,55.013,8E8600005BA881CDCD5BA781F9A85BF9F9F9FCFCED000000,55.013,8E8600005BA881CDCD5BA781F9A85BF9F9F9FCFCED000000,55.013,8E8600005BA881CDCD5BA781F9A85BF9F9F9FCFCED000000,55.013,8E8600005BA881CDCD5BA781F9A85BF9F9F9FCFCED000000,55.013,8E8600005BA881CDCD5BA781F9A85BF9F9F9FCFCED000000,55.013,252,55.013,237,55.037,0,55.037,0002,55.037,12545,55.037,3101,55.037,3101,55.037,3101,55.037,3101,55.037,3101,55.037,3101,55.037,3101,55.037,3101,55.037,3101,55.037,3101,55.037,3101,55.037,3101,55.037,3101
55.182,55.113,14.100000000000001,55.113,8D8500005CA880CDCD5BA781F9A85BF9F9F9FCFCED000000,55.113,8D8500005CA880CDCD5BA781F9A85BF9F9F9FCFCED000000,55.113,8D8500005CA880CDCD5BA781F9A85BF9F9F9FCFCED000000,55.113,8D8500005CA880CDCD5BA781F9A85BF9F9F9FCFCED000000,55.113,8D8500005CA880CDCD5BA781F9A85BF9F9F9FCFCED000000,55.113,8D8500005CA880CDCD5BA781F9A85BF9F9F9FCFCED000000,55.113,8D8500005CA880CDCD5BA781F9A85BF9F9F9FCFCED000000,55.113,8D8500005CA880CDCD5BA781F9A85BF9F9F9FCFCED000000,55.113,8D8500005CA880CDCD5BA781F9A85BF9F9F9FCFCED000000,55.113,8D8500005CA880CDCD5BA781F9A85BF9F9F9FCFCED000000,55.113,8D8500005CA880CDCD5BA781F9A85BF9F9F9FCFCED000000,55.113,8D8500005CA880CDCD5BA781F9A85BF9F9F9FCFCED000000,55.113,8D8500005CA880CDCD5BA781F9A85BF9F9F9FCFCED000000,55.113,8D8500005CA880CDCD5BA781F9A85BF9F9F9FCFCED000000,55.113,252,55.113,237,55.128,0,55.128,0002,55.128,12545,55.128,3101,55.128,3101,55.128,3101,55.128,3101,55.128,3101,55.128,3101,55.128,3101,55.128,3101,55.128,3101,55.128,3101,55.128,3101,55.128,3101,55.128,3101
55.282,55.213,14.200000000000001,55.213,8E8600005BA780CCCC5BA780F9A75BF8F8F8FBFBED000000,55.213,8E8600005BA780CCCC5BA780F9A75BF8F8F8FBFBED000000,55.213,8E8600005BA780CCCC5BA780F9A75BF8F8F8FBFBED000000,55.213,8E8600005BA780CCCC5BA780F9A75BF8F8F8FBFBED000000,55.213,8E8600005BA780CCCC5BA780F9A75BF8F8F8FBFBED000000,55.213,8E8600005BA780CCCC5BA780F9A75BF8F8F8FBFBED000000,55.213,8E8600005BA780CCCC5BA780F9A75BF8F8F8FBFBED000000,55.213,8E8600005BA780CCCC5BA780F9A75BF8F8F8FBFBED000000,55.213,8E8600005BA780CCCC5BA780F9A75BF8F8F8FBFBED000000,55.213,8E8600005BA780CCCC5BA780F9A75BF8F8F8FBFBED000000,55.213,8E8600005BA780CCCC5BA780F9A75BF8F8F8FBFBED000000,55.213,8E8600005BA780CCCC5BA780F9A75BF8F8F8FBFBED000000,55.213,8E8600005BA780CCCC5BA780F9A75BF8F8F8FBFBED000000,55.213,8E8600005BA780CCCC5BA780F9A75BF8F8F8FBFBED000000,55.213,251,55.213,237,55.248,0,55.248,0002,55.297,12545,55.297,3101,55.297,3101,55.297,3101,55.297,3101,55.297,3101,55.297,3101,55.297,3101,55.297,3101,55.297,3101,55.297,3101,55.297,3101,55.297,3101,55.297,3101
55.381,55.344,14.200000000000001,55.344,8E8600005BA881CDCD5BA881F9A85BFAF9F9FCFCED000000,55.344,8E8600005BA881CDCD5BA881F9A85BFAF9F9FCFCED000000,55.344,8E8600005BA881CDCD5BA881F9A85BFAF9F9FCFCED000000,55.344,8E8600005BA881CDCD5BA881F9A85BFAF9F9FCFCED000000,55.344,8E8600005BA881CDCD5BA881F9A85BFAF9F9FCFCED000000,55.344,8E8600005BA881CDCD5BA881F9A85BFAF9F9FCFCED000000,55.344,8E8600005BA881CDCD5BA881F9A85BFAF9F9FCFCED000000,55.344,8E8600005BA881CDCD5BA881F9A85BFAF9F9FCFCED000000,55.344,8E8600005BA881CDCD5BA881F9A85BFAF9F9FCFCED000000,55.344,8E8600005BA881CDCD5BA881F9A85BFAF9F9FCFCED000000,55.344,8E8600005BA881CDCD5BA881F9A85BFAF9F9FCFCED000000,55.344,8E8600005BA881CDCD5BA881F9A85BFAF9F9FCFCED000000,55.344,8E8600005BA881CDCD5BA881F9A85BFAF9F9FCFCED000000,55.344,8E8600005BA881CDCD5BA881F9A85BFAF9F9FCFCED000000,55.344,252,55.344,237,55.378,0,55.378,0002,55.297,12545,55.297,3101,55.297,3101,55.297,3101,55.297,3101,55.297,3101,55.297,3101,55.297,3101,55.297,3101,55.297,3101,55.297,3101,55.297,3101,55.297,3101,55.297,3101
55.484,55.433,14.200000000000001,55.433,8E8600005BA880CDCD5BA781F9A75BF9F9F9FBFCED000000,55.433,8E8600005BA880CDCD5BA781F9A75BF9F9F9FBFCED000000,55.433,8E8600005BA880CDCD5BA781F9A75BF9F9F9FBFCED000000,55.433,8E8600005BA880CDCD5BA781F9A75BF9F9F9FBFCED000000,55.433,8E8600005BA880CDCD5BA781F9A75BF9F9F9FBFCED000000,55.433,8E8600005BA880CDCD5BA781F9A75BF9F9F9FBFCED000000,55.433,8E8600005BA880CDCD5BA781F9A75BF9F9F9FBFCED000000,55.433,8E8600005BA880CDCD5BA781F9A75BF9F9F9FBFCED000000,55.433,8E8600005BA880CDCD5BA781F9A75BF9F9F9FBFCED000000,55.433,8E8600005BA880CDCD5BA781F9A75BF9F9F9FBFCED000000,55.433,8E8600005BA880CDCD5BA781F9A75BF9F9F9FBFCED000000,55.433,8E8600005BA880CDCD5BA781F9A75BF9F9F9FBFCED000000,55.433,8E8600005BA880CDCD5BA781F9A75BF9F9F9FBFCED000000,55.433,8E8600005BA880CDCD5BA781F9A75BF9F9F9FBFCED000000,55.433,252,55.433,237,55.457,0,55.457,0002,55.457,12545,55.457,3101,55.457,3101,55.457,3101,55.457,3101,55.457,3101,55.457,3101,55.457,3101,55.457,3101,55.457,3101,55.457,3101,55.457,3101,55.457,3101,55.457,3101
55.583,55.513,14.100000000000001,55.513,8D8500005CA881CDCD5CA881F9A85CFAF9F9FCFDED000000,55.513,8D8500005CA881CDCD5CA881F9A85CFAF9F9FCFDED000000,55.513,8D8500005CA881CDCD5CA881F9A85CFAF9F9FCFDED000000,55.513,8D8500005CA881CDCD5CA881F9A85CFAF9F9FCFDED000000,55.513,8D8500005CA881CDCD5CA881F9A85CFAF9F9FCFDED000000,55.513,8D8500005CA881CDCD5CA881F9A85CFAF9F9FCFDED000000,55.513,8D8500005CA881CDCD5CA881F9A85CFAF9F9FCFDED000000,55.513,8D8500005CA881CDCD5CA881F9A85CFAF9F9FCFDED000000,55.513,8D8500005CA881CDCD5CA881F9A85CFAF9F9FCFDED000000,55.513,8D8500005CA881CDCD5CA881F9A85CFAF9F9FCFDED000000,55.513,8D8500005CA881CDCD5CA881F9A85CFAF9F9FCFDED000000,55.513,8D8500005CA881CDCD5CA881F9A85CFAF9F9FCFDED000000,55.513,8D8500005CA881CDCD5CA881F9A85CFAF9F9FCFDED000000,55.513,8D8500005CA881CDCD5CA881F9A85CFAF9F9FCFDED000000,55.513,253,55.513,237,55.538,0,55.538,0002,55.538,12545,55.538,3101,55.538,3101,55.538,3101,55.538,3101,55.538,3101,55.538,3101,55.538,3101,55.538,3101,55.538,3101,55.538,3101,55.538,3101,55.538,3101,55.538,3101
55.682,55.713,14.100000000000001,55.713,8D8500005CA881CDCD5BA881F9A85BF9F9F9FCFCED000000,55.713,8D8500005CA881CDCD5BA881F9A85BF9F9F9FCFCED000000,55.713,8D8500005CA881CDCD5BA881F9A85BF9F9F9FCFCED000000,55.713,8D8500005CA881CDCD5BA881F9A85BF9F9F9FCFCED000000,55.713,8D8500005CA881CDCD5BA881F9A85BF9F9F9FCFCED000000,55.713,8D8500005CA881CDCD5BA881F9A85BF9F9F9FCFCED000000,55.713,8D8500005CA881CDCD5BA881F9A85BF9F9F9FCFCED000000,55.713,8D8500005CA881CDCD5BA881F9A85BF9F9F9FCFCED000000,55.713,8D8500005CA881CDCD5BA881F9A85BF9F9F9FCFCED000000,55.713,8D8500005CA881CDCD5BA881F9A85BF9F9F9FCFCED000000,55.713,8D8500005CA881CDCD5BA881F9A85BF9F9F9FCFCED000000,55.713,8D8500005CA881CDCD5BA881F9A85BF9F9F9FCFCED000000,55.713,8D8500005CA881CDCD5BA881F9A85BF9F9F9FCFCED000000,55.713,8D8500005CA881CDCD5BA881F9A85BF9F9F9FCFCED000000,55.713,252,55.713,237,55.638,0,55.638,0002,55.638,12545,55.638,3101,55.638,3101,55.638,3101,55.638,3101,55.638,3101,55.638,3101,55.638,3101,55.638,3101,55.638,3101,55.638,3101,55.638,3101,55.638,3101,55.638,3101
55.782,55.713,14.100000000000001,55.713,8D8500005CA881CDCD5BA881F9A85BF9F9F9FCFCED000000,55.713,8D8500005CA881CDCD5BA881F9A85BF9F9F9FCFCED000000,55.713,8D8500005CA881CDCD5BA881F9A85BF9F9F9FCFCED000000,55.713,8D8500005CA881CDCD5BA881F9A85BF9F9F9FCFCED000000,55.713,8D8500005CA881CDCD5BA881F9A85BF9F9F9FCFCED000000,55.713,8D8500005CA881CDCD5BA881F9A85BF9F9F9FCFCED000000,55.713,8D8500005CA881CDCD5BA881F9A85BF9F9F9FCFCED000000,55.713,8D8500005CA881CDCD5BA881F9A85BF9F9F9FCFCED000000,55.713,8D8500005CA881CDCD5BA881F9A85BF9F9F9FCFCED000000,55.713,8D8500005CA881CDCD5BA881F9A85BF9F9F9FCFCED000000,55.713,8D8500005CA881CDCD5BA881F9A85BF9F9F9FCFCED000000,55.713,8D8500005CA881CDCD5BA881F9A85BF9F9F9FCFCED000000,55.713,8D8500005CA881CDCD5BA881F9A85BF9F9F9FCFCED000000,55.713,8D8500005CA881CDCD5BA881F9A85BF9F9F9FCFCED000000,55.713,252,55.713,237,55.737,0,55.737,0002,55.805,12545,55.805,3101,55.805,3101,55.805,3101,55.805,3101,55.805,3101,55.805,3101,55.805,3101,55.805,3101,55.805,3101,55.805,3101,55.805,3101,55.805,3101,55.805,3101
55.882,55.843,14.100000000000001,55.843,8D8500005BA881CCCC5BA781F9A85BF8F8F8FCFCED000000,55.843,8D8500005BA881CCCC5BA781F9A85BF8F8F8FCFCED000000,55.843,8D8500005BA881CCCC5BA781F9A85BF8F8F8FCFCED000000,55.843,8D8500005BA881CCCC5BA781F9A85BF8F8F8FCFCED000000,55.843,8D8500005BA881CCCC5BA781F9A85BF8F8F8FCFCED000000,55.843,8D8500005BA881CCCC5BA781F9A85BF8F8F8FCFCED000000,55.843,8D8500005BA881CCCC5BA781F9A85BF8F8F8FCFCED000000,55.843,8D8500005BA881CCCC5BA781F9A85BF8F8F8FCFCED000000,55.843,8D8500005BA881CCCC5BA781F9A85BF8F8F8FCFCED000000,55.843,8D8500005BA881CCCC5BA781F9A85BF8F8F8FCFCED000000,55.843,8D8500005BA881CCCC5BA781F9A85BF8F8F8FCFCED000000,55.843,8D8500005BA881CCCC5BA781F9A85BF8F8F8FCFCED000000,55.843,8D8500005BA881CCCC5BA781F9A85BF8F8F8FCFCED000000,55.843,8D8500005BA881CCCC5BA781F9A85BF8F8F8FCFCED000000,55.843,252,55.843,237,55.857,0,55.857,0002,55.805,12545,55.805,3101,55.805,3101,55.805,3101,55.805,3101,55.805,3101,55.805,3101,55.805,3101,55.805,3101,55.805,3101,55.805,3101,55.805,3101,55.805,3101,55.805,3101
55.982,56.014,14.100000000000001,56.014,8D8500005BA88180805BA781F9A75BF9F8F8FCFCED000000,56.014,8D8500005BA88180805BA781F9A75BF9F8F8FCFCED000000,56.014,8D8500005BA88180805BA781F9A75BF9F8F8FCFCED000000,56.014,8D8500005BA88180805BA781F9A75BF9F8F8FCFCED000000,56.014,8D8500005BA88180805BA781F9A75BF9F8F8FCFCED000000,56.014,8D8500005BA88180805BA781F9A75BF9F8F8FCFCED000000,56.014,8D8500005BA88180805BA781F9A75BF9F8F8FCFCED000000,56.014,8D8500005BA88180805BA781F9A75BF9F8F8FCFCED000000,56.014,8D8500005BA88180805BA781F9A75BF9F8F8FCFCED000000,56.014,8D8500005BA88180805BA781F9A75BF9F8F8FCFCED000000,56.014,8D8500005BA88180805BA781F9A75BF9F8F8FCFCED000000,56.014,8D8500005BA88180805BA781F9A75BF9F8F8FCFCED000000,56.014,8D8500005BA88180805BA781F9A75BF9F8F8FCFCED000000,56.014,8D8500005BA88180805BA781F9A75BF9F8F8FCFCED000000,56.014,252,56.014,237,55.937,0,55.937,0002,55.937,12545,55.937,3101,55.937,3101,55.937,3101,55.937,3101,55.937,3101,55.937,3101,55.937,3101,55.937,3101,55.937,3101,55.937,3101,55.937,3101,55.937,3101,55.937,3101
56.083,56.014,14.100000000000001,56.014,8D8500005BA88180805BA781F9A75BF9F8F8FCFCED000000,56.014,8D8500005BA88180805BA781F9A75BF9F8F8FCFCED000000,56.014,8D8500005BA88180805BA781F9A75BF9F8F8FCFCED000000,56.014,8D8500005BA88180805BA781F9A75BF9F8F8FCFCED000000,56.014,8D8500005BA88180805BA781F9A75BF9F8F8FCFCED000000,56.014,8D8500005BA88180805BA781F9A75BF9F8F8FCFCED000000,56.014,8D8500005BA88180805BA781F9A75BF9F8F8FCFCED000000,56.014,8D8500005BA88180805BA781F9A75BF9F8F8FCFCED000000,56.014,8D8500005BA88180805BA781F9A75BF9F8F8FCFCED000000,56.014,8D8500005BA88180805BA781F9A75BF9F8F8FCFCED000000,56.014,8D8500005BA88180805BA781F9A75BF9F8F8FCFCED000000,56.014,8D8500005BA88180805BA781F9A75BF9F8F8FCFCED000000,56.014,8D8500005BA88180805BA781F9A75BF9F8F8FCFCED000000,56.014,8D8500005BA88180805BA781F9A75BF9F8F8FCFCED000000,56.014,252,56.014,237,56.028,0,56.028,0002,56.028,12549,56.028,3105,56.028,3105,56.028,3105,56.028,3105,56.028,3105,56.028,3105,56.028,3105,56.028,3105,56.028,3105,56.028,3105,56.028,3105,56.028,3105,56.028,3105
56.184,56.113,14.100000000000001,56.113,8D8500005CA88180805BA781F9A85BF9F9F9FCFCED000000,56.113,8D8500005CA88180805BA781F9A85BF9F9F9FCFCED000000,56.113,8D8500005CA88180805BA781F9A85BF9F9F9FCFCED000000,56.113,8D8500005CA88180805BA781F9A85BF9F9F9FCFCED000000,56.113,8D8500005CA88180805BA781F9A85BF9F9F9FCFCED000000,56.113,8D8500005CA88180805BA781F9A85BF9F9F9FCFCED000000,56.113,8D8500005CA88180805BA781F9A85BF9F9F9FCFCED000000,56.113,8D8500005CA88180805BA781F9A85BF9F9F9FCFCED000000,56.113,8D8500005CA88180805BA781F9A85BF9F9F9FCFCED000000,56.113,8D8500005CA88180805BA781F9A85BF9F9F9FCFCED000000,56.113,8D8500005CA88180805BA781F9A85BF9F9F9FCFCED000000,56.113,8D8500005CA88180805BA781F9A85BF9F9F9FCFCED000000,56.113,8D8500005CA88180805BA781F9A85BF9F9F9FCFCED000000,56.113,8D8500005CA88180805BA781F9A85BF9F9F9FCFCED000000,56.113,252,56.113,237,56.138,0,56.138,0002,56.138,12549,56.138,3105,56.138,3105,56.138,3105,56.138,3105,56.138,3105,56.138,3105,56.138,3105,56.138,3105,56.138,3105,56.138,3105,56.138,3105,56.138,3105,56.138,3105
56.282,56.214,14.200000000000001,56.214,8E8600005BA780CCCC5BA781F9A75BF9F8F8FCFCED000000,56.214,8E8600005BA780CCCC5BA781F9A75BF9F8F8FCFCED000000,56.214,8E8600005BA780CCCC5BA781F9A75BF9F8F8FCFCED000000,56.214,8E8600005BA780CCCC5BA781F9A75BF9F8F8FCFCED000000,56.214,8E8600005BA780CCCC5BA781F9A75BF9F8F8FCFCED000000,56.214,8E8600005BA780CCCC5BA781F9A75BF9F8F8FCFCED000000,56.214,8E8600005BA780CCCC5BA781F9A75BF9F8F8FCFCED000000,56.214,8E8600005BA780CCCC5BA781F9A75BF9F8F8FCFCED000000,56.214,8E8600005BA780CCCC5BA781F9A75BF9F8F8FCFCED000000,56.214,8E8600005BA780CCCC5BA781F9A75BF9F8F8FCFCED000000,56.214,8E8600005BA780CCCC5BA781F9A75BF9F8F8FCFCED000000,56.214,8E8600005BA780CCCC5BA781F9A75BF9F8F8FCFCED000000,56.214,8E8600005BA780CCCC5BA781F9A75BF9F8F8FCFCED000000,56.214,8E8600005BA780CCCC5BA781F9A75BF9F8F8FCFCED000000,56.214,252,56.214,237,56.271,0,56.271,0002,56.309,12545,56.309,3101,56.309,3101,56.309,3101,56.309,3101,56.309,3101,56.309,3101,56.309,3101,56.309,3101,56.309,3101,56.309,3101,56.309,3101,56.309,3101,56.309,3101
56.381,56.353,14.100000000000001,56.353,8D8500005CA881CDCD5BA781F9A85BFAF9F9FCFCED000000,56.353,8D8500005CA881CDCD5BA781F9A85BFAF9F9FCFCED000000,56.353,8D8500005CA881CDCD5BA781F9A85BFAF9F9FCFCED000000,56.353,8D8500005CA881CDCD5BA781F9A85BFAF9F9FCFCED000000,56.353,8D8500005CA881CDCD5BA781F9A85BFAF9F9FCFCED000000,56.353,8D8500005CA881CDCD5BA781F9A85BFAF9F9FCFCED000000,56.353,8D8500005CA881CDCD5BA781F9A85BFAF9F9FCFCED000000,56.353,8D8500005CA881CDCD5BA781F9A85BFAF9F9FCFCED000000,56.353,8D8500005CA881CDCD5BA781F9A85BFAF9F9FCFCED000000,56.353,8D8500005CA881CDCD5BA781F9A85BFAF9F9FCFCED000000,56.353,8D8500005CA881CDCD5BA781F9A85BFAF9F9FCFCED000000,56.353,8D8500005CA881CDCD5BA781F9A85BFAF9F9FCFCED000000,56.353,8D8500005CA881CDCD5BA781F9A85BFAF9F9FCFCED000000,56.353,8D8500005CA881CDCD5BA781F9A85BFAF9F9FCFCED000000,56.353,252,56.353,237,56.389,0,56.389,0002,56.389,12545,56.389,3101,56.389,3101,56.389,3101,56.389,3101,56.389,3101,56.389,3101,56.389,3101,56.389,3101,56.389,3101,56.389,3101,56.389,3101,56.389,3101,56.389,3101
56.482,56.443,14.200000000000001,56.443,8E8600005CA881CDCD5BA781F9A85BF9F9F9FCFCED000000,56.443,8E8600005CA881CDCD5BA781F9A85BF9F9F9FCFCED000000,56.443,8E8600005CA881CDCD5BA781F9A85BF9F9F9FCFCED000000,56.443,8E8600005CA881CDCD5BA781F9A85BF9F9F9FCFCED000000,56.443,8E8600005CA881CDCD5BA781F9A85BF9F9F9FCFCED000000,56.443,8E8600005CA881CDCD5BA781F9A85BF9F9F9FCFCED000000,56.443,8E8600005CA881CDCD5BA781F9A85BF9F9F9FCFCED000000,56.443,8E8600005CA881CDCD5BA781F9A85BF9F9F9FCFCED000000,56.443,8E8600005CA881CDCD5BA781F9A85BF9F9F9FCFCED000000,56.443,8E8600005CA881CDCD5BA781F9A85BF9F9F9FCFCED000000,56.443,8E8600005CA881CDCD5BA781F9A85BF9F9F9FCFCED000000,56.443,8E8600005CA881CDCD5BA781F9A85BF9F9F9FCFCED000000,56.443,8E8600005CA881CDCD5BA781F9A85BF9F9F9FCFCED000000,56.443,8E8600005CA881CDCD5BA781F9A85BF9F9F9FCFCED000000,56.443,252,56.443,237,56.458,0,56.458,0002,56.389,12545,56.389,3101,56.389,3101,56.389,3101,56.389,3101,56.389,3101,56.389,3101,56.389,3101,56.389,3101,56.389,3101,56.389,3101,56.389,3101,56.389,3101,56.389,3101
56.583,56.613,14.200000000000001,56.613,8E8600005CA881CDCD5BA881F9A85BF9F9F9FCFCED000000,56.613,8E8600005CA881CDCD5BA881F9A85BF9F9F9FCFCED000000,56.613,8E8600005CA881CDCD5BA881F9A85BF9F9F9FCFCED000000,56.613,8E8600005CA881CDCD5BA881F9A85BF9F9F9FCFCED000000,56.613,8E8600005CA881CDCD5BA881F9A85BF9F9F9FCFCED000000,56.613,8E8600005CA881CDCD5BA881F9A85BF9F9F9FCFCED000000,56.613,8E8600005CA881CDCD5BA881F9A85BF9F9F9FCFCED000000,56.613,8E8600005CA881CDCD5BA881F9A85BF9F9F9FCFCED000000,56.613,8E8600005CA881CDCD5BA881F9A85BF9F9F9FCFCED000000,56.613,8E8600005CA881CDCD5BA881F9A85BF9F9F9FCFCED000000,56.613,8E8600005CA881CDCD5BA881F9A85BF9F9F9FCFCED000000,56.613,8E8600005CA881CDCD5BA881F9A85BF9F9F9FCFCED000000,56.613,8E8600005CA881CDCD5BA881F9A85BF9F9F9FCFCED000000,56.613,8E8600005CA881CDCD5BA881F9A85BF9F9F9FCFCED000000,56.613,252,56.613,237,56.538,0,56.538,0002,56.538,12545,56.538,3101,56.538,3101,56.538,3101,56.538,3101,56.538,3101,56.538,3101,56.538,3101,56.538,3101,56.538,3101,56.538,3101,56.538,3101,56.538,3101,56.538,3101
56.683,56.613,14.200000000000001,56.613,8E8600005CA881CDCD5BA881F9A85BF9F9F9FCFCED000000,56.613,8E8600005CA881CDCD5BA881F9A85BF9F9F9FCFCED000000,56.613,8E8600005CA881CDCD5BA881F9A85BF9F9F9FCFCED000000,56.613,8E8600005CA881CDCD5BA881F9A85BF9F9F9FCFCED000000,56.613,8E8600005CA881CDCD5BA881F9A85BF9F9F9FCFCED000000,56.613,8E8600005CA881CDCD5BA881F9A85BF9F9F9FCFCED000000,56.613,8E8600005CA881CDCD5BA881F9A85BF9F9F9FCFCED000000,56.613,8E8600005CA881CDCD5BA881F9A85BF9F9F9FCFCED000000,56.613,8E8600005CA881CDCD5BA881F9A85BF9F9F9FCFCED000000,56.613,8E8600005CA881CDCD5BA881F9A85BF9F9F9FCFCED000000,56.613,8E8600005CA881CDCD5BA881F9A85BF9F9F9FCFCED000000,56.613,8E8600005CA881CDCD5BA881F9A85BF9F9F9FCFCED000000,56.613,8E8600005CA881CDCD5BA881F9A85BF9F9F9FCFCED000000,56.613,8E8600005CA881CDCD5BA881F9A85BF9F9F9FCFCED000000,56.613,252,56.613,237,56.628,0,56.628,0002,56.628,12545,56.628,3101,56.628,3101,56.628,3101,56.628,3101,56.628,3101,56.628,3101,56.628,3101,56.628,3101,56.628,3101,56.628,3101,56.628,3101,56.628,3101,56.628,3101
56.781,56.713,14.100000000000001,56.713,8D8500005BA881CCCC5BA781F9A85BF9F9F9FCFCED000000,56.713,8D8500005BA881CCCC5BA781F9A85BF9F9F9FCFCED000000,56.713,8D8500005BA881CCCC5BA781F9A85BF9F9F9FCFCED000000,56.713,8D8500005BA881CCCC5BA781F9A85BF9F9F9FCFCED000000,56.713,8D8500005BA881CCCC5BA781F9A85BF9F9F9FCFCED000000,56.713,8D8500005BA881CCCC5BA781F9A85BF9F9F9FCFCED000000,56.713,8D8500005BA881CCCC5BA781F9A85BF9F9F9FCFCED000000,56.713,8D8500005BA881CCCC5BA781F9A85BF9F9F9FCFCED000000,56.713,8D8500005BA881CCCC5BA781F9A85BF9F9F9FCFCED000000,56.713,8D8500005BA881CCCC5BA781F9A85BF9F9F9FCFCED000000,56.713,8D8500005BA881CCCC5BA781F9A85BF9F9F9FCFCED000000,56.713,8D8500005BA881CCCC5BA781F9A85BF9F9F9FCFCED000000,56.713,8D8500005BA881CCCC5BA781F9A85BF9F9F9FCFCED000000,56.713,8D8500005BA881CCCC5BA781F9A85BF9F9F9FCFCED000000,56.713,252,56.713,237,56.748,0,56.748,0002,56.797,12545,56.797,3101,56.797,3101,56.797,3101,56.797,3101,56.797,3101,56.797,3101,56.797,3101,56.797,3101,56.797,3101,56.797,3101,56.797,3101,56.797,3101,56.797,3101
56.881,56.843,14.100000000000001,56.843,8D8500005BA881CCCC5BA781F8A85BF9F8F8FCFCED000000,56.843,8D8500005BA881CCCC5BA781F8A85BF9F8F8FCFCED000000,56.843,8D8500005BA881CCCC5BA781F8A85BF9F8F8FCFCED000000,56.843,8D8500005BA881CCCC5BA781F8A85BF9F8F8FCFCED000000,56.843,8D8500005BA881CCCC5BA781F8A85BF9F8F8FCFCED000000,56.843,8D8500005BA881CCCC5BA781F8A85BF9F8F8FCFCED000000,56.843,8D8500005BA881CCCC5BA781F8A85BF9F8F8FCFCED000000,56.843,8D8500005BA881CCCC5BA781F8A85BF9F8F8FCFCED000000,56.843,8D8500005BA881CCCC5BA781F8A85BF9F8F8FCFCED000000,56.843,8D8500005BA881CCCC5BA781F8A85BF9F8F8FCFCED000000,56.843,8D8500005BA881CCCC5BA781F8A85BF9F8F8FCFCED000000,56.843,8D8500005BA881CCCC5BA781F8A85BF9F8F8FCFCED000000,56.843,8D8500005BA881CCCC5BA781F8A85BF9F8F8FCFCED000000,56.843,8D8500005BA881CCCC5BA781F8A85BF9F8F8FCFCED000000,56.843,252,56.843,237,56.879,0,56.879,0002,56.797,12545,56.797,3101,56.797,3101,56.797,3101,56.797,3101,56.797,3101,56.797,3101,56.797,3101,56.797,3101,56.797,3101,56.797,3101,56.797,3101,56.797,3101,56.797,3101
56.982,57.013,14.100000000000001,57.013,8D8500005BA881CDCD5BA781F9A85BF9F9F9FCFCED000000,57.013,8D8500005BA881CDCD5BA781F9A85BF9F9F9FCFCED000000,57.013,8D8500005BA881CDCD5BA781F9A85BF9F9F9FCFCED000000,57.013,8D8500005BA881CDCD5BA781F9A85BF9F9F9FCFCED000000,57.013,8D8500005BA881CDCD5BA781F9A85BF9F9F9FCFCED000000,57.013,8D8500005BA881CDCD5BA781F9A85BF9F9F9FCFCED000000,57.013,8D8500005BA881CDCD5BA781F9A85BF9F9F9FCFCED000000,57.013,8D8500005BA881CDCD5BA781F9A85BF9F9F9FCFCED000000,57.013,8D8500005BA881CDCD5BA781F9A85BF9F9F9FCFCED000000,57.013,8D8500005BA881CDCD5BA781F9A85BF9F9F9FCFCED000000,57.013,8D8500005BA881CDCD5BA781F9A85BF9F9F9FCFCED000000,57.013,8D8500005BA881CDCD5BA781F9A85BF9F9F9FCFCED000000,57.013,8D8500005BA881CDCD5BA781F9A85BF9F9F9FCFCED000000,57.013,8D8500005BA881CDCD5BA781F9A85BF9F9F9FCFCED000000,57.013,252,57.013,237,56.948,0,56.948,0002,56.948,12545,56.948,3101,56.948,3101,56.948,3101,56.948,3101,56.948,3101,56.948,3101,56.948,3101,56.948,3101,56.948,3101,56.948,3101,56.948,3101,56.948,3101,56.948,3101
57.083,57.013,14.100000000000001,57.013,8D8500005BA881CDCD5BA781F9A85BF9F9F9FCFCED000000,57.013,8D8500005BA881CDCD5BA781F9A85BF9F9F9FCFCED000000,57.013,8D8500005BA881CDCD5BA781F9A85BF9F9F9FCFCED000000,57.013,8D8500005BA881CDCD5BA781F9A85BF9F9F9FCFCED000000,57.013,8D8500005BA881CDCD5BA781F9A85BF9F9F9FCFCED000000,57.013,8D8500005BA881CDCD5BA781F9A85BF9F9F9FCFCED000000,57.013,8D8500005BA881CDCD5BA781F9A85BF9F9F9FCFCED000000,57.013,8D8500005BA881CDCD5BA781F9A85BF9F9F9FCFCED000000,57.013,8D8500005BA881CDCD5BA781F9A85BF9F9F9FCFCED000000,57.013,8D8500005BA881CDCD5BA781F9A85BF9F9F9FCFCED000000,57.013,8D8500005BA881CDCD5BA781F9A85BF9F9F9FCFCED000000,57.013,8D8500005BA881CDCD5BA781F9A85BF9F9F9FCFCED000000,57.013,8D8500005BA881CDCD5BA781F9A85BF9F9F9FCFCED000000,57.013,8D8500005BA881CDCD5BA781F9A85BF9F9F9FCFCED000000,57.013,252,57.013,237,57.028,0,57.028,0002,57.028,12545,57.028,3101,57.028,3101,57.028,3101,57.028,3101,57.028,3101,57.028,3101,57.028,3101,57.028,3101,57.028,3101,57.028,3101,57.028,3101,57.028,3101,57.028,3101
57.183,57.213,14.100000000000001,57.213,8D8500005CA881CDCD5BA781F9A85BF9F9F9FCFCED000000,57.213,8D8500005CA881CDCD5BA781F9A85BF9F9F9FCFCED000000,57.213,8D8500005CA881CDCD5BA781F9A85BF9F9F9FCFCED000000,57.213,8D8500005CA881CDCD5BA781F9A85BF9F9F9FCFCED000000,57.213,8D8500005CA881CDCD5BA781F9A85BF9F9F9FCFCED000000,57.213,8D8500005CA881CDCD5BA781F9A85BF9F9F9FCFCED000000,57.213,8D8500005CA881CDCD5BA781F9A85BF9F9F9FCFCED000000,57.213,8D8500005CA881CDCD5BA781F9A85BF9F9F9FCFCED000000,57.213,8D8500005CA881CDCD5BA781F9A85BF9F9F9FCFCED000000,57.213,8D8500005CA881CDCD5BA781F9A85BF9F9F9FCFCED000000,57.213,8D8500005CA881CDCD5BA781F9A85BF9F9F9FCFCED000000,57.213,8D8500005CA881CDCD5BA781F9A85BF9F9F9FCFCED000000,57.213,8D8500005CA881CDCD5BA781F9A85BF9F9F9FCFCED000000,57.213,8D8500005CA881CDCD5BA781F9A85BF9F9F9FCFCED000000,57.213,252,57.213,237,57.138,0,57.138,0002,57.138,12545,57.138,3101,57.138,3101,57.138,3101,57.138,3101,57.138,3101,57.138,3101,57.138,3101,57.138,3101,57.138,3101,57.138,3101,57.138,3101,57.138,3101,57.138,3101
57.282,57.213,14.100000000000001,57.213,8D8500005CA881CDCD5BA781F9A85BF9F9F9FCFCED000000,57.213,8D8500005CA881CDCD5BA781F9A85BF9F9F9FCFCED000000,57.213,8D8500005CA881CDCD5BA781F9A85BF9F9F9FCFCED000000,57.213,8D8500005CA881CDCD5BA781F9A85BF9F9F9FCFCED000000,57.213,8D8500005CA881CDCD5BA781F9A85BF9F9F9FCFCED000000,57.213,8D8500005CA881CDCD5BA781F9A85BF9F9F9FCFCED000000,57.213,8D8500005CA881CDCD5BA781F9A85BF9F9F9FCFCED000000,57.213,8D8500005CA881CDCD5BA781F9A85BF9F9F9FCFCED000000,57.213,8D8500005CA881CDCD5BA781F9A85BF9F9F9FCFCED000000,57.213,8D8500005CA881CDCD5BA781F9A85BF9F9F9FCFCED000000,57.213,8D8500005CA881CDCD5BA781F9A85BF9F9F9FCFCED000000,57.213,8D8500005CA881CDCD5BA781F9A85BF9F9F9FCFCED000000,57.213,8D8500005CA881CDCD5BA781F9A85BF9F9F9FCFCED000000,57.213,8D8500005CA881CDCD5BA781F9A85BF9F9F9FCFCED000000,57.213,252,57.213,237,57.238,0,57.238,0002,57.238,12545,57.238,3101,57.238,3101,57.238,3101,57.238,3101,57.238,3101,57.238,3101,57.238,3101,57.238,3101,57.238,3101,57.238,3101,57.238,3101,57.238,3101,57.238,3101
57.381,57.363,14.100000000000001,57.363,8D8500005BA880CCCC5BA781F8A85BF8F8F8FCFCED000000,57.363,8D8500005BA880CCCC5BA781F8A85BF8F8F8FCFCED000000,57.363,8D8500005BA880CCCC5BA781F8A85BF8F8F8FCFCED000000,57.363,8D8500005BA880CCCC5BA781F8A85BF8F8F8FCFCED000000,57.363,8D8500005BA880CCCC5BA781F8A85BF8F8F8FCFCED000000,57.363,8D8500005BA880CCCC5BA781F8A85BF8F8F8FCFCED000000,57.363,8D8500005BA880CCCC5BA781F8A85BF8F8F8FCFCED000000,57.363,8D8500005BA880CCCC5BA781F8A85BF8F8F8FCFCED000000,57.363,8D8500005BA880CCCC5BA781F8A85BF8F8F8FCFCED000000,57.363,8D8500005BA880CCCC5BA781F8A85BF8F8F8FCFCED000000,57.363,8D8500005BA880CCCC5BA781F8A85BF8F8F8FCFCED000000,57.363,8D8500005BA880CCCC5BA781F8A85BF8F8F8FCFCED000000,57.363,8D8500005BA880CCCC5BA781F8A85BF8F8F8FCFCED000000,57.363,8D8500005BA880CCCC5BA781F8A85BF8F8F8FCFCED000000,57.363,252,57.363,237,57.386,0,57.386,0002,57.386,12545,57.386,3101,57.386,3101,57.386,3101,57.386,3101,57.386,3101,57.386,3101,57.386,3101,57.386,3101,57.386,3101,57.386,3101,57.386,3101,57.386,3101,57.386,3101
57.482,57.515,14.200000000000001,57.515,8E8600005CA881CDCD5BA881F9A85BF9F9F9FCFCED000000,57.515,8E8600005CA881CDCD5BA881F9A85BF9F9F9FCFCED000000,57.515,8E8600005CA881CDCD5BA881F9A85BF9F9F9FCFCED000000,57.515,8E8600005CA881CDCD5BA881F9A85BF9F9F9FCFCED000000,57.515,8E8600005CA881CDCD5BA881F9A85BF9F9F9FCFCED000000,57.515,8E8600005CA881CDCD5BA881F9A85BF9F9F9FCFCED000000,57.515,8E8600005CA881CDCD5BA881F9A85BF9F9F9FCFCED000000,57.515,8E8600005CA881CDCD5BA881F9A85BF9F9F9FCFCED000000,57.515,8E8600005CA881CDCD5BA881F9A85BF9F9F9FCFCED000000,57.515,8E8600005CA881CDCD5BA881F9A85BF9F9F9FCFCED000000,57.515,8E8600005CA881CDCD5BA881F9A85BF9F9F9FCFCED000000,57.515,8E8600005CA881CDCD5BA881F9A85BF9F9F9FCFCED000000,57.515,8E8600005CA881CDCD5BA881F9A85BF9F9F9FCFCED000000,57.515,8E8600005CA881CDCD5BA881F9A85BF9F9F9FCFCED000000,57.515,252,57.515,237,57.438,0,57.438,0002,57.386,12545,57.386,3101,57.386,3101,57.386,3101,57.386,3101,57.386,3101,57.386,3101,57.386,3101,57.386,3101,57.386,3101,57.386,3101,57.386,3101,57.386,3101,57.386,3101
57.583,57.613,14.100000000000001,57.613,8D8500005BA881CCCC5BA781F9A85BF9F9F9FCFCED000000,57.613,8D8500005BA881CCCC5BA781F9A85BF9F9F9FCFCED000000,57.613,8D8500005BA881CCCC5BA781F9A85BF9F9F9FCFCED000000,57.613,8D8500005BA881CCCC5BA781F9A85BF9F9F9FCFCED000000,57.613,8D8500005BA881CCCC5BA781F9A85BF9F9F9FCFCED000000,57.613,8D8500005BA881CCCC5BA781F9A85BF9F9F9FCFCED000000,57.613,8D8500005BA881CCCC5BA781F9A85BF9F9F9FCFCED000000,57.613,8D8500005BA881CCCC5BA781F9A85BF9F9F9FCFCED000000,57.613,8D8500005BA881CCCC5BA781F9A85BF9F9F9FCFCED000000,57.613,8D8500005BA881CCCC5BA781F9A85BF9F9F9FCFCED000000,57.613,8D8500005BA881CCCC5BA781F9A85BF9F9F9FCFCED000000,57.613,8D8500005BA881CCCC5BA781F9A85BF9F9F9FCFCED000000,57.613,8D8500005BA881CCCC5BA781F9A85BF9F9F9FCFCED000000,57.613,8D8500005BA881CCCC5BA781F9A85BF9F9F9FCFCED000000,57.613,252,57.613,237,57.528,0,57.528,0002,57.528,12545,57.528,3101,57.528,3101,57.528,3101,57.528,3101,57.528,3101,57.528,3101,57.528,3101,57.528,3101,57.528,3101,57.528,3101,57.528,3101,57.528,3101,57.528,3101
57.682,57.613,14.100000000000001,57.613,8D8500005BA881CCCC5BA781F9A85BF9F9F9FCFCED000000,57.613,8D8500005BA881CCCC5BA781F9A85BF9F9F9FCFCED000000,57.613,8D8500005BA881CCCC5BA781F9A85BF9F9F9FCFCED000000,57.613,8D8500005BA881CCCC5BA781F9A85BF9F9F9FCFCED000000,57.613,8D8500005BA881CCCC5BA781F9A85BF9F9F9FCFCED000000,57.613,8D8500005BA881CCCC5BA781F9A85BF9F9F9FCFCED000000,57.613,8D8500005BA881CCCC5BA781F9A85BF9F9F9FCFCED000000,57.613,8D8500005BA881CCCC5BA781F9A85BF9F9F9FCFCED000000,57.613,8D8500005BA881CCCC5BA781F9A85BF9F9F9FCFCED000000,57.613,8D8500005BA881CCCC5BA781F9A85BF9F9F9FCFCED000000,57.613,8D8500005BA881CCCC5BA781F9A85BF9F9F9FCFCED000000,57.613,8D8500005BA881CCCC5BA781F9A85BF9F9F9FCFCED000000,57.613,8D8500005BA881CCCC5BA781F9A85BF9F9F9FCFCED000000,57.613,8D8500005BA881CCCC5BA781F9A85BF9F9F9FCFCED000000,57.613,252,57.613,237,57.628,0,57.628,0002,57.628,12545,57.628,3101,57.628,3101,57.628,3101,57.628,3101,57.628,3101,57.628,3101,57.628,3101,57.628,3101,57.628,3101,57.628,3101,57.628,3101,57.628,3101,57.628,3101
57.780,57.713,14.100000000000001,57.713,8D8500005BA881CDCD80A781F9A880F9F9F9FCFCED000000,57.713,8D8500005BA881CDCD80A781F9A880F9F9F9FCFCED000000,57.713,8D8500005BA881CDCD80A781F9A880F9F9F9FCFCED000000,57.713,8D8500005BA881CDCD80A781F9A880F9F9F9FCFCED000000,57.713,8D8500005BA881CDCD80A781F9A880F9F9F9FCFCED000000,57.713,8D8500005BA881CDCD80A781F9A880F9F9F9FCFCED000000,57.713,8D8500005BA881CDCD80A781F9A880F9F9F9FCFCED000000,57.713,8D8500005BA881CDCD80A781F9A880F9F9F9FCFCED000000,57.713,8D8500005BA881CDCD80A781F9A880F9F9F9FCFCED000000,57.713,8D8500005BA881CDCD80A781F9A880F9F9F9FCFCED000000,57.713,8D8500005BA881CDCD80A781F9A880F9F9F9FCFCED000000,57.713,8D8500005BA881CDCD80A781F9A880F9F9F9FCFCED000000,57.713,8D8500005BA881CDCD80A781F9A880F9F9F9FCFCED000000,57.713,8D8500005BA881CDCD80A781F9A880F9F9F9FCFCED000000,57.713,252,57.713,237,57.749,0,57.749,0002,57.798,12547,57.798,3103,57.798,3103,57.798,3103,57.798,3103,57.798,3103,57.798,3103,57.798,3103,57.798,3103,57.798,3103,57.798,3103,57.798,3103,57.798,3103,57.798,3103
57.881,57.913,14.100000000000001,57.913,8D8500005BA881CDCDA6A781F9A8A6F8F9F9FF01ED000000,57.913,8D8500005BA881CDCDA6A781F9A8A6F8F9F9FF01ED000000,57.913,8D8500005BA881CDCDA6A781F9A8A6F8F9F9FF01ED000000,57.913,8D8500005BA881CDCDA6A781F9A8A6F8F9F9FF01ED000000,57.913,8D8500005BA881CDCDA6A781F9A8A6F8F9F9FF01ED000000,57.913,8D8500005BA881CDCDA6A781F9A8A6F8F9F9FF01ED000000,57.913,8D8500005BA881CDCDA6A781F9A8A6F8F9F9FF01ED000000,57.913,8D8500005BA881CDCDA6A781F9A8A6F8F9F9FF01ED000000,57.913,8D8500005BA881CDCDA6A781F9A8A6F8F9F9FF01ED000000,57.913,8D8500005BA881CDCDA6A781F9A8A6F8F9F9FF01ED000000,57.913,8D8500005BA881CDCDA6A781F9A8A6F8F9F9FF01ED000000,57.913,8D8500005BA881CDCDA6A781F9A8A6F8F9F9FF01ED000000,57.913,8D8500005BA881CDCDA6A781F9A8A6F8F9F9FF01ED000000,57.913,8D8500005BA881CDCDA6A781F9A8A6F8F9F9FF01ED000000,57.913,1,57.913,237,57.878,0,57.878,0000,57.878,8192,57.878,2000,57.878,2000,57.878,2000,57.878,2000,57.878,2000,57.878,2000,57.878,2000,57.878,2000,57.878,2000,57.878,2000,57.878,2000,57.878,2000,57.878,2000
57.984,57.913,14.100000000000001,57.913,8D8500005BA881CDCDA6A781F9A8A6F8F9F9FF01ED000000,57.913,8D8500005BA881CDCDA6A781F9A8A6F8F9F9FF01ED000000,57.913,8D8500005BA881CDCDA6A781F9A8A6F8F9F9FF01ED000000,57.913,8D8500005BA881CDCDA6A781F9A8A6F8F9F9FF01ED000000,57.913,8D8500005BA881CDCDA6A781F9A8A6F8F9F9FF01ED000000,57.913,8D8500005BA881CDCDA6A781F9A8A6F8F9F9FF01ED000000,57.913,8D8500005BA881CDCDA6A781F9A8A6F8F9F9FF01ED000000,57.913,8D8500005BA881CDCDA6A781F9A8A6F8F9F9FF01ED000000,57.913,8D8500005BA881CDCDA6A781F9A8A6F8F9F9FF01ED000000,57.913,8D8500005BA881CDCDA6A781F9A8A6F8F9F9FF01ED000000,57.913,8D8500005BA881CDCDA6A781F9A8A6F8F9F9FF01ED000000,57.913,8D8500005BA881CDCDA6A781F9A8A6F8F9F9FF01ED000000,57.913,8D8500005BA881CDCDA6A781F9A8A6F8F9F9FF01ED000000,57.913,8D8500005BA881CDCDA6A781F9A8A6F8F9F9FF01ED000000,57.913,1,57.913,237,57.956,0,57.956,0000,57.878,8192,57.878,2000,57.878,2000,57.878,2000,57.878,2000,57.878,2000,57.878,2000,57.878,2000,57.878,2000,57.878,2000,57.878,2000,57.878,2000,57.878,2000,57.878,2000
58.082,58.113,14.200000000000001,58.113,8E8600005CA881CDCDA7A781F9A8A7F9F9F9FF01ED000000,58.113,8E8600005CA881CDCDA7A781F9A8A7F9F9F9FF01ED000000,58.113,8E8600005CA881CDCDA7A781F9A8A7F9F9F9FF01ED000000,58.113,8E8600005CA881CDCDA7A781F9A8A7F9F9F9FF01ED000000,58.113,8E8600005CA881CDCDA7A781F9A8A7F9F9F9FF01ED000000,58.113,8E8600005CA881CDCDA7A781F9A8A7F9F9F9FF01ED000000,58.113,8E8600005CA881CDCDA7A781F9A8A7F9F9F9FF01ED000000,58.113,8E8600005CA881CDCDA7A781F9A8A7F9F9F9FF01ED000000,58.113,8E8600005CA881CDCDA7A781F9A8A7F9F9F9FF01ED000000,58.113,8E8600005CA881CDCDA7A781F9A8A7F9F9F9FF01ED000000,58.113,8E8600005CA881CDCDA7A781F9A8A7F9F9F9FF01ED000000,58.113,8E8600005CA881CDCDA7A781F9A8A7F9F9F9FF01ED000000,58.113,8E8600005CA881CDCDA7A781F9A8A7F9F9F9FF01ED000000,58.113,8E8600005CA881CDCDA7A781F9A8A7F9F9F9FF01ED000000,58.113,1,58.113,237,58.038,0,58.038,0000,58.038,8192,58.038,2000,58.038,2000,58.038,2000,58.038,2000,58.038,2000,58.038,2000,58.038,2000,58.038,2000,58.038,2000,58.038,2000,58.038,2000,58.038,2000,58.038,2000
58.181,58.213,14.100000000000001,58.213,8D8500005BA881CDCDA7A781F9A8A7F9FAFAFF01ED000000,58.213,8D8500005BA881CDCDA7A781F9A8A7F9FAFAFF01ED000000,58.213,8D8500005BA881CDCDA7A781F9A8A7F9FAFAFF01ED000000,58.213,8D8500005BA881CDCDA7A781F9A8A7F9FAFAFF01ED000000,58.213,8D8500005BA881CDCDA7A781F9A8A7F9FAFAFF01ED000000,58.213,8D8500005BA881CDCDA7A781F9A8A7F9FAFAFF01ED000000,58.213,8D8500005BA881CDCDA7A781F9A8A7F9FAFAFF01ED000000,58.213,8D8500005BA881CDCDA7A781F9A8A7F9FAFAFF01ED000000,58.213,8D8500005BA881CDCDA7A781F9A8A7F9FAFAFF01ED000000,58.213,8D8500005BA881CDCDA7A781F9A8A7F9FAFAFF01ED000000,58.213,8D8500005BA881CDCDA7A781F9A8A7F9FAFAFF01ED000000,58.213,8D8500005BA881CDCDA7A781F9A8A7F9FAFAFF01ED000000,58.213,8D8500005BA881CDCDA7A781F9A8A7F9FAFAFF01ED000000,58.213,8D8500005BA881CDCDA7A781F9A8A7F9FAFAFF01ED000000,58.213,1,58.213,237,58.128,0,58.128,0000,58.128,8192,58.128,2000,58.128,2000,58.128,2000,58.128,2000,58.128,2000,58.128,2000,58.128,2000,58.128,2000,58.128,2000,58.128,2000,58.128,2000,58.128,2000,58.128,2000
58.283,58.213,14.100000000000001,58.213,8D8500005BA881CDCDA7A781F9A8A7F9FAFAFF01ED000000,58.213,8D8500005BA881CDCDA7A781F9A8A7F9FAFAFF01ED000000,58.213,8D8500005BA881CDCDA7A781F9A8A7F9FAFAFF01ED000000,58.213,8D8500005BA881CDCDA7A781F9A8A7F9FAFAFF01ED000000,58.213,8D8500005BA881CDCDA7A781F9A8A7F9FAFAFF01ED000000,58.213,8D8500005BA881CDCDA7A781F9A8A7F9FAFAFF01ED000000,58.213,8D8500005BA881CDCDA7A781F9A8A7F9FAFAFF01ED000000,58.213,8D8500005BA881CDCDA7A781F9A8A7F9FAFAFF01ED000000,58.213,8D8500005BA881CDCDA7A781F9A8A7F9FAFAFF01ED000000,58.213,8D8500005BA881CDCDA7A781F9A8A7F9FAFAFF01ED000000,58.213,8D8500005BA881CDCDA7A781F9A8A7F9FAFAFF01ED000000,58.213,8D8500005BA881CDCDA7A781F9A8A7F9FAFAFF01ED000000,58.213,8D8500005BA881CDCDA7A781F9A8A7F9FAFAFF01ED000000,58.213,8D8500005BA881CDCDA7A781F9A8A7F9FAFAFF01ED000000,58.213,1,58.213,237,58.239,0,58.239,0000,58.239,8192,58.239,2000,58.239,2000,58.239,2000,58.239,2000,58.239,2000,58.239,2000,58.239,2000,58.239,2000,58.239,2000,58.239,2000,58.239,2000,58.239,2000,58.239,2000
58.381,58.353,14.100000000000001,58.353,8D8500005BA881CDCDA7A781F9A8A7F8F9F9FF01ED000000,58.353,8D8500005BA881CDCDA7A781F9A8A7F8F9F9FF01ED000000,58.353,8D8500005BA881CDCDA7A781F9A8A7F8F9F9FF01ED000000,58.353,8D8500005BA881CDCDA7A781F9A8A7F8F9F9FF01ED000000,58.353,8D8500005BA881CDCDA7A781F9A8A7F8F9F9FF01ED000000,58.353,8D8500005BA881CDCDA7A781F9A8A7F8F9F9FF01ED000000,58.353,8D8500005BA881CDCDA7A781F9A8A7F8F9F9FF01ED000000,58.353,8D8500005BA881CDCDA7A781F9A8A7F8F9F9FF01ED000000,58.353,8D8500005BA881CDCDA7A781F9A8A7F8F9F9FF01ED000000,58.353,8D8500005BA881CDCDA7A781F9A8A7F8F9F9FF01ED000000,58.353,8D8500005BA881CDCDA7A781F9A8A7F8F9F9FF01ED000000,58.353,8D8500005BA881CDCDA7A781F9A8A7F8F9F9FF01ED000000,58.353,8D8500005BA881CDCDA7A781F9A8A7F8F9F9FF01ED000000,58.353,8D8500005BA881CDCDA7A781F9A8A7F8F9F9FF01ED000000,58.353,1,58.353,237,58.239,0,58.239,0000,58.297,8192,58.297,2000,58.297,2000,58.297,2000,58.297,2000,58.297,2000,58.297,2000,58.297,2000,58.297,2000,58.297,2000,58.297,2000,58.297,2000,58.297,2000,58.297,2000
58.481,58.513,14.200000000000001,58.513,8E8600005CA881CDCDA7A781F9A8A7F8F9F9FF01ED000000,58.513,8E8600005CA881CDCDA7A781F9A8A7F8F9F9FF01ED000000,58.513,8E8600005CA881CDCDA7A781F9A8A7F8F9F9FF01ED000000,58.513,8E8600005CA881CDCDA7A781F9A8A7F8F9F9FF01ED000000,58.513,8E8600005CA881CDCDA7A781F9A8A7F8F9F9FF01ED000000,58.513,8E8600005CA881CDCDA7A781F9A8A7F8F9F9FF01ED000000,58.513,8E8600005CA881CDCDA7A781F9A8A7F8F9F9FF01ED000000,58.513,8E8600005CA881CDCDA7A781F9A8A7F8F9F9FF01ED000000,58.513,8E8600005CA881CDCDA7A781F9A8A7F8F9F9FF01ED000000,58.513,8E8600005CA881CDCDA7A781F9A8A7F8F9F9FF01ED000000,58.513,8E8600005CA881CDCDA7A781F9A8A7F8F9F9FF01ED000000,58.513,8E8600005CA881CDCDA7A781F9A8A7F8F9F9FF01ED000000,58.513,8E8600005CA881CDCDA7A781F9A8A7F8F9F9FF01ED000000,58.513,8E8600005CA881CDCDA7A781F9A8A7F8F9F9FF01ED000000,58.513,1,58.513,237,58.458,0,58.458,0000,58.389,8192,58.389,2000,58.389,2000,58.389,2000,58.389,2000,58.389,2000,58.389,2000,58.389,2000,58.389,2000,58.389,2000,58.389,2000,58.389,2000,58.389,2000,58.389,2000
58.583,58.513,14.200000000000001,58.513,8E8600005CA881CDCDA7A781F9A8A7F8F9F9FF01ED000000,58.513,8E8600005CA881CDCDA7A781F9A8A7F8F9F9FF01ED000000,58.513,8E8600005CA881CDCDA7A781F9A8A7F8F9F9FF01ED000000,58.513,8E8600005CA881CDCDA7A781F9A8A7F8F9F9FF01ED000000,58.513,8E8600005CA881CDCDA7A781F9A8A7F8F9F9FF01ED000000,58.513,8E8600005CA881CDCDA7A781F9A8A7F8F9F9FF01ED000000,58.513,8E8600005CA881CDCDA7A781F9A8A7F8F9F9FF01ED000000,58.513,8E8600005CA881CDCDA7A781F9A8A7F8F9F9FF01ED000000,58.513,8E8600005CA881CDCDA7A781F9A8A7F8F9F9FF01ED000000,58.513,8E8600005CA881CDCDA7A781F9A8A7F8F9F9FF01ED000000,58.513,8E8600005CA881CDCDA7A781F9A8A7F8F9F9FF01ED000000,58.513,8E8600005CA881CDCDA7A781F9A8A7F8F9F9FF01ED000000,58.513,8E8600005CA881CDCDA7A781F9A8A7F8F9F9FF01ED000000,58.513,8E8600005CA881CDCDA7A781F9A8A7F8F9F9FF01ED000000,58.513,1,58.513,237,58.528,0,58.528,0000,58.528,8192,58.528,2000,58.528,2000,58.528,2000,58.528,2000,58.528,2000,58.528,2000,58.528,2000,58.528,2000,58.528,2000,58.528,2000,58.528,2000,58.528,2000,58.528,2000
58.683,58.713,14.200000000000001,58.713,8E8600005BA880CDCDA6A781F9A8A6F8F9F9FF01ED000000,58.713,8E8600005BA880CDCDA6A781F9A8A6F8F9F9FF01ED000000,58.713,8E8600005BA880CDCDA6A781F9A8A6F8F9F9FF01ED000000,58.713,8E8600005BA880CDCDA6A781F9A8A6F8F9F9FF01ED000000,58.713,8E8600005BA880CDCDA6A781F9A8A6F8F9F9FF01ED000000,58.713,8E8600005BA880CDCDA6A781F9A8A6F8F9F9FF01ED000000,58.713,8E8600005BA880CDCDA6A781F9A8A6F8F9F9FF01ED000000,58.713,8E8600005BA880CDCDA6A781F9A8A6F8F9F9FF01ED000000,58.713,8E8600005BA880CDCDA6A781F9A8A6F8F9F9FF01ED000000,58.713,8E8600005BA880CDCDA6A781F9A8A6F8F9F9FF01ED000000,58.713,8E8600005BA880CDCDA6A781F9A8A6F8F9F9FF01ED000000,58.713,8E8600005BA880CDCDA6A781F9A8A6F8F9F9FF01ED000000,58.713,8E8600005BA880CDCDA6A781F9A8A6F8F9F9FF01ED000000,58.713,8E8600005BA880CDCDA6A781F9A8A6F8F9F9FF01ED000000,58.713,1,58.713,237,58.637,0,58.637,0000,58.637,8192,58.637,2000,58.637,2000,58.637,2000,58.637,2000,58.637,2000,58.637,2000,58.637,2000,58.637,2000,58.637,2000,58.637,2000,58.637,2000,58.637,2000,58.637,2000
58.782,58.713,14.200000000000001,58.713,8E8600005BA880CDCDA6A781F9A8A6F8F9F9FF01ED000000,58.713,8E8600005BA880CDCDA6A781F9A8A6F8F9F9FF01ED000000,58.713,8E8600005BA880CDCDA6A781F9A8A6F8F9F9FF01ED000000,58.713,8E8600005BA880CDCDA6A781F9A8A6F8F9F9FF01ED000000,58.713,8E8600005BA880CDCDA6A781F9A8A6F8F9F9FF01ED000000,58.713,8E8600005BA880CDCDA6A781F9A8A6F8F9F9FF01ED000000,58.713,8E8600005BA880CDCDA6A781F9A8A6F8F9F9FF01ED000000,58.713,8E8600005BA880CDCDA6A781F9A8A6F8F9F9FF01ED000000,58.713,8E8600005BA880CDCDA6A781F9A8A6F8F9F9FF01ED000000,58.713,8E8600005BA880CDCDA6A781F9A8A6F8F9F9FF01ED000000,58.713,8E8600005BA880CDCDA6A781F9A8A6F8F9F9FF01ED000000,58.713,8E8600005BA880CDCDA6A781F9A8A6F8F9F9FF01ED000000,58.713,8E8600005BA880CDCDA6A781F9A8A6F8F9F9FF01ED000000,58.713,8E8600005BA880CDCDA6A781F9A8A6F8F9F9FF01ED000000,58.713,1,58.713,237,58.738,0,58.738,0000,58.803,8192,58.803,2000,58.803,2000,58.803,2000,58.803,2000,58.803,2000,58.803,2000,58.803,2000,58.803,2000,58.803,2000,58.803,2000,58.803,2000,58.803,2000,58.803,2000
58.883,58.844,14.200000000000001,58.844,8E8600005CA881CDCDA7A781F9A8A7F8F9F9FF01ED000000,58.844,8E8600005CA881CDCDA7A781F9A8A7F8F9F9FF01ED000000,58.844,8E8600005CA881CDCDA7A781F9A8A7F8F9F9FF01ED000000,58.844,8E8600005CA881CDCDA7A781F9A8A7F8F9F9FF01ED000000,58.844,8E8600005CA881CDCDA7A781F9A8A7F8F9F9FF01ED000000,58.844,8E8600005CA881CDCDA7A781F9A8A7F8F9F9FF01ED000000,58.844,8E8600005CA881CDCDA7A781F9A8A7F8F9F9FF01ED000000,58.844,8E8600005CA881CDCDA7A781F9A8A7F8F9F9FF01ED000000,58.844,8E8600005CA881CDCDA7A781F9A8A7F8F9F9FF01ED000000,58.844,8E8600005CA881CDCDA7A781F9A8A7F8F9F9FF01ED000000,58.844,8E8600005CA881CDCDA7A781F9A8A7F8F9F9FF01ED000000,58.844,8E8600005CA881CDCDA7A781F9A8A7F8F9F9FF01ED000000,58.844,8E8600005CA881CDCDA7A781F9A8A7F8F9F9FF01ED000000,58.844,8E8600005CA881CDCDA7A781F9A8A7F8F9F9FF01ED000000,58.844,1,58.844,237,58.870,0,58.870,0000,58.803,8192,58.803,2000,58.803,2000,58.803,2000,58.803,2000,58.803,2000,58.803,2000,58.803,2000,58.803,2000,58.803,2000,58.803,2000,58.803,2000,58.803,2000,58.803,2000
58.981,59.014,14.100000000000001,59.014,8D8500005BA9815B5BA7A781F9A8A7F9F9F9FF01ED000000,59.014,8D8500005BA9815B5BA7A781F9A8A7F9F9F9FF01ED000000,59.014,8D8500005BA9815B5BA7A781F9A8A7F9F9F9FF01ED000000,59.014,8D8500005BA9815B5BA7A781F9A8A7F9F9F9FF01ED000000,59.014,8D8500005BA9815B5BA7A781F9A8A7F9F9F9FF01ED000000,59.014,8D8500005BA9815B5BA7A781F9A8A7F9F9F9FF01ED000000,59.014,8D8500005BA9815B5BA7A781F9A8A7F9F9F9FF01ED000000,59.014,8D8500005BA9815B5BA7A781F9A8A7F9F9F9FF01ED000000,59.014,8D8500005BA9815B5BA7A781F9A8A7F9F9F9FF01ED000000,59.014,8D8500005BA9815B5BA7A781F9A8A7F9F9F9FF01ED000000,59.014,8D8500005BA9815B5BA7A781F9A8A7F9F9F9FF01ED000000,59.014,8D8500005BA9815B5BA7A781F9A8A7F9F9F9FF01ED000000,59.014,8D8500005BA9815B5BA7A781F9A8A7F9F9F9FF01ED000000,59.014,8D8500005BA9815B5BA7A781F9A8A7F9F9F9FF01ED000000,59.014,1,59.014,237,58.938,0,58.938,0000,58.938,8192,58.938,2000,58.938,2000,58.938,2000,58.938,2000,58.938,2000,58.938,2000,58.938,2000,58.938,2000,58.938,2000,58.938,2000,58.938,2000,58.938,2000,58.938,2000
59.082,59.014,14.100000000000001,59.014,8D8500005BA9815B5BA7A781F9A8A7F9F9F9FF01ED000000,59.014,8D8500005BA9815B5BA7A781F9A8A7F9F9F9FF01ED000000,59.014,8D8500005BA9815B5BA7A781F9A8A7F9F9F9FF01ED000000,59.014,8D8500005BA9815B5BA7A781F9A8A7F9F9F9FF01ED000000,59.014,8D8500005BA9815B5BA7A781F9A8A7F9F9F9FF01ED000000,59.014,8D8500005BA9815B5BA7A781F9A8A7F9F9F9FF01ED000000,59.014,8D8500005BA9815B5BA7A781F9A8A7F9F9F9FF01ED000000,59.014,8D8500005BA9815B5BA7A781F9A8A7F9F9F9FF01ED000000,59.014,8D8500005BA9815B5BA7A781F9A8A7F9F9F9FF01ED000000,59.014,8D8500005BA9815B5BA7A781F9A8A7F9F9F9FF01ED000000,59.014,8D8500005BA9815B5BA7A781F9A8A7F9F9F9FF01ED000000,59.014,8D8500005BA9815B5BA7A781F9A8A7F9F9F9FF01ED000000,59.014,8D8500005BA9815B5BA7A781F9A8A7F9F9F9FF01ED000000,59.014,8D8500005BA9815B5BA7A781F9A8A7F9F9F9FF01ED000000,59.014,1,59.014,237,59.028,0,59.028,0000,59.028,8192,59.028,2000,59.028,2000,59.028,2000,59.028,2000,59.028,2000,59.028,2000,59.028,2000,59.028,2000,59.028,2000,59.028,2000,59.028,2000,59.028,2000,59.028,2000
59.181,59.113,14.100000000000001,59.113,8D8500005BA881CDCDA7A781F9A8A7F8F9F9FF01ED000000,59.113,8D8500005BA881CDCDA7A781F9A8A7F8F9F9FF01ED000000,59.113,8D8500005BA881CDCDA7A781F9A8A7F8F9F9FF01ED000000,59.113,8D8500005BA881CDCDA7A781F9A8A7F8F9F9FF01ED000000,59.113,8D8500005BA881CDCDA7A781F9A8A7F8F9F9FF01ED000000,59.113,8D8500005BA881CDCDA7A781F9A8A7F8F9F9FF01ED000000,59.113,8D8500005BA881CDCDA7A781F9A8A7F8F9F9FF01ED000000,59.113,8D8500005BA881CDCDA7A781F9A8A7F8F9F9FF01ED000000,59.113,8D8500005BA881CDCDA7A781F9A8A7F8F9F9FF01ED000000,59.113,8D8500005BA881CDCDA7A781F9A8A7F8F9F9FF01ED000000,59.113,8D8500005BA881CDCDA7A781F9A8A7F8F9F9FF01ED000000,59.113,8D8500005BA881CDCDA7A781F9A8A7F8F9F9FF01ED000000,59.113,8D8500005BA881CDCDA7A781F9A8A7F8F9F9FF01ED000000,59.113,8D8500005BA881CDCDA7A781F9A8A7F8F9F9FF01ED000000,59.113,1,59.113,237,59.138,0,59.138,0000,59.138,8192,59.138,2000,59.138,2000,59.138,2000,59.138,2000,59.138,2000,59.138,2000,59.138,2000,59.138,2000,59.138,2000,59.138,2000,59.138,2000,59.138,2000,59.138,2000
59.280,59.225,14.100000000000001,59.225,8D8500005BA881CDCDA6A781F9A8A6F8F9F9FF01ED000000,59.225,8D8500005BA881CDCDA6A781F9A8A6F8F9F9FF01ED000000,59.225,8D8500005BA881CDCDA6A781F9A8A6F8F9F9FF01ED000000,59.225,8D8500005BA881CDCDA6A781F9A8A6F8F9F9FF01ED000000,59.225,8D8500005BA881CDCDA6A781F9A8A6F8F9F9FF01ED000000,59.225,8D8500005BA881CDCDA6A781F9A8A6F8F9F9FF01ED000000,59.225,8D8500005BA881CDCDA6A781F9A8A6F8F9F9FF01ED000000,59.225,8D8500005BA881CDCDA6A781F9A8A6F8F9F9FF01ED000000,59.225,8D8500005BA881CDCDA6A781F9A8A6F8F9F9FF01ED000000,59.225,8D8500005BA881CDCDA6A781F9A8A6F8F9F9FF01ED000000,59.225,8D8500005BA881CDCDA6A781F9A8A6F8F9F9FF01ED000000,59.225,8D8500005BA881CDCDA6A781F9A8A6F8F9F9FF01ED000000,59.225,8D8500005BA881CDCDA6A781F9A8A6F8F9F9FF01ED000000,59.225,8D8500005BA881CDCDA6A781F9A8A6F8F9F9FF01ED000000,59.225,1,59.225,237,59.249,0,59.249,0000,59.299,8192,59.299,2000,59.299,2000,59.299,2000,59.299,2000,59.299,2000,59.299,2000,59.299,2000,59.299,2000,59.299,2000,59.299,2000,59.299,2000,59.299,2000,59.299,2000
59.381,59.353,14.100000000000001,59.353,8D8500005BA881CDCDA7A781F9A8A7F8F9F9FF01ED000000,59.353,8D8500005BA881CDCDA7A781F9A8A7F8F9F9FF01ED000000,59.353,8D8500005BA881CDCDA7A781F9A8A7F8F9F9FF01ED000000,59.353,8D8500005BA881CDCDA7A781F9A8A7F8F9F9FF01ED000000,59.353,8D8500005BA881CDCDA7A781F9A8A7F8F9F9FF01ED000000,59.353,8D8500005BA881CDCDA7A781F9A8A7F8F9F9FF01ED000000,59.353,8D8500005BA881CDCDA7A781F9A8A7F8F9F9FF01ED000000,59.353,8D8500005BA881CDCDA7A781F9A8A7F8F9F9FF01ED000000,59.353,8D8500005BA881CDCDA7A781F9A8A7F8F9F9FF01ED000000,59.353,8D8500005BA881CDCDA7A781F9A8A7F8F9F9FF01ED000000,59.353,8D8500005BA881CDCDA7A781F9A8A7F8F9F9FF01ED000000,59.353,8D8500005BA881CDCDA7A781F9A8A7F8F9F9FF01ED000000,59.353,8D8500005BA881CDCDA7A781F9A8A7F8F9F9FF01ED000000,59.353,8D8500005BA881CDCDA7A781F9A8A7F8F9F9FF01ED000000,59.353,1,59.353,237,59.377,0,59.377,0000,59.377,8192,59.377,2000,59.377,2000,59.377,2000,59.377,2000,59.377,2000,59.377,2000,59.377,2000,59.377,2000,59.377,2000,59.377,2000,59.377,2000,59.377,2000,59.377,2000
59.483,59.424,14.100000000000001,59.424,8D8500005CA882CDCDA7A781F9A8A7F8F9F9FF01ED000000,59.424,8D8500005CA882CDCDA7A781F9A8A7F8F9F9FF01ED000000,59.424,8D8500005CA882CDCDA7A781F9A8A7F8F9F9FF01ED000000,59.424,8D8500005CA882CDCDA7A781F9A8A7F8F9F9FF01ED000000,59.424,8D8500005CA882CDCDA7A781F9A8A7F8F9F9FF01ED000000,59.424,8D8500005CA882CDCDA7A781F9A8A7F8F9F9FF01ED000000,59.424,8D8500005CA882CDCDA7A781F9A8A7F8F9F9FF01ED000000,59.424,8D8500005CA882CDCDA7A781F9A8A7F8F9F9FF01ED000000,59.424,8D8500005CA882CDCDA7A781F9A8A7F8F9F9FF01ED000000,59.424,8D8500005CA882CDCDA7A781F9A8A7F8F9F9FF01ED000000,59.424,8D8500005CA882CDCDA7A781F9A8A7F8F9F9FF01ED000000,59.424,8D8500005CA882CDCDA7A781F9A8A7F8F9F9FF01ED000000,59.424,8D8500005CA882CDCDA7A781F9A8A7F8F9F9FF01ED000000,59.424,8D8500005CA882CDCDA7A781F9A8A7F8F9F9FF01ED000000,59.424,1,59.424,237,59.448,0,59.448,0000,59.377,8192,59.377,2000,59.377,2000,59.377,2000,59.377,2000,59.377,2000,59.377,2000,59.377,2000,59.377,2000,59.377,2000,59.377,2000,59.377,2000,59.377,2000,59.377,2000
59.582,59.613,14.100000000000001,59.613,8D8500005CA8815B5BA7A781F9A8A7F8F9F9FF01ED000000,59.613,8D8500005CA8815B5BA7A781F9A8A7F8F9F9FF01ED000000,59.613,8D8500005CA8815B5BA7A781F9A8A7F8F9F9FF01ED000000,59.613,8D8500005CA8815B5BA7A781F9A8A7F8F9F9FF01ED000000,59.613,8D8500005CA8815B5BA7A781F9A8A7F8F9F9FF01ED000000,59.613,8D8500005CA8815B5BA7A781F9A8A7F8F9F9FF01ED000000,59.613,8D8500005CA8815B5BA7A781F9A8A7F8F9F9FF01ED000000,59.613,8D8500005CA8815B5BA7A781F9A8A7F8F9F9FF01ED000000,59.613,8D8500005CA8815B5BA7A781F9A8A7F8F9F9FF01ED000000,59.613,8D8500005CA8815B5BA7A781F9A8A7F8F9F9FF01ED000000,59.613,8D8500005CA8815B5BA7A781F9A8A7F8F9F9FF01ED000000,59.613,8D8500005CA8815B5BA7A781F9A8A7F8F9F9FF01ED000000,59.613,8D8500005CA8815B5BA7A781F9A8A7F8F9F9FF01ED000000,59.613,8D8500005CA8815B5BA7A781F9A8A7F8F9F9FF01ED000000,59.613,1,59.613,237,59.537,0,59.537,0000,59.537,8192,59.537,2000,59.537,2000,59.537,2000,59.537,2000,59.537,2000,59.537,2000,59.537,2000,59.537,2000,59.537,2000,59.537,2000,59.537,2000,59.537,2000,59.537,2000
59.682,59.713,14.200000000000001,59.713,8E8600005CA8815B5BA7A881F9A8A7F9F9F9FF01ED000000,59.713,8E8600005CA8815B5BA7A881F9A8A7F9F9F9FF01ED000000,59.713,8E8600005CA8815B5BA7A881F9A8A7F9F9F9FF01ED000000,59.713,8E8600005CA8815B5BA7A881F9A8A7F9F9F9FF01ED000000,59.713,8E8600005CA8815B5BA7A881F9A8A7F9F9F9FF01ED000000,59.713,8E8600005CA8815B5BA7A881F9A8A7F9F9F9FF01ED000000,59.713,8E8600005CA8815B5BA7A881F9A8A7F9F9F9FF01ED000000,59.713,8E8600005CA8815B5BA7A881F9A8A7F9F9F9FF01ED000000,59.713,8E8600005CA8815B5BA7A881F9A8A7F9F9F9FF01ED000000,59.713,8E8600005CA8815B5BA7A881F9A8A7F9F9F9FF01ED000000,59.713,8E8600005CA8815B5BA7A881F9A8A7F9F9F9FF01ED000000,59.713,8E8600005CA8815B5BA7A881F9A8A7F9F9F9FF01ED000000,59.713,8E8600005CA8815B5BA7A881F9A8A7F9F9F9FF01ED000000,59.713,8E8600005CA8815B5BA7A881F9A8A7F9F9F9FF01ED000000,59.713,1,59.713,237,59.628,0,59.628,0000,59.628,8192,59.628,2000,59.628,2000,59.628,2000,59.628,2000,59.628,2000,59.628,2000,59.628,2000,59.628,2000,59.628,2000,59.628,2000,59.628,2000,59.628,2000,59.628,2000
59.784,59.713,14.200000000000001,59.713,8E8600005CA8815B5BA7A881F9A8A7F9F9F9FF01ED000000,59.713,8E8600005CA8815B5BA7A881F9A8A7F9F9F9FF01ED000000,59.713,8E8600005CA8815B5BA7A881F9A8A7F9F9F9FF01ED000000,59.713,8E8600005CA8815B5BA7A881F9A8A7F9F9F9FF01ED000000,59.713,8E8600005CA8815B5BA7A881F9A8A7F9F9F9FF01ED000000,59.713,8E8600005CA8815B5BA7A881F9A8A7F9F9F9FF01ED000000,59.713,8E8600005CA8815B5BA7A881F9A8A7F9F9F9FF01ED000000,59.713,8E8600005CA8815B5BA7A881F9A8A7F9F9F9FF01ED000000,59.713,8E8600005CA8815B5BA7A881F9A8A7F9F9F9FF01ED000000,59.713,8E8600005CA8815B5BA7A881F9A8A7F9F9F9FF01ED000000,59.713,8E8600005CA8815B5BA7A881F9A8A7F9F9F9FF01ED000000,59.713,8E8600005CA8815B5BA7A881F9A8A7F9F9F9FF01ED000000,59.713,8E8600005CA8815B5BA7A881F9A8A7F9F9F9FF01ED000000,59.713,8E8600005CA8815B5BA7A881F9A8A7F9F9F9FF01ED000000,59.713,1,59.713,237,59.739,0,59.739,0000,59.739,8192,59.739,2000,59.739,2000,59.739,2000,59.739,2000,59.739,2000,59.739,2000,59.739,2000,59.739,2000,59.739,2000,59.739,2000,59.739,2000,59.739,2000,59.739,2000
59.882,59.853,14.200000000000001,59.853,8E8600005CA8815B5BA7A781F9A8A7F9F9F9FF01ED000000,59.853,8E8600005CA8815B5BA7A781F9A8A7F9F9F9FF01ED000000,59.853,8E8600005CA8815B5BA7A781F9A8A7F9F9F9FF01ED000000,59.853,8E8600005CA8815B5BA7A781F9A8A7F9F9F9FF01ED000000,59.853,8E8600005CA8815B5BA7A781F9A8A7F9F9F9FF01ED000000,59.853,8E8600005CA8815B5BA7A781F9A8A7F9F9F9FF01ED000000,59.853,8E8600005CA8815B5BA7A781F9A8A7F9F9F9FF01ED000000,59.853,8E8600005CA8815B5BA7A781F9A8A7F9F9F9FF01ED000000,59.853,8E8600005CA8815B5BA7A781F9A8A7F9F9F9FF01ED000000,59.853,8E8600005CA8815B5BA7A781F9A8A7F9F9F9FF01ED000000,59.853,8E8600005CA8815B5BA7A781F9A8A7F9F9F9FF01ED000000,59.853,8E8600005CA8815B5BA7A781F9A8A7F9F9F9FF01ED000000,59.853,8E8600005CA8815B5BA7A781F9A8A7F9F9F9FF01ED000000,59.853,8E8600005CA8815B5BA7A781F9A8A7F9F9F9FF01ED000000,59.853,1,59.853,237,59.889,0,59.739,0000,59.799,8192,59.799,2000,59.799,2000,59.799,2000,59.799,2000,59.799,2000,59.799,2000,59.799,2000,59.799,2000,59.799,2000,59.799,2000,59.799,2000,59.799,2000,59.799,2000
59.980,60.013,14.200000000000001,60.013,8E8600005CA881CDCDA7A781F9A8A7F9F9F9FF01ED000000,60.013,8E8600005CA881CDCDA7A781F9A8A7F9F9F9FF01ED000000,60.013,8E8600005CA881CDCDA7A781F9A8A7F9F9F9FF01ED000000,60.013,8E8600005CA881CDCDA7A781F9A8A7F9F9F9FF01ED000000,60.013,8E8600005CA881CDCDA7A781F9A8A7F9F9F9FF01ED000000,60.013,8E8600005CA881CDCDA7A781F9A8A7F9F9F9FF01ED000000,60.013,8E8600005CA881CDCDA7A781F9A8A7F9F9F9FF01ED000000,60.013,8E8600005CA881CDCDA7A781F9A8A7F9F9F9FF01ED000000,60.013,8E8600005CA881CDCDA7A781F9A8A7F9F9F9FF01ED000000,60.013,8E8600005CA881CDCDA7A781F9A8A7F9F9F9FF01ED000000,60.013,8E8600005CA881CDCDA7A781F9A8A7F9F9F9FF01ED000000,60.013,8E8600005CA881CDCDA7A781F9A8A7F9F9F9FF01ED000000,60.013,8E8600005CA881CDCDA7A781F9A8A7F9F9F9FF01ED000000,60.013,8E8600005CA881CDCDA7A781F9A8A7F9F9F9FF01ED000000,60.013,1,60.013,237,59.958,0,59.958,0000,59.889,8192,59.889,2000,59.889,2000,59.889,2000,59.889,2000,59.889,2000,59.889,2000,59.889,2000,59.889,2000,59.889,2000,59.889,2000,59.889,2000,59.889,2000,59.889,2000
60.083,60.013,14.200000000000001,60.013,8E8600005CA881CDCDA7A781F9A8A7F9F9F9FF01ED000000,60.013,8E8600005CA881CDCDA7A781F9A8A7F9F9F9FF01ED000000,60.013,8E8600005CA881CDCDA7A781F9A8A7F9F9F9FF01ED000000,60.013,8E8600005CA881CDCDA7A781F9A8A7F9F9F9FF01ED000000,60.013,8E8600005CA881CDCDA7A781F9A8A7F9F9F9FF01ED000000,60.013,8E8600005CA881CDCDA7A781F9A8A7F9F9F9FF01ED000000,60.013,8E8600005CA881CDCDA7A781F9A8A7F9F9F9FF01ED000000,60.013,8E8600005CA881CDCDA7A781F9A8A7F9F9F9FF01ED000000,60.013,8E8600005CA881CDCDA7A781F9A8A7F9F9F9FF01ED000000,60.013,8E8600005CA881CDCDA7A781F9A8A7F9F9F9FF01ED000000,60.013,8E8600005CA881CDCDA7A781F9A8A7F9F9F9FF01ED000000,60.013,8E8600005CA881CDCDA7A781F9A8A7F9F9F9FF01ED000000,60.013,8E8600005CA881CDCDA7A781F9A8A7F9F9F9FF01ED000000,60.013,8E8600005CA881CDCDA7A781F9A8A7F9F9F9FF01ED000000,60.013,1,60.013,237,60.028,0,60.028,0000,60.028,8192,60.028,2000,60.028,2000,60.028,2000,60.028,2000,60.028,2000,60.028,2000,60.028,2000,60.028,2000,60.028,2000,60.028,2000,60.028,2000,60.028,2000,60.028,2000
60.182,60.123,14.100000000000001,60.123,8D8500005CA881CDCDA7A881F9A8A7F9F9F9FF01ED000000,60.123,8D8500005CA881CDCDA7A881F9A8A7F9F9F9FF01ED000000,60.123,8D8500005CA881CDCDA7A881F9A8A7F9F9F9FF01ED000000,60.123,8D8500005CA881CDCDA7A881F9A8A7F9F9F9FF01ED000000,60.123,8D8500005CA881CDCDA7A881F9A8A7F9F9F9FF01ED000000,60.123,8D8500005CA881CDCDA7A881F9A8A7F9F9F9FF01ED000000,60.123,8D8500005CA881CDCDA7A881F9A8A7F9F9F9FF01ED000000,60.123,8D8500005CA881CDCDA7A881F9A8A7F9F9F9FF01ED000000,60.123,8D8500005CA881CDCDA7A881F9A8A7F9F9F9FF01ED000000,60.123,8D8500005CA881CDCDA7A881F9A8A7F9F9F9FF01ED000000,60.123,8D8500005CA881CDCDA7A881F9A8A7F9F9F9FF01ED000000,60.123,8D8500005CA881CDCDA7A881F9A8A7F9F9F9FF01ED000000,60.123,8D8500005CA881CDCDA7A881F9A8A7F9F9F9FF01ED000000,60.123,8D8500005CA881CDCDA7A881F9A8A7F9F9F9FF01ED000000,60.123,1,60.123,237,60.138,0,60.138,0000,60.138,8192,60.138,2000,60.138,2000,60.138,2000,60.138,2000,60.138,2000,60.138,2000,60.138,2000,60.138,2000,60.138,2000,60.138,2000,60.138,2000,60.138,2000,60.138,2000
60.282,60.213,14.200000000000001,60.213,8E8600005CA880CDCDA6A781F9A7A6F8F9F9FF01ED000000,60.213,8E8600005CA880CDCDA6A781F9A7A6F8F9F9FF01ED000000,60.213,8E8600005CA880CDCDA6A781F9A7A6F8F9F9FF01ED000000,60.213,8E8600005CA880CDCDA6A781F9A7A6F8F9F9FF01ED000000,60.213,8E8600005CA880CDCDA6A781F9A7A6F8F9F9FF01ED000000,60.213,8E8600005CA880CDCDA6A781F9A7A6F8F9F9FF01ED000000,60.213,8E8600005CA880CDCDA6A781F9A7A6F8F9F9FF01ED000000,60.213,8E8600005CA880CDCDA6A781F9A7A6F8F9F9FF01ED000000,60.213,8E8600005CA880CDCDA6A781F9A7A6F8F9F9FF01ED000000,60.213,8E8600005CA880CDCDA6A781F9A7A6F8F9F9FF01ED000000,60.213,8E8600005CA880CDCDA6A781F9A7A6F8F9F9FF01ED000000,60.213,8E8600005CA880CDCDA6A781F9A7A6F8F9F9FF01ED000000,60.213,8E8600005CA880CDCDA6A781F9A7A6F8F9F9FF01ED000000,60.213,8E8600005CA880CDCDA6A781F9A7A6F8F9F9FF01ED000000,60.213,1,60.213,237,60.238,0,60.238,0000,60.238,8192,60.238,2000,60.238,2000,60.238,2000,60.238,2000,60.238,2000,60.238,2000,60.238,2000,60.238,2000,60.238,2000,60.238,2000,60.238,2000,60.238,2000,60.238,2000
60.381,60.363,14.100000000000001,60.363,8D8500005CA8818181A7A881F9A8A7F9F9F9FF01ED000000,60.363,8D8500005CA8818181A7A881F9A8A7F9F9F9FF01ED000000,60.363,8D8500005CA8818181A7A881F9A8A7F9F9F9FF01ED000000,60.363,8D8500005CA8818181A7A881F9A8A7F9F9F9FF01ED000000,60.363,8D8500005CA8818181A7A881F9A8A7F9F9F9FF01ED000000,60.363,8D8500005CA8818181A7A881F9A8A7F9F9F9FF01ED000000,60.363,8D8500005CA8818181A7A881F9A8A7F9F9F9FF01ED000000,60.363,8D8500005CA8818181A7A881F9A8A7F9F9F9FF01ED000000,60.363,8D8500005CA8818181A7A881F9A8A7F9F9F9FF01ED000000,60.363,8D8500005CA8818181A7A881F9A8A7F9F9F9FF01ED000000,60.363,8D8500005CA8818181A7A881F9A8A7F9F9F9FF01ED000000,60.363,8D8500005CA8818181A7A881F9A8A7F9F9F9FF01ED000000,60.363,8D8500005CA8818181A7A881F9A8A7F9F9F9FF01ED000000,60.363,8D8500005CA8818181A7A881F9A8A7F9F9F9FF01ED000000,60.363,1,60.363,237,60.389,0,60.389,0000,60.389,8192,60.389,2000,60.389,2000,60.389,2000,60.389,2000,60.389,2000,60.389,2000,60.389,2000,60.389,2000,60.389,2000,60.389,2000,60.389,2000,60.389,2000,60.389,2000
60.482,60.516,14.100000000000001,60.516,8D8500005BA7808080A6A780F8A7A6F7F8F8FF01EC000000,60.516,8D8500005BA7808080A6A780F8A7A6F7F8F8FF01EC000000,60.516,8D8500005BA7808080A6A780F8A7A6F7F8F8FF01EC000000,60.516,8D8500005BA7808080A6A780F8A7A6F7F8F8FF01EC000000,60.516,8D8500005BA7808080A6A780F8A7A6F7F8F8FF01EC000000,60.516,8D8500005BA7808080A6A780F8A7A6F7F8F8FF01EC000000,60.516,8D8500005BA7808080A6A780F8A7A6F7F8F8FF01EC000000,60.516,8D8500005BA7808080A6A780F8A7A6F7F8F8FF01EC000000,60.516,8D8500005BA7808080A6A780F8A7A6F7F8F8FF01EC000000,60.516,8D8500005BA7808080A6A780F8A7A6F7F8F8FF01EC000000,60.516,8D8500005BA7808080A6A780F8A7A6F7F8F8FF01EC000000,60.516,8D8500005BA7808080A6A780F8A7A6F7F8F8FF01EC000000,60.516,8D8500005BA7808080A6A780F8A7A6F7F8F8FF01EC000000,60.516,8D8500005BA7808080A6A780F8A7A6F7F8F8FF01EC000000,60.516,1,60.516,236,60.438,0,60.438,0000,60.389,8192,60.389,2000,60.389,2000,60.389,2000,60.389,2000,60.389,2000,60.389,2000,60.389,2000,60.389,2000,60.389,2000,60.389,2000,60.389,2000,60.389,2000,60.389,2000
60.582,60.613,14.200000000000001,60.613,8E8600005BA8808080A6A781F9A8A6F7F8F8FF01ED000000,60.613,8E8600005BA8808080A6A781F9A8A6F7F8F8FF01ED000000,60.613,8E8600005BA8808080A6A781F9A8A6F7F8F8FF01ED000000,60.613,8E8600005BA8808080A6A781F9A8A6F7F8F8FF01ED000000,60.613,8E8600005BA8808080A6A781F9A8A6F7F8F8FF01ED000000,60.613,8E8600005BA8808080A6A781F9A8A6F7F8F8FF01ED000000,60.613,8E8600005BA8808080A6A781F9A8A6F7F8F8FF01ED000000,60.613,8E8600005BA8808080A6A781F9A8A6F7F8F8FF01ED000000,60.613,8E8600005BA8808080A6A781F9A8A6F7F8F8FF01ED000000,60.613,8E8600005BA8808080A6A781F9A8A6F7F8F8FF01ED000000,60.613,8E8600005BA8808080A6A781F9A8A6F7F8F8FF01ED000000,60.613,8E8600005BA8808080A6A781F9A8A6F7F8F8FF01ED000000,60.613,8E8600005BA8808080A6A781F9A8A6F7F8F8FF01ED000000,60.613,8E8600005BA8808080A6A781F9A8A6F7F8F8FF01ED000000,60.613,1,60.613,237,60.528,0,60.528,0000,60.528,8192,60.528,2000,60.528,2000,60.528,2000,60.528,2000,60.528,2000,60.528,2000,60.528,2000,60.528,2000,60.528,2000,60.528,2000,60.528,2000,60.528,2000,60.528,2000
60.683,60.613,14.200000000000001,60.613,8E8600005BA8808080A6A781F9A8A6F7F8F8FF01ED000000,60.613,8E8600005BA8808080A6A781F9A8A6F7F8F8FF01ED000000,60.613,8E8600005BA8808080A6A781F9A8A6F7F8F8FF01ED000000,60.613,8E8600005BA8808080A6A781F9A8A6F7F8F8FF01ED000000,60.613,8E8600005BA8808080A6A781F9A8A6F7F8F8FF01ED000000,60.613,8E8600005BA8808080A6A781F9A8A6F7F8F8FF01ED000000,60.613,8E8600005BA8808080A6A781F9A8A6F7F8F8FF01ED000000,60.613,8E8600005BA8808080A6A781F9A8A6F7F8F8FF01ED000000,60.613,8E8600005BA8808080A6A781F9A8A6F7F8F8FF01ED000000,60.613,8E8600005BA8808080A6A781F9A8A6F7F8F8FF01ED000000,60.613,8E8600005BA8808080A6A781F9A8A6F7F8F8FF01ED000000,60.613,8E8600005BA8808080A6A781F9A8A6F7F8F8FF01ED000000,60.613,8E8600005BA8808080A6A781F9A8A6F7F8F8FF01ED000000,60.613,8E8600005BA8808080A6A781F9A8A6F7F8F8FF01ED000000,60.613,1,60.613,237,60.629,0,60.629,0000,60.629,8192,60.629,2000,60.629,2000,60.629,2000,60.629,2000,60.629,2000,60.629,2000,60.629,2000,60.629,2000,60.629,2000,60.629,2000,60.629,2000,60.629,2000,60.629,2000
60.780,60.713,14.200000000000001,60.713,8E8600005CA881CDCDA6A781F9A8A6F8F9F9FF01ED000000,60.713,8E8600005CA881CDCDA6A781F9A8A6F8F9F9FF01ED000000,60.713,8E8600005CA881CDCDA6A781F9A8A6F8F9F9FF01ED000000,60.713,8E8600005CA881CDCDA6A781F9A8A6F8F9F9FF01ED000000,60.713,8E8600005CA881CDCDA6A781F9A8A6F8F9F9FF01ED000000,60.713,8E8600005CA881CDCDA6A781F9A8A6F8F9F9FF01ED000000,60.713,8E8600005CA881CDCDA6A781F9A8A6F8F9F9FF01ED000000,60.713,8E8600005CA881CDCDA6A781F9A8A6F8F9F9FF01ED000000,60.713,8E8600005CA881CDCDA6A781F9A8A6F8F9F9FF01ED000000,60.713,8E8600005CA881CDCDA6A781F9A8A6F8F9F9FF01ED000000,60.713,8E8600005CA881CDCDA6A781F9A8A6F8F9F9FF01ED000000,60.713,8E8600005CA881CDCDA6A781F9A8A6F8F9F9FF01ED000000,60.713,8E8600005CA881CDCDA6A781F9A8A6F8F9F9FF01ED000000,60.713,8E8600005CA881CDCDA6A781F9A8A6F8F9F9FF01ED000000,60.713,1,60.713,237,60.749,0,60.749,0000,60.799,8192,60.799,2000,60.799,2000,60.799,2000,60.799,2000,60.799,2000,60.799,2000,60.799,2000,60.799,2000,60.799,2000,60.799,2000,60.799,2000,60.799,2000,60.799,2000
60.882,60.853,14.100000000000001,60.853,8D8500005BA881CDCDA6A781F9A8A6F8F9F9FF01ED000000,60.853,8D8500005BA881CDCDA6A781F9A8A6F8F9F9FF01ED000000,60.853,8D8500005BA881CDCDA6A781F9A8A6F8F9F9FF01ED000000,60.853,8D8500005BA881CDCDA6A781F9A8A6F8F9F9FF01ED000000,60.853,8D8500005BA881CDCDA6A781F9A8A6F8F9F9FF01ED000000,60.853,8D8500005BA881CDCDA6A781F9A8A6F8F9F9FF01ED000000,60.853,8D8500005BA881CDCDA6A781F9A8A6F8F9F9FF01ED000000,60.853,8D8500005BA881CDCDA6A781F9A8A6F8F9F9FF01ED000000,60.853,8D8500005BA881CDCDA6A781F9A8A6F8F9F9FF01ED000000,60.853,8D8500005BA881CDCDA6A781F9A8A6F8F9F9FF01ED000000,60.853,8D8500005BA881CDCDA6A781F9A8A6F8F9F9FF01ED000000,60.853,8D8500005BA881CDCDA6A781F9A8A6F8F9F9FF01ED000000,60.853,8D8500005BA881CDCDA6A781F9A8A6F8F9F9FF01ED000000,60.853,8D8500005BA881CDCDA6A781F9A8A6F8F9F9FF01ED000000,60.853,1,60.853,237,60.886,0,60.886,0000,60.886,8192,60.886,2000,60.886,2000,60.886,2000,60.886,2000,60.886,2000,60.886,2000,60.886,2000,60.886,2000,60.886,2000,60.886,2000,60.886,2000,60.886,2000,60.886,2000
60.983,60.940,14.200000000000001,60.940,8E8600005CA881CDCDA7A781F9A8A7F8F9F9FF01ED000000,60.940,8E8600005CA881CDCDA7A781F9A8A7F8F9F9FF01ED000000,60.940,8E8600005CA881CDCDA7A781F9A8A7F8F9F9FF01ED000000,60.940,8E8600005CA881CDCDA7A781F9A8A7F8F9F9FF01ED000000,60.940,8E8600005CA881CDCDA7A781F9A8A7F8F9F9FF01ED000000,60.940,8E8600005CA881CDCDA7A781F9A8A7F8F9F9FF01ED000000,60.940,8E8600005CA881CDCDA7A781F9A8A7F8F9F9FF01ED000000,60.940,8E8600005CA881CDCDA7A781F9A8A7F8F9F9FF01ED000000,60.940,8E8600005CA881CDCDA7A781F9A8A7F8F9F9FF01ED000000,60.940,8E8600005CA881CDCDA7A781F9A8A7F8F9F9FF01ED000000,60.940,8E8600005CA881CDCDA7A781F9A8A7F8F9F9FF01ED000000,60.940,8E8600005CA881CDCDA7A781F9A8A7F8F9F9FF01ED000000,60.940,8E8600005CA881CDCDA7A781F9A8A7F8F9F9FF01ED000000,60.940,8E8600005CA881CDCDA7A781F9A8A7F8F9F9FF01ED000000,60.940,1,60.940,237,60.957,0,60.957,0000,60.886,8192,60.886,2000,60.886,2000,60.886,2000,60.886,2000,60.886,2000,60.886,2000,60.886,2000,60.886,2000,60.886,2000,60.886,2000,60.886,2000,60.886,2000,60.886,2000
61.083,61.113,14.200000000000001,61.113,8E8600005BA881CDCDA6A781F9A8A6F8F9F9FF01ED000000,61.113,8E8600005BA881CDCDA6A781F9A8A6F8F9F9FF01ED000000,61.113,8E8600005BA881CDCDA6A781F9A8A6F8F9F9FF01ED000000,61.113,8E8600005BA881CDCDA6A781F9A8A6F8F9F9FF01ED000000,61.113,8E8600005BA881CDCDA6A781F9A8A6F8F9F9FF01ED000000,61.113,8E8600005BA881CDCDA6A781F9A8A6F8F9F9FF01ED000000,61.113,8E8600005BA881CDCDA6A781F9A8A6F8F9F9FF01ED000000,61.113,8E8600005BA881CDCDA6A781F9A8A6F8F9F9FF01ED000000,61.113,8E8600005BA881CDCDA6A781F9A8A6F8F9F9FF01ED000000,61.113,8E8600005BA881CDCDA6A781F9A8A6F8F9F9FF01ED000000,61.113,8E8600005BA881CDCDA6A781F9A8A6F8F9F9FF01ED000000,61.113,8E8600005BA881CDCDA6A781F9A8A6F8F9F9FF01ED000000,61.113,8E8600005BA881CDCDA6A781F9A8A6F8F9F9FF01ED000000,61.113,8E8600005BA881CDCDA6A781F9A8A6F8F9F9FF01ED000000,61.113,1,61.113,237,61.037,0,61.037,0000,61.037,8192,61.037,2000,61.037,2000,61.037,2000,61.037,2000,61.037,2000,61.037,2000,61.037,2000,61.037,2000,61.037,2000,61.037,2000,61.037,2000,61.037,2000,61.037,2000
61.182,61.213,14.100000000000001,61.213,8D8500005BA881CDCDA7A781F9A8A7F8F9F9FF01ED000000,61.213,8D8500005BA881CDCDA7A781F9A8A7F8F9F9FF01ED000000,61.213,8D8500005BA881CDCDA7A781F9A8A7F8F9F9FF01ED000000,61.213,8D8500005BA881CDCDA7A781F9A8A7F8F9F9FF01ED000000,61.213,8D8500005BA881CDCDA7A781F9A8A7F8F9F9FF01ED000000,61.213,8D8500005BA881CDCDA7A781F9A8A7F8F9F9FF01ED000000,61.213,8D8500005BA881CDCDA7A781F9A8A7F8F9F9FF01ED000000,61.213,8D8500005BA881CDCDA7A781F9A8A7F8F9F9FF01ED000000,61.213,8D8500005BA881CDCDA7A781F9A8A7F8F9F9FF01ED000000,61.213,8D8500005BA881CDCDA7A781F9A8A7F8F9F9FF01ED000000,61.213,8D8500005BA881CDCDA7A781F9A8A7F8F9F9FF01ED000000,61.213,8D8500005BA881CDCDA7A781F9A8A7F8F9F9FF01ED000000,61.213,8D8500005BA881CDCDA7A781F9A8A7F8F9F9FF01ED000000,61.213,8D8500005BA881CDCDA7A781F9A8A7F8F9F9FF01ED000000,61.213,1,61.213,237,61.128,0,61.128,0000,61.128,8192,61.128,2000,61.128,2000,61.128,2000,61.128,2000,61.128,2000,61.128,2000,61.128,2000,61.128,2000,61.128,2000,61.128,2000,61.128,2000,61.128,2000,61.128,2000
61.283,61.213,14.100000000000001,61.213,8D8500005BA881CDCDA7A781F9A8A7F8F9F9FF01ED000000,61.213,8D8500005BA881CDCDA7A781F9A8A7F8F9F9FF01ED000000,61.213,8D8500005BA881CDCDA7A781F9A8A7F8F9F9FF01ED000000,61.213,8D8500005BA881CDCDA7A781F9A8A7F8F9F9FF01ED000000,61.213,8D8500005BA881CDCDA7A781F9A8A7F8F9F9FF01ED000000,61.213,8D8500005BA881CDCDA7A781F9A8A7F8F9F9FF01ED000000,61.213,8D8500005BA881CDCDA7A781F9A8A7F8F9F9FF01ED000000,61.213,8D8500005BA881CDCDA7A781F9A8A7F8F9F9FF01ED000000,61.213,8D8500005BA881CDCDA7A781F9A8A7F8F9F9FF01ED000000,61.213,8D8500005BA881CDCDA7A781F9A8A7F8F9F9FF01ED000000,61.213,8D8500005BA881CDCDA7A781F9A8A7F8F9F9FF01ED000000,61.213,8D8500005BA881CDCDA7A781F9A8A7F8F9F9FF01ED000000,61.213,8D8500005BA881CDCDA7A781F9A8A7F8F9F9FF01ED000000,61.213,8D8500005BA881CDCDA7A781F9A8A7F8F9F9FF01ED000000,61.213,1,61.213,237,61.238,0,61.238,0000,61.238,8192,61.238,2000,61.238,2000,61.238,2000,61.238,2000,61.238,2000,61.238,2000,61.238,2000,61.238,2000,61.238,2000,61.238,2000,61.238,2000,61.238,2000,61.238,2000
61.382,61.353,14.200000000000001,61.353,8E8600005BA880CCCCA6A781F9A8A6F8F8F8FF01ED000000,61.353,8E8600005BA880CCCCA6A781F9A8A6F8F8F8FF01ED000000,61.353,8E8600005BA880CCCCA6A781F9A8A6F8F8F8FF01ED000000,61.353,8E8600005BA880CCCCA6A781F9A8A6F8F8F8FF01ED000000,61.353,8E8600005BA880CCCCA6A781F9A8A6F8F8F8FF01ED000000,61.353,8E8600005BA880CCCCA6A781F9A8A6F8F8F8FF01ED000000,61.353,8E8600005BA880CCCCA6A781F9A8A6F8F8F8FF01ED000000,61.353,8E8600005BA880CCCCA6A781F9A8A6F8F8F8FF01ED000000,61.353,8E8600005BA880CCCCA6A781F9A8A6F8F8F8FF01ED000000,61.353,8E8600005BA880CCCCA6A781F9A8A6F8F8F8FF01ED000000,61.353,8E8600005BA880CCCCA6A781F9A8A6F8F8F8FF01ED000000,61.353,8E8600005BA880CCCCA6A781F9A8A6F8F8F8FF01ED000000,61.353,8E8600005BA880CCCCA6A781F9A8A6F8F8F8FF01ED000000,61.353,8E8600005BA880CCCCA6A781F9A8A6F8F8F8FF01ED000000,61.353,1,61.353,237,61.389,0,61.238,0000,61.299,8192,61.299,2000,61.299,2000,61.299,2000,61.299,2000,61.299,2000,61.299,2000,61.299,2000,61.299,2000,61.299,2000,61.299,2000,61.299,2000,61.299,2000,61.299,2000
61.481,61.423,14.100000000000001,61.423,8D8500005BA880CDCDA7A781F9A8A7F8F9F9FF01EC000000,61.423,8D8500005BA880CDCDA7A781F9A8A7F8F9F9FF01EC000000,61.423,8D8500005BA880CDCDA7A781F9A8A7F8F9F9FF01EC000000,61.423,8D8500005BA880CDCDA7A781F9A8A7F8F9F9FF01EC000000,61.423,8D8500005BA880CDCDA7A781F9A8A7F8F9F9FF01EC000000,61.423,8D8500005BA880CDCDA7A781F9A8A7F8F9F9FF01EC000000,61.423,8D8500005BA880CDCDA7A781F9A8A7F8F9F9FF01EC000000,61.423,8D8500005BA880CDCDA7A781F9A8A7F8F9F9FF01EC000000,61.423,8D8500005BA880CDCDA7A781F9A8A7F8F9F9FF01EC000000,61.423,8D8500005BA880CDCDA7A781F9A8A7F8F9F9FF01EC000000,61.423,8D8500005BA880CDCDA7A781F9A8A7F8F9F9FF01EC000000,61.423,8D8500005BA880CDCDA7A781F9A8A7F8F9F9FF01EC000000,61.423,8D8500005BA880CDCDA7A781F9A8A7F8F9F9FF01EC000000,61.423,8D8500005BA880CDCDA7A781F9A8A7F8F9F9FF01EC000000,61.423,1,61.423,236,61.448,0,61.448,0000,61.389,8192,61.389,2000,61.389,2000,61.389,2000,61.389,2000,61.389,2000,61.389,2000,61.389,2000,61.389,2000,61.389,2000,61.389,2000,61.389,2000,61.389,2000,61.389,2000
61.581,61.513,14.100000000000001,61.513,8D8500005BA881CDCDA7A781F9A8A7F8F9F9FF01ED000000,61.513,8D8500005BA881CDCDA7A781F9A8A7F8F9F9FF01ED000000,61.513,8D8500005BA881CDCDA7A781F9A8A7F8F9F9FF01ED000000,61.513,8D8500005BA881CDCDA7A781F9A8A7F8F9F9FF01ED000000,61.513,8D8500005BA881CDCDA7A781F9A8A7F8F9F9FF01ED000000,61.513,8D8500005BA881CDCDA7A781F9A8A7F8F9F9FF01ED000000,61.513,8D8500005BA881CDCDA7A781F9A8A7F8F9F9FF01ED000000,61.513,8D8500005BA881CDCDA7A781F9A8A7F8F9F9FF01ED000000,61.513,8D8500005BA881CDCDA7A781F9A8A7F8F9F9FF01ED000000,61.513,8D8500005BA881CDCDA7A781F9A8A7F8F9F9FF01ED000000,61.513,8D8500005BA881CDCDA7A781F9A8A7F8F9F9FF01ED000000,61.513,8D8500005BA881CDCDA7A781F9A8A7F8F9F9FF01ED000000,61.513,8D8500005BA881CDCDA7A781F9A8A7F8F9F9FF01ED000000,61.513,8D8500005BA881CDCDA7A781F9A8A7F8F9F9FF01ED000000,61.513,1,61.513,237,61.538,0,61.538,0000,61.538,8192,61.538,2000,61.538,2000,61.538,2000,61.538,2000,61.538,2000,61.538,2000,61.538,2000,61.538,2000,61.538,2000,61.538,2000,61.538,2000,61.538,2000,61.538,2000
61.682,61.713,14.200000000000001,61.713,8E8600005BA881CDCDA7A781F9A8A7F8F9F9FF01ED000000,61.713,8E8600005BA881CDCDA7A781F9A8A7F8F9F9FF01ED000000,61.713,8E8600005BA881CDCDA7A781F9A8A7F8F9F9FF01ED000000,61.713,8E8600005BA881CDCDA7A781F9A8A7F8F9F9FF01ED000000,61.713,8E8600005BA881CDCDA7A781F9A8A7F8F9F9FF01ED000000,61.713,8E8600005BA881CDCDA7A781F9A8A7F8F9F9FF01ED000000,61.713,8E8600005BA881CDCDA7A781F9A8A7F8F9F9FF01ED000000,61.713,8E8600005BA881CDCDA7A781F9A8A7F8F9F9FF01ED000000,61.713,8E8600005BA881CDCDA7A781F9A8A7F8F9F9FF01ED000000,61.713,8E8600005BA881CDCDA7A781F9A8A7F8F9F9FF01ED000000,61.713,8E8600005BA881CDCDA7A781F9A8A7F8F9F9FF01ED000000,61.713,8E8600005BA881CDCDA7A781F9A8A7F8F9F9FF01ED000000,61.713,8E8600005BA881CDCDA7A781F9A8A7F8F9F9FF01ED000000,61.713,8E8600005BA881CDCDA7A781F9A8A7F8F9F9FF01ED000000,61.713,1,61.713,237,61.638,0,61.638,0000,61.638,8192,61.638,2000,61.638,2000,61.638,2000,61.638,2000,61.638,2000,61.638,2000,61.638,2000,61.638,2000,61.638,2000,61.638,2000,61.638,2000,61.638,2000,61.638,2000
61.783,61.713,14.200000000000001,61.713,8E8600005BA881CDCDA7A781F9A8A7F8F9F9FF01ED000000,61.713,8E8600005BA881CDCDA7A781F9A8A7F8F9F9FF01ED000000,61.713,8E8600005BA881CDCDA7A781F9A8A7F8F9F9FF01ED000000,61.713,8E8600005BA881CDCDA7A781F9A8A7F8F9F9FF01ED000000,61.713,8E8600005BA881CDCDA7A781F9A8A7F8F9F9FF01ED000000,61.713,8E8600005BA881CDCDA7A781F9A8A7F8F9F9FF01ED000000,61.713,8E8600005BA881CDCDA7A781F9A8A7F8F9F9FF01ED000000,61.713,8E8600005BA881CDCDA7A781F9A8A7F8F9F9FF01ED000000,61.713,8E8600005BA881CDCDA7A781F9A8A7F8F9F9FF01ED000000,61.713,8E8600005BA881CDCDA7A781F9A8A7F8F9F9FF01ED000000,61.713,8E8600005BA881CDCDA7A781F9A8A7F8F9F9FF01ED000000,61.713,8E8600005BA881CDCDA7A781F9A8A7F8F9F9FF01ED000000,61.713,8E8600005BA881CDCDA7A781F9A8A7F8F9F9FF01ED000000,61.713,8E8600005BA881CDCDA7A781F9A8A7F8F9F9FF01ED000000,61.713,1,61.713,237,61.738,0,61.738,0000,61.738,8192,61.738,2000,61.738,2000,61.738,2000,61.738,2000,61.738,2000,61.738,2000,61.738,2000,61.738,2000,61.738,2000,61.738,2000,61.738,2000,61.738,2000,61.738,2000
61.882,61.863,14.100000000000001,61.863,8D8500005CA881CDCDA7A881F9A8A7F8F9F9FF01ED000000,61.863,8D8500005CA881CDCDA7A881F9A8A7F8F9F9FF01ED000000,61.863,8D8500005CA881CDCDA7A881F9A8A7F8F9F9FF01ED000000,61.863,8D8500005CA881CDCDA7A881F9A8A7F8F9F9FF01ED000000,61.863,8D8500005CA881CDCDA7A881F9A8A7F8F9F9FF01ED000000,61.863,8D8500005CA881CDCDA7A881F9A8A7F8F9F9FF01ED000000,61.863,8D8500005CA881CDCDA7A881F9A8A7F8F9F9FF01ED000000,61.863,8D8500005CA881CDCDA7A881F9A8A7F8F9F9FF01ED000000,61.863,8D8500005CA881CDCDA7A881F9A8A7F8F9F9FF01ED000000,61.863,8D8500005CA881CDCDA7A881F9A8A7F8F9F9FF01ED000000,61.863,8D8500005CA881CDCDA7A881F9A8A7F8F9F9FF01ED000000,61.863,8D8500005CA881CDCDA7A881F9A8A7F8F9F9FF01ED000000,61.863,8D8500005CA881CDCDA7A881F9A8A7F8F9F9FF01ED000000,61.863,8D8500005CA881CDCDA7A881F9A8A7F8F9F9FF01ED000000,61.863,1,61.863,237,61.886,0,61.886,0000,61.886,8192,61.886,2000,61.886,2000,61.886,2000,61.886,2000,61.886,2000,61.886,2000,61.886,2000,61.886,2000,61.886,2000,61.886,2000,61.886,2000,61.886,2000,61.886,2000
61.981,62.016,14.200000000000001,62.016,8E8600005CA881CDCDA7A781F9A8A7F9F9F9FF01ED000000,62.016,8E8600005CA881CDCDA7A781F9A8A7F9F9F9FF01ED000000,62.016,8E8600005CA881CDCDA7A781F9A8A7F9F9F9FF01ED000000,62.016,8E8600005CA881CDCDA7A781F9A8A7F9F9F9FF01ED000000,62.016,8E8600005CA881CDCDA7A781F9A8A7F9F9F9FF01ED000000,62.016,8E8600005CA881CDCDA7A781F9A8A7F9F9F9FF01ED000000,62.016,8E8600005CA881CDCDA7A781F9A8A7F9F9F9FF01ED000000,62.016,8E8600005CA881CDCDA7A781F9A8A7F9F9F9FF01ED000000,62.016,8E8600005CA881CDCDA7A781F9A8A7F9F9F9FF01ED000000,62.016,8E8600005CA881CDCDA7A781F9A8A7F9F9F9FF01ED000000,62.016,8E8600005CA881CDCDA7A781F9A8A7F9F9F9FF01ED000000,62.016,8E8600005CA881CDCDA7A781F9A8A7F9F9F9FF01ED000000,62.016,8E8600005CA881CDCDA7A781F9A8A7F9F9F9FF01ED000000,62.016,8E8600005CA881CDCDA7A781F9A8A7F9F9F9FF01ED000000,62.016,1,62.016,237,61.948,0,61.948,0000,61.886,8192,61.886,2000,61.886,2000,61.886,2000,61.886,2000,61.886,2000,61.886,2000,61.886,2000,61.886,2000,61.886,2000,61.886,2000,61.886,2000,61.886,2000,61.886,2000
62.082,62.113,14.100000000000001,62.113,8D8500005BA881CDCDA7A881F9A8A7F9FAFAFF01ED000000,62.113,8D8500005BA881CDCDA7A881F9A8A7F9FAFAFF01ED000000,62.113,8D8500005BA881CDCDA7A881F9A8A7F9FAFAFF01ED000000,62.113,8D8500005BA881CDCDA7A881F9A8A7F9FAFAFF01ED000000,62.113,8D8500005BA881CDCDA7A881F9A8A7F9FAFAFF01ED000000,62.113,8D8500005BA881CDCDA7A881F9A8A7F9FAFAFF01ED000000,62.113,8D8500005BA881CDCDA7A881F9A8A7F9FAFAFF01ED000000,62.113,8D8500005BA881CDCDA7A881F9A8A7F9FAFAFF01ED000000,62.113,8D8500005BA881CDCDA7A881F9A8A7F9FAFAFF01ED000000,62.113,8D8500005BA881CDCDA7A881F9A8A7F9FAFAFF01ED000000,62.113,8D8500005BA881CDCDA7A881F9A8A7F9FAFAFF01ED000000,62.113,8D8500005BA881CDCDA7A881F9A8A7F9FAFAFF01ED000000,62.113,8D8500005BA881CDCDA7A881F9A8A7F9FAFAFF01ED000000,62.113,8D8500005BA881CDCDA7A881F9A8A7F9FAFAFF01ED000000,62.113,1,62.113,237,62.037,0,62.037,0000,62.037,8192,62.037,2000,62.037,2000,62.037,2000,62.037,2000,62.037,2000,62.037,2000,62.037,2000,62.037,2000,62.037,2000,62.037,2000,62.037,2000,62.037,2000,62.037,2000
62.183,62.113,14.100000000000001,62.113,8D8500005BA881CDCDA7A881F9A8A7F9FAFAFF01ED000000,62.113,8D8500005BA881CDCDA7A881F9A8A7F9FAFAFF01ED000000,62.113,8D8500005BA881CDCDA7A881F9A8A7F9FAFAFF01ED000000,62.113,8D8500005BA881CDCDA7A881F9A8A7F9FAFAFF01ED000000,62.113,8D8500005BA881CDCDA7A881F9A8A7F9FAFAFF01ED000000,62.113,8D8500005BA881CDCDA7A881F9A8A7F9FAFAFF01ED000000,62.113,8D8500005BA881CDCDA7A881F9A8A7F9FAFAFF01ED000000,62.113,8D8500005BA881CDCDA7A881F9A8A7F9FAFAFF01ED000000,62.113,8D8500005BA881CDCDA7A881F9A8A7F9FAFAFF01ED000000,62.113,8D8500005BA881CDCDA7A881F9A8A7F9FAFAFF01ED000000,62.113,8D8500005BA881CDCDA7A881F9A8A7F9FAFAFF01ED000000,62.113,8D8500005BA881CDCDA7A881F9A8A7F9FAFAFF01ED000000,62.113,8D8500005BA881CDCDA7A881F9A8A7F9FAFAFF01ED000000,62.113,8D8500005BA881CDCDA7A881F9A8A7F9FAFAFF01ED000000,62.113,1,62.113,237,62.128,0,62.128,0000,62.128,8192,62.128,2000,62.128,2000,62.128,2000,62.128,2000,62.128,2000,62.128,2000,62.128,2000,62.128,2000,62.128,2000,62.128,2000,62.128,2000,62.128,2000,62.128,2000
62.280,62.213,14.100000000000001,62.213,8D8500005BA881CDCDA7A781F9A8A7F9F9F9FF01ED000000,62.213,8D8500005BA881CDCDA7A781F9A8A7F9F9F9FF01ED000000,62.213,8D8500005BA881CDCDA7A781F9A8A7F9F9F9FF01ED000000,62.213,8D8500005BA881CDCDA7A781F9A8A7F9F9F9FF01ED000000,62.213,8D8500005BA881CDCDA7A781F9A8A7F9F9F9FF01ED000000,62.213,8D8500005BA881CDCDA7A781F9A8A7F9F9F9FF01ED000000,62.213,8D8500005BA881CDCDA7A781F9A8A7F9F9F9FF01ED000000,62.213,8D8500005BA881CDCDA7A781F9A8A7F9F9F9FF01ED000000,62.213,8D8500005BA881CDCDA7A781F9A8A7F9F9F9FF01ED000000,62.213,8D8500005BA881CDCDA7A781F9A8A7F9F9F9FF01ED000000,62.213,8D8500005BA881CDCDA7A781F9A8A7F9F9F9FF01ED000000,62.213,8D8500005BA881CDCDA7A781F9A8A7F9F9F9FF01ED000000,62.213,8D8500005BA881CDCDA7A781F9A8A7F9F9F9FF01ED000000,62.213,8D8500005BA881CDCDA7A781F9A8A7F9F9F9FF01ED000000,62.213,1,62.213,237,62.249,0,62.249,0000,62.299,8192,62.299,2000,62.299,2000,62.299,2000,62.299,2000,62.299,2000,62.299,2000,62.299,2000,62.299,2000,62.299,2000,62.299,2000,62.299,2000,62.299,2000,62.299,2000
62.381,62.353,14.100000000000001,62.353,8D8500005CA881CDCDA7A781F9A8A7F8F9F9FF01ED000000,62.353,8D8500005CA881CDCDA7A781F9A8A7F8F9F9FF01ED000000,62.353,8D8500005CA881CDCDA7A781F9A8A7F8F9F9FF01ED000000,62.353,8D8500005CA881CDCDA7A781F9A8A7F8F9F9FF01ED000000,62.353,8D8500005CA881CDCDA7A781F9A8A7F8F9F9FF01ED000000,62.353,8D8500005CA881CDCDA7A781F9A8A7F8F9F9FF01ED000000,62.353,8D8500005CA881CDCDA7A781F9A8A7F8F9F9FF01ED000000,62.353,8D8500005CA881CDCDA7A781F9A8A7F8F9F9FF01ED000000,62.353,8D8500005CA881CDCDA7A781F9A8A7F8F9F9FF01ED000000,62.353,8D8500005CA881CDCDA7A781F9A8A7F8F9F9FF01ED000000,62.353,8D8500005CA881CDCDA7A781F9A8A7F8F9F9FF01ED000000,62.353,8D8500005CA881CDCDA7A781F9A8A7F8F9F9FF01ED000000,62.353,8D8500005CA881CDCDA7A781F9A8A7F8F9F9FF01ED000000,62.353,8D8500005CA881CDCDA7A781F9A8A7F8F9F9FF01ED000000,62.353,1,62.353,237,62.389,0,62.389,0000,62.389,8192,62.389,2000,62.389,2000,62.389,2000,62.389,2000,62.389,2000,62.389,2000,62.389,2000,62.389,2000,62.389,2000,62.389,2000,62.389,2000,62.389,2000,62.389,2000
62.483,62.443,14.200000000000001,62.443,8E8600005CA8815B5BA7A881F9A8A7F8F9F9FF01ED000000,62.443,8E8600005CA8815B5BA7A881F9A8A7F8F9F9FF01ED000000,62.443,8E8600005CA8815B5BA7A881F9A8A7F8F9F9FF01ED000000,62.443,8E8600005CA8815B5BA7A881F9A8A7F8F9F9FF01ED000000,62.443,8E8600005CA8815B5BA7A881F9A8A7F8F9F9FF01ED000000,62.443,8E8600005CA8815B5BA7A881F9A8A7F8F9F9FF01ED000000,62.443,8E8600005CA8815B5BA7A881F9A8A7F8F9F9FF01ED000000,62.443,8E8600005CA8815B5BA7A881F9A8A7F8F9F9FF01ED000000,62.443,8E8600005CA8815B5BA7A881F9A8A7F8F9F9FF01ED000000,62.443,8E8600005CA8815B5BA7A881F9A8A7F8F9F9FF01ED000000,62.443,8E8600005CA8815B5BA7A881F9A8A7F8F9F9FF01ED000000,62.443,8E8600005CA8815B5BA7A881F9A8A7F8F9F9FF01ED000000,62.443,8E8600005CA8815B5BA7A881F9A8A7F8F9F9FF01ED000000,62.443,8E8600005CA8815B5BA7A881F9A8A7F8F9F9FF01ED000000,62.443,1,62.443,237,62.457,0,62.457,0000,62.389,8192,62.389,2000,62.389,2000,62.389,2000,62.389,2000,62.389,2000,62.389,2000,62.389,2000,62.389,2000,62.389,2000,62.389,2000,62.389,2000,62.389,2000,62.389,2000
62.582,62.614,14.200000000000001,62.614,8E8600005CA8815B5BA7A781F9A8A7F8F8F8FF01ED000000,62.614,8E8600005CA8815B5BA7A781F9A8A7F8F8F8FF01ED000000,62.614,8E8600005CA8815B5BA7A781F9A8A7F8F8F8FF01ED000000,62.614,8E8600005CA8815B5BA7A781F9A8A7F8F8F8FF01ED000000,62.614,8E8600005CA8815B5BA7A781F9A8A7F8F8F8FF01ED000000,62.614,8E8600005CA8815B5BA7A781F9A8A7F8F8F8FF01ED000000,62.614,8E8600005CA8815B5BA7A781F9A8A7F8F8F8FF01ED000000,62.614,8E8600005CA8815B5BA7A781F9A8A7F8F8F8FF01ED000000,62.614,8E8600005CA8815B5BA7A781F9A8A7F8F8F8FF01ED000000,62.614,8E8600005CA8815B5BA7A781F9A8A7F8F8F8FF01ED000000,62.614,8E8600005CA8815B5BA7A781F9A8A7F8F8F8FF01ED000000,62.614,8E8600005CA8815B5BA7A781F9A8A7F8F8F8FF01ED000000,62.614,8E8600005CA8815B5BA7A781F9A8A7F8F8F8FF01ED000000,62.614,8E8600005CA8815B5BA7A781F9A8A7F8F8F8FF01ED000000,62.614,1,62.614,237,62.528,0,62.528,0000,62.528,8192,62.528,2000,62.528,2000,62.528,2000,62.528,2000,62.528,2000,62.528,2000,62.528,2000,62.528,2000,62.528,2000,62.528,2000,62.528,2000,62.528,2000,62.528,2000
62.682,62.713,14.100000000000001,62.713,8D8500005CA8815C5CA7A881F9A8A7F9F9F9FF01ED000000,62.713,8D8500005CA8815C5CA7A881F9A8A7F9F9F9FF01ED000000,62.713,8D8500005CA8815C5CA7A881F9A8A7F9F9F9FF01ED000000,62.713,8D8500005CA8815C5CA7A881F9A8A7F9F9F9FF01ED000000,62.713,8D8500005CA8815C5CA7A881F9A8A7F9F9F9FF01ED000000,62.713,8D8500005CA8815C5CA7A881F9A8A7F9F9F9FF01ED000000,62.713,8D8500005CA8815C5CA7A881F9A8A7F9F9F9FF01ED000000,62.713,8D8500005CA8815C5CA7A881F9A8A7F9F9F9FF01ED000000,62.713,8D8500005CA8815C5CA7A881F9A8A7F9F9F9FF01ED000000,62.713,8D8500005CA8815C5CA7A881F9A8A7F9F9F9FF01ED000000,62.713,8D8500005CA8815C5CA7A881F9A8A7F9F9F9FF01ED000000,62.713,8D8500005CA8815C5CA7A881F9A8A7F9F9F9FF01ED000000,62.713,8D8500005CA8815C5CA7A881F9A8A7F9F9F9FF01ED000000,62.713,8D8500005CA8815C5CA7A881F9A8A7F9F9F9FF01ED000000,62.713,1,62.713,237,62.628,0,62.628,0000,62.628,8192,62.628,2000,62.628,2000,62.628,2000,62.628,2000,62.628,2000,62.628,2000,62.628,2000,62.628,2000,62.628,2000,62.628,2000,62.628,2000,62.628,2000,62.628,2000
62.783,62.713,14.100000000000001,62.713,8D8500005CA8815C5CA7A881F9A8A7F9F9F9FF01ED000000,62.713,8D8500005CA8815C5CA7A881F9A8A7F9F9F9FF01ED000000,62.713,8D8500005CA8815C5CA7A881F9A8A7F9F9F9FF01ED000000,62.713,8D8500005CA8815C5CA7A881F9A8A7F9F9F9FF01ED000000,62.713,8D8500005CA8815C5CA7A881F9A8A7F9F9F9FF01ED000000,62.713,8D8500005CA8815C5CA7A881F9A8A7F9F9F9FF01ED000000,62.713,8D8500005CA8815C5CA7A881F9A8A7F9F9F9FF01ED000000,62.713,8D8500005CA8815C5CA7A881F9A8A7F9F9F9FF01ED000000,62.713,8D8500005CA8815C5CA7A881F9A8A7F9F9F9FF01ED000000,62.713,8D8500005CA8815C5CA7A881F9A8A7F9F9F9FF01ED000000,62.713,8D8500005CA8815C5CA7A881F9A8A7F9F9F9FF01ED000000,62.713,8D8500005CA8815C5CA7A881F9A8A7F9F9F9FF01ED000000,62.713,8D8500005CA8815C5CA7A881F9A8A7F9F9F9FF01ED000000,62.713,8D8500005CA8815C5CA7A881F9A8A7F9F9F9FF01ED000000,62.713,1,62.713,237,62.739,0,62.739,0000,62.790,8192,62.790,2000,62.790,2000,62.790,2000,62.790,2000,62.790,2000,62.790,2000,62.790,2000,62.790,2000,62.790,2000,62.790,2000,62.790,2000,62.790,2000,62.790,2000
62.882,62.833,14.100000000000001,62.833,8D8500005BA8815B5BA7A781F9A8A7F8F8F8FF01ED000000,62.833,8D8500005BA8815B5BA7A781F9A8A7F8F8F8FF01ED000000,62.833,8D8500005BA8815B5BA7A781F9A8A7F8F8F8FF01ED000000,62.833,8D8500005BA8815B5BA7A781F9A8A7F8F8F8FF01ED000000,62.833,8D8500005BA8815B5BA7A781F9A8A7F8F8F8FF01ED000000,62.833,8D8500005BA8815B5BA7A781F9A8A7F8F8F8FF01ED000000,62.833,8D8500005BA8815B5BA7A781F9A8A7F8F8F8FF01ED000000,62.833,8D8500005BA8815B5BA7A781F9A8A7F8F8F8FF01ED000000,62.833,8D8500005BA8815B5BA7A781F9A8A7F8F8F8FF01ED000000,62.833,8D8500005BA8815B5BA7A781F9A8A7F8F8F8FF01ED000000,62.833,8D8500005BA8815B5BA7A781F9A8A7F8F8F8FF01ED000000,62.833,8D8500005BA8815B5BA7A781F9A8A7F8F8F8FF01ED000000,62.833,8D8500005BA8815B5BA7A781F9A8A7F8F8F8FF01ED000000,62.833,8D8500005BA8815B5BA7A781F9A8A7F8F8F8FF01ED000000,62.833,1,62.833,237,62.868,0,62.868,0000,62.790,8192,62.790,2000,62.790,2000,62.790,2000,62.790,2000,62.790,2000,62.790,2000,62.790,2000,62.790,2000,62.790,2000,62.790,2000,62.790,2000,62.790,2000,62.790,2000
62.981,63.013,14.100000000000001,63.013,8D8500005BA881CDCDA7A781F9A8A7F9F9F9FF01ED000000,63.013,8D8500005BA881CDCDA7A781F9A8A7F9F9F9FF01ED000000,63.013,8D8500005BA881CDCDA7A781F9A8A7F9F9F9FF01ED000000,63.013,8D8500005BA881CDCDA7A781F9A8A7F9F9F9FF01ED000000,63.013,8D8500005BA881CDCDA7A781F9A8A7F9F9F9FF01ED000000,63.013,8D8500005BA881CDCDA7A781F9A8A7F9F9F9FF01ED000000,63.013,8D8500005BA881CDCDA7A781F9A8A7F9F9F9FF01ED000000,63.013,8D8500005BA881CDCDA7A781F9A8A7F9F9F9FF01ED000000,63.013,8D8500005BA881CDCDA7A781F9A8A7F9F9F9FF01ED000000,63.013,8D8500005BA881CDCDA7A781F9A8A7F9F9F9FF01ED000000,63.013,8D8500005BA881CDCDA7A781F9A8A7F9F9F9FF01ED000000,63.013,8D8500005BA881CDCDA7A781F9A8A7F9F9F9FF01ED000000,63.013,8D8500005BA881CDCDA7A781F9A8A7F9F9F9FF01ED000000,63.013,8D8500005BA881CDCDA7A781F9A8A7F9F9F9FF01ED000000,63.013,1,63.013,237,62.957,0,62.957,0000,62.957,8192,62.957,2000,62.957,2000,62.957,2000,62.957,2000,62.957,2000,62.957,2000,62.957,2000,62.957,2000,62.957,2000,62.957,2000,62.957,2000,62.957,2000,62.957,2000
63.083,63.013,14.100000000000001,63.013,8D8500005BA881CDCDA7A781F9A8A7F9F9F9FF01ED000000,63.013,8D8500005BA881CDCDA7A781F9A8A7F9F9F9FF01ED000000,63.013,8D8500005BA881CDCDA7A781F9A8A7F9F9F9FF01ED000000,63.013,8D8500005BA881CDCDA7A781F9A8A7F9F9F9FF01ED000000,63.013,8D8500005BA881CDCDA7A781F9A8A7F9F9F9FF01ED000000,63.013,8D8500005BA881CDCDA7A781F9A8A7F9F9F9FF01ED000000,63.013,8D8500005BA881CDCDA7A781F9A8A7F9F9F9FF01ED000000,63.013,8D8500005BA881CDCDA7A781F9A8A7F9F9F9FF01ED000000,63.013,8D8500005BA881CDCDA7A781F9A8A7F9F9F9FF01ED000000,63.013,8D8500005BA881CDCDA7A781F9A8A7F9F9F9FF01ED000000,63.013,8D8500005BA881CDCDA7A781F9A8A7F9F9F9FF01ED000000,63.013,8D8500005BA881CDCDA7A781F9A8A7F9F9F9FF01ED000000,63.013,8D8500005BA881CDCDA7A781F9A8A7F9F9F9FF01ED000000,63.013,8D8500005BA881CDCDA7A781F9A8A7F9F9F9FF01ED000000,63.013,1,63.013,237,63.029,0,63.029,0000,63.029,8192,63.029,2000,63.029,2000,63.029,2000,63.029,2000,63.029,2000,63.029,2000,63.029,2000,63.029,2000,63.029,2000,63.029,2000,63.029,2000,63.029,2000,63.029,2000
63.182,63.213,14.200000000000001,63.213,8E8600005BA880CDCDA6A881F9A8A6F8F9F9FF01ED000000,63.213,8E8600005BA880CDCDA6A881F9A8A6F8F9F9FF01ED000000,63.213,8E8600005BA880CDCDA6A881F9A8A6F8F9F9FF01ED000000,63.213,8E8600005BA880CDCDA6A881F9A8A6F8F9F9FF01ED000000,63.213,8E8600005BA880CDCDA6A881F9A8A6F8F9F9FF01ED000000,63.213,8E8600005BA880CDCDA6A881F9A8A6F8F9F9FF01ED000000,63.213,8E8600005BA880CDCDA6A881F9A8A6F8F9F9FF01ED000000,63.213,8E8600005BA880CDCDA6A881F9A8A6F8F9F9FF01ED000000,63.213,8E8600005BA880CDCDA6A881F9A8A6F8F9F9FF01ED000000,63.213,8E8600005BA880CDCDA6A881F9A8A6F8F9F9FF01ED000000,63.213,8E8600005BA880CDCDA6A881F9A8A6F8F9F9FF01ED000000,63.213,8E8600005BA880CDCDA6A881F9A8A6F8F9F9FF01ED000000,63.213,8E8600005BA880CDCDA6A881F9A8A6F8F9F9FF01ED000000,63.213,8E8600005BA880CDCDA6A881F9A8A6F8F9F9FF01ED000000,63.213,1,63.213,237,63.137,0,63.137,0000,63.137,8192,63.137,2000,63.137,2000,63.137,2000,63.137,2000,63.137,2000,63.137,2000,63.137,2000,63.137,2000,63.137,2000,63.137,2000,63.137,2000,63.137,2000,63.137,2000
63.281,63.213,14.200000000000001,63.213,8E8600005BA880CDCDA6A881F9A8A6F8F9F9FF01ED000000,63.213,8E8600005BA880CDCDA6A881F9A8A6F8F9F9FF01ED000000,63.213,8E8600005BA880CDCDA6A881F9A8A6F8F9F9FF01ED000000,63.213,8E8600005BA880CDCDA6A881F9A8A6F8F9F9FF01ED000000,63.213,8E8600005BA880CDCDA6A881F9A8A6F8F9F9FF01ED000000,63.213,8E8600005BA880CDCDA6A881F9A8A6F8F9F9FF01ED000000,63.213,8E8600005BA880CDCDA6A881F9A8A6F8F9F9FF01ED000000,63.213,8E8600005BA880CDCDA6A881F9A8A6F8F9F9FF01ED000000,63.213,8E8600005BA880CDCDA6A881F9A8A6F8F9F9FF01ED000000,63.213,8E8600005BA880CDCDA6A881F9A8A6F8F9F9FF01ED000000,63.213,8E8600005BA880CDCDA6A881F9A8A6F8F9F9FF01ED000000,63.213,8E8600005BA880CDCDA6A881F9A8A6F8F9F9FF01ED000000,63.213,8E8600005BA880CDCDA6A881F9A8A6F8F9F9FF01ED000000,63.213,8E8600005BA880CDCDA6A881F9A8A6F8F9F9FF01ED000000,63.213,1,63.213,237,63.239,0,63.239,0000,63.310,8192,63.310,2000,63.310,2000,63.310,2000,63.310,2000,63.310,2000,63.310,2000,63.310,2000,63.310,2000,63.310,2000,63.310,2000,63.310,2000,63.310,2000,63.310,2000
63.381,63.353,14.200000000000001,63.353,8E8600005CA881CDCDA6A881F9A8A6F8F9F9FF01ED000000,63.353,8E8600005CA881CDCDA6A881F9A8A6F8F9F9FF01ED000000,63.353,8E8600005CA881CDCDA6A881F9A8A6F8F9F9FF01ED000000,63.353,8E8600005CA881CDCDA6A881F9A8A6F8F9F9FF01ED000000,63.353,8E8600005CA881CDCDA6A881F9A8A6F8F9F9FF01ED000000,63.353,8E8600005CA881CDCDA6A881F9A8A6F8F9F9FF01ED000000,63.353,8E8600005CA881CDCDA6A881F9A8A6F8F9F9FF01ED000000,63.353,8E8600005CA881CDCDA6A881F9A8A6F8F9F9FF01ED000000,63.353,8E8600005CA881CDCDA6A881F9A8A6F8F9F9FF01ED000000,63.353,8E8600005CA881CDCDA6A881F9A8A6F8F9F9FF01ED000000,63.353,8E8600005CA881CDCDA6A881F9A8A6F8F9F9FF01ED000000,63.353,8E8600005CA881CDCDA6A881F9A8A6F8F9F9FF01ED000000,63.353,8E8600005CA881CDCDA6A881F9A8A6F8F9F9FF01ED000000,63.353,8E8600005CA881CDCDA6A881F9A8A6F8F9F9FF01ED000000,63.353,1,63.353,237,63.389,0,63.389,0000,63.389,8192,63.389,2000,63.389,2000,63.389,2000,63.389,2000,63.389,2000,63.389,2000,63.389,2000,63.389,2000,63.389,2000,63.389,2000,63.389,2000,63.389,2000,63.389,2000
63.482,63.513,14.200000000000001,63.513,8E8600005CA881CDCDA7A781F9A8A7F9F9F9FF01ED000000,63.513,8E8600005CA881CDCDA7A781F9A8A7F9F9F9FF01ED000000,63.513,8E8600005CA881CDCDA7A781F9A8A7F9F9F9FF01ED000000,63.513,8E8600005CA881CDCDA7A781F9A8A7F9F9F9FF01ED000000,63.513,8E8600005CA881CDCDA7A781F9A8A7F9F9F9FF01ED000000,63.513,8E8600005CA881CDCDA7A781F9A8A7F9F9F9FF01ED000000,63.513,8E8600005CA881CDCDA7A781F9A8A7F9F9F9FF01ED000000,63.513,8E8600005CA881CDCDA7A781F9A8A7F9F9F9FF01ED000000,63.513,8E8600005CA881CDCDA7A781F9A8A7F9F9F9FF01ED000000,63.513,8E8600005CA881CDCDA7A781F9A8A7F9F9F9FF01ED000000,63.513,8E8600005CA881CDCDA7A781F9A8A7F9F9F9FF01ED000000,63.513,8E8600005CA881CDCDA7A781F9A8A7F9F9F9FF01ED000000,63.513,8E8600005CA881CDCDA7A781F9A8A7F9F9F9FF01ED000000,63.513,8E8600005CA881CDCDA7A781F9A8A7F9F9F9FF01ED000000,63.513,1,63.513,237,63.448,0,63.448,0000,63.389,8192,63.389,2000,63.389,2000,63.389,2000,63.389,2000,63.389,2000,63.389,2000,63.389,2000,63.389,2000,63.389,2000,63.389,2000,63.389,2000,63.389,2000,63.389,2000
63.583,63.513,14.200000000000001,63.513,8E8600005CA881CDCDA7A781F9A8A7F9F9F9FF01ED000000,63.513,8E8600005CA881CDCDA7A781F9A8A7F9F9F9FF01ED000000,63.513,8E8600005CA881CDCDA7A781F9A8A7F9F9F9FF01ED000000,63.513,8E8600005CA881CDCDA7A781F9A8A7F9F9F9FF01ED000000,63.513,8E8600005CA881CDCDA7A781F9A8A7F9F9F9FF01ED000000,63.513,8E8600005CA881CDCDA7A781F9A8A7F9F9F9FF01ED000000,63.513,8E8600005CA881CDCDA7A781F9A8A7F9F9F9FF01ED000000,63.513,8E8600005CA881CDCDA7A781F9A8A7F9F9F9FF01ED000000,63.513,8E8600005CA881CDCDA7A781F9A8A7F9F9F9FF01ED000000,63.513,8E8600005CA881CDCDA7A781F9A8A7F9F9F9FF01ED000000,63.513,8E8600005CA881CDCDA7A781F9A8A7F9F9F9FF01ED000000,63.513,8E8600005CA881CDCDA7A781F9A8A7F9F9F9FF01ED000000,63.513,8E8600005CA881CDCDA7A781F9A8A7F9F9F9FF01ED000000,63.513,8E8600005CA881CDCDA7A781F9A8A7F9F9F9FF01ED000000,63.513,1,63.513,237,63.529,0,63.529,0000,63.529,8192,63.529,2000,63.529,2000,63.529,2000,63.529,2000,63.529,2000,63.529,2000,63.529,2000,63.529,2000,63.529,2000,63.529,2000,63.529,2000,63.529,2000,63.529,2000
63.683,63.614,14.200000000000001,63.614,8E8600005BA7808080A6A781F8A7A6F7F8F8FF01ED000000,63.614,8E8600005BA7808080A6A781F8A7A6F7F8F8FF01ED000000,63.614,8E8600005BA7808080A6A781F8A7A6F7F8F8FF01ED000000,63.614,8E8600005BA7808080A6A781F8A7A6F7F8F8FF01ED000000,63.614,8E8600005BA7808080A6A781F8A7A6F7F8F8FF01ED000000,63.614,8E8600005BA7808080A6A781F8A7A6F7F8F8FF01ED000000,63.614,8E8600005BA7808080A6A781F8A7A6F7F8F8FF01ED000000,63.614,8E8600005BA7808080A6A781F8A7A6F7F8F8FF01ED000000,63.614,8E8600005BA7808080A6A781F8A7A6F7F8F8FF01ED000000,63.614,8E8600005BA7808080A6A781F8A7A6F7F8F8FF01ED000000,63.614,8E8600005BA7808080A6A781F8A7A6F7F8F8FF01ED000000,63.614,8E8600005BA7808080A6A781F8A7A6F7F8F8FF01ED000000,63.614,8E8600005BA7808080A6A781F8A7A6F7F8F8FF01ED000000,63.614,8E8600005BA7808080A6A781F8A7A6F7F8F8FF01ED000000,63.614,1,63.614,237,63.637,0,63.637,0000,63.637,8192,63.637,2000,63.637,2000,63.637,2000,63.637,2000,63.637,2000,63.637,2000,63.637,2000,63.637,2000,63.637,2000,63.637,2000,63.637,2000,63.637,2000,63.637,2000
63.780,63.716,14.100000000000001,63.716,8D8500005CA8808080A7A781F9A8A7F7F8F8FF01ED000000,63.716,8D8500005CA8808080A7A781F9A8A7F7F8F8FF01ED000000,63.716,8D8500005CA8808080A7A781F9A8A7F7F8F8FF01ED000000,63.716,8D8500005CA8808080A7A781F9A8A7F7F8F8FF01ED000000,63.716,8D8500005CA8808080A7A781F9A8A7F7F8F8FF01ED000000,63.716,8D8500005CA8808080A7A781F9A8A7F7F8F8FF01ED000000,63.716,8D8500005CA8808080A7A781F9A8A7F7F8F8FF01ED000000,63.716,8D8500005CA8808080A7A781F9A8A7F7F8F8FF01ED000000,63.716,8D8500005CA8808080A7A781F9A8A7F7F8F8FF01ED000000,63.716,8D8500005CA8808080A7A781F9A8A7F7F8F8FF01ED000000,63.716,8D8500005CA8808080A7A781F9A8A7F7F8F8FF01ED000000,63.716,8D8500005CA8808080A7A781F9A8A7F7F8F8FF01ED000000,63.716,8D8500005CA8808080A7A781F9A8A7F7F8F8FF01ED000000,63.716,8D8500005CA8808080A7A781F9A8A7F7F8F8FF01ED000000,63.716,1,63.716,237,63.749,0,63.749,0000,63.799,8192,63.799,2000,63.799,2000,63.799,2000,63.799,2000,63.799,2000,63.799,2000,63.799,2000,63.799,2000,63.799,2000,63.799,2000,63.799,2000,63.799,2000,63.799,2000
63.882,63.853,14.100000000000001,63.853,8D8500005CA8818181A7A881F9A8A7F9F9F9FF01ED000000,63.853,8D8500005CA8818181A7A881F9A8A7F9F9F9FF01ED000000,63.853,8D8500005CA8818181A7A881F9A8A7F9F9F9FF01ED000000,63.853,8D8500005CA8818181A7A881F9A8A7F9F9F9FF01ED000000,63.853,8D8500005CA8818181A7A881F9A8A7F9F9F9FF01ED000000,63.853,8D8500005CA8818181A7A881F9A8A7F9F9F9FF01ED000000,63.853,8D8500005CA8818181A7A881F9A8A7F9F9F9FF01ED000000,63.853,8D8500005CA8818181A7A881F9A8A7F9F9F9FF01ED000000,63.853,8D8500005CA8818181A7A881F9A8A7F9F9F9FF01ED000000,63.853,8D8500005CA8818181A7A881F9A8A7F9F9F9FF01ED000000,63.853,8D8500005CA8818181A7A881F9A8A7F9F9F9FF01ED000000,63.853,8D8500005CA8818181A7A881F9A8A7F9F9F9FF01ED000000,63.853,8D8500005CA8818181A7A881F9A8A7F9F9F9FF01ED000000,63.853,8D8500005CA8818181A7A881F9A8A7F9F9F9FF01ED000000,63.853,1,63.853,237,63.876,0,63.876,0000,63.876,8192,63.876,2000,63.876,2000,63.876,2000,63.876,2000,63.876,2000,63.876,2000,63.876,2000,63.876,2000,63.876,2000,63.876,2000,63.876,2000,63.876,2000,63.876,2000
63.984,63.929,14.100000000000001,63.929,8D8500005CA881CECEA7A881F9A8A7F9FAFAFF01ED000000,63.929,8D8500005CA881CECEA7A881F9A8A7F9FAFAFF01ED000000,63.929,8D8500005CA881CECEA7A881F9A8A7F9FAFAFF01ED000000,63.929,8D8500005CA881CECEA7A881F9A8A7F9FAFAFF01ED000000,63.929,8D8500005CA881CECEA7A881F9A8A7F9FAFAFF01ED000000,63.929,8D8500005CA881CECEA7A881F9A8A7F9FAFAFF01ED000000,63.929,8D8500005CA881CECEA7A881F9A8A7F9FAFAFF01ED000000,63.929,8D8500005CA881CECEA7A881F9A8A7F9FAFAFF01ED000000,63.929,8D8500005CA881CECEA7A881F9A8A7F9FAFAFF01ED000000,63.929,8D8500005CA881CECEA7A881F9A8A7F9FAFAFF01ED000000,63.929,8D8500005CA881CECEA7A881F9A8A7F9FAFAFF01ED000000,63.929,8D8500005CA881CECEA7A881F9A8A7F9FAFAFF01ED000000,63.929,8D8500005CA881CECEA7A881F9A8A7F9FAFAFF01ED000000,63.929,8D8500005CA881CECEA7A881F9A8A7F9FAFAFF01ED000000,63.929,1,63.929,237,63.945,0,63.945,0000,63.876,8192,63.876,2000,63.876,2000,63.876,2000,63.876,2000,63.876,2000,63.876,2000,63.876,2000,63.876,2000,63.876,2000,63.876,2000,63.876,2000,63.876,2000,63.876,2000
64.082,64.114,14.100000000000001,64.114,8D8500005CA881CDCDA7A781F9A8A7F9F9F9FF01ED000000,64.114,8D8500005CA881CDCDA7A781F9A8A7F9F9F9FF01ED000000,64.114,8D8500005CA881CDCDA7A781F9A8A7F9F9F9FF01ED000000,64.114,8D8500005CA881CDCDA7A781F9A8A7F9F9F9FF01ED000000,64.114,8D8500005CA881CDCDA7A781F9A8A7F9F9F9FF01ED000000,64.114,8D8500005CA881CDCDA7A781F9A8A7F9F9F9FF01ED000000,64.114,8D8500005CA881CDCDA7A781F9A8A7F9F9F9FF01ED000000,64.114,8D8500005CA881CDCDA7A781F9A8A7F9F9F9FF01ED000000,64.114,8D8500005CA881CDCDA7A781F9A8A7F9F9F9FF01ED000000,64.114,8D8500005CA881CDCDA7A781F9A8A7F9F9F9FF01ED000000,64.114,8D8500005CA881CDCDA7A781F9A8A7F9F9F9FF01ED000000,64.114,8D8500005CA881CDCDA7A781F9A8A7F9F9F9FF01ED000000,64.114,8D8500005CA881CDCDA7A781F9A8A7F9F9F9FF01ED000000,64.114,8D8500005CA881CDCDA7A781F9A8A7F9F9F9FF01ED000000,64.114,1,64.114,237,64.038,0,64.038,0000,64.038,8192,64.038,2000,64.038,2000,64.038,2000,64.038,2000,64.038,2000,64.038,2000,64.038,2000,64.038,2000,64.038,2000,64.038,2000,64.038,2000,64.038,2000,64.038,2000
64.183,64.114,14.100000000000001,64.114,8D8500005CA881CDCDA7A781F9A8A7F9F9F9FF01ED000000,64.114,8D8500005CA881CDCDA7A781F9A8A7F9F9F9FF01ED000000,64.114,8D8500005CA881CDCDA7A781F9A8A7F9F9F9FF01ED000000,64.114,8D8500005CA881CDCDA7A781F9A8A7F9F9F9FF01ED000000,64.114,8D8500005CA881CDCDA7A781F9A8A7F9F9F9FF01ED000000,64.114,8D8500005CA881CDCDA7A781F9A8A7F9F9F9FF01ED000000,64.114,8D8500005CA881CDCDA7A781F9A8A7F9F9F9FF01ED000000,64.114,8D8500005CA881CDCDA7A781F9A8A7F9F9F9FF01ED000000,64.114,8D8500005CA881CDCDA7A781F9A8A7F9F9F9FF01ED000000,64.114,8D8500005CA881CDCDA7A781F9A8A7F9F9F9FF01ED000000,64.114,8D8500005CA881CDCDA7A781F9A8A7F9F9F9FF01ED000000,64.114,8D8500005CA881CDCDA7A781F9A8A7F9F9F9FF01ED000000,64.114,8D8500005CA881CDCDA7A781F9A8A7F9F9F9FF01ED000000,64.114,8D8500005CA881CDCDA7A781F9A8A7F9F9F9FF01ED000000,64.114,1,64.114,237,64.140,0,64.140,0000,64.140,8192,64.140,2000,64.140,2000,64.140,2000,64.140,2000,64.140,2000,64.140,2000,64.140,2000,64.140,2000,64.140,2000,64.140,2000,64.140,2000,64.140,2000,64.140,2000
64.283,64.213,14.200000000000001,64.213,8E8600005CA881CDCDA7A781F9A8A7F9F9F9FF01ED000000,64.213,8E8600005CA881CDCDA7A781F9A8A7F9F9F9FF01ED000000,64.213,8E8600005CA881CDCDA7A781F9A8A7F9F9F9FF01ED000000,64.213,8E8600005CA881CDCDA7A781F9A8A7F9F9F9FF01ED000000,64.213,8E8600005CA881CDCDA7A781F9A8A7F9F9F9FF01ED000000,64.213,8E8600005CA881CDCDA7A781F9A8A7F9F9F9FF01ED000000,64.213,8E8600005CA881CDCDA7A781F9A8A7F9F9F9FF01ED000000,64.213,8E8600005CA881CDCDA7A781F9A8A7F9F9F9FF01ED000000,64.213,8E8600005CA881CDCDA7A781F9A8A7F9F9F9FF01ED000000,64.213,8E8600005CA881CDCDA7A781F9A8A7F9F9F9FF01ED000000,64.213,8E8600005CA881CDCDA7A781F9A8A7F9F9F9FF01ED000000,64.213,8E8600005CA881CDCDA7A781F9A8A7F9F9F9FF01ED000000,64.213,8E8600005CA881CDCDA7A781F9A8A7F9F9F9FF01ED000000,64.213,8E8600005CA881CDCDA7A781F9A8A7F9F9F9FF01ED000000,64.213,1,64.213,237,64.249,0,64.249,0000,64.290,8192,64.290,2000,64.290,2000,64.290,2000,64.290,2000,64.290,2000,64.290,2000,64.290,2000,64.290,2000,64.290,2000,64.290,2000,64.290,2000,64.290,2000,64.290,2000
64.381,64.333,14.100000000000001,64.333,8D8500005BA881CDCDA6A781F9A8A6F8F9F9FF01ED000000,64.333,8D8500005BA881CDCDA6A781F9A8A6F8F9F9FF01ED000000,64.333,8D8500005BA881CDCDA6A781F9A8A6F8F9F9FF01ED000000,64.333,8D8500005BA881CDCDA6A781F9A8A6F8F9F9FF01ED000000,64.333,8D8500005BA881CDCDA6A781F9A8A6F8F9F9FF01ED000000,64.333,8D8500005BA881CDCDA6A781F9A8A6F8F9F9FF01ED000000,64.333,8D8500005BA881CDCDA6A781F9A8A6F8F9F9FF01ED000000,64.333,8D8500005BA881CDCDA6A781F9A8A6F8F9F9FF01ED000000,64.333,8D8500005BA881CDCDA6A781F9A8A6F8F9F9FF01ED000000,64.333,8D8500005BA881CDCDA6A781F9A8A6F8F9F9FF01ED000000,64.333,8D8500005BA881CDCDA6A781F9A8A6F8F9F9FF01ED000000,64.333,8D8500005BA881CDCDA6A781F9A8A6F8F9F9FF01ED000000,64.333,8D8500005BA881CDCDA6A781F9A8A6F8F9F9FF01ED000000,64.333,8D8500005BA881CDCDA6A781F9A8A6F8F9F9FF01ED000000,64.333,1,64.333,237,64.369,0,64.369,0000,64.290,8192,64.290,2000,64.290,2000,64.290,2000,64.290,2000,64.290,2000,64.290,2000,64.290,2000,64.290,2000,64.290,2000,64.290,2000,64.290,2000,64.290,2000,64.290,2000
64.484,64.434,14.200000000000001,64.434,8E8600005CA881CDCDA7A881F9A8A7F9F9F9FF01ED000000,64.434,8E8600005CA881CDCDA7A881F9A8A7F9F9F9FF01ED000000,64.434,8E8600005CA881CDCDA7A881F9A8A7F9F9F9FF01ED000000,64.434,8E8600005CA881CDCDA7A881F9A8A7F9F9F9FF01ED000000,64.434,8E8600005CA881CDCDA7A881F9A8A7F9F9F9FF01ED000000,64.434,8E8600005CA881CDCDA7A881F9A8A7F9F9F9FF01ED000000,64.434,8E8600005CA881CDCDA7A881F9A8A7F9F9F9FF01ED000000,64.434,8E8600005CA881CDCDA7A881F9A8A7F9F9F9FF01ED000000,64.434,8E8600005CA881CDCDA7A881F9A8A7F9F9F9FF01ED000000,64.434,8E8600005CA881CDCDA7A881F9A8A7F9F9F9FF01ED000000,64.434,8E8600005CA881CDCDA7A881F9A8A7F9F9F9FF01ED000000,64.434,8E8600005CA881CDCDA7A881F9A8A7F9F9F9FF01ED000000,64.434,8E8600005CA881CDCDA7A881F9A8A7F9F9F9FF01ED000000,64.434,8E8600005CA881CDCDA7A881F9A8A7F9F9F9FF01ED000000,64.434,1,64.434,237,64.448,0,64.448,0000,64.448,8192,64.448,2000,64.448,2000,64.448,2000,64.448,2000,64.448,2000,64.448,2000,64.448,2000,64.448,2000,64.448,2000,64.448,2000,64.448,2000,64.448,2000,64.448,2000
64.583,64.513,14.200000000000001,64.513,8E8600005BA880CDCDA6A781F9A8A6F7F8F8FF01ED000000,64.513,8E8600005BA880CDCDA6A781F9A8A6F7F8F8FF01ED000000,64.513,8E8600005BA880CDCDA6A781F9A8A6F7F8F8FF01ED000000,64.513,8E8600005BA880CDCDA6A781F9A8A6F7F8F8FF01ED000000,64.513,8E8600005BA880CDCDA6A781F9A8A6F7F8F8FF01ED000000,64.513,8E8600005BA880CDCDA6A781F9A8A6F7F8F8FF01ED000000,64.513,8E8600005BA880CDCDA6A781F9A8A6F7F8F8FF01ED000000,64.513,8E8600005BA880CDCDA6A781F9A8A6F7F8F8FF01ED000000,64.513,8E8600005BA880CDCDA6A781F9A8A6F7F8F8FF01ED000000,64.513,8E8600005BA880CDCDA6A781F9A8A6F7F8F8FF01ED000000,64.513,8E8600005BA880CDCDA6A781F9A8A6F7F8F8FF01ED000000,64.513,8E8600005BA880CDCDA6A781F9A8A6F7F8F8FF01ED000000,64.513,8E8600005BA880CDCDA6A781F9A8A6F7F8F8FF01ED000000,64.513,8E8600005BA880CDCDA6A781F9A8A6F7F8F8FF01ED000000,64.513,1,64.513,237,64.537,0,64.537,0000,64.537,8192,64.537,2000,64.537,2000,64.537,2000,64.537,2000,64.537,2000,64.537,2000,64.537,2000,64.537,2000,64.537,2000,64.537,2000,64.537,2000,64.537,2000,64.537,2000
64.682,64.713,14.100000000000001,64.713,8D8500005CA880CDCDA7A781F9A8A7F8F9F9FF01ED000000,64.713,8D8500005CA880CDCDA7A781F9A8A7F8F9F9FF01ED000000,64.713,8D8500005CA880CDCDA7A781F9A8A7F8F9F9FF01ED000000,64.713,8D8500005CA880CDCDA7A781F9A8A7F8F9F9FF01ED000000,64.713,8D8500005CA880CDCDA7A781F9A8A7F8F9F9FF01ED000000,64.713,8D8500005CA880CDCDA7A781F9A8A7F8F9F9FF01ED000000,64.713,8D8500005CA880CDCDA7A781F9A8A7F8F9F9FF01ED000000,64.713,8D8500005CA880CDCDA7A781F9A8A7F8F9F9FF01ED000000,64.713,8D8500005CA880CDCDA7A781F9A8A7F8F9F9FF01ED000000,64.713,8D8500005CA880CDCDA7A781F9A8A7F8F9F9FF01ED000000,64.713,8D8500005CA880CDCDA7A781F9A8A7F8F9F9FF01ED000000,64.713,8D8500005CA880CDCDA7A781F9A8A7F8F9F9FF01ED000000,64.713,8D8500005CA880CDCDA7A781F9A8A7F8F9F9FF01ED000000,64.713,8D8500005CA880CDCDA7A781F9A8A7F8F9F9FF01ED000000,64.713,1,64.713,237,64.637,0,64.637,0000,64.637,8192,64.637,2000,64.637,2000,64.637,2000,64.637,2000,64.637,2000,64.637,2000,64.637,2000,64.637,2000,64.637,2000,64.637,2000,64.637,2000,64.637,2000,64.637,2000
64.781,64.713,14.100000000000001,64.713,8D8500005CA880CDCDA7A781F9A8A7F8F9F9FF01ED000000,64.713,8D8500005CA880CDCDA7A781F9A8A7F8F9F9FF01ED000000,64.713,8D8500005CA880CDCDA7A781F9A8A7F8F9F9FF01ED000000,64.713,8D8500005CA880CDCDA7A781F9A8A7F8F9F9FF01ED000000,64.713,8D8500005CA880CDCDA7A781F9A8A7F8F9F9FF01ED000000,64.713,8D8500005CA880CDCDA7A781F9A8A7F8F9F9FF01ED000000,64.713,8D8500005CA880CDCDA7A781F9A8A7F8F9F9FF01ED000000,64.713,8D8500005CA880CDCDA7A781F9A8A7F8F9F9FF01ED000000,64.713,8D8500005CA880CDCDA7A781F9A8A7F8F9F9FF01ED000000,64.713,8D8500005CA880CDCDA7A781F9A8A7F8F9F9FF01ED000000,64.713,8D8500005CA880CDCDA7A781F9A8A7F8F9F9FF01ED000000,64.713,8D8500005CA880CDCDA7A781F9A8A7F8F9F9FF01ED000000,64.713,8D8500005CA880CDCDA7A781F9A8A7F8F9F9FF01ED000000,64.713,8D8500005CA880CDCDA7A781F9A8A7F8F9F9FF01ED000000,64.713,1,64.713,237,64.738,0,64.738,0000,64.809,8192,64.809,2000,64.809,2000,64.809,2000,64.809,2000,64.809,2000,64.809,2000,64.809,2000,64.809,2000,64.809,2000,64.809,2000,64.809,2000,64.809,2000,64.809,2000
64.881,64.854,14.100000000000001,64.854,8D8500005BA880CDCDA7A781F9A8A7F8F8F8FF01ED000000,64.854,8D8500005BA880CDCDA7A781F9A8A7F8F8F8FF01ED000000,64.854,8D8500005BA880CDCDA7A781F9A8A7F8F8F8FF01ED000000,64.854,8D8500005BA880CDCDA7A781F9A8A7F8F8F8FF01ED000000,64.854,8D8500005BA880CDCDA7A781F9A8A7F8F8F8FF01ED000000,64.854,8D8500005BA880CDCDA7A781F9A8A7F8F8F8FF01ED000000,64.854,8D8500005BA880CDCDA7A781F9A8A7F8F8F8FF01ED000000,64.854,8D8500005BA880CDCDA7A781F9A8A7F8F8F8FF01ED000000,64.854,8D8500005BA880CDCDA7A781F9A8A7F8F8F8FF01ED000000,64.854,8D8500005BA880CDCDA7A781F9A8A7F8F8F8FF01ED000000,64.854,8D8500005BA880CDCDA7A781F9A8A7F8F8F8FF01ED000000,64.854,8D8500005BA880CDCDA7A781F9A8A7F8F8F8FF01ED000000,64.854,8D8500005BA880CDCDA7A781F9A8A7F8F8F8FF01ED000000,64.854,8D8500005BA880CDCDA7A781F9A8A7F8F8F8FF01ED000000,64.854,1,64.854,237,64.888,0,64.888,0000,64.888,8192,64.888,2000,64.888,2000,64.888,2000,64.888,2000,64.888,2000,64.888,2000,64.888,2000,64.888,2000,64.888,2000,64.888,2000,64.888,2000,64.888,2000,64.888,2000
64.982,65.013,14.100000000000001,65.013,8D8500005CA881CDCDA7A881F9A8A7F8F9F9FF01ED000000,65.013,8D8500005CA881CDCDA7A881F9A8A7F8F9F9FF01ED000000,65.013,8D8500005CA881CDCDA7A881F9A8A7F8F9F9FF01ED000000,65.013,8D8500005CA881CDCDA7A881F9A8A7F8F9F9FF01ED000000,65.013,8D8500005CA881CDCDA7A881F9A8A7F8F9F9FF01ED000000,65.013,8D8500005CA881CDCDA7A881F9A8A7F8F9F9FF01ED000000,65.013,8D8500005CA881CDCDA7A881F9A8A7F8F9F9FF01ED000000,65.013,8D8500005CA881CDCDA7A881F9A8A7F8F9F9FF01ED000000,65.013,8D8500005CA881CDCDA7A881F9A8A7F8F9F9FF01ED000000,65.013,8D8500005CA881CDCDA7A881F9A8A7F8F9F9FF01ED000000,65.013,8D8500005CA881CDCDA7A881F9A8A7F8F9F9FF01ED000000,65.013,8D8500005CA881CDCDA7A881F9A8A7F8F9F9FF01ED000000,65.013,8D8500005CA881CDCDA7A881F9A8A7F8F9F9FF01ED000000,65.013,8D8500005CA881CDCDA7A881F9A8A7F8F9F9FF01ED000000,65.013,1,65.013,237,64.938,0,64.938,0000,64.888,8192,64.888,2000,64.888,2000,64.888,2000,64.888,2000,64.888,2000,64.888,2000,64.888,2000,64.888,2000,64.888,2000,64.888,2000,64.888,2000,64.888,2000,64.888,2000
65.083,65.013,14.100000000000001,65.013,8D8500005CA881CDCDA7A881F9A8A7F8F9F9FF01ED000000,65.013,8D8500005CA881CDCDA7A881F9A8A7F8F9F9FF01ED000000,65.013,8D8500005CA881CDCDA7A881F9A8A7F8F9F9FF01ED000000,65.013,8D8500005CA881CDCDA7A881F9A8A7F8F9F9FF01ED000000,65.013,8D8500005CA881CDCDA7A881F9A8A7F8F9F9FF01ED000000,65.013,8D8500005CA881CDCDA7A881F9A8A7F8F9F9FF01ED000000,65.013,8D8500005CA881CDCDA7A881F9A8A7F8F9F9FF01ED000000,65.013,8D8500005CA881CDCDA7A881F9A8A7F8F9F9FF01ED000000,65.013,8D8500005CA881CDCDA7A881F9A8A7F8F9F9FF01ED000000,65.013,8D8500005CA881CDCDA7A881F9A8A7F8F9F9FF01ED000000,65.013,8D8500005CA881CDCDA7A881F9A8A7F8F9F9FF01ED000000,65.013,8D8500005CA881CDCDA7A881F9A8A7F8F9F9FF01ED000000,65.013,8D8500005CA881CDCDA7A881F9A8A7F8F9F9FF01ED000000,65.013,8D8500005CA881CDCDA7A881F9A8A7F8F9F9FF01ED000000,65.013,1,65.013,237,65.028,0,65.028,0000,65.028,8192,65.028,2000,65.028,2000,65.028,2000,65.028,2000,65.028,2000,65.028,2000,65.028,2000,65.028,2000,65.028,2000,65.028,2000,65.028,2000,65.028,2000,65.028,2000
65.184,65.113,14.200000000000001,65.113,8E8600005CA881CDCDA7A881F9A8A7F9F9F9FF01ED000000,65.113,8E8600005CA881CDCDA7A881F9A8A7F9F9F9FF01ED000000,65.113,8E8600005CA881CDCDA7A881F9A8A7F9F9F9FF01ED000000,65.113,8E8600005CA881CDCDA7A881F9A8A7F9F9F9FF01ED000000,65.113,8E8600005CA881CDCDA7A881F9A8A7F9F9F9FF01ED000000,65.113,8E8600005CA881CDCDA7A881F9A8A7F9F9F9FF01ED000000,65.113,8E8600005CA881CDCDA7A881F9A8A7F9F9F9FF01ED000000,65.113,8E8600005CA881CDCDA7A881F9A8A7F9F9F9FF01ED000000,65.113,8E8600005CA881CDCDA7A881F9A8A7F9F9F9FF01ED000000,65.113,8E8600005CA881CDCDA7A881F9A8A7F9F9F9FF01ED000000,65.113,8E8600005CA881CDCDA7A881F9A8A7F9F9F9FF01ED000000,65.113,8E8600005CA881CDCDA7A881F9A8A7F9F9F9FF01ED000000,65.113,8E8600005CA881CDCDA7A881F9A8A7F9F9F9FF01ED000000,65.113,8E8600005CA881CDCDA7A881F9A8A7F9F9F9FF01ED000000,65.113,1,65.113,237,65.137,0,65.137,0000,65.137,8192,65.137,2000,65.137,2000,65.137,2000,65.137,2000,65.137,2000,65.137,2000,65.137,2000,65.137,2000,65.137,2000,65.137,2000,65.137,2000,65.137,2000,65.137,2000
65.280,65.215,14.200000000000001,65.215,8E8600005CA881CDCDA7A881F9A8A7F8F9F9FF01ED000000,65.215,8E8600005CA881CDCDA7A881F9A8A7F8F9F9FF01ED000000,65.215,8E8600005CA881CDCDA7A881F9A8A7F8F9F9FF01ED000000,65.215,8E8600005CA881CDCDA7A881F9A8A7F8F9F9FF01ED000000,65.215,8E8600005CA881CDCDA7A881F9A8A7F8F9F9FF01ED000000,65.215,8E8600005CA881CDCDA7A881F9A8A7F8F9F9FF01ED000000,65.215,8E8600005CA881CDCDA7A881F9A8A7F8F9F9FF01ED000000,65.215,8E8600005CA881CDCDA7A881F9A8A7F8F9F9FF01ED000000,65.215,8E8600005CA881CDCDA7A881F9A8A7F8F9F9FF01ED000000,65.215,8E8600005CA881CDCDA7A881F9A8A7F8F9F9FF01ED000000,65.215,8E8600005CA881CDCDA7A881F9A8A7F8F9F9FF01ED000000,65.215,8E8600005CA881CDCDA7A881F9A8A7F8F9F9FF01ED000000,65.215,8E8600005CA881CDCDA7A881F9A8A7F8F9F9FF01ED000000,65.215,8E8600005CA881CDCDA7A881F9A8A7F8F9F9FF01ED000000,65.215,1,65.215,237,65.249,0,65.249,0000,65.299,8192,65.299,2000,65.299,2000,65.299,2000,65.299,2000,65.299,2000,65.299,2000,65.299,2000,65.299,2000,65.299,2000,65.299,2000,65.299,2000,65.299,2000,65.299,2000
65.382,65.354,14.100000000000001,65.354,8D8500005BA881A7A7A7A781F8A8A7F9FAFAFF01ED000000,65.354,8D8500005BA881A7A7A7A781F8A8A7F9FAFAFF01ED000000,65.354,8D8500005BA881A7A7A7A781F8A8A7F9FAFAFF01ED000000,65.354,8D8500005BA881A7A7A7A781F8A8A7F9FAFAFF01ED000000,65.354,8D8500005BA881A7A7A7A781F8A8A7F9FAFAFF01ED000000,65.354,8D8500005BA881A7A7A7A781F8A8A7F9FAFAFF01ED000000,65.354,8D8500005BA881A7A7A7A781F8A8A7F9FAFAFF01ED000000,65.354,8D8500005BA881A7A7A7A781F8A8A7F9FAFAFF01ED000000,65.354,8D8500005BA881A7A7A7A781F8A8A7F9FAFAFF01ED000000,65.354,8D8500005BA881A7A7A7A781F8A8A7F9FAFAFF01ED000000,65.354,8D8500005BA881A7A7A7A781F8A8A7F9FAFAFF01ED000000,65.354,8D8500005BA881A7A7A7A781F8A8A7F9FAFAFF01ED000000,65.354,8D8500005BA881A7A7A7A781F8A8A7F9FAFAFF01ED000000,65.354,8D8500005BA881A7A7A7A781F8A8A7F9FAFAFF01ED000000,65.354,1,65.354,237,65.386,0,65.386,0000,65.386,8192,65.386,2000,65.386,2000,65.386,2000,65.386,2000,65.386,2000,65.386,2000,65.386,2000,65.386,2000,65.386,2000,65.386,2000,65.386,2000,65.386,2000,65.386,2000
65.482,65.427,14.200000000000001,65.427,8E8600005CA881A7A7A7A881F9A8A7F9F9F9FF01ED000000,65.427,8E8600005CA881A7A7A7A881F9A8A7F9F9F9FF01ED000000,65.427,8E8600005CA881A7A7A7A881F9A8A7F9F9F9FF01ED000000,65.427,8E8600005CA881A7A7A7A881F9A8A7F9F9F9FF01ED000000,65.427,8E8600005CA881A7A7A7A881F9A8A7F9F9F9FF01ED000000,65.427,8E8600005CA881A7A7A7A881F9A8A7F9F9F9FF01ED000000,65.427,8E8600005CA881A7A7A7A881F9A8A7F9F9F9FF01ED000000,65.427,8E8600005CA881A7A7A7A881F9A8A7F9F9F9FF01ED000000,65.427,8E8600005CA881A7A7A7A881F9A8A7F9F9F9FF01ED000000,65.427,8E8600005CA881A7A7A7A881F9A8A7F9F9F9FF01ED000000,65.427,8E8600005CA881A7A7A7A881F9A8A7F9F9F9FF01ED000000,65.427,8E8600005CA881A7A7A7A881F9A8A7F9F9F9FF01ED000000,65.427,8E8600005CA881A7A7A7A881F9A8A7F9F9F9FF01ED000000,65.427,8E8600005CA881A7A7A7A881F9A8A7F9F9F9FF01ED000000,65.427,1,65.427,237,65.448,0,65.448,0000,65.386,8192,65.386,2000,65.386,2000,65.386,2000,65.386,2000,65.386,2000,65.386,2000,65.386,2000,65.386,2000,65.386,2000,65.386,2000,65.386,2000,65.386,2000,65.386,2000
65.581,65.514,14.100000000000001,65.514,8D8500005BA881A7A7A6A781F9A7A6F8F8F8FF01ED000000,65.514,8D8500005BA881A7A7A6A781F9A7A6F8F8F8FF01ED000000,65.514,8D8500005BA881A7A7A6A781F9A7A6F8F8F8FF01ED000000,65.514,8D8500005BA881A7A7A6A781F9A7A6F8F8F8FF01ED000000,65.514,8D8500005BA881A7A7A6A781F9A7A6F8F8F8FF01ED000000,65.514,8D8500005BA881A7A7A6A781F9A7A6F8F8F8FF01ED000000,65.514,8D8500005BA881A7A7A6A781F9A7A6F8F8F8FF01ED000000,65.514,8D8500005BA881A7A7A6A781F9A7A6F8F8F8FF01ED000000,65.514,8D8500005BA881A7A7A6A781F9A7A6F8F8F8FF01ED000000,65.514,8D8500005BA881A7A7A6A781F9A7A6F8F8F8FF01ED000000,65.514,8D8500005BA881A7A7A6A781F9A7A6F8F8F8FF01ED000000,65.514,8D8500005BA881A7A7A6A781F9A7A6F8F8F8FF01ED000000,65.514,8D8500005BA881A7A7A6A781F9A7A6F8F8F8FF01ED000000,65.514,8D8500005BA881A7A7A6A781F9A7A6F8F8F8FF01ED000000,65.514,1,65.514,237,65.528,0,65.528,0000,65.528,8192,65.528,2000,65.528,2000,65.528,2000,65.528,2000,65.528,2000,65.528,2000,65.528,2000,65.528,2000,65.528,2000,65.528,2000,65.528,2000,65.528,2000,65.528,2000
65.682,65.614,14.100000000000001,65.614,8D8500005BA880A7A7A7A780F9A8A7F8F8F8FF01ED000000,65.614,8D8500005BA880A7A7A7A780F9A8A7F8F8F8FF01ED000000,65.614,8D8500005BA880A7A7A7A780F9A8A7F8F8F8FF01ED000000,65.614,8D8500005BA880A7A7A7A780F9A8A7F8F8F8FF01ED000000,65.614,8D8500005BA880A7A7A7A780F9A8A7F8F8F8FF01ED000000,65.614,8D8500005BA880A7A7A7A780F9A8A7F8F8F8FF01ED000000,65.614,8D8500005BA880A7A7A7A780F9A8A7F8F8F8FF01ED000000,65.614,8D8500005BA880A7A7A7A780F9A8A7F8F8F8FF01ED000000,65.614,8D8500005BA880A7A7A7A780F9A8A7F8F8F8FF01ED000000,65.614,8D8500005BA880A7A7A7A780F9A8A7F8F8F8FF01ED000000,65.614,8D8500005BA880A7A7A7A780F9A8A7F8F8F8FF01ED000000,65.614,8D8500005BA880A7A7A7A780F9A8A7F8F8F8FF01ED000000,65.614,8D8500005BA880A7A7A7A780F9A8A7F8F8F8FF01ED000000,65.614,8D8500005BA880A7A7A7A780F9A8A7F8F8F8FF01ED000000,65.614,1,65.614,237,65.639,0,65.639,0000,65.639,8192,65.639,2000,65.639,2000,65.639,2000,65.639,2000,65.639,2000,65.639,2000,65.639,2000,65.639,2000,65.639,2000,65.639,2000,65.639,2000,65.639,2000,65.639,2000
65.782,65.713,14.100000000000001,65.713,8D8500005BA880CCCCA6A781F9A7A6F7F8F8FF01EC000000,65.713,8D8500005BA880CCCCA6A781F9A7A6F7F8F8FF01EC000000,65.713,8D8500005BA880CCCCA6A781F9A7A6F7F8F8FF01EC000000,65.713,8D8500005BA880CCCCA6A781F9A7A6F7F8F8FF01EC000000,65.713,8D8500005BA880CCCCA6A781F9A7A6F7F8F8FF01EC000000,65.713,8D8500005BA880CCCCA6A781F9A7A6F7F8F8FF01EC000000,65.713,8D8500005BA880CCCCA6A781F9A7A6F7F8F8FF01EC000000,65.713,8D8500005BA880CCCCA6A781F9A7A6F7F8F8FF01EC000000,65.713,8D8500005BA880CCCCA6A781F9A7A6F7F8F8FF01EC000000,65.713,8D8500005BA880CCCCA6A781F9A7A6F7F8F8FF01EC000000,65.713,8D8500005BA880CCCCA6A781F9A7A6F7F8F8FF01EC000000,65.713,8D8500005BA880CCCCA6A781F9A7A6F7F8F8FF01EC000000,65.713,8D8500005BA880CCCCA6A781F9A7A6F7F8F8FF01EC000000,65.713,8D8500005BA880CCCCA6A781F9A7A6F7F8F8FF01EC000000,65.713,1,65.713,236,65.750,0,65.750,0000,65.790,8192,65.790,2000,65.790,2000,65.790,2000,65.790,2000,65.790,2000,65.790,2000,65.790,2000,65.790,2000,65.790,2000,65.790,2000,65.790,2000,65.790,2000,65.790,2000
65.882,65.913,14.200000000000001,65.913,8E8600005BA881CDCDA6A781F9A8A6F8F9F9FF01ED000000,65.913,8E8600005BA881CDCDA6A781F9A8A6F8F9F9FF01ED000000,65.913,8E8600005BA881CDCDA6A781F9A8A6F8F9F9FF01ED000000,65.913,8E8600005BA881CDCDA6A781F9A8A6F8F9F9FF01ED000000,65.913,8E8600005BA881CDCDA6A781F9A8A6F8F9F9FF01ED000000,65.913,8E8600005BA881CDCDA6A781F9A8A6F8F9F9FF01ED000000,65.913,8E8600005BA881CDCDA6A781F9A8A6F8F9F9FF01ED000000,65.913,8E8600005BA881CDCDA6A781F9A8A6F8F9F9FF01ED000000,65.913,8E8600005BA881CDCDA6A781F9A8A6F8F9F9FF01ED000000,65.913,8E8600005BA881CDCDA6A781F9A8A6F8F9F9FF01ED000000,65.913,8E8600005BA881CDCDA6A781F9A8A6F8F9F9FF01ED000000,65.913,8E8600005BA881CDCDA6A781F9A8A6F8F9F9FF01ED000000,65.913,8E8600005BA881CDCDA6A781F9A8A6F8F9F9FF01ED000000,65.913,8E8600005BA881CDCDA6A781F9A8A6F8F9F9FF01ED000000,65.913,1,65.913,237,65.865,0,65.865,0000,65.790,8192,65.790,2000,65.790,2000,65.790,2000,65.790,2000,65.790,2000,65.790,2000,65.790,2000,65.790,2000,65.790,2000,65.790,2000,65.790,2000,65.790,2000,65.790,2000
65.982,66.013,14.100000000000001,66.013,8D8500005CA881CDCDA7A781F9A8A7F8F9F9FF01ED000000,66.013,8D8500005CA881CDCDA7A781F9A8A7F8F9F9FF01ED000000,66.013,8D8500005CA881CDCDA7A781F9A8A7F8F9F9FF01ED000000,66.013,8D8500005CA881CDCDA7A781F9A8A7F8F9F9FF01ED000000,66.013,8D8500005CA881CDCDA7A781F9A8A7F8F9F9FF01ED000000,66.013,8D8500005CA881CDCDA7A781F9A8A7F8F9F9FF01ED000000,66.013,8D8500005CA881CDCDA7A781F9A8A7F8F9F9FF01ED000000,66.013,8D8500005CA881CDCDA7A781F9A8A7F8F9F9FF01ED000000,66.013,8D8500005CA881CDCDA7A781F9A8A7F8F9F9FF01ED000000,66.013,8D8500005CA881CDCDA7A781F9A8A7F8F9F9FF01ED000000,66.013,8D8500005CA881CDCDA7A781F9A8A7F8F9F9FF01ED000000,66.013,8D8500005CA881CDCDA7A781F9A8A7F8F9F9FF01ED000000,66.013,8D8500005CA881CDCDA7A781F9A8A7F8F9F9FF01ED000000,66.013,8D8500005CA881CDCDA7A781F9A8A7F8F9F9FF01ED000000,66.013,1,66.013,237,65.928,0,65.928,0000,65.928,8192,65.928,2000,65.928,2000,65.928,2000,65.928,2000,65.928,2000,65.928,2000,65.928,2000,65.928,2000,65.928,2000,65.928,2000,65.928,2000,65.928,2000,65.928,2000
66.084,66.013,14.100000000000001,66.013,8D8500005CA881CDCDA7A781F9A8A7F8F9F9FF01ED000000,66.013,8D8500005CA881CDCDA7A781F9A8A7F8F9F9FF01ED000000,66.013,8D8500005CA881CDCDA7A781F9A8A7F8F9F9FF01ED000000,66.013,8D8500005CA881CDCDA7A781F9A8A7F8F9F9FF01ED000000,66.013,8D8500005CA881CDCDA7A781F9A8A7F8F9F9FF01ED000000,66.013,8D8500005CA881CDCDA7A781F9A8A7F8F9F9FF01ED000000,66.013,8D8500005CA881CDCDA7A781F9A8A7F8F9F9FF01ED000000,66.013,8D8500005CA881CDCDA7A781F9A8A7F8F9F9FF01ED000000,66.013,8D8500005CA881CDCDA7A781F9A8A7F8F9F9FF01ED000000,66.013,8D8500005CA881CDCDA7A781F9A8A7F8F9F9FF01ED000000,66.013,8D8500005CA881CDCDA7A781F9A8A7F8F9F9FF01ED000000,66.013,8D8500005CA881CDCDA7A781F9A8A7F8F9F9FF01ED000000,66.013,8D8500005CA881CDCDA7A781F9A8A7F8F9F9FF01ED000000,66.013,8D8500005CA881CDCDA7A781F9A8A7F8F9F9FF01ED000000,66.013,1,66.013,237,66.028,0,66.028,0000,66.028,8192,66.028,2000,66.028,2000,66.028,2000,66.028,2000,66.028,2000,66.028,2000,66.028,2000,66.028,2000,66.028,2000,66.028,2000,66.028,2000,66.028,2000,66.028,2000
66.183,66.213,14.100000000000001,66.213,8D8500005CA881CDCDA7A781F9A8A7F9F9F9FF01ED000000,66.213,8D8500005CA881CDCDA7A781F9A8A7F9F9F9FF01ED000000,66.213,8D8500005CA881CDCDA7A781F9A8A7F9F9F9FF01ED000000,66.213,8D8500005CA881CDCDA7A781F9A8A7F9F9F9FF01ED000000,66.213,8D8500005CA881CDCDA7A781F9A8A7F9F9F9FF01ED000000,66.213,8D8500005CA881CDCDA7A781F9A8A7F9F9F9FF01ED000000,66.213,8D8500005CA881CDCDA7A781F9A8A7F9F9F9FF01ED000000,66.213,8D8500005CA881CDCDA7A781F9A8A7F9F9F9FF01ED000000,66.213,8D8500005CA881CDCDA7A781F9A8A7F9F9F9FF01ED000000,66.213,8D8500005CA881CDCDA7A781F9A8A7F9F9F9FF01ED000000,66.213,8D8500005CA881CDCDA7A781F9A8A7F9F9F9FF01ED000000,66.213,8D8500005CA881CDCDA7A781F9A8A7F9F9F9FF01ED000000,66.213,8D8500005CA881CDCDA7A781F9A8A7F9F9F9FF01ED000000,66.213,8D8500005CA881CDCDA7A781F9A8A7F9F9F9FF01ED000000,66.213,1,66.213,237,66.136,0,66.136,0000,66.136,8192,66.136,2000,66.136,2000,66.136,2000,66.136,2000,66.136,2000,66.136,2000,66.136,2000,66.136,2000,66.136,2000,66.136,2000,66.136,2000,66.136,2000,66.136,2000
66.282,66.213,14.100000000000001,66.213,8D8500005CA881CDCDA7A781F9A8A7F9F9F9FF01ED000000,66.213,8D8500005CA881CDCDA7A781F9A8A7F9F9F9FF01ED000000,66.213,8D8500005CA881CDCDA7A781F9A8A7F9F9F9FF01ED000000,66.213,8D8500005CA881CDCDA7A781F9A8A7F9F9F9FF01ED000000,66.213,8D8500005CA881CDCDA7A781F9A8A7F9F9F9FF01ED000000,66.213,8D8500005CA881CDCDA7A781F9A8A7F9F9F9FF01ED000000,66.213,8D8500005CA881CDCDA7A781F9A8A7F9F9F9FF01ED000000,66.213,8D8500005CA881CDCDA7A781F9A8A7F9F9F9FF01ED000000,66.213,8D8500005CA881CDCDA7A781F9A8A7F9F9F9FF01ED000000,66.213,8D8500005CA881CDCDA7A781F9A8A7F9F9F9FF01ED000000,66.213,8D8500005CA881CDCDA7A781F9A8A7F9F9F9FF01ED000000,66.213,8D8500005CA881CDCDA7A781F9A8A7F9F9F9FF01ED000000,66.213,8D8500005CA881CDCDA7A781F9A8A7F9F9F9FF01ED000000,66.213,8D8500005CA881CDCDA7A781F9A8A7F9F9F9FF01ED000000,66.213,1,66.213,237,66.238,0,66.238,0000,66.298,8192,66.298,2000,66.298,2000,66.298,2000,66.298,2000,66.298,2000,66.298,2000,66.298,2000,66.298,2000,66.298,2000,66.298,2000,66.298,2000,66.298,2000,66.298,2000
66.382,66.344,14.100000000000001,66.344,8D8500005BA880CCCC5BA781F8A75BF9F8F8FCFCED000000,66.344,8D8500005BA880CCCC5BA781F8A75BF9F8F8FCFCED000000,66.344,8D8500005BA880CCCC5BA781F8A75BF9F8F8FCFCED000000,66.344,8D8500005BA880CCCC5BA781F8A75BF9F8F8FCFCED000000,66.344,8D8500005BA880CCCC5BA781F8A75BF9F8F8FCFCED000000,66.344,8D8500005BA880CCCC5BA781F8A75BF9F8F8FCFCED000000,66.344,8D8500005BA880CCCC5BA781F8A75BF9F8F8FCFCED000000,66.344,8D8500005BA880CCCC5BA781F8A75BF9F8F8FCFCED000000,66.344,8D8500005BA880CCCC5BA781F8A75BF9F8F8FCFCED000000,66.344,8D8500005BA880CCCC5BA781F8A75BF9F8F8FCFCED000000,66.344,8D8500005BA880CCCC5BA781F8A75BF9F8F8FCFCED000000,66.344,8D8500005BA880CCCC5BA781F8A75BF9F8F8FCFCED000000,66.344,8D8500005BA880CCCC5BA781F8A75BF9F8F8FCFCED000000,66.344,8D8500005BA880CCCC5BA781F8A75BF9F8F8FCFCED000000,66.344,252,66.344,237,66.369,0,66.369,0002,66.298,8192,66.298,2000,66.298,2000,66.298,2000,66.298,2000,66.298,2000,66.298,2000,66.298,2000,66.298,2000,66.298,2000,66.298,2000,66.298,2000,66.298,2000,66.298,2000
66.483,66.433,14.100000000000001,66.433,8D8500005BA881CDCD5BA781F9A85BF9F9F9FCFCED000000,66.433,8D8500005BA881CDCD5BA781F9A85BF9F9F9FCFCED000000,66.433,8D8500005BA881CDCD5BA781F9A85BF9F9F9FCFCED000000,66.433,8D8500005BA881CDCD5BA781F9A85BF9F9F9FCFCED000000,66.433,8D8500005BA881CDCD5BA781F9A85BF9F9F9FCFCED000000,66.433,8D8500005BA881CDCD5BA781F9A85BF9F9F9FCFCED000000,66.433,8D8500005BA881CDCD5BA781F9A85BF9F9F9FCFCED000000,66.433,8D8500005BA881CDCD5BA781F9A85BF9F9F9FCFCED000000,66.433,8D8500005BA881CDCD5BA781F9A85BF9F9F9FCFCED000000,66.433,8D8500005BA881CDCD5BA781F9A85BF9F9F9FCFCED000000,66.433,8D8500005BA881CDCD5BA781F9A85BF9F9F9FCFCED000000,66.433,8D8500005BA881CDCD5BA781F9A85BF9F9F9FCFCED000000,66.433,8D8500005BA881CDCD5BA781F9A85BF9F9F9FCFCED000000,66.433,8D8500005BA881CDCD5BA781F9A85BF9F9F9FCFCED000000,66.433,252,66.433,237,66.449,0,66.449,0002,66.449,12545,66.449,3101,66.449,3101,66.449,3101,66.449,3101,66.449,3101,66.449,3101,66.449,3101,66.449,3101,66.449,3101,66.449,3101,66.449,3101,66.449,3101,66.449,3101
66.583,66.524,14.100000000000001,66.524,8D8500005CA881CDCD5BA781F9A85BF9F9F9FCFCED000000,66.524,8D8500005CA881CDCD5BA781F9A85BF9F9F9FCFCED000000,66.524,8D8500005CA881CDCD5BA781F9A85BF9F9F9FCFCED000000,66.524,8D8500005CA881CDCD5BA781F9A85BF9F9F9FCFCED000000,66.524,8D8500005CA881CDCD5BA781F9A85BF9F9F9FCFCED000000,66.524,8D8500005CA881CDCD5BA781F9A85BF9F9F9FCFCED000000,66.524,8D8500005CA881CDCD5BA781F9A85BF9F9F9FCFCED000000,66.524,8D8500005CA881CDCD5BA781F9A85BF9F9F9FCFCED000000,66.524,8D8500005CA881CDCD5BA781F9A85BF9F9F9FCFCED000000,66.524,8D8500005CA881CDCD5BA781F9A85BF9F9F9FCFCED000000,66.524,8D8500005CA881CDCD5BA781F9A85BF9F9F9FCFCED000000,66.524,8D8500005CA881CDCD5BA781F9A85BF9F9F9FCFCED000000,66.524,8D8500005CA881CDCD5BA781F9A85BF9F9F9FCFCED000000,66.524,8D8500005CA881CDCD5BA781F9A85BF9F9F9FCFCED000000,66.524,252,66.524,237,66.548,0,66.548,0002,66.548,12545,66.548,3101,66.548,3101,66.548,3101,66.548,3101,66.548,3101,66.548,3101,66.548,3101,66.548,3101,66.548,3101,66.548,3101,66.548,3101,66.548,3101,66.548,3101
66.683,66.614,14.100000000000001,66.614,8D8500005BA881CDCD5BA781F9A85BFAF9F9FCFDED000000,66.614,8D8500005BA881CDCD5BA781F9A85BFAF9F9FCFDED000000,66.614,8D8500005BA881CDCD5BA781F9A85BFAF9F9FCFDED000000,66.614,8D8500005BA881CDCD5BA781F9A85BFAF9F9FCFDED000000,66.614,8D8500005BA881CDCD5BA781F9A85BFAF9F9FCFDED000000,66.614,8D8500005BA881CDCD5BA781F9A85BFAF9F9FCFDED000000,66.614,8D8500005BA881CDCD5BA781F9A85BFAF9F9FCFDED000000,66.614,8D8500005BA881CDCD5BA781F9A85BFAF9F9FCFDED000000,66.614,8D8500005BA881CDCD5BA781F9A85BFAF9F9FCFDED000000,66.614,8D8500005BA881CDCD5BA781F9A85BFAF9F9FCFDED000000,66.614,8D8500005BA881CDCD5BA781F9A85BFAF9F9FCFDED000000,66.614,8D8500005BA881CDCD5BA781F9A85BFAF9F9FCFDED000000,66.614,8D8500005BA881CDCD5BA781F9A85BFAF9F9FCFDED000000,66.614,8D8500005BA881CDCD5BA781F9A85BFAF9F9FCFDED000000,66.614,253,66.614,237,66.636,0,66.636,0002,66.636,12545,66.636,3101,66.636,3101,66.636,3101,66.636,3101,66.636,3101,66.636,3101,66.636,3101,66.636,3101,66.636,3101,66.636,3101,66.636,3101,66.636,3101,66.636,3101
66.780,66.713,14.100000000000001,66.713,8D8500005BA880CCCC5BA781F8A85BF8F8F8FCFCED000000,66.713,8D8500005BA880CCCC5BA781F8A85BF8F8F8FCFCED000000,66.713,8D8500005BA880CCCC5BA781F8A85BF8F8F8FCFCED000000,66.713,8D8500005BA880CCCC5BA781F8A85BF8F8F8FCFCED000000,66.713,8D8500005BA880CCCC5BA781F8A85BF8F8F8FCFCED000000,66.713,8D8500005BA880CCCC5BA781F8A85BF8F8F8FCFCED000000,66.713,8D8500005BA880CCCC5BA781F8A85BF8F8F8FCFCED000000,66.713,8D8500005BA880CCCC5BA781F8A85BF8F8F8FCFCED000000,66.713,8D8500005BA880CCCC5BA781F8A85BF8F8F8FCFCED000000,66.713,8D8500005BA880CCCC5BA781F8A85BF8F8F8FCFCED000000,66.713,8D8500005BA880CCCC5BA781F8A85BF8F8F8FCFCED000000,66.713,8D8500005BA880CCCC5BA781F8A85BF8F8F8FCFCED000000,66.713,8D8500005BA880CCCC5BA781F8A85BF8F8F8FCFCED000000,66.713,8D8500005BA880CCCC5BA781F8A85BF8F8F8FCFCED000000,66.713,252,66.713,237,66.749,0,66.749,0002,66.799,12545,66.799,3101,66.799,3101,66.799,3101,66.799,3101,66.799,3101,66.799,3101,66.799,3101,66.799,3101,66.799,3101,66.799,3101,66.799,3101,66.799,3101,66.799,3101
66.881,66.854,14.100000000000001,66.854,8D8500005BA881CCCC5BA781F9A85BF8F9F9FCFCED000000,66.854,8D8500005BA881CCCC5BA781F9A85BF8F9F9FCFCED000000,66.854,8D8500005BA881CCCC5BA781F9A85BF8F9F9FCFCED000000,66.854,8D8500005BA881CCCC5BA781F9A85BF8F9F9FCFCED000000,66.854,8D8500005BA881CCCC5BA781F9A85BF8F9F9FCFCED000000,66.854,8D8500005BA881CCCC5BA781F9A85BF8F9F9FCFCED000000,66.854,8D8500005BA881CCCC5BA781F9A85BF8F9F9FCFCED000000,66.854,8D8500005BA881CCCC5BA781F9A85BF8F9F9FCFCED000000,66.854,8D8500005BA881CCCC5BA781F9A85BF8F9F9FCFCED000000,66.854,8D8500005BA881CCCC5BA781F9A85BF8F9F9FCFCED000000,66.854,8D8500005BA881CCCC5BA781F9A85BF8F9F9FCFCED000000,66.854,8D8500005BA881CCCC5BA781F9A85BF8F9F9FCFCED000000,66.854,8D8500005BA881CCCC5BA781F9A85BF8F9F9FCFCED000000,66.854,8D8500005BA881CCCC5BA781F9A85BF8F9F9FCFCED000000,66.854,252,66.854,237,66.886,0,66.886,0002,66.886,12545,66.886,3101,66.886,3101,66.886,3101,66.886,3101,66.886,3101,66.886,3101,66.886,3101,66.886,3101,66.886,3101,66.886,3101,66.886,3101,66.886,3101,66.886,3101
66.983,66.954,14.100000000000001,66.954,8D8500005BA881CDCD5BA781F8A85BF9F8F8FCFCEC000000,66.954,8D8500005BA881CDCD5BA781F8A85BF9F8F8FCFCEC000000,66.954,8D8500005BA881CDCD5BA781F8A85BF9F8F8FCFCEC000000,66.954,8D8500005BA881CDCD5BA781F8A85BF9F8F8FCFCEC000000,66.954,8D8500005BA881CDCD5BA781F8A85BF9F8F8FCFCEC000000,66.954,8D8500005BA881CDCD5BA781F8A85BF9F8F8FCFCEC000000,66.954,8D8500005BA881CDCD5BA781F8A85BF9F8F8FCFCEC000000,66.954,8D8500005BA881CDCD5BA781F8A85BF9F8F8FCFCEC000000,66.954,8D8500005BA881CDCD5BA781F8A85BF9F8F8FCFCEC000000,66.954,8D8500005BA881CDCD5BA781F8A85BF9F8F8FCFCEC000000,66.954,8D8500005BA881CDCD5BA781F8A85BF9F8F8FCFCEC000000,66.954,8D8500005BA881CDCD5BA781F8A85BF9F8F8FCFCEC000000,66.954,8D8500005BA881CDCD5BA781F8A85BF9F8F8FCFCEC000000,66.954,8D8500005BA881CDCD5BA781F8A85BF9F8F8FCFCEC000000,66.954,252,66.954,236,66.972,0,66.972,0002,66.886,12545,66.886,3101,66.886,3101,66.886,3101,66.886,3101,66.886,3101,66.886,3101,66.886,3101,66.886,3101,66.886,3101,66.886,3101,66.886,3101,66.886,3101,66.886,3101
67.082,67.113,14.200000000000001,67.113,8E8600005CA881CDCD5BA781F9A85BF9F9F9FCFCED000000,67.113,8E8600005CA881CDCD5BA781F9A85BF9F9F9FCFCED000000,67.113,8E8600005CA881CDCD5BA781F9A85BF9F9F9FCFCED000000,67.113,8E8600005CA881CDCD5BA781F9A85BF9F9F9FCFCED000000,67.113,8E8600005CA881CDCD5BA781F9A85BF9F9F9FCFCED000000,67.113,8E8600005CA881CDCD5BA781F9A85BF9F9F9FCFCED000000,67.113,8E8600005CA881CDCD5BA781F9A85BF9F9F9FCFCED000000,67.113,8E8600005CA881CDCD5BA781F9A85BF9F9F9FCFCED000000,67.113,8E8600005CA881CDCD5BA781F9A85BF9F9F9FCFCED000000,67.113,8E8600005CA881CDCD5BA781F9A85BF9F9F9FCFCED000000,67.113,8E8600005CA881CDCD5BA781F9A85BF9F9F9FCFCED000000,67.113,8E8600005CA881CDCD5BA781F9A85BF9F9F9FCFCED000000,67.113,8E8600005CA881CDCD5BA781F9A85BF9F9F9FCFCED000000,67.113,8E8600005CA881CDCD5BA781F9A85BF9F9F9FCFCED000000,67.113,252,67.113,237,67.038,0,67.038,0002,67.038,12545,67.038,3101,67.038,3101,67.038,3101,67.038,3101,67.038,3101,67.038,3101,67.038,3101,67.038,3101,67.038,3101,67.038,3101,67.038,3101,67.038,3101,67.038,3101
67.183,67.113,14.200000000000001,67.113,8E8600005CA881CDCD5BA781F9A85BF9F9F9FCFCED000000,67.113,8E8600005CA881CDCD5BA781F9A85BF9F9F9FCFCED000000,67.113,8E8600005CA881CDCD5BA781F9A85BF9F9F9FCFCED000000,67.113,8E8600005CA881CDCD5BA781F9A85BF9F9F9FCFCED000000,67.113,8E8600005CA881CDCD5BA781F9A85BF9F9F9FCFCED000000,67.113,8E8600005CA881CDCD5BA781F9A85BF9F9F9FCFCED000000,67.113,8E8600005CA881CDCD5BA781F9A85BF9F9F9FCFCED000000,67.113,8E8600005CA881CDCD5BA781F9A85BF9F9F9FCFCED000000,67.113,8E8600005CA881CDCD5BA781F9A85BF9F9F9FCFCED000000,67.113,8E8600005CA881CDCD5BA781F9A85BF9F9F9FCFCED000000,67.113,8E8600005CA881CDCD5BA781F9A85BF9F9F9FCFCED000000,67.113,8E8600005CA881CDCD5BA781F9A85BF9F9F9FCFCED000000,67.113,8E8600005CA881CDCD5BA781F9A85BF9F9F9FCFCED000000,67.113,8E8600005CA881CDCD5BA781F9A85BF9F9F9FCFCED000000,67.113,252,67.113,237,67.148,0,67.148,0002,67.148,12545,67.148,3101,67.148,3101,67.148,3101,67.148,3101,67.148,3101,67.148,3101,67.148,3101,67.148,3101,67.148,3101,67.148,3101,67.148,3101,67.148,3101,67.148,3101
67.282,67.213,14.100000000000001,67.213,8D8500005BA881CDCD80A781F9A880F9F9F9FCFCED000000,67.213,8D8500005BA881CDCD80A781F9A880F9F9F9FCFCED000000,67.213,8D8500005BA881CDCD80A781F9A880F9F9F9FCFCED000000,67.213,8D8500005BA881CDCD80A781F9A880F9F9F9FCFCED000000,67.213,8D8500005BA881CDCD80A781F9A880F9F9F9FCFCED000000,67.213,8D8500005BA881CDCD80A781F9A880F9F9F9FCFCED000000,67.213,8D8500005BA881CDCD80A781F9A880F9F9F9FCFCED000000,67.213,8D8500005BA881CDCD80A781F9A880F9F9F9FCFCED000000,67.213,8D8500005BA881CDCD80A781F9A880F9F9F9FCFCED000000,67.213,8D8500005BA881CDCD80A781F9A880F9F9F9FCFCED000000,67.213,8D8500005BA881CDCD80A781F9A880F9F9F9FCFCED000000,67.213,8D8500005BA881CDCD80A781F9A880F9F9F9FCFCED000000,67.213,8D8500005BA881CDCD80A781F9A880F9F9F9FCFCED000000,67.213,8D8500005BA881CDCD80A781F9A880F9F9F9FCFCED000000,67.213,252,67.213,237,67.249,0,67.249,0002,67.298,12547,67.298,3103,67.298,3103,67.298,3103,67.298,3103,67.298,3103,67.298,3103,67.298,3103,67.298,3103,67.298,3103,67.298,3103,67.298,3103,67.298,3103,67.298,3103
67.382,67.413,14.100000000000001,67.413,8D8500005BA880CDCD80A781F9A880F9F9F9FCFCED000000,67.413,8D8500005BA880CDCD80A781F9A880F9F9F9FCFCED000000,67.413,8D8500005BA880CDCD80A781F9A880F9F9F9FCFCED000000,67.413,8D8500005BA880CDCD80A781F9A880F9F9F9FCFCED000000,67.413,8D8500005BA880CDCD80A781F9A880F9F9F9FCFCED000000,67.413,8D8500005BA880CDCD80A781F9A880F9F9F9FCFCED000000,67.413,8D8500005BA880CDCD80A781F9A880F9F9F9FCFCED000000,67.413,8D8500005BA880CDCD80A781F9A880F9F9F9FCFCED000000,67.413,8D8500005BA880CDCD80A781F9A880F9F9F9FCFCED000000,67.413,8D8500005BA880CDCD80A781F9A880F9F9F9FCFCED000000,67.413,8D8500005BA880CDCD80A781F9A880F9F9F9FCFCED000000,67.413,8D8500005BA880CDCD80A781F9A880F9F9F9FCFCED000000,67.413,8D8500005BA880CDCD80A781F9A880F9F9F9FCFCED000000,67.413,8D8500005BA880CDCD80A781F9A880F9F9F9FCFCED000000,67.413,252,67.413,237,67.365,0,67.365,0002,67.298,12547,67.298,3103,67.298,3103,67.298,3103,67.298,3103,67.298,3103,67.298,3103,67.298,3103,67.298,3103,67.298,3103,67.298,3103,67.298,3103,67.298,3103,67.298,3103
67.482,67.513,14.200000000000001,67.513,8E8600005BA881CDCDA7A781F9A8A7F8F9F9FF01ED000000,67.513,8E8600005BA881CDCDA7A781F9A8A7F8F9F9FF01ED000000,67.513,8E8600005BA881CDCDA7A781F9A8A7F8F9F9FF01ED000000,67.513,8E8600005BA881CDCDA7A781F9A8A7F8F9F9FF01ED000000,67.513,8E8600005BA881CDCDA7A781F9A8A7F8F9F9FF01ED000000,67.513,8E8600005BA881CDCDA7A781F9A8A7F8F9F9FF01ED000000,67.513,8E8600005BA881CDCDA7A781F9A8A7F8F9F9FF01ED000000,67.513,8E8600005BA881CDCDA7A781F9A8A7F8F9F9FF01ED000000,67.513,8E8600005BA881CDCDA7A781F9A8A7F8F9F9FF01ED000000,67.513,8E8600005BA881CDCDA7A781F9A8A7F8F9F9FF01ED000000,67.513,8E8600005BA881CDCDA7A781F9A8A7F8F9F9FF01ED000000,67.513,8E8600005BA881CDCDA7A781F9A8A7F8F9F9FF01ED000000,67.513,8E8600005BA881CDCDA7A781F9A8A7F8F9F9FF01ED000000,67.513,8E8600005BA881CDCDA7A781F9A8A7F8F9F9FF01ED000000,67.513,1,67.513,237,67.428,0,67.428,0002,67.428,12547,67.428,3103,67.428,3103,67.428,3103,67.428,3103,67.428,3103,67.428,3103,67.428,3103,67.428,3103,67.428,3103,67.428,3103,67.428,3103,67.428,3103,67.428,3103
67.583,67.513,14.200000000000001,67.513,8E8600005BA881CDCDA7A781F9A8A7F8F9F9FF01ED000000,67.513,8E8600005BA881CDCDA7A781F9A8A7F8F9F9FF01ED000000,67.513,8E8600005BA881CDCDA7A781F9A8A7F8F9F9FF01ED000000,67.513,8E8600005BA881CDCDA7A781F9A8A7F8F9F9FF01ED000000,67.513,8E8600005BA881CDCDA7A781F9A8A7F8F9F9FF01ED000000,67.513,8E8600005BA881CDCDA7A781F9A8A7F8F9F9FF01ED000000,67.513,8E8600005BA881CDCDA7A781F9A8A7F8F9F9FF01ED000000,67.513,8E8600005BA881CDCDA7A781F9A8A7F8F9F9FF01ED000000,67.513,8E8600005BA881CDCDA7A781F9A8A7F8F9F9FF01ED000000,67.513,8E8600005BA881CDCDA7A781F9A8A7F8F9F9FF01ED000000,67.513,8E8600005BA881CDCDA7A781F9A8A7F8F9F9FF01ED000000,67.513,8E8600005BA881CDCDA7A781F9A8A7F8F9F9FF01ED000000,67.513,8E8600005BA881CDCDA7A781F9A8A7F8F9F9FF01ED000000,67.513,8E8600005BA881CDCDA7A781F9A8A7F8F9F9FF01ED000000,67.513,1,67.513,237,67.528,0,67.528,0000,67.528,8192,67.528,2000,67.528,2000,67.528,2000,67.528,2000,67.528,2000,67.528,2000,67.528,2000,67.528,2000,67.528,2000,67.528,2000,67.528,2000,67.528,2000,67.528,2000
67.682,67.714,14.200000000000001,67.714,8E8600005CA881CDCDA7A781F9A8A7F9F9F9FF01ED000000,67.714,8E8600005CA881CDCDA7A781F9A8A7F9F9F9FF01ED000000,67.714,8E8600005CA881CDCDA7A781F9A8A7F9F9F9FF01ED000000,67.714,8E8600005CA881CDCDA7A781F9A8A7F9F9F9FF01ED000000,67.714,8E8600005CA881CDCDA7A781F9A8A7F9F9F9FF01ED000000,67.714,8E8600005CA881CDCDA7A781F9A8A7F9F9F9FF01ED000000,67.714,8E8600005CA881CDCDA7A781F9A8A7F9F9F9FF01ED000000,67.714,8E8600005CA881CDCDA7A781F9A8A7F9F9F9FF01ED000000,67.714,8E8600005CA881CDCDA7A781F9A8A7F9F9F9FF01ED000000,67.714,8E8600005CA881CDCDA7A781F9A8A7F9F9F9FF01ED000000,67.714,8E8600005CA881CDCDA7A781F9A8A7F9F9F9FF01ED000000,67.714,8E8600005CA881CDCDA7A781F9A8A7F9F9F9FF01ED000000,67.714,8E8600005CA881CDCDA7A781F9A8A7F9F9F9FF01ED000000,67.714,8E8600005CA881CDCDA7A781F9A8A7F9F9F9FF01ED000000,67.714,1,67.714,237,67.638,0,67.638,0000,67.638,8192,67.638,2000,67.638,2000,67.638,2000,67.638,2000,67.638,2000,67.638,2000,67.638,2000,67.638,2000,67.638,2000,67.638,2000,67.638,2000,67.638,2000,67.638,2000
67.784,67.714,14.200000000000001,67.714,8E8600005CA881CDCDA7A781F9A8A7F9F9F9FF01ED000000,67.714,8E8600005CA881CDCDA7A781F9A8A7F9F9F9FF01ED000000,67.714,8E8600005CA881CDCDA7A781F9A8A7F9F9F9FF01ED000000,67.714,8E8600005CA881CDCDA7A781F9A8A7F9F9F9FF01ED000000,67.714,8E8600005CA881CDCDA7A781F9A8A7F9F9F9FF01ED000000,67.714,8E8600005CA881CDCDA7A781F9A8A7F9F9F9FF01ED000000,67.714,8E8600005CA881CDCDA7A781F9A8A7F9F9F9FF01ED000000,67.714,8E8600005CA881CDCDA7A781F9A8A7F9F9F9FF01ED000000,67.714,8E8600005CA881CDCDA7A781F9A8A7F9F9F9FF01ED000000,67.714,8E8600005CA881CDCDA7A781F9A8A7F9F9F9FF01ED000000,67.714,8E8600005CA881CDCDA7A781F9A8A7F9F9F9FF01ED000000,67.714,8E8600005CA881CDCDA7A781F9A8A7F9F9F9FF01ED000000,67.714,8E8600005CA881CDCDA7A781F9A8A7F9F9F9FF01ED000000,67.714,8E8600005CA881CDCDA7A781F9A8A7F9F9F9FF01ED000000,67.714,1,67.714,237,67.738,0,67.738,0000,67.798,8192,67.798,2000,67.798,2000,67.798,2000,67.798,2000,67.798,2000,67.798,2000,67.798,2000,67.798,2000,67.798,2000,67.798,2000,67.798,2000,67.798,2000,67.798,2000
67.884,67.845,14.200000000000001,67.845,8E8600005BA780CCCCA6A781F8A7A6F8F8F8FF01ED000000,67.845,8E8600005BA780CCCCA6A781F8A7A6F8F8F8FF01ED000000,67.845,8E8600005BA780CCCCA6A781F8A7A6F8F8F8FF01ED000000,67.845,8E8600005BA780CCCCA6A781F8A7A6F8F8F8FF01ED000000,67.845,8E8600005BA780CCCCA6A781F8A7A6F8F8F8FF01ED000000,67.845,8E8600005BA780CCCCA6A781F8A7A6F8F8F8FF01ED000000,67.845,8E8600005BA780CCCCA6A781F8A7A6F8F8F8FF01ED000000,67.845,8E8600005BA780CCCCA6A781F8A7A6F8F8F8FF01ED000000,67.845,8E8600005BA780CCCCA6A781F8A7A6F8F8F8FF01ED000000,67.845,8E8600005BA780CCCCA6A781F8A7A6F8F8F8FF01ED000000,67.845,8E8600005BA780CCCCA6A781F8A7A6F8F8F8FF01ED000000,67.845,8E8600005BA780CCCCA6A781F8A7A6F8F8F8FF01ED000000,67.845,8E8600005BA780CCCCA6A781F8A7A6F8F8F8FF01ED000000,67.845,8E8600005BA780CCCCA6A781F8A7A6F8F8F8FF01ED000000,67.845,1,67.845,237,67.858,0,67.858,0000,67.798,8192,67.798,2000,67.798,2000,67.798,2000,67.798,2000,67.798,2000,67.798,2000,67.798,2000,67.798,2000,67.798,2000,67.798,2000,67.798,2000,67.798,2000,67.798,2000
67.983,67.914,14.100000000000001,67.914,8D8500005BA880CDCDA6A781F9A8A6F8F9F9FF01ED000000,67.914,8D8500005BA880CDCDA6A781F9A8A6F8F9F9FF01ED000000,67.914,8D8500005BA880CDCDA6A781F9A8A6F8F9F9FF01ED000000,67.914,8D8500005BA880CDCDA6A781F9A8A6F8F9F9FF01ED000000,67.914,8D8500005BA880CDCDA6A781F9A8A6F8F9F9FF01ED000000,67.914,8D8500005BA880CDCDA6A781F9A8A6F8F9F9FF01ED000000,67.914,8D8500005BA880CDCDA6A781F9A8A6F8F9F9FF01ED000000,67.914,8D8500005BA880CDCDA6A781F9A8A6F8F9F9FF01ED000000,67.914,8D8500005BA880CDCDA6A781F9A8A6F8F9F9FF01ED000000,67.914,8D8500005BA880CDCDA6A781F9A8A6F8F9F9FF01ED000000,67.914,8D8500005BA880CDCDA6A781F9A8A6F8F9F9FF01ED000000,67.914,8D8500005BA880CDCDA6A781F9A8A6F8F9F9FF01ED000000,67.914,8D8500005BA880CDCDA6A781F9A8A6F8F9F9FF01ED000000,67.914,8D8500005BA880CDCDA6A781F9A8A6F8F9F9FF01ED000000,67.914,1,67.914,237,67.937,0,67.937,0000,67.937,8192,67.937,2000,67.937,2000,67.937,2000,67.937,2000,67.937,2000,67.937,2000,67.937,2000,67.937,2000,67.937,2000,67.937,2000,67.937,2000,67.937,2000,67.937,2000
68.084,68.023,14.100000000000001,68.023,8D8500005BA881CDCDA7A781F9A8A7F9F9F9FF01ED000000,68.023,8D8500005BA881CDCDA7A781F9A8A7F9F9F9FF01ED000000,68.023,8D8500005BA881CDCDA7A781F9A8A7F9F9F9FF01ED000000,68.023,8D8500005BA881CDCDA7A781F9A8A7F9F9F9FF01ED000000,68.023,8D8500005BA881CDCDA7A781F9A8A7F9F9F9FF01ED000000,68.023,8D8500005BA881CDCDA7A781F9A8A7F9F9F9FF01ED000000,68.023,8D8500005BA881CDCDA7A781F9A8A7F9F9F9FF01ED000000,68.023,8D8500005BA881CDCDA7A781F9A8A7F9F9F9FF01ED000000,68.023,8D8500005BA881CDCDA7A781F9A8A7F9F9F9FF01ED000000,68.023,8D8500005BA881CDCDA7A781F9A8A7F9F9F9FF01ED000000,68.023,8D8500005BA881CDCDA7A781F9A8A7F9F9F9FF01ED000000,68.023,8D8500005BA881CDCDA7A781F9A8A7F9F9F9FF01ED000000,68.023,8D8500005BA881CDCDA7A781F9A8A7F9F9F9FF01ED000000,68.023,8D8500005BA881CDCDA7A781F9A8A7F9F9F9FF01ED000000,68.023,1,68.023,237,68.048,0,68.048,0000,68.048,8192,68.048,2000,68.048,2000,68.048,2000,68.048,2000,68.048,2000,68.048,2000,68.048,2000,68.048,2000,68.048,2000,68.048,2000,68.048,2000,68.048,2000,68.048,2000
68.183,68.113,14.100000000000001,68.113,8D8500005CA881CCCC5BA781F9A85BF9F9F9FCFCED000000,68.113,8D8500005CA881CCCC5BA781F9A85BF9F9F9FCFCED000000,68.113,8D8500005CA881CCCC5BA781F9A85BF9F9F9FCFCED000000,68.113,8D8500005CA881CCCC5BA781F9A85BF9F9F9FCFCED000000,68.113,8D8500005CA881CCCC5BA781F9A85BF9F9F9FCFCED000000,68.113,8D8500005CA881CCCC5BA781F9A85BF9F9F9FCFCED000000,68.113,8D8500005CA881CCCC5BA781F9A85BF9F9F9FCFCED000000,68.113,8D8500005CA881CCCC5BA781F9A85BF9F9F9FCFCED000000,68.113,8D8500005CA881CCCC5BA781F9A85BF9F9F9FCFCED000000,68.113,8D8500005CA881CCCC5BA781F9A85BF9F9F9FCFCED000000,68.113,8D8500005CA881CCCC5BA781F9A85BF9F9F9FCFCED000000,68.113,8D8500005CA881CCCC5BA781F9A85BF9F9F9FCFCED000000,68.113,8D8500005CA881CCCC5BA781F9A85BF9F9F9FCFCED000000,68.113,8D8500005CA881CCCC5BA781F9A85BF9F9F9FCFCED000000,68.113,252,68.113,237,68.136,0,68.136,0000,68.136,8192,68.136,2000,68.136,2000,68.136,2000,68.136,2000,68.136,2000,68.136,2000,68.136,2000,68.136,2000,68.136,2000,68.136,2000,68.136,2000,68.136,2000,68.136,2000
68.280,68.214,14.100000000000001,68.214,8D8500005CA881CDCD5BA881F9A85BFAF9F9FCFDED000000,68.214,8D8500005CA881CDCD5BA881F9A85BFAF9F9FCFDED000000,68.214,8D8500005CA881CDCD5BA881F9A85BFAF9F9FCFDED000000,68.214,8D8500005CA881CDCD5BA881F9A85BFAF9F9FCFDED000000,68.214,8D8500005CA881CDCD5BA881F9A85BFAF9F9FCFDED000000,68.214,8D8500005CA881CDCD5BA881F9A85BFAF9F9FCFDED000000,68.214,8D8500005CA881CDCD5BA881F9A85BFAF9F9FCFDED000000,68.214,8D8500005CA881CDCD5BA881F9A85BFAF9F9FCFDED000000,68.214,8D8500005CA881CDCD5BA881F9A85BFAF9F9FCFDED000000,68.214,8D8500005CA881CDCD5BA881F9A85BFAF9F9FCFDED000000,68.214,8D8500005CA881CDCD5BA881F9A85BFAF9F9FCFDED000000,68.214,8D8500005CA881CDCD5BA881F9A85BFAF9F9FCFDED000000,68.214,8D8500005CA881CDCD5BA881F9A85BFAF9F9FCFDED000000,68.214,8D8500005CA881CDCD5BA881F9A85BFAF9F9FCFDED000000,68.214,253,68.214,237,68.249,0,68.249,0002,68.299,12545,68.299,3101,68.299,3101,68.299,3101,68.299,3101,68.299,3101,68.299,3101,68.299,3101,68.299,3101,68.299,3101,68.299,3101,68.299,3101,68.299,3101,68.299,3101
68.381,68.355,14.100000000000001,68.355,8D8500005BA880CDCD5BA781F8A85BF9F9F9FCFCED000000,68.355,8D8500005BA880CDCD5BA781F8A85BF9F9F9FCFCED000000,68.355,8D8500005BA880CDCD5BA781F8A85BF9F9F9FCFCED000000,68.355,8D8500005BA880CDCD5BA781F8A85BF9F9F9FCFCED000000,68.355,8D8500005BA880CDCD5BA781F8A85BF9F9F9FCFCED000000,68.355,8D8500005BA880CDCD5BA781F8A85BF9F9F9FCFCED000000,68.355,8D8500005BA880CDCD5BA781F8A85BF9F9F9FCFCED000000,68.355,8D8500005BA880CDCD5BA781F8A85BF9F9F9FCFCED000000,68.355,8D8500005BA880CDCD5BA781F8A85BF9F9F9FCFCED000000,68.355,8D8500005BA880CDCD5BA781F8A85BF9F9F9FCFCED000000,68.355,8D8500005BA880CDCD5BA781F8A85BF9F9F9FCFCED000000,68.355,8D8500005BA880CDCD5BA781F8A85BF9F9F9FCFCED000000,68.355,8D8500005BA880CDCD5BA781F8A85BF9F9F9FCFCED000000,68.355,8D8500005BA880CDCD5BA781F8A85BF9F9F9FCFCED000000,68.355,252,68.355,237,68.376,0,68.376,0002,68.376,12545,68.376,3101,68.376,3101,68.376,3101,68.376,3101,68.376,3101,68.376,3101,68.376,3101,68.376,3101,68.376,3101,68.376,3101,68.376,3101,68.376,3101,68.376,3101
68.483,68.424,14.100000000000001,68.424,8D8500005BA881CCCC5BA781F9A85BF9F9F9FCFCED000000,68.424,8D8500005BA881CCCC5BA781F9A85BF9F9F9FCFCED000000,68.424,8D8500005BA881CCCC5BA781F9A85BF9F9F9FCFCED000000,68.424,8D8500005BA881CCCC5BA781F9A85BF9F9F9FCFCED000000,68.424,8D8500005BA881CCCC5BA781F9A85BF9F9F9FCFCED000000,68.424,8D8500005BA881CCCC5BA781F9A85BF9F9F9FCFCED000000,68.424,8D8500005BA881CCCC5BA781F9A85BF9F9F9FCFCED000000,68.424,8D8500005BA881CCCC5BA781F9A85BF9F9F9FCFCED000000,68.424,8D8500005BA881CCCC5BA781F9A85BF9F9F9FCFCED000000,68.424,8D8500005BA881CCCC5BA781F9A85BF9F9F9FCFCED000000,68.424,8D8500005BA881CCCC5BA781F9A85BF9F9F9FCFCED000000,68.424,8D8500005BA881CCCC5BA781F9A85BF9F9F9FCFCED000000,68.424,8D8500005BA881CCCC5BA781F9A85BF9F9F9FCFCED000000,68.424,8D8500005BA881CCCC5BA781F9A85BF9F9F9FCFCED000000,68.424,252,68.424,237,68.438,0,68.438,0002,68.376,12545,68.376,3101,68.376,3101,68.376,3101,68.376,3101,68.376,3101,68.376,3101,68.376,3101,68.376,3101,68.376,3101,68.376,3101,68.376,3101,68.376,3101,68.376,3101
68.583,68.514,14.100000000000001,68.514,8D8500005BA880CCCC5BA781F9A85BF9F9F9FCFCED000000,68.514,8D8500005BA880CCCC5BA781F9A85BF9F9F9FCFCED000000,68.514,8D8500005BA880CCCC5BA781F9A85BF9F9F9FCFCED000000,68.514,8D8500005BA880CCCC5BA781F9A85BF9F9F9FCFCED000000,68.514,8D8500005BA880CCCC5BA781F9A85BF9F9F9FCFCED000000,68.514,8D8500005BA880CCCC5BA781F9A85BF9F9F9FCFCED000000,68.514,8D8500005BA880CCCC5BA781F9A85BF9F9F9FCFCED000000,68.514,8D8500005BA880CCCC5BA781F9A85BF9F9F9FCFCED000000,68.514,8D8500005BA880CCCC5BA781F9A85BF9F9F9FCFCED000000,68.514,8D8500005BA880CCCC5BA781F9A85BF9F9F9FCFCED000000,68.514,8D8500005BA880CCCC5BA781F9A85BF9F9F9FCFCED000000,68.514,8D8500005BA880CCCC5BA781F9A85BF9F9F9FCFCED000000,68.514,8D8500005BA880CCCC5BA781F9A85BF9F9F9FCFCED000000,68.514,8D8500005BA880CCCC5BA781F9A85BF9F9F9FCFCED000000,68.514,252,68.514,237,68.536,0,68.536,0002,68.536,12545,68.536,3101,68.536,3101,68.536,3101,68.536,3101,68.536,3101,68.536,3101,68.536,3101,68.536,3101,68.536,3101,68.536,3101,68.536,3101,68.536,3101,68.536,3101
68.682,68.713,14.200000000000001,68.713,8E8600005CA881CDCD81A881F9A881F9F9F9FCFCED000000,68.713,8E8600005CA881CDCD81A881F9A881F9F9F9FCFCED000000,68.713,8E8600005CA881CDCD81A881F9A881F9F9F9FCFCED000000,68.713,8E8600005CA881CDCD81A881F9A881F9F9F9FCFCED000000,68.713,8E8600005CA881CDCD81A881F9A881F9F9F9FCFCED000000,68.713,8E8600005CA881CDCD81A881F9A881F9F9F9FCFCED000000,68.713,8E8600005CA881CDCD81A881F9A881F9F9F9FCFCED000000,68.713,8E8600005CA881CDCD81A881F9A881F9F9F9FCFCED000000,68.713,8E8600005CA881CDCD81A881F9A881F9F9F9FCFCED000000,68.713,8E8600005CA881CDCD81A881F9A881F9F9F9FCFCED000000,68.713,8E8600005CA881CDCD81A881F9A881F9F9F9FCFCED000000,68.713,8E8600005CA881CDCD81A881F9A881F9F9F9FCFCED000000,68.713,8E8600005CA881CDCD81A881F9A881F9F9F9FCFCED000000,68.713,8E8600005CA881CDCD81A881F9A881F9F9F9FCFCED000000,68.713,252,68.713,237,68.645,0,68.645,0002,68.645,12545,68.645,3101,68.645,3101,68.645,3101,68.645,3101,68.645,3101,68.645,3101,68.645,3101,68.645,3101,68.645,3101,68.645,3101,68.645,3101,68.645,3101,68.645,3101
68.784,68.713,14.200000000000001,68.713,8E8600005CA881CDCD81A881F9A881F9F9F9FCFCED000000,68.713,8E8600005CA881CDCD81A881F9A881F9F9F9FCFCED000000,68.713,8E8600005CA881CDCD81A881F9A881F9F9F9FCFCED000000,68.713,8E8600005CA881CDCD81A881F9A881F9F9F9FCFCED000000,68.713,8E8600005CA881CDCD81A881F9A881F9F9F9FCFCED000000,68.713,8E8600005CA881CDCD81A881F9A881F9F9F9FCFCED000000,68.713,8E8600005CA881CDCD81A881F9A881F9F9F9FCFCED000000,68.713,8E8600005CA881CDCD81A881F9A881F9F9F9FCFCED000000,68.713,8E8600005CA881CDCD81A881F9A881F9F9F9FCFCED000000,68.713,8E8600005CA881CDCD81A881F9A881F9F9F9FCFCED000000,68.713,8E8600005CA881CDCD81A881F9A881F9F9F9FCFCED000000,68.713,8E8600005CA881CDCD81A881F9A881F9F9F9FCFCED000000,68.713,8E8600005CA881CDCD81A881F9A881F9F9F9FCFCED000000,68.713,8E8600005CA881CDCD81A881F9A881F9F9F9FCFCED000000,68.713,252,68.713,237,68.738,0,68.738,0002,68.799,12547,68.799,3103,68.799,3103,68.799,3103,68.799,3103,68.799,3103,68.799,3103,68.799,3103,68.799,3103,68.799,3103,68.799,3103,68.799,3103,68.799,3103,68.799,3103
68.883,68.844,14.100000000000001,68.844,8D8500005CA881CDCD80A881F9A880F9F9F9FDFCED000000,68.844,8D8500005CA881CDCD80A881F9A880F9F9F9FDFCED000000,68.844,8D8500005CA881CDCD80A881F9A880F9F9F9FDFCED000000,68.844,8D8500005CA881CDCD80A881F9A880F9F9F9FDFCED000000,68.844,8D8500005CA881CDCD80A881F9A880F9F9F9FDFCED000000,68.844,8D8500005CA881CDCD80A881F9A880F9F9F9FDFCED000000,68.844,8D8500005CA881CDCD80A881F9A880F9F9F9FDFCED000000,68.844,8D8500005CA881CDCD80A881F9A880F9F9F9FDFCED000000,68.844,8D8500005CA881CDCD80A881F9A880F9F9F9FDFCED000000,68.844,8D8500005CA881CDCD80A881F9A880F9F9F9FDFCED000000,68.844,8D8500005CA881CDCD80A881F9A880F9F9F9FDFCED000000,68.844,8D8500005CA881CDCD80A881F9A880F9F9F9FDFCED000000,68.844,8D8500005CA881CDCD80A881F9A880F9F9F9FDFCED000000,68.844,8D8500005CA881CDCD80A881F9A880F9F9F9FDFCED000000,68.844,252,68.844,237,68.869,0,68.869,0002,68.799,12547,68.799,3103,68.799,3103,68.799,3103,68.799,3103,68.799,3103,68.799,3103,68.799,3103,68.799,3103,68.799,3103,68.799,3103,68.799,3103,68.799,3103,68.799,3103
68.984,68.934,14.100000000000001,68.934,8D8500005CA881CDCD80A881F9A880FAF9F9FCFDED000000,68.934,8D8500005CA881CDCD80A881F9A880FAF9F9FCFDED000000,68.934,8D8500005CA881CDCD80A881F9A880FAF9F9FCFDED000000,68.934,8D8500005CA881CDCD80A881F9A880FAF9F9FCFDED000000,68.934,8D8500005CA881CDCD80A881F9A880FAF9F9FCFDED000000,68.934,8D8500005CA881CDCD80A881F9A880FAF9F9FCFDED000000,68.934,8D8500005CA881CDCD80A881F9A880FAF9F9FCFDED000000,68.934,8D8500005CA881CDCD80A881F9A880FAF9F9FCFDED000000,68.934,8D8500005CA881CDCD80A881F9A880FAF9F9FCFDED000000,68.934,8D8500005CA881CDCD80A881F9A880FAF9F9FCFDED000000,68.934,8D8500005CA881CDCD80A881F9A880FAF9F9FCFDED000000,68.934,8D8500005CA881CDCD80A881F9A880FAF9F9FCFDED000000,68.934,8D8500005CA881CDCD80A881F9A880FAF9F9FCFDED000000,68.934,8D8500005CA881CDCD80A881F9A880FAF9F9FCFDED000000,68.934,253,68.934,237,68.957,0,68.957,0002,68.957,12547,68.957,3103,68.957,3103,68.957,3103,68.957,3103,68.957,3103,68.957,3103,68.957,3103,68.957,3103,68.957,3103,68.957,3103,68.957,3103,68.957,3103,68.957,3103
69.083,69.024,14.100000000000001,69.024,8D8500005CA881CDCD80A881F9A880FAFAFAFCFDED000000,69.024,8D8500005CA881CDCD80A881F9A880FAFAFAFCFDED000000,69.024,8D8500005CA881CDCD80A881F9A880FAFAFAFCFDED000000,69.024,8D8500005CA881CDCD80A881F9A880FAFAFAFCFDED000000,69.024,8D8500005CA881CDCD80A881F9A880FAFAFAFCFDED000000,69.024,8D8500005CA881CDCD80A881F9A880FAFAFAFCFDED000000,69.024,8D8500005CA881CDCD80A881F9A880FAFAFAFCFDED000000,69.024,8D8500005CA881CDCD80A881F9A880FAFAFAFCFDED000000,69.024,8D8500005CA881CDCD80A881F9A880FAFAFAFCFDED000000,69.024,8D8500005CA881CDCD80A881F9A880FAFAFAFCFDED000000,69.024,8D8500005CA881CDCD80A881F9A880FAFAFAFCFDED000000,69.024,8D8500005CA881CDCD80A881F9A880FAFAFAFCFDED000000,69.024,8D8500005CA881CDCD80A881F9A880FAFAFAFCFDED000000,69.024,8D8500005CA881CDCD80A881F9A880FAFAFAFCFDED000000,69.024,253,69.024,237,69.037,0,69.037,0002,69.037,12547,69.037,3103,69.037,3103,69.037,3103,69.037,3103,69.037,3103,69.037,3103,69.037,3103,69.037,3103,69.037,3103,69.037,3103,69.037,3103,69.037,3103,69.037,3103
69.181,69.114,14.100000000000001,69.114,8D8500005CA881CDCD80A781F9A880F9F9F9FCFCED000000,69.114,8D8500005CA881CDCD80A781F9A880F9F9F9FCFCED000000,69.114,8D8500005CA881CDCD80A781F9A880F9F9F9FCFCED000000,69.114,8D8500005CA881CDCD80A781F9A880F9F9F9FCFCED000000,69.114,8D8500005CA881CDCD80A781F9A880F9F9F9FCFCED000000,69.114,8D8500005CA881CDCD80A781F9A880F9F9F9FCFCED000000,69.114,8D8500005CA881CDCD80A781F9A880F9F9F9FCFCED000000,69.114,8D8500005CA881CDCD80A781F9A880F9F9F9FCFCED000000,69.114,8D8500005CA881CDCD80A781F9A880F9F9F9FCFCED000000,69.114,8D8500005CA881CDCD80A781F9A880F9F9F9FCFCED000000,69.114,8D8500005CA881CDCD80A781F9A880F9F9F9FCFCED000000,69.114,8D8500005CA881CDCD80A781F9A880F9F9F9FCFCED000000,69.114,8D8500005CA881CDCD80A781F9A880F9F9F9FCFCED000000,69.114,8D8500005CA881CDCD80A781F9A880F9F9F9FCFCED000000,69.114,252,69.114,237,69.137,0,69.137,0002,69.137,12547,69.137,3103,69.137,3103,69.137,3103,69.137,3103,69.137,3103,69.137,3103,69.137,3103,69.137,3103,69.137,3103,69.137,3103,69.137,3103,69.137,3103,69.137,3103
69.283,69.214,14.100000000000001,69.214,8D8500005CA881CDCD81A881F9A881FAF9F9FCFDED000000,69.214,8D8500005CA881CDCD81A881F9A881FAF9F9FCFDED000000,69.214,8D8500005CA881CDCD81A881F9A881FAF9F9FCFDED000000,69.214,8D8500005CA881CDCD81A881F9A881FAF9F9FCFDED000000,69.214,8D8500005CA881CDCD81A881F9A881FAF9F9FCFDED000000,69.214,8D8500005CA881CDCD81A881F9A881FAF9F9FCFDED000000,69.214,8D8500005CA881CDCD81A881F9A881FAF9F9FCFDED000000,69.214,8D8500005CA881CDCD81A881F9A881FAF9F9FCFDED000000,69.214,8D8500005CA881CDCD81A881F9A881FAF9F9FCFDED000000,69.214,8D8500005CA881CDCD81A881F9A881FAF9F9FCFDED000000,69.214,8D8500005CA881CDCD81A881F9A881FAF9F9FCFDED000000,69.214,8D8500005CA881CDCD81A881F9A881FAF9F9FCFDED000000,69.214,8D8500005CA881CDCD81A881F9A881FAF9F9FCFDED000000,69.214,8D8500005CA881CDCD81A881F9A881FAF9F9FCFDED000000,69.214,253,69.214,237,69.238,0,69.238,0002,69.238,12547,69.238,3103,69.238,3103,69.238,3103,69.238,3103,69.238,3103,69.238,3103,69.238,3103,69.238,3103,69.238,3103,69.238,3103,69.238,3103,69.238,3103,69.238,3103
69.381,69.364,14.200000000000001,69.364,8E8600005BA881CDCD80A881F9A880F9F9F9FCFCED000000,69.364,8E8600005BA881CDCD80A881F9A880F9F9F9FCFCED000000,69.364,8E8600005BA881CDCD80A881F9A880F9F9F9FCFCED000000,69.364,8E8600005BA881CDCD80A881F9A880F9F9F9FCFCED000000,69.364,8E8600005BA881CDCD80A881F9A880F9F9F9FCFCED000000,69.364,8E8600005BA881CDCD80A881F9A880F9F9F9FCFCED000000,69.364,8E8600005BA881CDCD80A881F9A880F9F9F9FCFCED000000,69.364,8E8600005BA881CDCD80A881F9A880F9F9F9FCFCED000000,69.364,8E8600005BA881CDCD80A881F9A880F9F9F9FCFCED000000,69.364,8E8600005BA881CDCD80A881F9A880F9F9F9FCFCED000000,69.364,8E8600005BA881CDCD80A881F9A880F9F9F9FCFCED000000,69.364,8E8600005BA881CDCD80A881F9A880F9F9F9FCFCED000000,69.364,8E8600005BA881CDCD80A881F9A880F9F9F9FCFCED000000,69.364,8E8600005BA881CDCD80A881F9A880F9F9F9FCFCED000000,69.364,252,69.364,237,69.390,0,69.390,0002,69.390,12547,69.390,3103,69.390,3103,69.390,3103,69.390,3103,69.390,3103,69.390,3103,69.390,3103,69.390,3103,69.390,3103,69.390,3103,69.390,3103,69.390,3103,69.390,3103
69.482,69.514,14.100000000000001,69.514,8D8500005CA881CDCD5BA781F9A85BF9F9F9FCFCED000000,69.514,8D8500005CA881CDCD5BA781F9A85BF9F9F9FCFCED000000,69.514,8D8500005CA881CDCD5BA781F9A85BF9F9F9FCFCED000000,69.514,8D8500005CA881CDCD5BA781F9A85BF9F9F9FCFCED000000,69.514,8D8500005CA881CDCD5BA781F9A85BF9F9F9FCFCED000000,69.514,8D8500005CA881CDCD5BA781F9A85BF9F9F9FCFCED000000,69.514,8D8500005CA881CDCD5BA781F9A85BF9F9F9FCFCED000000,69.514,8D8500005CA881CDCD5BA781F9A85BF9F9F9FCFCED000000,69.514,8D8500005CA881CDCD5BA781F9A85BF9F9F9FCFCED000000,69.514,8D8500005CA881CDCD5BA781F9A85BF9F9F9FCFCED000000,69.514,8D8500005CA881CDCD5BA781F9A85BF9F9F9FCFCED000000,69.514,8D8500005CA881CDCD5BA781F9A85BF9F9F9FCFCED000000,69.514,8D8500005CA881CDCD5BA781F9A85BF9F9F9FCFCED000000,69.514,8D8500005CA881CDCD5BA781F9A85BF9F9F9FCFCED000000,69.514,252,69.514,237,69.448,0,69.448,0002,69.390,12547,69.390,3103,69.390,3103,69.390,3103,69.390,3103,69.390,3103,69.390,3103,69.390,3103,69.390,3103,69.390,3103,69.390,3103,69.390,3103,69.390,3103,69.390,3103
69.581,69.614,14.200000000000001,69.614,8E8600005CA881CDCD5BA881F9A85BF9F9F9FCFCED000000,69.614,8E8600005CA881CDCD5BA881F9A85BF9F9F9FCFCED000000,69.614,8E8600005CA881CDCD5BA881F9A85BF9F9F9FCFCED000000,69.614,8E8600005CA881CDCD5BA881F9A85BF9F9F9FCFCED000000,69.614,8E8600005CA881CDCD5BA881F9A85BF9F9F9FCFCED000000,69.614,8E8600005CA881CDCD5BA881F9A85BF9F9F9FCFCED000000,69.614,8E8600005CA881CDCD5BA881F9A85BF9F9F9FCFCED000000,69.614,8E8600005CA881CDCD5BA881F9A85BF9F9F9FCFCED000000,69.614,8E8600005CA881CDCD5BA881F9A85BF9F9F9FCFCED000000,69.614,8E8600005CA881CDCD5BA881F9A85BF9F9F9FCFCED000000,69.614,8E8600005CA881CDCD5BA881F9A85BF9F9F9FCFCED000000,69.614,8E8600005CA881CDCD5BA881F9A85BF9F9F9FCFCED000000,69.614,8E8600005CA881CDCD5BA881F9A85BF9F9F9FCFCED000000,69.614,8E8600005CA881CDCD5BA881F9A85BF9F9F9FCFCED000000,69.614,252,69.614,237,69.528,0,69.528,0002,69.528,12545,69.528,3101,69.528,3101,69.528,3101,69.528,3101,69.528,3101,69.528,3101,69.528,3101,69.528,3101,69.528,3101,69.528,3101,69.528,3101,69.528,3101,69.528,3101
69.683,69.614,14.200000000000001,69.614,8E8600005CA881CDCD5BA881F9A85BF9F9F9FCFCED000000,69.614,8E8600005CA881CDCD5BA881F9A85BF9F9F9FCFCED000000,69.614,8E8600005CA881CDCD5BA881F9A85BF9F9F9FCFCED000000,69.614,8E8600005CA881CDCD5BA881F9A85BF9F9F9FCFCED000000,69.614,8E8600005CA881CDCD5BA881F9A85BF9F9F9FCFCED000000,69.614,8E8600005CA881CDCD5BA881F9A85BF9F9F9FCFCED000000,69.614,8E8600005CA881CDCD5BA881F9A85BF9F9F9FCFCED000000,69.614,8E8600005CA881CDCD5BA881F9A85BF9F9F9FCFCED000000,69.614,8E8600005CA881CDCD5BA881F9A85BF9F9F9FCFCED000000,69.614,8E8600005CA881CDCD5BA881F9A85BF9F9F9FCFCED000000,69.614,8E8600005CA881CDCD5BA881F9A85BF9F9F9FCFCED000000,69.614,8E8600005CA881CDCD5BA881F9A85BF9F9F9FCFCED000000,69.614,8E8600005CA881CDCD5BA881F9A85BF9F9F9FCFCED000000,69.614,8E8600005CA881CDCD5BA881F9A85BF9F9F9FCFCED000000,69.614,252,69.614,237,69.628,0,69.628,0002,69.628,12545,69.628,3101,69.628,3101,69.628,3101,69.628,3101,69.628,3101,69.628,3101,69.628,3101,69.628,3101,69.628,3101,69.628,3101,69.628,3101,69.628,3101,69.628,3101
69.781,69.715,14.200000000000001,69.715,8E8600005BA880CCCC5BA780F8A85BF9F9F9FBFCEC000000,69.715,8E8600005BA880CCCC5BA780F8A85BF9F9F9FBFCEC000000,69.715,8E8600005BA880CCCC5BA780F8A85BF9F9F9FBFCEC000000,69.715,8E8600005BA880CCCC5BA780F8A85BF9F9F9FBFCEC000000,69.715,8E8600005BA880CCCC5BA780F8A85BF9F9F9FBFCEC000000,69.715,8E8600005BA880CCCC5BA780F8A85BF9F9F9FBFCEC000000,69.715,8E8600005BA880CCCC5BA780F8A85BF9F9F9FBFCEC000000,69.715,8E8600005BA880CCCC5BA780F8A85BF9F9F9FBFCEC000000,69.715,8E8600005BA880CCCC5BA780F8A85BF9F9F9FBFCEC000000,69.715,8E8600005BA880CCCC5BA780F8A85BF9F9F9FBFCEC000000,69.715,8E8600005BA880CCCC5BA780F8A85BF9F9F9FBFCEC000000,69.715,8E8600005BA880CCCC5BA780F8A85BF9F9F9FBFCEC000000,69.715,8E8600005BA880CCCC5BA780F8A85BF9F9F9FBFCEC000000,69.715,8E8600005BA880CCCC5BA780F8A85BF9F9F9FBFCEC000000,69.715,252,69.715,236,69.749,0,69.749,0002,69.799,12545,69.799,3101,69.799,3101,69.799,3101,69.799,3101,69.799,3101,69.799,3101,69.799,3101,69.799,3101,69.799,3101,69.799,3101,69.799,3101,69.799,3101,69.799,3101
69.882,69.854,14.200000000000001,69.854,8E8600005BA881CDCD5BA881F9A85BF9F9F9FCFCED000000,69.854,8E8600005BA881CDCD5BA881F9A85BF9F9F9FCFCED000000,69.854,8E8600005BA881CDCD5BA881F9A85BF9F9F9FCFCED000000,69.854,8E8600005BA881CDCD5BA881F9A85BF9F9F9FCFCED000000,69.854,8E8600005BA881CDCD5BA881F9A85BF9F9F9FCFCED000000,69.854,8E8600005BA881CDCD5BA881F9A85BF9F9F9FCFCED000000,69.854,8E8600005BA881CDCD5BA881F9A85BF9F9F9FCFCED000000,69.854,8E8600005BA881CDCD5BA881F9A85BF9F9F9FCFCED000000,69.854,8E8600005BA881CDCD5BA881F9A85BF9F9F9FCFCED000000,69.854,8E8600005BA881CDCD5BA881F9A85BF9F9F9FCFCED000000,69.854,8E8600005BA881CDCD5BA881F9A85BF9F9F9FCFCED000000,69.854,8E8600005BA881CDCD5BA881F9A85BF9F9F9FCFCED000000,69.854,8E8600005BA881CDCD5BA881F9A85BF9F9F9FCFCED000000,69.854,8E8600005BA881CDCD5BA881F9A85BF9F9F9FCFCED000000,69.854,252,69.854,237,69.886,0,69.886,0002,69.886,12545,69.886,3101,69.886,3101,69.886,3101,69.886,3101,69.886,3101,69.886,3101,69.886,3101,69.886,3101,69.886,3101,69.886,3101,69.886,3101,69.886,3101,69.886,3101
69.983,69.954,14.200000000000001,69.954,8E8600005CA881CDCD5BA781F9A85BF9F9F9FCFCED000000,69.954,8E8600005CA881CDCD5BA781F9A85BF9F9F9FCFCED000000,69.954,8E8600005CA881CDCD5BA781F9A85BF9F9F9FCFCED000000,69.954,8E8600005CA881CDCD5BA781F9A85BF9F9F9FCFCED000000,69.954,8E8600005CA881CDCD5BA781F9A85BF9F9F9FCFCED000000,69.954,8E8600005CA881CDCD5BA781F9A85BF9F9F9FCFCED000000,69.954,8E8600005CA881CDCD5BA781F9A85BF9F9F9FCFCED000000,69.954,8E8600005CA881CDCD5BA781F9A85BF9F9F9FCFCED000000,69.954,8E8600005CA881CDCD5BA781F9A85BF9F9F9FCFCED000000,69.954,8E8600005CA881CDCD5BA781F9A85BF9F9F9FCFCED000000,69.954,8E8600005CA881CDCD5BA781F9A85BF9F9F9FCFCED000000,69.954,8E8600005CA881CDCD5BA781F9A85BF9F9F9FCFCED000000,69.954,8E8600005CA881CDCD5BA781F9A85BF9F9F9FCFCED000000,69.954,8E8600005CA881CDCD5BA781F9A85BF9F9F9FCFCED000000,69.954,252,69.954,237,69.977,0,69.977,0002,69.886,12545,69.886,3101,69.886,3101,69.886,3101,69.886,3101,69.886,3101,69.886,3101,69.886,3101,69.886,3101,69.886,3101,69.886,3101,69.886,3101,69.886,3101,69.886,3101
70.081,70.114,14.100000000000001,70.114,8D8500005BA8815B5B5BA781F8A85BF9F8F8FCFDED000000,70.114,8D8500005BA8815B5B5BA781F8A85BF9F8F8FCFDED000000,70.114,8D8500005BA8815B5B5BA781F8A85BF9F8F8FCFDED000000,70.114,8D8500005BA8815B5B5BA781F8A85BF9F8F8FCFDED000000,70.114,8D8500005BA8815B5B5BA781F8A85BF9F8F8FCFDED000000,70.114,8D8500005BA8815B5B5BA781F8A85BF9F8F8FCFDED000000,70.114,8D8500005BA8815B5B5BA781F8A85BF9F8F8FCFDED000000,70.114,8D8500005BA8815B5B5BA781F8A85BF9F8F8FCFDED000000,70.114,8D8500005BA8815B5B5BA781F8A85BF9F8F8FCFDED000000,70.114,8D8500005BA8815B5B5BA781F8A85BF9F8F8FCFDED000000,70.114,8D8500005BA8815B5B5BA781F8A85BF9F8F8FCFDED000000,70.114,8D8500005BA8815B5B5BA781F8A85BF9F8F8FCFDED000000,70.114,8D8500005BA8815B5B5BA781F8A85BF9F8F8FCFDED000000,70.114,8D8500005BA8815B5B5BA781F8A85BF9F8F8FCFDED000000,70.114,253,70.114,237,70.049,0,70.049,0002,70.049,12553,70.049,3109,70.049,3109,70.049,3109,70.049,3109,70.049,3109,70.049,3109,70.049,3109,70.049,3109,70.049,3109,70.049,3109,70.049,3109,70.049,3109,70.049,3109
70.184,70.114,14.100000000000001,70.114,8D8500005BA8815B5B5BA781F8A85BF9F8F8FCFDED000000,70.114,8D8500005BA8815B5B5BA781F8A85BF9F8F8FCFDED000000,70.114,8D8500005BA8815B5B5BA781F8A85BF9F8F8FCFDED000000,70.114,8D8500005BA8815B5B5BA781F8A85BF9F8F8FCFDED000000,70.114,8D8500005BA8815B5B5BA781F8A85BF9F8F8FCFDED000000,70.114,8D8500005BA8815B5B5BA781F8A85BF9F8F8FCFDED000000,70.114,8D8500005BA8815B5B5BA781F8A85BF9F8F8FCFDED000000,70.114,8D8500005BA8815B5B5BA781F8A85BF9F8F8FCFDED000000,70.114,8D8500005BA8815B5B5BA781F8A85BF9F8F8FCFDED000000,70.114,8D8500005BA8815B5B5BA781F8A85BF9F8F8FCFDED000000,70.114,8D8500005BA8815B5B5BA781F8A85BF9F8F8FCFDED000000,70.114,8D8500005BA8815B5B5BA781F8A85BF9F8F8FCFDED000000,70.114,8D8500005BA8815B5B5BA781F8A85BF9F8F8FCFDED000000,70.114,8D8500005BA8815B5B5BA781F8A85BF9F8F8FCFDED000000,70.114,253,70.114,237,70.139,0,70.139,0002,70.139,12553,70.139,3109,70.139,3109,70.139,3109,70.139,3109,70.139,3109,70.139,3109,70.139,3109,70.139,3109,70.139,3109,70.139,3109,70.139,3109,70.139,3109,70.139,3109
70.282,70.214,14.100000000000001,70.214,8D8500005CA8815B5B5BA881F9A85BFAF9F9FDFCED000000,70.214,8D8500005CA8815B5B5BA881F9A85BFAF9F9FDFCED000000,70.214,8D8500005CA8815B5B5BA881F9A85BFAF9F9FDFCED000000,70.214,8D8500005CA8815B5B5BA881F9A85BFAF9F9FDFCED000000,70.214,8D8500005CA8815B5B5BA881F9A85BFAF9F9FDFCED000000,70.214,8D8500005CA8815B5B5BA881F9A85BFAF9F9FDFCED000000,70.214,8D8500005CA8815B5B5BA881F9A85BFAF9F9FDFCED000000,70.214,8D8500005CA8815B5B5BA881F9A85BFAF9F9FDFCED000000,70.214,8D8500005CA8815B5B5BA881F9A85BFAF9F9FDFCED000000,70.214,8D8500005CA8815B5B5BA881F9A85BFAF9F9FDFCED000000,70.214,8D8500005CA8815B5B5BA881F9A85BFAF9F9FDFCED000000,70.214,8D8500005CA8815B5B5BA881F9A85BFAF9F9FDFCED000000,70.214,8D8500005CA8815B5B5BA881F9A85BFAF9F9FDFCED000000,70.214,8D8500005CA8815B5B5BA881F9A85BFAF9F9FDFCED000000,70.214,252,70.214,237,70.249,0,70.249,0002,70.290,12545,70.290,3101,70.290,3101,70.290,3101,70.290,3101,70.290,3101,70.290,3101,70.290,3101,70.290,3101,70.290,3101,70.290,3101,70.290,3101,70.290,3101,70.290,3101
70.382,70.414,14.100000000000001,70.414,8D8500005CA881CDCD5BA781F9A85BF9F9F9FCFCED000000,70.414,8D8500005CA881CDCD5BA781F9A85BF9F9F9FCFCED000000,70.414,8D8500005CA881CDCD5BA781F9A85BF9F9F9FCFCED000000,70.414,8D8500005CA881CDCD5BA781F9A85BF9F9F9FCFCED000000,70.414,8D8500005CA881CDCD5BA781F9A85BF9F9F9FCFCED000000,70.414,8D8500005CA881CDCD5BA781F9A85BF9F9F9FCFCED000000,70.414,8D8500005CA881CDCD5BA781F9A85BF9F9F9FCFCED000000,70.414,8D8500005CA881CDCD5BA781F9A85BF9F9F9FCFCED000000,70.414,8D8500005CA881CDCD5BA781F9A85BF9F9F9FCFCED000000,70.414,8D8500005CA881CDCD5BA781F9A85BF9F9F9FCFCED000000,70.414,8D8500005CA881CDCD5BA781F9A85BF9F9F9FCFCED000000,70.414,8D8500005CA881CDCD5BA781F9A85BF9F9F9FCFCED000000,70.414,8D8500005CA881CDCD5BA781F9A85BF9F9F9FCFCED000000,70.414,8D8500005CA881CDCD5BA781F9A85BF9F9F9FCFCED000000,70.414,252,70.414,237,70.376,0,70.376,0002,70.376,12545,70.376,3101,70.376,3101,70.376,3101,70.376,3101,70.376,3101,70.376,3101,70.376,3101,70.376,3101,70.376,3101,70.376,3101,70.376,3101,70.376,3101,70.376,3101
70.484,70.414,14.100000000000001,70.414,8D8500005CA881CDCD5BA781F9A85BF9F9F9FCFCED000000,70.414,8D8500005CA881CDCD5BA781F9A85BF9F9F9FCFCED000000,70.414,8D8500005CA881CDCD5BA781F9A85BF9F9F9FCFCED000000,70.414,8D8500005CA881CDCD5BA781F9A85BF9F9F9FCFCED000000,70.414,8D8500005CA881CDCD5BA781F9A85BF9F9F9FCFCED000000,70.414,8D8500005CA881CDCD5BA781F9A85BF9F9F9FCFCED000000,70.414,8D8500005CA881CDCD5BA781F9A85BF9F9F9FCFCED000000,70.414,8D8500005CA881CDCD5BA781F9A85BF9F9F9FCFCED000000,70.414,8D8500005CA881CDCD5BA781F9A85BF9F9F9FCFCED000000,70.414,8D8500005CA881CDCD5BA781F9A85BF9F9F9FCFCED000000,70.414,8D8500005CA881CDCD5BA781F9A85BF9F9F9FCFCED000000,70.414,8D8500005CA881CDCD5BA781F9A85BF9F9F9FCFCED000000,70.414,8D8500005CA881CDCD5BA781F9A85BF9F9F9FCFCED000000,70.414,8D8500005CA881CDCD5BA781F9A85BF9F9F9FCFCED000000,70.414,252,70.414,237,70.437,0,70.437,0002,70.376,12545,70.376,3101,70.376,3101,70.376,3101,70.376,3101,70.376,3101,70.376,3101,70.376,3101,70.376,3101,70.376,3101,70.376,3101,70.376,3101,70.376,3101,70.376,3101
70.583,70.514,14.200000000000001,70.514,8E8600005BA880CCCC5BA781F9A85BF9F8F8FCFCED000000,70.514,8E8600005BA880CCCC5BA781F9A85BF9F8F8FCFCED000000,70.514,8E8600005BA880CCCC5BA781F9A85BF9F8F8FCFCED000000,70.514,8E8600005BA880CCCC5BA781F9A85BF9F8F8FCFCED000000,70.514,8E8600005BA880CCCC5BA781F9A85BF9F8F8FCFCED000000,70.514,8E8600005BA880CCCC5BA781F9A85BF9F8F8FCFCED000000,70.514,8E8600005BA880CCCC5BA781F9A85BF9F8F8FCFCED000000,70.514,8E8600005BA880CCCC5BA781F9A85BF9F8F8FCFCED000000,70.514,8E8600005BA880CCCC5BA781F9A85BF9F8F8FCFCED000000,70.514,8E8600005BA880CCCC5BA781F9A85BF9F8F8FCFCED000000,70.514,8E8600005BA880CCCC5BA781F9A85BF9F8F8FCFCED000000,70.514,8E8600005BA880CCCC5BA781F9A85BF9F8F8FCFCED000000,70.514,8E8600005BA880CCCC5BA781F9A85BF9F8F8FCFCED000000,70.514,8E8600005BA880CCCC5BA781F9A85BF9F8F8FCFCED000000,70.514,252,70.514,237,70.537,0,70.537,0002,70.537,12545,70.537,3101,70.537,3101,70.537,3101,70.537,3101,70.537,3101,70.537,3101,70.537,3101,70.537,3101,70.537,3101,70.537,3101,70.537,3101,70.537,3101,70.537,3101
70.682,70.714,14.100000000000001,70.714,8D8500005CA881CDCD5BA881F9A85BF9F9F9FCFCED000000,70.714,8D8500005CA881CDCD5BA881F9A85BF9F9F9FCFCED000000,70.714,8D8500005CA881CDCD5BA881F9A85BF9F9F9FCFCED000000,70.714,8D8500005CA881CDCD5BA881F9A85BF9F9F9FCFCED000000,70.714,8D8500005CA881CDCD5BA881F9A85BF9F9F9FCFCED000000,70.714,8D8500005CA881CDCD5BA881F9A85BF9F9F9FCFCED000000,70.714,8D8500005CA881CDCD5BA881F9A85BF9F9F9FCFCED000000,70.714,8D8500005CA881CDCD5BA881F9A85BF9F9F9FCFCED000000,70.714,8D8500005CA881CDCD5BA881F9A85BF9F9F9FCFCED000000,70.714,8D8500005CA881CDCD5BA881F9A85BF9F9F9FCFCED000000,70.714,8D8500005CA881CDCD5BA881F9A85BF9F9F9FCFCED000000,70.714,8D8500005CA881CDCD5BA881F9A85BF9F9F9FCFCED000000,70.714,8D8500005CA881CDCD5BA881F9A85BF9F9F9FCFCED000000,70.714,8D8500005CA881CDCD5BA881F9A85BF9F9F9FCFCED000000,70.714,252,70.714,237,70.637,0,70.637,0002,70.637,12545,70.637,3101,70.637,3101,70.637,3101,70.637,3101,70.637,3101,70.637,3101,70.637,3101,70.637,3101,70.637,3101,70.637,3101,70.637,3101,70.637,3101,70.637,3101
70.782,70.714,14.100000000000001,70.714,8D8500005CA881CDCD5BA881F9A85BF9F9F9FCFCED000000,70.714,8D8500005CA881CDCD5BA881F9A85BF9F9F9FCFCED000000,70.714,8D8500005CA881CDCD5BA881F9A85BF9F9F9FCFCED000000,70.714,8D8500005CA881CDCD5BA881F9A85BF9F9F9FCFCED000000,70.714,8D8500005CA881CDCD5BA881F9A85BF9F9F9FCFCED000000,70.714,8D8500005CA881CDCD5BA881F9A85BF9F9F9FCFCED000000,70.714,8D8500005CA881CDCD5BA881F9A85BF9F9F9FCFCED000000,70.714,8D8500005CA881CDCD5BA881F9A85BF9F9F9FCFCED000000,70.714,8D8500005CA881CDCD5BA881F9A85BF9F9F9FCFCED000000,70.714,8D8500005CA881CDCD5BA881F9A85BF9F9F9FCFCED000000,70.714,8D8500005CA881CDCD5BA881F9A85BF9F9F9FCFCED000000,70.714,8D8500005CA881CDCD5BA881F9A85BF9F9F9FCFCED000000,70.714,8D8500005CA881CDCD5BA881F9A85BF9F9F9FCFCED000000,70.714,8D8500005CA881CDCD5BA881F9A85BF9F9F9FCFCED000000,70.714,252,70.714,237,70.738,0,70.738,0002,70.798,12545,70.798,3101,70.798,3101,70.798,3101,70.798,3101,70.798,3101,70.798,3101,70.798,3101,70.798,3101,70.798,3101,70.798,3101,70.798,3101,70.798,3101,70.798,3101
70.884,70.834,14.200000000000001,70.834,8E8600005CA881CDCD5BA881F9A85BF9F9F9FCFCED000000,70.834,8E8600005CA881CDCD5BA881F9A85BF9F9F9FCFCED000000,70.834,8E8600005CA881CDCD5BA881F9A85BF9F9F9FCFCED000000,70.834,8E8600005CA881CDCD5BA881F9A85BF9F9F9FCFCED000000,70.834,8E8600005CA881CDCD5BA881F9A85BF9F9F9FCFCED000000,70.834,8E8600005CA881CDCD5BA881F9A85BF9F9F9FCFCED000000,70.834,8E8600005CA881CDCD5BA881F9A85BF9F9F9FCFCED000000,70.834,8E8600005CA881CDCD5BA881F9A85BF9F9F9FCFCED000000,70.834,8E8600005CA881CDCD5BA881F9A85BF9F9F9FCFCED000000,70.834,8E8600005CA881CDCD5BA881F9A85BF9F9F9FCFCED000000,70.834,8E8600005CA881CDCD5BA881F9A85BF9F9F9FCFCED000000,70.834,8E8600005CA881CDCD5BA881F9A85BF9F9F9FCFCED000000,70.834,8E8600005CA881CDCD5BA881F9A85BF9F9F9FCFCED000000,70.834,8E8600005CA881CDCD5BA881F9A85BF9F9F9FCFCED000000,70.834,252,70.834,237,70.849,0,70.849,0002,70.798,12545,70.798,3101,70.798,3101,70.798,3101,70.798,3101,70.798,3101,70.798,3101,70.798,3101,70.798,3101,70.798,3101,70.798,3101,70.798,3101,70.798,3101,70.798,3101
70.982,71.024,14.100000000000001,71.024,8D8500005CA880CDCD5BA781F9A85BF9F9F9FCFCED000000,71.024,8D8500005CA880CDCD5BA781F9A85BF9F9F9FCFCED000000,71.024,8D8500005CA880CDCD5BA781F9A85BF9F9F9FCFCED000000,71.024,8D8500005CA880CDCD5BA781F9A85BF9F9F9FCFCED000000,71.024,8D8500005CA880CDCD5BA781F9A85BF9F9F9FCFCED000000,71.024,8D8500005CA880CDCD5BA781F9A85BF9F9F9FCFCED000000,71.024,8D8500005CA880CDCD5BA781F9A85BF9F9F9FCFCED000000,71.024,8D8500005CA880CDCD5BA781F9A85BF9F9F9FCFCED000000,71.024,8D8500005CA880CDCD5BA781F9A85BF9F9F9FCFCED000000,71.024,8D8500005CA880CDCD5BA781F9A85BF9F9F9FCFCED000000,71.024,8D8500005CA880CDCD5BA781F9A85BF9F9F9FCFCED000000,71.024,8D8500005CA880CDCD5BA781F9A85BF9F9F9FCFCED000000,71.024,8D8500005CA880CDCD5BA781F9A85BF9F9F9FCFCED000000,71.024,8D8500005CA880CDCD5BA781F9A85BF9F9F9FCFCED000000,71.024,252,71.024,237,70.938,0,70.938,0002,70.938,12545,70.938,3101,70.938,3101,70.938,3101,70.938,3101,70.938,3101,70.938,3101,70.938,3101,70.938,3101,70.938,3101,70.938,3101,70.938,3101,70.938,3101,70.938,3101
71.084,71.024,14.100000000000001,71.024,8D8500005CA880CDCD5BA781F9A85BF9F9F9FCFCED000000,71.024,8D8500005CA880CDCD5BA781F9A85BF9F9F9FCFCED000000,71.024,8D8500005CA880CDCD5BA781F9A85BF9F9F9FCFCED000000,71.024,8D8500005CA880CDCD5BA781F9A85BF9F9F9FCFCED000000,71.024,8D8500005CA880CDCD5BA781F9A85BF9F9F9FCFCED000000,71.024,8D8500005CA880CDCD5BA781F9A85BF9F9F9FCFCED000000,71.024,8D8500005CA880CDCD5BA781F9A85BF9F9F9FCFCED000000,71.024,8D8500005CA880CDCD5BA781F9A85BF9F9F9FCFCED000000,71.024,8D8500005CA880CDCD5BA781F9A85BF9F9F9FCFCED000000,71.024,8D8500005CA880CDCD5BA781F9A85BF9F9F9FCFCED000000,71.024,8D8500005CA880CDCD5BA781F9A85BF9F9F9FCFCED000000,71.024,8D8500005CA880CDCD5BA781F9A85BF9F9F9FCFCED000000,71.024,8D8500005CA880CDCD5BA781F9A85BF9F9F9FCFCED000000,71.024,8D8500005CA880CDCD5BA781F9A85BF9F9F9FCFCED000000,71.024,252,71.024,237,71.038,0,71.038,0002,71.038,12545,71.038,3101,71.038,3101,71.038,3101,71.038,3101,71.038,3101,71.038,3101,71.038,3101,71.038,3101,71.038,3101,71.038,3101,71.038,3101,71.038,3101,71.038,3101
71.183,71.114,14.100000000000001,71.114,8D8500005CA881CDCD5BA881F9A85BFAF9F9FCFCED000000,71.114,8D8500005CA881CDCD5BA881F9A85BFAF9F9FCFCED000000,71.114,8D8500005CA881CDCD5BA881F9A85BFAF9F9FCFCED000000,71.114,8D8500005CA881CDCD5BA881F9A85BFAF9F9FCFCED000000,71.114,8D8500005CA881CDCD5BA881F9A85BFAF9F9FCFCED000000,71.114,8D8500005CA881CDCD5BA881F9A85BFAF9F9FCFCED000000,71.114,8D8500005CA881CDCD5BA881F9A85BFAF9F9FCFCED000000,71.114,8D8500005CA881CDCD5BA881F9A85BFAF9F9FCFCED000000,71.114,8D8500005CA881CDCD5BA881F9A85BFAF9F9FCFCED000000,71.114,8D8500005CA881CDCD5BA881F9A85BFAF9F9FCFCED000000,71.114,8D8500005CA881CDCD5BA881F9A85BFAF9F9FCFCED000000,71.114,8D8500005CA881CDCD5BA881F9A85BFAF9F9FCFCED000000,71.114,8D8500005CA881CDCD5BA881F9A85BFAF9F9FCFCED000000,71.114,8D8500005CA881CDCD5BA881F9A85BFAF9F9FCFCED000000,71.114,252,71.114,237,71.137,0,71.137,0002,71.137,12545,71.137,3101,71.137,3101,71.137,3101,71.137,3101,71.137,3101,71.137,3101,71.137,3101,71.137,3101,71.137,3101,71.137,3101,71.137,3101,71.137,3101,71.137,3101
71.280,71.214,14.200000000000001,71.214,8E8600005CA881CCCC5BA781F9A85BF9F8F8FCFCED000000,71.214,8E8600005CA881CCCC5BA781F9A85BF9F8F8FCFCED000000,71.214,8E8600005CA881CCCC5BA781F9A85BF9F8F8FCFCED000000,71.214,8E8600005CA881CCCC5BA781F9A85BF9F8F8FCFCED000000,71.214,8E8600005CA881CCCC5BA781F9A85BF9F8F8FCFCED000000,71.214,8E8600005CA881CCCC5BA781F9A85BF9F8F8FCFCED000000,71.214,8E8600005CA881CCCC5BA781F9A85BF9F8F8FCFCED000000,71.214,8E8600005CA881CCCC5BA781F9A85BF9F8F8FCFCED000000,71.214,8E8600005CA881CCCC5BA781F9A85BF9F8F8FCFCED000000,71.214,8E8600005CA881CCCC5BA781F9A85BF9F8F8FCFCED000000,71.214,8E8600005CA881CCCC5BA781F9A85BF9F8F8FCFCED000000,71.214,8E8600005CA881CCCC5BA781F9A85BF9F8F8FCFCED000000,71.214,8E8600005CA881CCCC5BA781F9A85BF9F8F8FCFCED000000,71.214,8E8600005CA881CCCC5BA781F9A85BF9F8F8FCFCED000000,71.214,252,71.214,237,71.249,0,71.249,0002,71.290,12549,71.290,3105,71.290,3105,71.290,3105,71.290,3105,71.290,3105,71.290,3105,71.290,3105,71.290,3105,71.290,3105,71.290,3105,71.290,3105,71.290,3105,71.290,3105
71.383,71.344,14.100000000000001,71.344,8D8500005CA88180805BA881F9A85BF9F9F9FCFDED000000,71.344,8D8500005CA88180805BA881F9A85BF9F9F9FCFDED000000,71.344,8D8500005CA88180805BA881F9A85BF9F9F9FCFDED000000,71.344,8D8500005CA88180805BA881F9A85BF9F9F9FCFDED000000,71.344,8D8500005CA88180805BA881F9A85BF9F9F9FCFDED000000,71.344,8D8500005CA88180805BA881F9A85BF9F9F9FCFDED000000,71.344,8D8500005CA88180805BA881F9A85BF9F9F9FCFDED000000,71.344,8D8500005CA88180805BA881F9A85BF9F9F9FCFDED000000,71.344,8D8500005CA88180805BA881F9A85BF9F9F9FCFDED000000,71.344,8D8500005CA88180805BA881F9A85BF9F9F9FCFDED000000,71.344,8D8500005CA88180805BA881F9A85BF9F9F9FCFDED000000,71.344,8D8500005CA88180805BA881F9A85BF9F9F9FCFDED000000,71.344,8D8500005CA88180805BA881F9A85BF9F9F9FCFDED000000,71.344,8D8500005CA88180805BA881F9A85BF9F9F9FCFDED000000,71.344,253,71.344,237,71.358,0,71.358,0002,71.290,12549,71.290,3105,71.290,3105,71.290,3105,71.290,3105,71.290,3105,71.290,3105,71.290,3105,71.290,3105,71.290,3105,71.290,3105,71.290,3105,71.290,3105,71.290,3105
71.483,71.424,14.100000000000001,71.424,8D8500005BA88180805BA781F9A85BF9F8F8FCFBED000000,71.424,8D8500005BA88180805BA781F9A85BF9F8F8FCFBED000000,71.424,8D8500005BA88180805BA781F9A85BF9F8F8FCFBED000000,71.424,8D8500005BA88180805BA781F9A85BF9F8F8FCFBED000000,71.424,8D8500005BA88180805BA781F9A85BF9F8F8FCFBED000000,71.424,8D8500005BA88180805BA781F9A85BF9F8F8FCFBED000000,71.424,8D8500005BA88180805BA781F9A85BF9F8F8FCFBED000000,71.424,8D8500005BA88180805BA781F9A85BF9F8F8FCFBED000000,71.424,8D8500005BA88180805BA781F9A85BF9F8F8FCFBED000000,71.424,8D8500005BA88180805BA781F9A85BF9F8F8FCFBED000000,71.424,8D8500005BA88180805BA781F9A85BF9F8F8FCFBED000000,71.424,8D8500005BA88180805BA781F9A85BF9F8F8FCFBED000000,71.424,8D8500005BA88180805BA781F9A85BF9F8F8FCFBED000000,71.424,8D8500005BA88180805BA781F9A85BF9F8F8FCFBED000000,71.424,251,71.424,237,71.447,0,71.447,0002,71.447,12549,71.447,3105,71.447,3105,71.447,3105,71.447,3105,71.447,3105,71.447,3105,71.447,3105,71.447,3105,71.447,3105,71.447,3105,71.447,3105,71.447,3105,71.447,3105
71.582,71.514,14.100000000000001,71.514,8D8500005BA780CCCC5BA781F9A85BF9F9F9FCFCEC000000,71.514,8D8500005BA780CCCC5BA781F9A85BF9F9F9FCFCEC000000,71.514,8D8500005BA780CCCC5BA781F9A85BF9F9F9FCFCEC000000,71.514,8D8500005BA780CCCC5BA781F9A85BF9F9F9FCFCEC000000,71.514,8D8500005BA780CCCC5BA781F9A85BF9F9F9FCFCEC000000,71.514,8D8500005BA780CCCC5BA781F9A85BF9F9F9FCFCEC000000,71.514,8D8500005BA780CCCC5BA781F9A85BF9F9F9FCFCEC000000,71.514,8D8500005BA780CCCC5BA781F9A85BF9F9F9FCFCEC000000,71.514,8D8500005BA780CCCC5BA781F9A85BF9F9F9FCFCEC000000,71.514,8D8500005BA780CCCC5BA781F9A85BF9F9F9FCFCEC000000,71.514,8D8500005BA780CCCC5BA781F9A85BF9F9F9FCFCEC000000,71.514,8D8500005BA780CCCC5BA781F9A85BF9F9F9FCFCEC000000,71.514,8D8500005BA780CCCC5BA781F9A85BF9F9F9FCFCEC000000,71.514,8D8500005BA780CCCC5BA781F9A85BF9F9F9FCFCEC000000,71.514,252,71.514,236,71.538,0,71.538,0002,71.538,12545,71.538,3101,71.538,3101,71.538,3101,71.538,3101,71.538,3101,71.538,3101,71.538,3101,71.538,3101,71.538,3101,71.538,3101,71.538,3101,71.538,3101,71.538,3101
71.681,71.714,14.100000000000001,71.714,8D8500005BA881CDCD5BA781F8A85BF8F8F8FCFCED000000,71.714,8D8500005BA881CDCD5BA781F8A85BF8F8F8FCFCED000000,71.714,8D8500005BA881CDCD5BA781F8A85BF8F8F8FCFCED000000,71.714,8D8500005BA881CDCD5BA781F8A85BF8F8F8FCFCED000000,71.714,8D8500005BA881CDCD5BA781F8A85BF8F8F8FCFCED000000,71.714,8D8500005BA881CDCD5BA781F8A85BF8F8F8FCFCED000000,71.714,8D8500005BA881CDCD5BA781F8A85BF8F8F8FCFCED000000,71.714,8D8500005BA881CDCD5BA781F8A85BF8F8F8FCFCED000000,71.714,8D8500005BA881CDCD5BA781F8A85BF8F8F8FCFCED000000,71.714,8D8500005BA881CDCD5BA781F8A85BF8F8F8FCFCED000000,71.714,8D8500005BA881CDCD5BA781F8A85BF8F8F8FCFCED000000,71.714,8D8500005BA881CDCD5BA781F8A85BF8F8F8FCFCED000000,71.714,8D8500005BA881CDCD5BA781F8A85BF8F8F8FCFCED000000,71.714,8D8500005BA881CDCD5BA781F8A85BF8F8F8FCFCED000000,71.714,252,71.714,237,71.645,0,71.645,0002,71.645,12545,71.645,3101,71.645,3101,71.645,3101,71.645,3101,71.645,3101,71.645,3101,71.645,3101,71.645,3101,71.645,3101,71.645,3101,71.645,3101,71.645,3101,71.645,3101
71.782,71.714,14.100000000000001,71.714,8D8500005BA881CDCD5BA781F8A85BF8F8F8FCFCED000000,71.714,8D8500005BA881CDCD5BA781F8A85BF8F8F8FCFCED000000,71.714,8D8500005BA881CDCD5BA781F8A85BF8F8F8FCFCED000000,71.714,8D8500005BA881CDCD5BA781F8A85BF8F8F8FCFCED000000,71.714,8D8500005BA881CDCD5BA781F8A85BF8F8F8FCFCED000000,71.714,8D8500005BA881CDCD5BA781F8A85BF8F8F8FCFCED000000,71.714,8D8500005BA881CDCD5BA781F8A85BF8F8F8FCFCED000000,71.714,8D8500005BA881CDCD5BA781F8A85BF8F8F8FCFCED000000,71.714,8D8500005BA881CDCD5BA781F8A85BF8F8F8FCFCED000000,71.714,8D8500005BA881CDCD5BA781F8A85BF8F8F8FCFCED000000,71.714,8D8500005BA881CDCD5BA781F8A85BF8F8F8FCFCED000000,71.714,8D8500005BA881CDCD5BA781F8A85BF8F8F8FCFCED000000,71.714,8D8500005BA881CDCD5BA781F8A85BF8F8F8FCFCED000000,71.714,8D8500005BA881CDCD5BA781F8A85BF8F8F8FCFCED000000,71.714,252,71.714,237,71.738,0,71.738,0002,71.790,12545,71.790,3101,71.790,3101,71.790,3101,71.790,3101,71.790,3101,71.790,3101,71.790,3101,71.790,3101,71.790,3101,71.790,3101,71.790,3101,71.790,3101,71.790,3101
71.881,71.843,14.100000000000001,71.843,8D8500005BA881CDCD5BA781F8A85BF9F9F9FCFCEC000000,71.843,8D8500005BA881CDCD5BA781F8A85BF9F9F9FCFCEC000000,71.843,8D8500005BA881CDCD5BA781F8A85BF9F9F9FCFCEC000000,71.843,8D8500005BA881CDCD5BA781F8A85BF9F9F9FCFCEC000000,71.843,8D8500005BA881CDCD5BA781F8A85BF9F9F9FCFCEC000000,71.843,8D8500005BA881CDCD5BA781F8A85BF9F9F9FCFCEC000000,71.843,8D8500005BA881CDCD5BA781F8A85BF9F9F9FCFCEC000000,71.843,8D8500005BA881CDCD5BA781F8A85BF9F9F9FCFCEC000000,71.843,8D8500005BA881CDCD5BA781F8A85BF9F9F9FCFCEC000000,71.843,8D8500005BA881CDCD5BA781F8A85BF9F9F9FCFCEC000000,71.843,8D8500005BA881CDCD5BA781F8A85BF9F9F9FCFCEC000000,71.843,8D8500005BA881CDCD5BA781F8A85BF9F9F9FCFCEC000000,71.843,8D8500005BA881CDCD5BA781F8A85BF9F9F9FCFCEC000000,71.843,8D8500005BA881CDCD5BA781F8A85BF9F9F9FCFCEC000000,71.843,252,71.843,236,71.867,0,71.867,0002,71.790,12545,71.790,3101,71.790,3101,71.790,3101,71.790,3101,71.790,3101,71.790,3101,71.790,3101,71.790,3101,71.790,3101,71.790,3101,71.790,3101,71.790,3101,71.790,3101
71.982,72.014,14.100000000000001,72.014,8D8500005BA880CCCC5BA780F9A75BF9F9F9FBFCEC000000,72.014,8D8500005BA880CCCC5BA780F9A75BF9F9F9FBFCEC000000,72.014,8D8500005BA880CCCC5BA780F9A75BF9F9F9FBFCEC000000,72.014,8D8500005BA880CCCC5BA780F9A75BF9F9F9FBFCEC000000,72.014,8D8500005BA880CCCC5BA780F9A75BF9F9F9FBFCEC000000,72.014,8D8500005BA880CCCC5BA780F9A75BF9F9F9FBFCEC000000,72.014,8D8500005BA880CCCC5BA780F9A75BF9F9F9FBFCEC000000,72.014,8D8500005BA880CCCC5BA780F9A75BF9F9F9FBFCEC000000,72.014,8D8500005BA880CCCC5BA780F9A75BF9F9F9FBFCEC000000,72.014,8D8500005BA880CCCC5BA780F9A75BF9F9F9FBFCEC000000,72.014,8D8500005BA880CCCC5BA780F9A75BF9F9F9FBFCEC000000,72.014,8D8500005BA880CCCC5BA780F9A75BF9F9F9FBFCEC000000,72.014,8D8500005BA880CCCC5BA780F9A75BF9F9F9FBFCEC000000,72.014,8D8500005BA880CCCC5BA780F9A75BF9F9F9FBFCEC000000,72.014,252,72.014,236,71.958,0,71.958,0002,71.958,12545,71.958,3101,71.958,3101,71.958,3101,71.958,3101,71.958,3101,71.958,3101,71.958,3101,71.958,3101,71.958,3101,71.958,3101,71.958,3101,71.958,3101,71.958,3101
72.083,72.014,14.100000000000001,72.014,8D8500005BA880CCCC5BA780F9A75BF9F9F9FBFCEC000000,72.014,8D8500005BA880CCCC5BA780F9A75BF9F9F9FBFCEC000000,72.014,8D8500005BA880CCCC5BA780F9A75BF9F9F9FBFCEC000000,72.014,8D8500005BA880CCCC5BA780F9A75BF9F9F9FBFCEC000000,72.014,8D8500005BA880CCCC5BA780F9A75BF9F9F9FBFCEC000000,72.014,8D8500005BA880CCCC5BA780F9A75BF9F9F9FBFCEC000000,72.014,8D8500005BA880CCCC5BA780F9A75BF9F9F9FBFCEC000000,72.014,8D8500005BA880CCCC5BA780F9A75BF9F9F9FBFCEC000000,72.014,8D8500005BA880CCCC5BA780F9A75BF9F9F9FBFCEC000000,72.014,8D8500005BA880CCCC5BA780F9A75BF9F9F9FBFCEC000000,72.014,8D8500005BA880CCCC5BA780F9A75BF9F9F9FBFCEC000000,72.014,8D8500005BA880CCCC5BA780F9A75BF9F9F9FBFCEC000000,72.014,8D8500005BA880CCCC5BA780F9A75BF9F9F9FBFCEC000000,72.014,8D8500005BA880CCCC5BA780F9A75BF9F9F9FBFCEC000000,72.014,252,72.014,236,72.029,0,72.029,0002,72.029,12545,72.029,3101,72.029,3101,72.029,3101,72.029,3101,72.029,3101,72.029,3101,72.029,3101,72.029,3101,72.029,3101,72.029,3101,72.029,3101,72.029,3101,72.029,3101
72.182,72.214,14.100000000000001,72.214,8D8500005CA8815B5B5BA781F9A85BF9F8F8FCFCEC000000,72.214,8D8500005CA8815B5B5BA781F9A85BF9F8F8FCFCEC000000,72.214,8D8500005CA8815B5B5BA781F9A85BF9F8F8FCFCEC000000,72.214,8D8500005CA8815B5B5BA781F9A85BF9F8F8FCFCEC000000,72.214,8D8500005CA8815B5B5BA781F9A85BF9F8F8FCFCEC000000,72.214,8D8500005CA8815B5B5BA781F9A85BF9F8F8FCFCEC000000,72.214,8D8500005CA8815B5B5BA781F9A85BF9F8F8FCFCEC000000,72.214,8D8500005CA8815B5B5BA781F9A85BF9F8F8FCFCEC000000,72.214,8D8500005CA8815B5B5BA781F9A85BF9F8F8FCFCEC000000,72.214,8D8500005CA8815B5B5BA781F9A85BF9F8F8FCFCEC000000,72.214,8D8500005CA8815B5B5BA781F9A85BF9F8F8FCFCEC000000,72.214,8D8500005CA8815B5B5BA781F9A85BF9F8F8FCFCEC000000,72.214,8D8500005CA8815B5B5BA781F9A85BF9F8F8FCFCEC000000,72.214,8D8500005CA8815B5B5BA781F9A85BF9F8F8FCFCEC000000,72.214,252,72.214,236,72.137,0,72.137,0002,72.137,12545,72.137,3101,72.137,3101,72.137,3101,72.137,3101,72.137,3101,72.137,3101,72.137,3101,72.137,3101,72.137,3101,72.137,3101,72.137,3101,72.137,3101,72.137,3101
72.282,72.214,14.100000000000001,72.214,8D8500005CA8815B5B5BA781F9A85BF9F8F8FCFCEC000000,72.214,8D8500005CA8815B5B5BA781F9A85BF9F8F8FCFCEC000000,72.214,8D8500005CA8815B5B5BA781F9A85BF9F8F8FCFCEC000000,72.214,8D8500005CA8815B5B5BA781F9A85BF9F8F8FCFCEC000000,72.214,8D8500005CA8815B5B5BA781F9A85BF9F8F8FCFCEC000000,72.214,8D8500005CA8815B5B5BA781F9A85BF9F8F8FCFCEC000000,72.214,8D8500005CA8815B5B5BA781F9A85BF9F8F8FCFCEC000000,72.214,8D8500005CA8815B5B5BA781F9A85BF9F8F8FCFCEC000000,72.214,8D8500005CA8815B5B5BA781F9A85BF9F8F8FCFCEC000000,72.214,8D8500005CA8815B5B5BA781F9A85BF9F8F8FCFCEC000000,72.214,8D8500005CA8815B5B5BA781F9A85BF9F8F8FCFCEC000000,72.214,8D8500005CA8815B5B5BA781F9A85BF9F8F8FCFCEC000000,72.214,8D8500005CA8815B5B5BA781F9A85BF9F8F8FCFCEC000000,72.214,8D8500005CA8815B5B5BA781F9A85BF9F8F8FCFCEC000000,72.214,252,72.214,236,72.238,0,72.238,0002,72.298,12553,72.298,3109,72.298,3109,72.298,3109,72.298,3109,72.298,3109,72.298,3109,72.298,3109,72.298,3109,72.298,3109,72.298,3109,72.298,3109,72.298,3109,72.298,3109
72.382,72.344,14.100000000000001,72.344,8D8500005CA881CDCD5BA781F9A85BF9F9F9FCFCED000000,72.344,8D8500005CA881CDCD5BA781F9A85BF9F9F9FCFCED000000,72.344,8D8500005CA881CDCD5BA781F9A85BF9F9F9FCFCED000000,72.344,8D8500005CA881CDCD5BA781F9A85BF9F9F9FCFCED000000,72.344,8D8500005CA881CDCD5BA781F9A85BF9F9F9FCFCED000000,72.344,8D8500005CA881CDCD5BA781F9A85BF9F9F9FCFCED000000,72.344,8D8500005CA881CDCD5BA781F9A85BF9F9F9FCFCED000000,72.344,8D8500005CA881CDCD5BA781F9A85BF9F9F9FCFCED000000,72.344,8D8500005CA881CDCD5BA781F9A85BF9F9F9FCFCED000000,72.344,8D8500005CA881CDCD5BA781F9A85BF9F9F9FCFCED000000,72.344,8D8500005CA881CDCD5BA781F9A85BF9F9F9FCFCED000000,72.344,8D8500005CA881CDCD5BA781F9A85BF9F9F9FCFCED000000,72.344,8D8500005CA881CDCD5BA781F9A85BF9F9F9FCFCED000000,72.344,8D8500005CA881CDCD5BA781F9A85BF9F9F9FCFCED000000,72.344,252,72.344,237,72.358,0,72.358,0002,72.298,12553,72.298,3109,72.298,3109,72.298,3109,72.298,3109,72.298,3109,72.298,3109,72.298,3109,72.298,3109,72.298,3109,72.298,3109,72.298,3109,72.298,3109,72.298,3109
72.483,72.424,14.200000000000001,72.424,8E8600005CA881CCCC5BA781F9A85BF9F9F9FCFCED000000,72.424,8E8600005CA881CCCC5BA781F9A85BF9F9F9FCFCED000000,72.424,8E8600005CA881CCCC5BA781F9A85BF9F9F9FCFCED000000,72.424,8E8600005CA881CCCC5BA781F9A85BF9F9F9FCFCED000000,72.424,8E8600005CA881CCCC5BA781F9A85BF9F9F9FCFCED000000,72.424,8E8600005CA881CCCC5BA781F9A85BF9F9F9FCFCED000000,72.424,8E8600005CA881CCCC5BA781F9A85BF9F9F9FCFCED000000,72.424,8E8600005CA881CCCC5BA781F9A85BF9F9F9FCFCED000000,72.424,8E8600005CA881CCCC5BA781F9A85BF9F9F9FCFCED000000,72.424,8E8600005CA881CCCC5BA781F9A85BF9F9F9FCFCED000000,72.424,8E8600005CA881CCCC5BA781F9A85BF9F9F9FCFCED000000,72.424,8E8600005CA881CCCC5BA781F9A85BF9F9F9FCFCED000000,72.424,8E8600005CA881CCCC5BA781F9A85BF9F9F9FCFCED000000,72.424,8E8600005CA881CCCC5BA781F9A85BF9F9F9FCFCED000000,72.424,252,72.424,237,72.438,0,72.438,0002,72.438,12545,72.438,3101,72.438,3101,72.438,3101,72.438,3101,72.438,3101,72.438,3101,72.438,3101,72.438,3101,72.438,3101,72.438,3101,72.438,3101,72.438,3101,72.438,3101
72.583,72.524,14.100000000000001,72.524,8D8500005BA8815B5B5BA781F9A85BF9F8F8FCFCED000000,72.524,8D8500005BA8815B5B5BA781F9A85BF9F8F8FCFCED000000,72.524,8D8500005BA8815B5B5BA781F9A85BF9F8F8FCFCED000000,72.524,8D8500005BA8815B5B5BA781F9A85BF9F8F8FCFCED000000,72.524,8D8500005BA8815B5B5BA781F9A85BF9F8F8FCFCED000000,72.524,8D8500005BA8815B5B5BA781F9A85BF9F8F8FCFCED000000,72.524,8D8500005BA8815B5B5BA781F9A85BF9F8F8FCFCED000000,72.524,8D8500005BA8815B5B5BA781F9A85BF9F8F8FCFCED000000,72.524,8D8500005BA8815B5B5BA781F9A85BF9F8F8FCFCED000000,72.524,8D8500005BA8815B5B5BA781F9A85BF9F8F8FCFCED000000,72.524,8D8500005BA8815B5B5BA781F9A85BF9F8F8FCFCED000000,72.524,8D8500005BA8815B5B5BA781F9A85BF9F8F8FCFCED000000,72.524,8D8500005BA8815B5B5BA781F9A85BF9F8F8FCFCED000000,72.524,8D8500005BA8815B5B5BA781F9A85BF9F8F8FCFCED000000,72.524,252,72.524,237,72.548,0,72.548,0002,72.548,12553,72.548,3109,72.548,3109,72.548,3109,72.548,3109,72.548,3109,72.548,3109,72.548,3109,72.548,3109,72.548,3109,72.548,3109,72.548,3109,72.548,3109,72.548,3109
72.680,72.614,14.100000000000001,72.614,8D8500005CA881CDCD5BA781F9A85BF9F9F9FCFCED000000,72.614,8D8500005CA881CDCD5BA781F9A85BF9F9F9FCFCED000000,72.614,8D8500005CA881CDCD5BA781F9A85BF9F9F9FCFCED000000,72.614,8D8500005CA881CDCD5BA781F9A85BF9F9F9FCFCED000000,72.614,8D8500005CA881CDCD5BA781F9A85BF9F9F9FCFCED000000,72.614,8D8500005CA881CDCD5BA781F9A85BF9F9F9FCFCED000000,72.614,8D8500005CA881CDCD5BA781F9A85BF9F9F9FCFCED000000,72.614,8D8500005CA881CDCD5BA781F9A85BF9F9F9FCFCED000000,72.614,8D8500005CA881CDCD5BA781F9A85BF9F9F9FCFCED000000,72.614,8D8500005CA881CDCD5BA781F9A85BF9F9F9FCFCED000000,72.614,8D8500005CA881CDCD5BA781F9A85BF9F9F9FCFCED000000,72.614,8D8500005CA881CDCD5BA781F9A85BF9F9F9FCFCED000000,72.614,8D8500005CA881CDCD5BA781F9A85BF9F9F9FCFCED000000,72.614,8D8500005CA881CDCD5BA781F9A85BF9F9F9FCFCED000000,72.614,252,72.614,237,72.637,0,72.637,0002,72.637,12545,72.637,3101,72.637,3101,72.637,3101,72.637,3101,72.637,3101,72.637,3101,72.637,3101,72.637,3101,72.637,3101,72.637,3101,72.637,3101,72.637,3101,72.637,3101
72.781,72.714,14.100000000000001,72.714,8D8500005BA880CCCC5BA781F8A85BF8F8F8FBFCEC000000,72.714,8D8500005BA880CCCC5BA781F8A85BF8F8F8FBFCEC000000,72.714,8D8500005BA880CCCC5BA781F8A85BF8F8F8FBFCEC000000,72.714,8D8500005BA880CCCC5BA781F8A85BF8F8F8FBFCEC000000,72.714,8D8500005BA880CCCC5BA781F8A85BF8F8F8FBFCEC000000,72.714,8D8500005BA880CCCC5BA781F8A85BF8F8F8FBFCEC000000,72.714,8D8500005BA880CCCC5BA781F8A85BF8F8F8FBFCEC000000,72.714,8D8500005BA880CCCC5BA781F8A85BF8F8F8FBFCEC000000,72.714,8D8500005BA880CCCC5BA781F8A85BF8F8F8FBFCEC000000,72.714,8D8500005BA880CCCC5BA781F8A85BF8F8F8FBFCEC000000,72.714,8D8500005BA880CCCC5BA781F8A85BF8F8F8FBFCEC000000,72.714,8D8500005BA880CCCC5BA781F8A85BF8F8F8FBFCEC000000,72.714,8D8500005BA880CCCC5BA781F8A85BF8F8F8FBFCEC000000,72.714,8D8500005BA880CCCC5BA781F8A85BF8F8F8FBFCEC000000,72.714,252,72.714,236,72.749,0,72.749,0002,72.790,12545,72.790,3101,72.790,3101,72.790,3101,72.790,3101,72.790,3101,72.790,3101,72.790,3101,72.790,3101,72.790,3101,72.790,3101,72.790,3101,72.790,3101,72.790,3101
72.883,72.834,14.100000000000001,72.834,8D8500005CA8815B5B5BA881F9A85BFAF9F9FDFDED000000,72.834,8D8500005CA8815B5B5BA881F9A85BFAF9F9FDFDED000000,72.834,8D8500005CA8815B5B5BA881F9A85BFAF9F9FDFDED000000,72.834,8D8500005CA8815B5B5BA881F9A85BFAF9F9FDFDED000000,72.834,8D8500005CA8815B5B5BA881F9A85BFAF9F9FDFDED000000,72.834,8D8500005CA8815B5B5BA881F9A85BFAF9F9FDFDED000000,72.834,8D8500005CA8815B5B5BA881F9A85BFAF9F9FDFDED000000,72.834,8D8500005CA8815B5B5BA881F9A85BFAF9F9FDFDED000000,72.834,8D8500005CA8815B5B5BA881F9A85BFAF9F9FDFDED000000,72.834,8D8500005CA8815B5B5BA881F9A85BFAF9F9FDFDED000000,72.834,8D8500005CA8815B5B5BA881F9A85BFAF9F9FDFDED000000,72.834,8D8500005CA8815B5B5BA881F9A85BFAF9F9FDFDED000000,72.834,8D8500005CA8815B5B5BA881F9A85BFAF9F9FDFDED000000,72.834,8D8500005CA8815B5B5BA881F9A85BFAF9F9FDFDED000000,72.834,253,72.834,237,72.857,0,72.857,0002,72.790,12545,72.790,3101,72.790,3101,72.790,3101,72.790,3101,72.790,3101,72.790,3101,72.790,3101,72.790,3101,72.790,3101,72.790,3101,72.790,3101,72.790,3101,72.790,3101
72.983,72.914,14.100000000000001,72.914,8D8500005CA881CCCC5BA781F8A85BF8F8F8FCFCED000000,72.914,8D8500005CA881CCCC5BA781F8A85BF8F8F8FCFCED000000,72.914,8D8500005CA881CCCC5BA781F8A85BF8F8F8FCFCED000000,72.914,8D8500005CA881CCCC5BA781F8A85BF8F8F8FCFCED000000,72.914,8D8500005CA881CCCC5BA781F8A85BF8F8F8FCFCED000000,72.914,8D8500005CA881CCCC5BA781F8A85BF8F8F8FCFCED000000,72.914,8D8500005CA881CCCC5BA781F8A85BF8F8F8FCFCED000000,72.914,8D8500005CA881CCCC5BA781F8A85BF8F8F8FCFCED000000,72.914,8D8500005CA881CCCC5BA781F8A85BF8F8F8FCFCED000000,72.914,8D8500005CA881CCCC5BA781F8A85BF8F8F8FCFCED000000,72.914,8D8500005CA881CCCC5BA781F8A85BF8F8F8FCFCED000000,72.914,8D8500005CA881CCCC5BA781F8A85BF8F8F8FCFCED000000,72.914,8D8500005CA881CCCC5BA781F8A85BF8F8F8FCFCED000000,72.914,8D8500005CA881CCCC5BA781F8A85BF8F8F8FCFCED000000,72.914,252,72.914,237,72.937,0,72.937,0002,72.937,12553,72.937,3109,72.937,3109,72.937,3109,72.937,3109,72.937,3109,72.937,3109,72.937,3109,72.937,3109,72.937,3109,72.937,3109,72.937,3109,72.937,3109,72.937,3109
73.083,73.126,14.200000000000001,73.126,8E8600005CA881CDCD5BA881F9A85BF9F9F9FCFCED000000,73.126,8E8600005CA881CDCD5BA881F9A85BF9F9F9FCFCED000000,73.126,8E8600005CA881CDCD5BA881F9A85BF9F9F9FCFCED000000,73.126,8E8600005CA881CDCD5BA881F9A85BF9F9F9FCFCED000000,73.126,8E8600005CA881CDCD5BA881F9A85BF9F9F9FCFCED000000,73.126,8E8600005CA881CDCD5BA881F9A85BF9F9F9FCFCED000000,73.126,8E8600005CA881CDCD5BA881F9A85BF9F9F9FCFCED000000,73.126,8E8600005CA881CDCD5BA881F9A85BF9F9F9FCFCED000000,73.126,8E8600005CA881CDCD5BA881F9A85BF9F9F9FCFCED000000,73.126,8E8600005CA881CDCD5BA881F9A85BF9F9F9FCFCED000000,73.126,8E8600005CA881CDCD5BA881F9A85BF9F9F9FCFCED000000,73.126,8E8600005CA881CDCD5BA881F9A85BF9F9F9FCFCED000000,73.126,8E8600005CA881CDCD5BA881F9A85BF9F9F9FCFCED000000,73.126,8E8600005CA881CDCD5BA881F9A85BF9F9F9FCFCED000000,73.126,252,73.126,237,73.037,0,73.037,0002,73.037,12545,73.037,3101,73.037,3101,73.037,3101,73.037,3101,73.037,3101,73.037,3101,73.037,3101,73.037,3101,73.037,3101,73.037,3101,73.037,3101,73.037,3101,73.037,3101
73.182,73.214,14.100000000000001,73.214,8D8500005BA780CCCC5BA781F9A75BF9F8F8FCFBEC000000,73.214,8D8500005BA780CCCC5BA781F9A75BF9F8F8FCFBEC000000,73.214,8D8500005BA780CCCC5BA781F9A75BF9F8F8FCFBEC000000,73.214,8D8500005BA780CCCC5BA781F9A75BF9F8F8FCFBEC000000,73.214,8D8500005BA780CCCC5BA781F9A75BF9F8F8FCFBEC000000,73.214,8D8500005BA780CCCC5BA781F9A75BF9F8F8FCFBEC000000,73.214,8D8500005BA780CCCC5BA781F9A75BF9F8F8FCFBEC000000,73.214,8D8500005BA780CCCC5BA781F9A75BF9F8F8FCFBEC000000,73.214,8D8500005BA780CCCC5BA781F9A75BF9F8F8FCFBEC000000,73.214,8D8500005BA780CCCC5BA781F9A75BF9F8F8FCFBEC000000,73.214,8D8500005BA780CCCC5BA781F9A75BF9F8F8FCFBEC000000,73.214,8D8500005BA780CCCC5BA781F9A75BF9F8F8FCFBEC000000,73.214,8D8500005BA780CCCC5BA781F9A75BF9F8F8FCFBEC000000,73.214,8D8500005BA780CCCC5BA781F9A75BF9F8F8FCFBEC000000,73.214,251,73.214,236,73.138,0,73.138,0002,73.138,12545,73.138,3101,73.138,3101,73.138,3101,73.138,3101,73.138,3101,73.138,3101,73.138,3101,73.138,3101,73.138,3101,73.138,3101,73.138,3101,73.138,3101,73.138,3101
73.282,73.214,14.100000000000001,73.214,8D8500005BA780CCCC5BA781F9A75BF9F8F8FCFBEC000000,73.214,8D8500005BA780CCCC5BA781F9A75BF9F8F8FCFBEC000000,73.214,8D8500005BA780CCCC5BA781F9A75BF9F8F8FCFBEC000000,73.214,8D8500005BA780CCCC5BA781F9A75BF9F8F8FCFBEC000000,73.214,8D8500005BA780CCCC5BA781F9A75BF9F8F8FCFBEC000000,73.214,8D8500005BA780CCCC5BA781F9A75BF9F8F8FCFBEC000000,73.214,8D8500005BA780CCCC5BA781F9A75BF9F8F8FCFBEC000000,73.214,8D8500005BA780CCCC5BA781F9A75BF9F8F8FCFBEC000000,73.214,8D8500005BA780CCCC5BA781F9A75BF9F8F8FCFBEC000000,73.214,8D8500005BA780CCCC5BA781F9A75BF9F8F8FCFBEC000000,73.214,8D8500005BA780CCCC5BA781F9A75BF9F8F8FCFBEC000000,73.214,8D8500005BA780CCCC5BA781F9A75BF9F8F8FCFBEC000000,73.214,8D8500005BA780CCCC5BA781F9A75BF9F8F8FCFBEC000000,73.214,8D8500005BA780CCCC5BA781F9A75BF9F8F8FCFBEC000000,73.214,251,73.214,236,73.239,0,73.239,0002,73.290,12545,73.290,3101,73.290,3101,73.290,3101,73.290,3101,73.290,3101,73.290,3101,73.290,3101,73.290,3101,73.290,3101,73.290,3101,73.290,3101,73.290,3101,73.290,3101
73.384,73.337,14.200000000000001,73.337,8E8600005BA881CDCD5BA881F9A85BF9F9F9FCFCED000000,73.337,8E8600005BA881CDCD5BA881F9A85BF9F9F9FCFCED000000,73.337,8E8600005BA881CDCD5BA881F9A85BF9F9F9FCFCED000000,73.337,8E8600005BA881CDCD5BA881F9A85BF9F9F9FCFCED000000,73.337,8E8600005BA881CDCD5BA881F9A85BF9F9F9FCFCED000000,73.337,8E8600005BA881CDCD5BA881F9A85BF9F9F9FCFCED000000,73.337,8E8600005BA881CDCD5BA881F9A85BF9F9F9FCFCED000000,73.337,8E8600005BA881CDCD5BA881F9A85BF9F9F9FCFCED000000,73.337,8E8600005BA881CDCD5BA881F9A85BF9F9F9FCFCED000000,73.337,8E8600005BA881CDCD5BA881F9A85BF9F9F9FCFCED000000,73.337,8E8600005BA881CDCD5BA881F9A85BF9F9F9FCFCED000000,73.337,8E8600005BA881CDCD5BA881F9A85BF9F9F9FCFCED000000,73.337,8E8600005BA881CDCD5BA881F9A85BF9F9F9FCFCED000000,73.337,8E8600005BA881CDCD5BA881F9A85BF9F9F9FCFCED000000,73.337,252,73.337,237,73.367,0,73.367,0002,73.290,12545,73.290,3101,73.290,3101,73.290,3101,73.290,3101,73.290,3101,73.290,3101,73.290,3101,73.290,3101,73.290,3101,73.290,3101,73.290,3101,73.290,3101,73.290,3101
73.482,73.434,14.100000000000001,73.434,8D8500005BA880CCCC5BA781F8A85BF8F8F8FCFCEC000000,73.434,8D8500005BA880CCCC5BA781F8A85BF8F8F8FCFCEC000000,73.434,8D8500005BA880CCCC5BA781F8A85BF8F8F8FCFCEC000000,73.434,8D8500005BA880CCCC5BA781F8A85BF8F8F8FCFCEC000000,73.434,8D8500005BA880CCCC5BA781F8A85BF8F8F8FCFCEC000000,73.434,8D8500005BA880CCCC5BA781F8A85BF8F8F8FCFCEC000000,73.434,8D8500005BA880CCCC5BA781F8A85BF8F8F8FCFCEC000000,73.434,8D8500005BA880CCCC5BA781F8A85BF8F8F8FCFCEC000000,73.434,8D8500005BA880CCCC5BA781F8A85BF8F8F8FCFCEC000000,73.434,8D8500005BA880CCCC5BA781F8A85BF8F8F8FCFCEC000000,73.434,8D8500005BA880CCCC5BA781F8A85BF8F8F8FCFCEC000000,73.434,8D8500005BA880CCCC5BA781F8A85BF8F8F8FCFCEC000000,73.434,8D8500005BA880CCCC5BA781F8A85BF8F8F8FCFCEC000000,73.434,8D8500005BA880CCCC5BA781F8A85BF8F8F8FCFCEC000000,73.434,252,73.434,236,73.449,0,73.449,0002,73.449,12545,73.449,3101,73.449,3101,73.449,3101,73.449,3101,73.449,3101,73.449,3101,73.449,3101,73.449,3101,73.449,3101,73.449,3101,73.449,3101,73.449,3101,73.449,3101
73.583,73.514,14.100000000000001,73.514,8D8500005BA781CCCC5BA781F9A85BF9F9F9FCFCED000000,73.514,8D8500005BA781CCCC5BA781F9A85BF9F9F9FCFCED000000,73.514,8D8500005BA781CCCC5BA781F9A85BF9F9F9FCFCED000000,73.514,8D8500005BA781CCCC5BA781F9A85BF9F9F9FCFCED000000,73.514,8D8500005BA781CCCC5BA781F9A85BF9F9F9FCFCED000000,73.514,8D8500005BA781CCCC5BA781F9A85BF9F9F9FCFCED000000,73.514,8D8500005BA781CCCC5BA781F9A85BF9F9F9FCFCED000000,73.514,8D8500005BA781CCCC5BA781F9A85BF9F9F9FCFCED000000,73.514,8D8500005BA781CCCC5BA781F9A85BF9F9F9FCFCED000000,73.514,8D8500005BA781CCCC5BA781F9A85BF9F9F9FCFCED000000,73.514,8D8500005BA781CCCC5BA781F9A85BF9F9F9FCFCED000000,73.514,8D8500005BA781CCCC5BA781F9A85BF9F9F9FCFCED000000,73.514,8D8500005BA781CCCC5BA781F9A85BF9F9F9FCFCED000000,73.514,8D8500005BA781CCCC5BA781F9A85BF9F9F9FCFCED000000,73.514,252,73.514,237,73.549,0,73.549,0002,73.549,12545,73.549,3101,73.549,3101,73.549,3101,73.549,3101,73.549,3101,73.549,3101,73.549,3101,73.549,3101,73.549,3101,73.549,3101,73.549,3101,73.549,3101,73.549,3101
73.681,73.614,14.100000000000001,73.614,8D8500005CA981CDCD5BA781F9A85BFAFAFAFCFDED000000,73.614,8D8500005CA981CDCD5BA781F9A85BFAFAFAFCFDED000000,73.614,8D8500005CA981CDCD5BA781F9A85BFAFAFAFCFDED000000,73.614,8D8500005CA981CDCD5BA781F9A85BFAFAFAFCFDED000000,73.614,8D8500005CA981CDCD5BA781F9A85BFAFAFAFCFDED000000,73.614,8D8500005CA981CDCD5BA781F9A85BFAFAFAFCFDED000000,73.614,8D8500005CA981CDCD5BA781F9A85BFAFAFAFCFDED000000,73.614,8D8500005CA981CDCD5BA781F9A85BFAFAFAFCFDED000000,73.614,8D8500005CA981CDCD5BA781F9A85BFAFAFAFCFDED000000,73.614,8D8500005CA981CDCD5BA781F9A85BFAFAFAFCFDED000000,73.614,8D8500005CA981CDCD5BA781F9A85BFAFAFAFCFDED000000,73.614,8D8500005CA981CDCD5BA781F9A85BFAFAFAFCFDED000000,73.614,8D8500005CA981CDCD5BA781F9A85BFAFAFAFCFDED000000,73.614,8D8500005CA981CDCD5BA781F9A85BFAFAFAFCFDED000000,73.614,253,73.614,237,73.629,0,73.629,0002,73.629,12545,73.629,3101,73.629,3101,73.629,3101,73.629,3101,73.629,3101,73.629,3101,73.629,3101,73.629,3101,73.629,3101,73.629,3101,73.629,3101,73.629,3101,73.629,3101
73.784,73.714,14.200000000000001,73.714,8E8600005CA881CDCD5BA781F9A85BF9F9F9FCFCED000000,73.714,8E8600005CA881CDCD5BA781F9A85BF9F9F9FCFCED000000,73.714,8E8600005CA881CDCD5BA781F9A85BF9F9F9FCFCED000000,73.714,8E8600005CA881CDCD5BA781F9A85BF9F9F9FCFCED000000,73.714,8E8600005CA881CDCD5BA781F9A85BF9F9F9FCFCED000000,73.714,8E8600005CA881CDCD5BA781F9A85BF9F9F9FCFCED000000,73.714,8E8600005CA881CDCD5BA781F9A85BF9F9F9FCFCED000000,73.714,8E8600005CA881CDCD5BA781F9A85BF9F9F9FCFCED000000,73.714,8E8600005CA881CDCD5BA781F9A85BF9F9F9FCFCED000000,73.714,8E8600005CA881CDCD5BA781F9A85BF9F9F9FCFCED000000,73.714,8E8600005CA881CDCD5BA781F9A85BF9F9F9FCFCED000000,73.714,8E8600005CA881CDCD5BA781F9A85BF9F9F9FCFCED000000,73.714,8E8600005CA881CDCD5BA781F9A85BF9F9F9FCFCED000000,73.714,8E8600005CA881CDCD5BA781F9A85BF9F9F9FCFCED000000,73.714,252,73.714,237,73.739,0,73.739,0002,73.790,12545,73.790,3101,73.790,3101,73.790,3101,73.790,3101,73.790,3101,73.790,3101,73.790,3101,73.790,3101,73.790,3101,73.790,3101,73.790,3101,73.790,3101,73.790,3101
73.883,73.834,14.100000000000001,73.834,8D8500005BA881CDCD5BA881F9A85BFAFAFAFCFDED000000,73.834,8D8500005BA881CDCD5BA881F9A85BFAFAFAFCFDED000000,73.834,8D8500005BA881CDCD5BA881F9A85BFAFAFAFCFDED000000,73.834,8D8500005BA881CDCD5BA881F9A85BFAFAFAFCFDED000000,73.834,8D8500005BA881CDCD5BA881F9A85BFAFAFAFCFDED000000,73.834,8D8500005BA881CDCD5BA881F9A85BFAFAFAFCFDED000000,73.834,8D8500005BA881CDCD5BA881F9A85BFAFAFAFCFDED000000,73.834,8D8500005BA881CDCD5BA881F9A85BFAFAFAFCFDED000000,73.834,8D8500005BA881CDCD5BA881F9A85BFAFAFAFCFDED000000,73.834,8D8500005BA881CDCD5BA881F9A85BFAFAFAFCFDED000000,73.834,8D8500005BA881CDCD5BA881F9A85BFAFAFAFCFDED000000,73.834,8D8500005BA881CDCD5BA881F9A85BFAFAFAFCFDED000000,73.834,8D8500005BA881CDCD5BA881F9A85BFAFAFAFCFDED000000,73.834,8D8500005BA881CDCD5BA881F9A85BFAFAFAFCFDED000000,73.834,253,73.834,237,73.849,0,73.849,0002,73.790,12545,73.790,3101,73.790,3101,73.790,3101,73.790,3101,73.790,3101,73.790,3101,73.790,3101,73.790,3101,73.790,3101,73.790,3101,73.790,3101,73.790,3101,73.790,3101
73.980,73.914,14.100000000000001,73.914,8D8500005BA780CCCC5BA781F9A75BF8F8F8FCFCED000000,73.914,8D8500005BA780CCCC5BA781F9A75BF8F8F8FCFCED000000,73.914,8D8500005BA780CCCC5BA781F9A75BF8F8F8FCFCED000000,73.914,8D8500005BA780CCCC5BA781F9A75BF8F8F8FCFCED000000,73.914,8D8500005BA780CCCC5BA781F9A75BF8F8F8FCFCED000000,73.914,8D8500005BA780CCCC5BA781F9A75BF8F8F8FCFCED000000,73.914,8D8500005BA780CCCC5BA781F9A75BF8F8F8FCFCED000000,73.914,8D8500005BA780CCCC5BA781F9A75BF8F8F8FCFCED000000,73.914,8D8500005BA780CCCC5BA781F9A75BF8F8F8FCFCED000000,73.914,8D8500005BA780CCCC5BA781F9A75BF8F8F8FCFCED000000,73.914,8D8500005BA780CCCC5BA781F9A75BF8F8F8FCFCED000000,73.914,8D8500005BA780CCCC5BA781F9A75BF8F8F8FCFCED000000,73.914,8D8500005BA780CCCC5BA781F9A75BF8F8F8FCFCED000000,73.914,8D8500005BA780CCCC5BA781F9A75BF8F8F8FCFCED000000,73.914,252,73.914,237,73.929,0,73.929,0002,73.929,12545,73.929,3101,73.929,3101,73.929,3101,73.929,3101,73.929,3101,73.929,3101,73.929,3101,73.929,3101,73.929,3101,73.929,3101,73.929,3101,73.929,3101,73.929,3101
74.083,74.014,14.200000000000001,74.014,8E8600005BA780CCCC5BA780F8A75BF9F8F8FBFBEC000000,74.014,8E8600005BA780CCCC5BA780F8A75BF9F8F8FBFBEC000000,74.014,8E8600005BA780CCCC5BA780F8A75BF9F8F8FBFBEC000000,74.014,8E8600005BA780CCCC5BA780F8A75BF9F8F8FBFBEC000000,74.014,8E8600005BA780CCCC5BA780F8A75BF9F8F8FBFBEC000000,74.014,8E8600005BA780CCCC5BA780F8A75BF9F8F8FBFBEC000000,74.014,8E8600005BA780CCCC5BA780F8A75BF9F8F8FBFBEC000000,74.014,8E8600005BA780CCCC5BA780F8A75BF9F8F8FBFBEC000000,74.014,8E8600005BA780CCCC5BA780F8A75BF9F8F8FBFBEC000000,74.014,8E8600005BA780CCCC5BA780F8A75BF9F8F8FBFBEC000000,74.014,8E8600005BA780CCCC5BA780F8A75BF9F8F8FBFBEC000000,74.014,8E8600005BA780CCCC5BA780F8A75BF9F8F8FBFBEC000000,74.014,8E8600005BA780CCCC5BA780F8A75BF9F8F8FBFBEC000000,74.014,8E8600005BA780CCCC5BA780F8A75BF9F8F8FBFBEC000000,74.014,251,74.014,236,74.029,0,74.029,0002,74.029,12545,74.029,3101,74.029,3101,74.029,3101,74.029,3101,74.029,3101,74.029,3101,74.029,3101,74.029,3101,74.029,3101,74.029,3101,74.029,3101,74.029,3101,74.029,3101
74.183,74.114,14.100000000000001,74.114,8D8500005BA881CDCD5BA881F9A85BF9F9F9FCFCED000000,74.114,8D8500005BA881CDCD5BA881F9A85BF9F9F9FCFCED000000,74.114,8D8500005BA881CDCD5BA881F9A85BF9F9F9FCFCED000000,74.114,8D8500005BA881CDCD5BA881F9A85BF9F9F9FCFCED000000,74.114,8D8500005BA881CDCD5BA881F9A85BF9F9F9FCFCED000000,74.114,8D8500005BA881CDCD5BA881F9A85BF9F9F9FCFCED000000,74.114,8D8500005BA881CDCD5BA881F9A85BF9F9F9FCFCED000000,74.114,8D8500005BA881CDCD5BA881F9A85BF9F9F9FCFCED000000,74.114,8D8500005BA881CDCD5BA881F9A85BF9F9F9FCFCED000000,74.114,8D8500005BA881CDCD5BA881F9A85BF9F9F9FCFCED000000,74.114,8D8500005BA881CDCD5BA881F9A85BF9F9F9FCFCED000000,74.114,8D8500005BA881CDCD5BA881F9A85BF9F9F9FCFCED000000,74.114,8D8500005BA881CDCD5BA881F9A85BF9F9F9FCFCED000000,74.114,8D8500005BA881CDCD5BA881F9A85BF9F9F9FCFCED000000,74.114,252,74.114,237,74.137,0,74.137,0002,74.137,12545,74.137,3101,74.137,3101,74.137,3101,74.137,3101,74.137,3101,74.137,3101,74.137,3101,74.137,3101,74.137,3101,74.137,3101,74.137,3101,74.137,3101,74.137,3101
74.282,74.224,14.100000000000001,74.224,8D8500005BA881CDCD5BA881F9A85BF9F9F9FCFCED000000,74.224,8D8500005BA881CDCD5BA881F9A85BF9F9F9FCFCED000000,74.224,8D8500005BA881CDCD5BA881F9A85BF9F9F9FCFCED000000,74.224,8D8500005BA881CDCD5BA881F9A85BF9F9F9FCFCED000000,74.224,8D8500005BA881CDCD5BA881F9A85BF9F9F9FCFCED000000,74.224,8D8500005BA881CDCD5BA881F9A85BF9F9F9FCFCED000000,74.224,8D8500005BA881CDCD5BA881F9A85BF9F9F9FCFCED000000,74.224,8D8500005BA881CDCD5BA881F9A85BF9F9F9FCFCED000000,74.224,8D8500005BA881CDCD5BA881F9A85BF9F9F9FCFCED000000,74.224,8D8500005BA881CDCD5BA881F9A85BF9F9F9FCFCED000000,74.224,8D8500005BA881CDCD5BA881F9A85BF9F9F9FCFCED000000,74.224,8D8500005BA881CDCD5BA881F9A85BF9F9F9FCFCED000000,74.224,8D8500005BA881CDCD5BA881F9A85BF9F9F9FCFCED000000,74.224,8D8500005BA881CDCD5BA881F9A85BF9F9F9FCFCED000000,74.224,252,74.224,237,74.249,0,74.249,0002,74.289,12545,74.289,3101,74.289,3101,74.289,3101,74.289,3101,74.289,3101,74.289,3101,74.289,3101,74.289,3101,74.289,3101,74.289,3101,74.289,3101,74.289,3101,74.289,3101
74.380,74.334,14.100000000000001,74.334,8D8500005BA881CDCD5BA781F9A85BF9F9F9FCFCED000000,74.334,8D8500005BA881CDCD5BA781F9A85BF9F9F9FCFCED000000,74.334,8D8500005BA881CDCD5BA781F9A85BF9F9F9FCFCED000000,74.334,8D8500005BA881CDCD5BA781F9A85BF9F9F9FCFCED000000,74.334,8D8500005BA881CDCD5BA781F9A85BF9F9F9FCFCED000000,74.334,8D8500005BA881CDCD5BA781F9A85BF9F9F9FCFCED000000,74.334,8D8500005BA881CDCD5BA781F9A85BF9F9F9FCFCED000000,74.334,8D8500005BA881CDCD5BA781F9A85BF9F9F9FCFCED000000,74.334,8D8500005BA881CDCD5BA781F9A85BF9F9F9FCFCED000000,74.334,8D8500005BA881CDCD5BA781F9A85BF9F9F9FCFCED000000,74.334,8D8500005BA881CDCD5BA781F9A85BF9F9F9FCFCED000000,74.334,8D8500005BA881CDCD5BA781F9A85BF9F9F9FCFCED000000,74.334,8D8500005BA881CDCD5BA781F9A85BF9F9F9FCFCED000000,74.334,8D8500005BA881CDCD5BA781F9A85BF9F9F9FCFCED000000,74.334,252,74.334,237,74.357,0,74.357,0002,74.289,12545,74.289,3101,74.289,3101,74.289,3101,74.289,3101,74.289,3101,74.289,3101,74.289,3101,74.289,3101,74.289,3101,74.289,3101,74.289,3101,74.289,3101,74.289,3101
74.484,74.434,14.100000000000001,74.434,8D8500005BA881CDCD5BA781F9A85BF9F9F9FCFCED000000,74.434,8D8500005BA881CDCD5BA781F9A85BF9F9F9FCFCED000000,74.434,8D8500005BA881CDCD5BA781F9A85BF9F9F9FCFCED000000,74.434,8D8500005BA881CDCD5BA781F9A85BF9F9F9FCFCED000000,74.434,8D8500005BA881CDCD5BA781F9A85BF9F9F9FCFCED000000,74.434,8D8500005BA881CDCD5BA781F9A85BF9F9F9FCFCED000000,74.434,8D8500005BA881CDCD5BA781F9A85BF9F9F9FCFCED000000,74.434,8D8500005BA881CDCD5BA781F9A85BF9F9F9FCFCED000000,74.434,8D8500005BA881CDCD5BA781F9A85BF9F9F9FCFCED000000,74.434,8D8500005BA881CDCD5BA781F9A85BF9F9F9FCFCED000000,74.434,8D8500005BA881CDCD5BA781F9A85BF9F9F9FCFCED000000,74.434,8D8500005BA881CDCD5BA781F9A85BF9F9F9FCFCED000000,74.434,8D8500005BA881CDCD5BA781F9A85BF9F9F9FCFCED000000,74.434,8D8500005BA881CDCD5BA781F9A85BF9F9F9FCFCED000000,74.434,252,74.434,237,74.457,0,74.457,0002,74.457,12545,74.457,3101,74.457,3101,74.457,3101,74.457,3101,74.457,3101,74.457,3101,74.457,3101,74.457,3101,74.457,3101,74.457,3101,74.457,3101,74.457,3101,74.457,3101
74.583,74.616,14.100000000000001,74.616,8D8500005BA881CDCD5BA781F9A85BFAFAFAFCFDED000000,74.616,8D8500005BA881CDCD5BA781F9A85BFAFAFAFCFDED000000,74.616,8D8500005BA881CDCD5BA781F9A85BFAFAFAFCFDED000000,74.616,8D8500005BA881CDCD5BA781F9A85BFAFAFAFCFDED000000,74.616,8D8500005BA881CDCD5BA781F9A85BFAFAFAFCFDED000000,74.616,8D8500005BA881CDCD5BA781F9A85BFAFAFAFCFDED000000,74.616,8D8500005BA881CDCD5BA781F9A85BFAFAFAFCFDED000000,74.616,8D8500005BA881CDCD5BA781F9A85BFAFAFAFCFDED000000,74.616,8D8500005BA881CDCD5BA781F9A85BFAFAFAFCFDED000000,74.616,8D8500005BA881CDCD5BA781F9A85BFAFAFAFCFDED000000,74.616,8D8500005BA881CDCD5BA781F9A85BFAFAFAFCFDED000000,74.616,8D8500005BA881CDCD5BA781F9A85BFAFAFAFCFDED000000,74.616,8D8500005BA881CDCD5BA781F9A85BFAFAFAFCFDED000000,74.616,8D8500005BA881CDCD5BA781F9A85BFAFAFAFCFDED000000,74.616,253,74.616,237,74.529,0,74.529,0002,74.529,12545,74.529,3101,74.529,3101,74.529,3101,74.529,3101,74.529,3101,74.529,3101,74.529,3101,74.529,3101,74.529,3101,74.529,3101,74.529,3101,74.529,3101,74.529,3101
74.680,74.714,14.200000000000001,74.714,8E8600005BA881CDCD5BA781F9A85BF9F9F9FCFCED000000,74.714,8E8600005BA881CDCD5BA781F9A85BF9F9F9FCFCED000000,74.714,8E8600005BA881CDCD5BA781F9A85BF9F9F9FCFCED000000,74.714,8E8600005BA881CDCD5BA781F9A85BF9F9F9FCFCED000000,74.714,8E8600005BA881CDCD5BA781F9A85BF9F9F9FCFCED000000,74.714,8E8600005BA881CDCD5BA781F9A85BF9F9F9FCFCED000000,74.714,8E8600005BA881CDCD5BA781F9A85BF9F9F9FCFCED000000,74.714,8E8600005BA881CDCD5BA781F9A85BF9F9F9FCFCED000000,74.714,8E8600005BA881CDCD5BA781F9A85BF9F9F9FCFCED000000,74.714,8E8600005BA881CDCD5BA781F9A85BF9F9F9FCFCED000000,74.714,8E8600005BA881CDCD5BA781F9A85BF9F9F9FCFCED000000,74.714,8E8600005BA881CDCD5BA781F9A85BF9F9F9FCFCED000000,74.714,8E8600005BA881CDCD5BA781F9A85BF9F9F9FCFCED000000,74.714,8E8600005BA881CDCD5BA781F9A85BF9F9F9FCFCED000000,74.714,252,74.714,237,74.629,0,74.629,0002,74.629,12545,74.629,3101,74.629,3101,74.629,3101,74.629,3101,74.629,3101,74.629,3101,74.629,3101,74.629,3101,74.629,3101,74.629,3101,74.629,3101,74.629,3101,74.629,3101
74.784,74.714,14.200000000000001,74.714,8E8600005BA881CDCD5BA781F9A85BF9F9F9FCFCED000000,74.714,8E8600005BA881CDCD5BA781F9A85BF9F9F9FCFCED000000,74.714,8E8600005BA881CDCD5BA781F9A85BF9F9F9FCFCED000000,74.714,8E8600005BA881CDCD5BA781F9A85BF9F9F9FCFCED000000,74.714,8E8600005BA881CDCD5BA781F9A85BF9F9F9FCFCED000000,74.714,8E8600005BA881CDCD5BA781F9A85BF9F9F9FCFCED000000,74.714,8E8600005BA881CDCD5BA781F9A85BF9F9F9FCFCED000000,74.714,8E8600005BA881CDCD5BA781F9A85BF9F9F9FCFCED000000,74.714,8E8600005BA881CDCD5BA781F9A85BF9F9F9FCFCED000000,74.714,8E8600005BA881CDCD5BA781F9A85BF9F9F9FCFCED000000,74.714,8E8600005BA881CDCD5BA781F9A85BF9F9F9FCFCED000000,74.714,8E8600005BA881CDCD5BA781F9A85BF9F9F9FCFCED000000,74.714,8E8600005BA881CDCD5BA781F9A85BF9F9F9FCFCED000000,74.714,8E8600005BA881CDCD5BA781F9A85BF9F9F9FCFCED000000,74.714,252,74.714,237,74.739,0,74.739,0002,74.790,12545,74.790,3101,74.790,3101,74.790,3101,74.790,3101,74.790,3101,74.790,3101,74.790,3101,74.790,3101,74.790,3101,74.790,3101,74.790,3101,74.790,3101,74.790,3101
74.882,74.914,14.100000000000001,74.914,8D8500005BA881CCCC5BA781F9A85BF9F9F9FCFCED000000,74.914,8D8500005BA881CCCC5BA781F9A85BF9F9F9FCFCED000000,74.914,8D8500005BA881CCCC5BA781F9A85BF9F9F9FCFCED000000,74.914,8D8500005BA881CCCC5BA781F9A85BF9F9F9FCFCED000000,74.914,8D8500005BA881CCCC5BA781F9A85BF9F9F9FCFCED000000,74.914,8D8500005BA881CCCC5BA781F9A85BF9F9F9FCFCED000000,74.914,8D8500005BA881CCCC5BA781F9A85BF9F9F9FCFCED000000,74.914,8D8500005BA881CCCC5BA781F9A85BF9F9F9FCFCED000000,74.914,8D8500005BA881CCCC5BA781F9A85BF9F9F9FCFCED000000,74.914,8D8500005BA881CCCC5BA781F9A85BF9F9F9FCFCED000000,74.914,8D8500005BA881CCCC5BA781F9A85BF9F9F9FCFCED000000,74.914,8D8500005BA881CCCC5BA781F9A85BF9F9F9FCFCED000000,74.914,8D8500005BA881CCCC5BA781F9A85BF9F9F9FCFCED000000,74.914,8D8500005BA881CCCC5BA781F9A85BF9F9F9FCFCED000000,74.914,252,74.914,237,74.849,0,74.849,0002,74.790,12545,74.790,3101,74.790,3101,74.790,3101,74.790,3101,74.790,3101,74.790,3101,74.790,3101,74.790,3101,74.790,3101,74.790,3101,74.790,3101,74.790,3101,74.790,3101
74.982,75.014,14.200000000000001,75.014,8E8600005BA880CCCC5BA781F9A85BF9F8F8FCFCED000000,75.014,8E8600005BA880CCCC5BA781F9A85BF9F8F8FCFCED000000,75.014,8E8600005BA880CCCC5BA781F9A85BF9F8F8FCFCED000000,75.014,8E8600005BA880CCCC5BA781F9A85BF9F8F8FCFCED000000,75.014,8E8600005BA880CCCC5BA781F9A85BF9F8F8FCFCED000000,75.014,8E8600005BA880CCCC5BA781F9A85BF9F8F8FCFCED000000,75.014,8E8600005BA880CCCC5BA781F9A85BF9F8F8FCFCED000000,75.014,8E8600005BA880CCCC5BA781F9A85BF9F8F8FCFCED000000,75.014,8E8600005BA880CCCC5BA781F9A85BF9F8F8FCFCED000000,75.014,8E8600005BA880CCCC5BA781F9A85BF9F8F8FCFCED000000,75.014,8E8600005BA880CCCC5BA781F9A85BF9F8F8FCFCED000000,75.014,8E8600005BA880CCCC5BA781F9A85BF9F8F8FCFCED000000,75.014,8E8600005BA880CCCC5BA781F9A85BF9F8F8FCFCED000000,75.014,8E8600005BA880CCCC5BA781F9A85BF9F8F8FCFCED000000,75.014,252,75.014,237,74.929,0,74.929,0002,74.929,12545,74.929,3101,74.929,3101,74.929,3101,74.929,3101,74.929,3101,74.929,3101,74.929,3101,74.929,3101,74.929,3101,74.929,3101,74.929,3101,74.929,3101,74.929,3101
75.082,75.014,14.200000000000001,75.014,8E8600005BA880CCCC5BA781F9A85BF9F8F8FCFCED000000,75.014,8E8600005BA880CCCC5BA781F9A85BF9F8F8FCFCED000000,75.014,8E8600005BA880CCCC5BA781F9A85BF9F8F8FCFCED000000,75.014,8E8600005BA880CCCC5BA781F9A85BF9F8F8FCFCED000000,75.014,8E8600005BA880CCCC5BA781F9A85BF9F8F8FCFCED000000,75.014,8E8600005BA880CCCC5BA781F9A85BF9F8F8FCFCED000000,75.014,8E8600005BA880CCCC5BA781F9A85BF9F8F8FCFCED000000,75.014,8E8600005BA880CCCC5BA781F9A85BF9F8F8FCFCED000000,75.014,8E8600005BA880CCCC5BA781F9A85BF9F8F8FCFCED000000,75.014,8E8600005BA880CCCC5BA781F9A85BF9F8F8FCFCED000000,75.014,8E8600005BA880CCCC5BA781F9A85BF9F8F8FCFCED000000,75.014,8E8600005BA880CCCC5BA781F9A85BF9F8F8FCFCED000000,75.014,8E8600005BA880CCCC5BA781F9A85BF9F8F8FCFCED000000,75.014,8E8600005BA880CCCC5BA781F9A85BF9F8F8FCFCED000000,75.014,252,75.014,237,75.040,0,75.040,0002,75.040,12545,75.040,3101,75.040,3101,75.040,3101,75.040,3101,75.040,3101,75.040,3101,75.040,3101,75.040,3101,75.040,3101,75.040,3101,75.040,3101,75.040,3101,75.040,3101
75.180,75.114,14.100000000000001,75.114,8D8500005BA881CDCD5BA781F9A85BF9F9F9FCFCED000000,75.114,8D8500005BA881CDCD5BA781F9A85BF9F9F9FCFCED000000,75.114,8D8500005BA881CDCD5BA781F9A85BF9F9F9FCFCED000000,75.114,8D8500005BA881CDCD5BA781F9A85BF9F9F9FCFCED000000,75.114,8D8500005BA881CDCD5BA781F9A85BF9F9F9FCFCED000000,75.114,8D8500005BA881CDCD5BA781F9A85BF9F9F9FCFCED000000,75.114,8D8500005BA881CDCD5BA781F9A85BF9F9F9FCFCED000000,75.114,8D8500005BA881CDCD5BA781F9A85BF9F9F9FCFCED000000,75.114,8D8500005BA881CDCD5BA781F9A85BF9F9F9FCFCED000000,75.114,8D8500005BA881CDCD5BA781F9A85BF9F9F9FCFCED000000,75.114,8D8500005BA881CDCD5BA781F9A85BF9F9F9FCFCED000000,75.114,8D8500005BA881CDCD5BA781F9A85BF9F9F9FCFCED000000,75.114,8D8500005BA881CDCD5BA781F9A85BF9F9F9FCFCED000000,75.114,8D8500005BA881CDCD5BA781F9A85BF9F9F9FCFCED000000,75.114,252,75.114,237,75.137,0,75.137,0002,75.137,12545,75.137,3101,75.137,3101,75.137,3101,75.137,3101,75.137,3101,75.137,3101,75.137,3101,75.137,3101,75.137,3101,75.137,3101,75.137,3101,75.137,3101,75.137,3101
75.281,75.214,14.100000000000001,75.214,8D8500005BA881CDCD5BA781F9A85BFAF9F9FCFCED000000,75.214,8D8500005BA881CDCD5BA781F9A85BFAF9F9FCFCED000000,75.214,8D8500005BA881CDCD5BA781F9A85BFAF9F9FCFCED000000,75.214,8D8500005BA881CDCD5BA781F9A85BFAF9F9FCFCED000000,75.214,8D8500005BA881CDCD5BA781F9A85BFAF9F9FCFCED000000,75.214,8D8500005BA881CDCD5BA781F9A85BFAF9F9FCFCED000000,75.214,8D8500005BA881CDCD5BA781F9A85BFAF9F9FCFCED000000,75.214,8D8500005BA881CDCD5BA781F9A85BFAF9F9FCFCED000000,75.214,8D8500005BA881CDCD5BA781F9A85BFAF9F9FCFCED000000,75.214,8D8500005BA881CDCD5BA781F9A85BFAF9F9FCFCED000000,75.214,8D8500005BA881CDCD5BA781F9A85BFAF9F9FCFCED000000,75.214,8D8500005BA881CDCD5BA781F9A85BFAF9F9FCFCED000000,75.214,8D8500005BA881CDCD5BA781F9A85BFAF9F9FCFCED000000,75.214,8D8500005BA881CDCD5BA781F9A85BFAF9F9FCFCED000000,75.214,252,75.214,237,75.239,0,75.239,0002,75.290,12545,75.290,3101,75.290,3101,75.290,3101,75.290,3101,75.290,3101,75.290,3101,75.290,3101,75.290,3101,75.290,3101,75.290,3101,75.290,3101,75.290,3101,75.290,3101
75.382,75.345,14.100000000000001,75.345,8D8500005CA881CDCD5CA881F9A85CFAF9F9FDFDED000000,75.345,8D8500005CA881CDCD5CA881F9A85CFAF9F9FDFDED000000,75.345,8D8500005CA881CDCD5CA881F9A85CFAF9F9FDFDED000000,75.345,8D8500005CA881CDCD5CA881F9A85CFAF9F9FDFDED000000,75.345,8D8500005CA881CDCD5CA881F9A85CFAF9F9FDFDED000000,75.345,8D8500005CA881CDCD5CA881F9A85CFAF9F9FDFDED000000,75.345,8D8500005CA881CDCD5CA881F9A85CFAF9F9FDFDED000000,75.345,8D8500005CA881CDCD5CA881F9A85CFAF9F9FDFDED000000,75.345,8D8500005CA881CDCD5CA881F9A85CFAF9F9FDFDED000000,75.345,8D8500005CA881CDCD5CA881F9A85CFAF9F9FDFDED000000,75.345,8D8500005CA881CDCD5CA881F9A85CFAF9F9FDFDED000000,75.345,8D8500005CA881CDCD5CA881F9A85CFAF9F9FDFDED000000,75.345,8D8500005CA881CDCD5CA881F9A85CFAF9F9FDFDED000000,75.345,8D8500005CA881CDCD5CA881F9A85CFAF9F9FDFDED000000,75.345,253,75.345,237,75.367,0,75.367,0002,75.290,12545,75.290,3101,75.290,3101,75.290,3101,75.290,3101,75.290,3101,75.290,3101,75.290,3101,75.290,3101,75.290,3101,75.290,3101,75.290,3101,75.290,3101,75.290,3101
75.481,75.515,14.100000000000001,75.515,8D8500005CA881CDCD5BA781F9A85BF9F9F9FCFCED000000,75.515,8D8500005CA881CDCD5BA781F9A85BF9F9F9FCFCED000000,75.515,8D8500005CA881CDCD5BA781F9A85BF9F9F9FCFCED000000,75.515,8D8500005CA881CDCD5BA781F9A85BF9F9F9FCFCED000000,75.515,8D8500005CA881CDCD5BA781F9A85BF9F9F9FCFCED000000,75.515,8D8500005CA881CDCD5BA781F9A85BF9F9F9FCFCED000000,75.515,8D8500005CA881CDCD5BA781F9A85BF9F9F9FCFCED000000,75.515,8D8500005CA881CDCD5BA781F9A85BF9F9F9FCFCED000000,75.515,8D8500005CA881CDCD5BA781F9A85BF9F9F9FCFCED000000,75.515,8D8500005CA881CDCD5BA781F9A85BF9F9F9FCFCED000000,75.515,8D8500005CA881CDCD5BA781F9A85BF9F9F9FCFCED000000,75.515,8D8500005CA881CDCD5BA781F9A85BF9F9F9FCFCED000000,75.515,8D8500005CA881CDCD5BA781F9A85BF9F9F9FCFCED000000,75.515,8D8500005CA881CDCD5BA781F9A85BF9F9F9FCFCED000000,75.515,252,75.515,237,75.449,0,75.449,0002,75.449,12545,75.449,3101,75.449,3101,75.449,3101,75.449,3101,75.449,3101,75.449,3101,75.449,3101,75.449,3101,75.449,3101,75.449,3101,75.449,3101,75.449,3101,75.449,3101
75.580,75.614,14.200000000000001,75.614,8E8600005BA881CDCD5BA781F9A85BF9F9F9FCFCED000000,75.614,8E8600005BA881CDCD5BA781F9A85BF9F9F9FCFCED000000,75.614,8E8600005BA881CDCD5BA781F9A85BF9F9F9FCFCED000000,75.614,8E8600005BA881CDCD5BA781F9A85BF9F9F9FCFCED000000,75.614,8E8600005BA881CDCD5BA781F9A85BF9F9F9FCFCED000000,75.614,8E8600005BA881CDCD5BA781F9A85BF9F9F9FCFCED000000,75.614,8E8600005BA881CDCD5BA781F9A85BF9F9F9FCFCED000000,75.614,8E8600005BA881CDCD5BA781F9A85BF9F9F9FCFCED000000,75.614,8E8600005BA881CDCD5BA781F9A85BF9F9F9FCFCED000000,75.614,8E8600005BA881CDCD5BA781F9A85BF9F9F9FCFCED000000,75.614,8E8600005BA881CDCD5BA781F9A85BF9F9F9FCFCED000000,75.614,8E8600005BA881CDCD5BA781F9A85BF9F9F9FCFCED000000,75.614,8E8600005BA881CDCD5BA781F9A85BF9F9F9FCFCED000000,75.614,8E8600005BA881CDCD5BA781F9A85BF9F9F9FCFCED000000,75.614,252,75.614,237,75.529,0,75.529,0002,75.529,12545,75.529,3101,75.529,3101,75.529,3101,75.529,3101,75.529,3101,75.529,3101,75.529,3101,75.529,3101,75.529,3101,75.529,3101,75.529,3101,75.529,3101,75.529,3101
75.683,75.614,14.200000000000001,75.614,8E8600005BA881CDCD5BA781F9A85BF9F9F9FCFCED000000,75.614,8E8600005BA881CDCD5BA781F9A85BF9F9F9FCFCED000000,75.614,8E8600005BA881CDCD5BA781F9A85BF9F9F9FCFCED000000,75.614,8E8600005BA881CDCD5BA781F9A85BF9F9F9FCFCED000000,75.614,8E8600005BA881CDCD5BA781F9A85BF9F9F9FCFCED000000,75.614,8E8600005BA881CDCD5BA781F9A85BF9F9F9FCFCED000000,75.614,8E8600005BA881CDCD5BA781F9A85BF9F9F9FCFCED000000,75.614,8E8600005BA881CDCD5BA781F9A85BF9F9F9FCFCED000000,75.614,8E8600005BA881CDCD5BA781F9A85BF9F9F9FCFCED000000,75.614,8E8600005BA881CDCD5BA781F9A85BF9F9F9FCFCED000000,75.614,8E8600005BA881CDCD5BA781F9A85BF9F9F9FCFCED000000,75.614,8E8600005BA881CDCD5BA781F9A85BF9F9F9FCFCED000000,75.614,8E8600005BA881CDCD5BA781F9A85BF9F9F9FCFCED000000,75.614,8E8600005BA881CDCD5BA781F9A85BF9F9F9FCFCED000000,75.614,252,75.614,237,75.629,0,75.629,0002,75.629,12545,75.629,3101,75.629,3101,75.629,3101,75.629,3101,75.629,3101,75.629,3101,75.629,3101,75.629,3101,75.629,3101,75.629,3101,75.629,3101,75.629,3101,75.629,3101
75.783,75.724,14,75.724,8C8400005BA881CDCD5BA781F8A85BF9F9F9FCFC12000000,75.724,8C8400005BA881CDCD5BA781F8A85BF9F9F9FCFC12000000,75.724,8C8400005BA881CDCD5BA781F8A85BF9F9F9FCFC12000000,75.724,8C8400005BA881CDCD5BA781F8A85BF9F9F9FCFC12000000,75.724,8C8400005BA881CDCD5BA781F8A85BF9F9F9FCFC12000000,75.724,8C8400005BA881CDCD5BA781F8A85BF9F9F9FCFC12000000,75.724,8C8400005BA881CDCD5BA781F8A85BF9F9F9FCFC12000000,75.724,8C8400005BA881CDCD5BA781F8A85BF9F9F9FCFC12000000,75.724,8C8400005BA881CDCD5BA781F8A85BF9F9F9FCFC12000000,75.724,8C8400005BA881CDCD5BA781F8A85BF9F9F9FCFC12000000,75.724,8C8400005BA881CDCD5BA781F8A85BF9F9F9FCFC12000000,75.724,8C8400005BA881CDCD5BA781F8A85BF9F9F9FCFC12000000,75.724,8C8400005BA881CDCD5BA781F8A85BF9F9F9FCFC12000000,75.724,8C8400005BA881CDCD5BA781F8A85BF9F9F9FCFC12000000,75.724,252,75.724,18,75.750,0,75.750,0002,75.790,12545,75.790,3101,75.790,3101,75.790,3101,75.790,3101,75.790,3101,75.790,3101,75.790,3101,75.790,3101,75.790,3101,75.790,3101,75.790,3101,75.790,3101,75.790,3101
75.883,75.834,14.100000000000001,75.834,8D8500005CA881CDCD5BA781F8A85BF9F9F9FCFC12000000,75.834,8D8500005CA881CDCD5BA781F8A85BF9F9F9FCFC12000000,75.834,8D8500005CA881CDCD5BA781F8A85BF9F9F9FCFC12000000,75.834,8D8500005CA881CDCD5BA781F8A85BF9F9F9FCFC12000000,75.834,8D8500005CA881CDCD5BA781F8A85BF9F9F9FCFC12000000,75.834,8D8500005CA881CDCD5BA781F8A85BF9F9F9FCFC12000000,75.834,8D8500005CA881CDCD5BA781F8A85BF9F9F9FCFC12000000,75.834,8D8500005CA881CDCD5BA781F8A85BF9F9F9FCFC12000000,75.834,8D8500005CA881CDCD5BA781F8A85BF9F9F9FCFC12000000,75.834,8D8500005CA881CDCD5BA781F8A85BF9F9F9FCFC12000000,75.834,8D8500005CA881CDCD5BA781F8A85BF9F9F9FCFC12000000,75.834,8D8500005CA881CDCD5BA781F8A85BF9F9F9FCFC12000000,75.834,8D8500005CA881CDCD5BA781F8A85BF9F9F9FCFC12000000,75.834,8D8500005CA881CDCD5BA781F8A85BF9F9F9FCFC12000000,75.834,252,75.834,18,75.857,0,75.857,0002,75.790,12545,75.790,3101,75.790,3101,75.790,3101,75.790,3101,75.790,3101,75.790,3101,75.790,3101,75.790,3101,75.790,3101,75.790,3101,75.790,3101,75.790,3101,75.790,3101
75.983,75.914,14.100000000000001,75.914,8D8500005CA881CDCD5BA781F8A85BF9F9F9FCFC10000000,75.914,8D8500005CA881CDCD5BA781F8A85BF9F9F9FCFC10000000,75.914,8D8500005CA881CDCD5BA781F8A85BF9F9F9FCFC10000000,75.914,8D8500005CA881CDCD5BA781F8A85BF9F9F9FCFC10000000,75.914,8D8500005CA881CDCD5BA781F8A85BF9F9F9FCFC10000000,75.914,8D8500005CA881CDCD5BA781F8A85BF9F9F9FCFC10000000,75.914,8D8500005CA881CDCD5BA781F8A85BF9F9F9FCFC10000000,75.914,8D8500005CA881CDCD5BA781F8A85BF9F9F9FCFC10000000,75.914,8D8500005CA881CDCD5BA781F8A85BF9F9F9FCFC10000000,75.914,8D8500005CA881CDCD5BA781F8A85BF9F9F9FCFC10000000,75.914,8D8500005CA881CDCD5BA781F8A85BF9F9F9FCFC10000000,75.914,8D8500005CA881CDCD5BA781F8A85BF9F9F9FCFC10000000,75.914,8D8500005CA881CDCD5BA781F8A85BF9F9F9FCFC10000000,75.914,8D8500005CA881CDCD5BA781F8A85BF9F9F9FCFC10000000,75.914,252,75.914,16,75.937,0,75.937,0002,75.937,12545,75.937,3101,75.937,3101,75.937,3101,75.937,3101,75.937,3101,75.937,3101,75.937,3101,75.937,3101,75.937,3101,75.937,3101,75.937,3101,75.937,3101,75.937,3101
76.083,76.114,14.100000000000001,76.114,8D8500005CA881CDCD5BA781F8A85BF9F9F9FCFC10000000,76.114,8D8500005CA881CDCD5BA781F8A85BF9F9F9FCFC10000000,76.114,8D8500005CA881CDCD5BA781F8A85BF9F9F9FCFC10000000,76.114,8D8500005CA881CDCD5BA781F8A85BF9F9F9FCFC10000000,76.114,8D8500005CA881CDCD5BA781F8A85BF9F9F9FCFC10000000,76.114,8D8500005CA881CDCD5BA781F8A85BF9F9F9FCFC10000000,76.114,8D8500005CA881CDCD5BA781F8A85BF9F9F9FCFC10000000,76.114,8D8500005CA881CDCD5BA781F8A85BF9F9F9FCFC10000000,76.114,8D8500005CA881CDCD5BA781F8A85BF9F9F9FCFC10000000,76.114,8D8500005CA881CDCD5BA781F8A85BF9F9F9FCFC10000000,76.114,8D8500005CA881CDCD5BA781F8A85BF9F9F9FCFC10000000,76.114,8D8500005CA881CDCD5BA781F8A85BF9F9F9FCFC10000000,76.114,8D8500005CA881CDCD5BA781F8A85BF9F9F9FCFC10000000,76.114,8D8500005CA881CDCD5BA781F8A85BF9F9F9FCFC10000000,76.114,252,76.114,16,76.029,0,76.029,0002,76.029,12545,76.029,3101,76.029,3101,76.029,3101,76.029,3101,76.029,3101,76.029,3101,76.029,3101,76.029,3101,76.029,3101,76.029,3101,76.029,3101,76.029,3101,76.029,3101
76.183,76.114,14.100000000000001,76.114,8D8500005CA881CDCD5BA781F8A85BF9F9F9FCFC10000000,76.114,8D8500005CA881CDCD5BA781F8A85BF9F9F9FCFC10000000,76.114,8D8500005CA881CDCD5BA781F8A85BF9F9F9FCFC10000000,76.114,8D8500005CA881CDCD5BA781F8A85BF9F9F9FCFC10000000,76.114,8D8500005CA881CDCD5BA781F8A85BF9F9F9FCFC10000000,76.114,8D8500005CA881CDCD5BA781F8A85BF9F9F9FCFC10000000,76.114,8D8500005CA881CDCD5BA781F8A85BF9F9F9FCFC10000000,76.114,8D8500005CA881CDCD5BA781F8A85BF9F9F9FCFC10000000,76.114,8D8500005CA881CDCD5BA781F8A85BF9F9F9FCFC10000000,76.114,8D8500005CA881CDCD5BA781F8A85BF9F9F9FCFC10000000,76.114,8D8500005CA881CDCD5BA781F8A85BF9F9F9FCFC10000000,76.114,8D8500005CA881CDCD5BA781F8A85BF9F9F9FCFC10000000,76.114,8D8500005CA881CDCD5BA781F8A85BF9F9F9FCFC10000000,76.114,8D8500005CA881CDCD5BA781F8A85BF9F9F9FCFC10000000,76.114,252,76.114,16,76.129,0,76.129,0002,76.129,12545,76.129,3101,76.129,3101,76.129,3101,76.129,3101,76.129,3101,76.129,3101,76.129,3101,76.129,3101,76.129,3101,76.129,3101,76.129,3101,76.129,3101,76.129,3101
76.283,76.214,14.100000000000001,76.214,8D8500005CA881CDCD5CA881F8A85CFAFAFAFDFD10000000,76.214,8D8500005CA881CDCD5CA881F8A85CFAFAFAFDFD10000000,76.214,8D8500005CA881CDCD5CA881F8A85CFAFAFAFDFD10000000,76.214,8D8500005CA881CDCD5CA881F8A85CFAFAFAFDFD10000000,76.214,8D8500005CA881CDCD5CA881F8A85CFAFAFAFDFD10000000,76.214,8D8500005CA881CDCD5CA881F8A85CFAFAFAFDFD10000000,76.214,8D8500005CA881CDCD5CA881F8A85CFAFAFAFDFD10000000,76.214,8D8500005CA881CDCD5CA881F8A85CFAFAFAFDFD10000000,76.214,8D8500005CA881CDCD5CA881F8A85CFAFAFAFDFD10000000,76.214,8D8500005CA881CDCD5CA881F8A85CFAFAFAFDFD10000000,76.214,8D8500005CA881CDCD5CA881F8A85CFAFAFAFDFD10000000,76.214,8D8500005CA881CDCD5CA881F8A85CFAFAFAFDFD10000000,76.214,8D8500005CA881CDCD5CA881F8A85CFAFAFAFDFD10000000,76.214,8D8500005CA881CDCD5CA881F8A85CFAFAFAFDFD10000000,76.214,253,76.214,16,76.249,0,76.249,0002,76.290,12545,76.290,3101,76.290,3101,76.290,3101,76.290,3101,76.290,3101,76.290,3101,76.290,3101,76.290,3101,76.290,3101,76.290,3101,76.290,3101,76.290,3101,76.290,3101
76.382,76.354,14.100000000000001,76.354,8D8500005BA780CCCC5BA781F8A75BF8F8F8FCFC10000000,76.354,8D8500005BA780CCCC5BA781F8A75BF8F8F8FCFC10000000,76.354,8D8500005BA780CCCC5BA781F8A75BF8F8F8FCFC10000000,76.354,8D8500005BA780CCCC5BA781F8A75BF8F8F8FCFC10000000,76.354,8D8500005BA780CCCC5BA781F8A75BF8F8F8FCFC10000000,76.354,8D8500005BA780CCCC5BA781F8A75BF8F8F8FCFC10000000,76.354,8D8500005BA780CCCC5BA781F8A75BF8F8F8FCFC10000000,76.354,8D8500005BA780CCCC5BA781F8A75BF8F8F8FCFC10000000,76.354,8D8500005BA780CCCC5BA781F8A75BF8F8F8FCFC10000000,76.354,8D8500005BA780CCCC5BA781F8A75BF8F8F8FCFC10000000,76.354,8D8500005BA780CCCC5BA781F8A75BF8F8F8FCFC10000000,76.354,8D8500005BA780CCCC5BA781F8A75BF8F8F8FCFC10000000,76.354,8D8500005BA780CCCC5BA781F8A75BF8F8F8FCFC10000000,76.354,8D8500005BA780CCCC5BA781F8A75BF8F8F8FCFC10000000,76.354,252,76.354,16,76.378,0,76.378,0002,76.378,12545,76.378,3101,76.378,3101,76.378,3101,76.378,3101,76.378,3101,76.378,3101,76.378,3101,76.378,3101,76.378,3101,76.378,3101,76.378,3101,76.378,3101,76.378,3101
76.482,76.514,14.100000000000001,76.514,8D8500005BA881CDCD5BA881F9A85BFAF9F9FDFD10000000,76.514,8D8500005BA881CDCD5BA881F9A85BFAF9F9FDFD10000000,76.514,8D8500005BA881CDCD5BA881F9A85BFAF9F9FDFD10000000,76.514,8D8500005BA881CDCD5BA881F9A85BFAF9F9FDFD10000000,76.514,8D8500005BA881CDCD5BA881F9A85BFAF9F9FDFD10000000,76.514,8D8500005BA881CDCD5BA881F9A85BFAF9F9FDFD10000000,76.514,8D8500005BA881CDCD5BA881F9A85BFAF9F9FDFD10000000,76.514,8D8500005BA881CDCD5BA881F9A85BFAF9F9FDFD10000000,76.514,8D8500005BA881CDCD5BA881F9A85BFAF9F9FDFD10000000,76.514,8D8500005BA881CDCD5BA881F9A85BFAF9F9FDFD10000000,76.514,8D8500005BA881CDCD5BA881F9A85BFAF9F9FDFD10000000,76.514,8D8500005BA881CDCD5BA881F9A85BFAF9F9FDFD10000000,76.514,8D8500005BA881CDCD5BA881F9A85BFAF9F9FDFD10000000,76.514,8D8500005BA881CDCD5BA881F9A85BFAF9F9FDFD10000000,76.514,253,76.514,16,76.438,0,76.438,0002,76.378,12545,76.378,3101,76.378,3101,76.378,3101,76.378,3101,76.378,3101,76.378,3101,76.378,3101,76.378,3101,76.378,3101,76.378,3101,76.378,3101,76.378,3101,76.378,3101
76.583,76.514,14.100000000000001,76.514,8D8500005BA881CDCD5BA881F9A85BFAF9F9FDFD10000000,76.514,8D8500005BA881CDCD5BA881F9A85BFAF9F9FDFD10000000,76.514,8D8500005BA881CDCD5BA881F9A85BFAF9F9FDFD10000000,76.514,8D8500005BA881CDCD5BA881F9A85BFAF9F9FDFD10000000,76.514,8D8500005BA881CDCD5BA881F9A85BFAF9F9FDFD10000000,76.514,8D8500005BA881CDCD5BA881F9A85BFAF9F9FDFD10000000,76.514,8D8500005BA881CDCD5BA881F9A85BFAF9F9FDFD10000000,76.514,8D8500005BA881CDCD5BA881F9A85BFAF9F9FDFD10000000,76.514,8D8500005BA881CDCD5BA881F9A85BFAF9F9FDFD10000000,76.514,8D8500005BA881CDCD5BA881F9A85BFAF9F9FDFD10000000,76.514,8D8500005BA881CDCD5BA881F9A85BFAF9F9FDFD10000000,76.514,8D8500005BA881CDCD5BA881F9A85BFAF9F9FDFD10000000,76.514,8D8500005BA881CDCD5BA881F9A85BFAF9F9FDFD10000000,76.514,8D8500005BA881CDCD5BA881F9A85BFAF9F9FDFD10000000,76.514,253,76.514,16,76.540,0,76.540,0002,76.540,12545,76.540,3101,76.540,3101,76.540,3101,76.540,3101,76.540,3101,76.540,3101,76.540,3101,76.540,3101,76.540,3101,76.540,3101,76.540,3101,76.540,3101,76.540,3101
76.682,76.614,14.200000000000001,76.614,8E8600005CA881CCCC5BA781F8A85BF9F9F9FCFC10000000,76.614,8E8600005CA881CCCC5BA781F8A85BF9F9F9FCFC10000000,76.614,8E8600005CA881CCCC5BA781F8A85BF9F9F9FCFC10000000,76.614,8E8600005CA881CCCC5BA781F8A85BF9F9F9FCFC10000000,76.614,8E8600005CA881CCCC5BA781F8A85BF9F9F9FCFC10000000,76.614,8E8600005CA881CCCC5BA781F8A85BF9F9F9FCFC10000000,76.614,8E8600005CA881CCCC5BA781F8A85BF9F9F9FCFC10000000,76.614,8E8600005CA881CCCC5BA781F8A85BF9F9F9FCFC10000000,76.614,8E8600005CA881CCCC5BA781F8A85BF9F9F9FCFC10000000,76.614,8E8600005CA881CCCC5BA781F8A85BF9F9F9FCFC10000000,76.614,8E8600005CA881CCCC5BA781F8A85BF9F9F9FCFC10000000,76.614,8E8600005CA881CCCC5BA781F8A85BF9F9F9FCFC10000000,76.614,8E8600005CA881CCCC5BA781F8A85BF9F9F9FCFC10000000,76.614,8E8600005CA881CCCC5BA781F8A85BF9F9F9FCFC10000000,76.614,252,76.614,16,76.637,0,76.637,0002,76.637,12545,76.637,3101,76.637,3101,76.637,3101,76.637,3101,76.637,3101,76.637,3101,76.637,3101,76.637,3101,76.637,3101,76.637,3101,76.637,3101,76.637,3101,76.637,3101
76.781,76.714,14,76.714,8C8400005CA881CDCD5BA881F8A85BF9F9F9FCFD10000000,76.714,8C8400005CA881CDCD5BA881F8A85BF9F9F9FCFD10000000,76.714,8C8400005CA881CDCD5BA881F8A85BF9F9F9FCFD10000000,76.714,8C8400005CA881CDCD5BA881F8A85BF9F9F9FCFD10000000,76.714,8C8400005CA881CDCD5BA881F8A85BF9F9F9FCFD10000000,76.714,8C8400005CA881CDCD5BA881F8A85BF9F9F9FCFD10000000,76.714,8C8400005CA881CDCD5BA881F8A85BF9F9F9FCFD10000000,76.714,8C8400005CA881CDCD5BA881F8A85BF9F9F9FCFD10000000,76.714,8C8400005CA881CDCD5BA881F8A85BF9F9F9FCFD10000000,76.714,8C8400005CA881CDCD5BA881F8A85BF9F9F9FCFD10000000,76.714,8C8400005CA881CDCD5BA881F8A85BF9F9F9FCFD10000000,76.714,8C8400005CA881CDCD5BA881F8A85BF9F9F9FCFD10000000,76.714,8C8400005CA881CDCD5BA881F8A85BF9F9F9FCFD10000000,76.714,8C8400005CA881CDCD5BA881F8A85BF9F9F9FCFD10000000,76.714,253,76.714,16,76.751,0,76.751,0002,76.751,12545,76.751,3101,76.751,3101,76.751,3101,76.751,3101,76.751,3101,76.751,3101,76.751,3101,76.751,3101,76.751,3101,76.751,3101,76.751,3101,76.751,3101,76.751,3101
76.883,76.844,14.100000000000001,76.844,8D8500005DA8825B5B5BA881F9A85BFAF9F9FDFD10000000,76.844,8D8500005DA8825B5B5BA881F9A85BFAF9F9FDFD10000000,76.844,8D8500005DA8825B5B5BA881F9A85BFAF9F9FDFD10000000,76.844,8D8500005DA8825B5B5BA881F9A85BFAF9F9FDFD10000000,76.844,8D8500005DA8825B5B5BA881F9A85BFAF9F9FDFD10000000,76.844,8D8500005DA8825B5B5BA881F9A85BFAF9F9FDFD10000000,76.844,8D8500005DA8825B5B5BA881F9A85BFAF9F9FDFD10000000,76.844,8D8500005DA8825B5B5BA881F9A85BFAF9F9FDFD10000000,76.844,8D8500005DA8825B5B5BA881F9A85BFAF9F9FDFD10000000,76.844,8D8500005DA8825B5B5BA881F9A85BFAF9F9FDFD10000000,76.844,8D8500005DA8825B5B5BA881F9A85BFAF9F9FDFD10000000,76.844,8D8500005DA8825B5B5BA881F9A85BFAF9F9FDFD10000000,76.844,8D8500005DA8825B5B5BA881F9A85BFAF9F9FDFD10000000,76.844,8D8500005DA8825B5B5BA881F9A85BFAF9F9FDFD10000000,76.844,253,76.844,16,76.858,0,76.858,0002,76.790,12545,76.790,3101,76.790,3101,76.790,3101,76.790,3101,76.790,3101,76.790,3101,76.790,3101,76.790,3101,76.790,3101,76.790,3101,76.790,3101,76.790,3101,76.790,3101
76.982,77.014,14.100000000000001,77.014,8D8500005CA8815B5B5BA881F8A85BFAF9F9FDFD10000000,77.014,8D8500005CA8815B5B5BA881F8A85BFAF9F9FDFD10000000,77.014,8D8500005CA8815B5B5BA881F8A85BFAF9F9FDFD10000000,77.014,8D8500005CA8815B5B5BA881F8A85BFAF9F9FDFD10000000,77.014,8D8500005CA8815B5B5BA881F8A85BFAF9F9FDFD10000000,77.014,8D8500005CA8815B5B5BA881F8A85BFAF9F9FDFD10000000,77.014,8D8500005CA8815B5B5BA881F8A85BFAF9F9FDFD10000000,77.014,8D8500005CA8815B5B5BA881F8A85BFAF9F9FDFD10000000,77.014,8D8500005CA8815B5B5BA881F8A85BFAF9F9FDFD10000000,77.014,8D8500005CA8815B5B5BA881F8A85BFAF9F9FDFD10000000,77.014,8D8500005CA8815B5B5BA881F8A85BFAF9F9FDFD10000000,77.014,8D8500005CA8815B5B5BA881F8A85BFAF9F9FDFD10000000,77.014,8D8500005CA8815B5B5BA881F8A85BFAF9F9FDFD10000000,77.014,8D8500005CA8815B5B5BA881F8A85BFAF9F9FDFD10000000,77.014,253,77.014,16,76.939,0,76.939,0002,76.939,12553,76.939,3109,76.939,3109,76.939,3109,76.939,3109,76.939,3109,76.939,3109,76.939,3109,76.939,3109,76.939,3109,76.939,3109,76.939,3109,76.939,3109,76.939,3109
77.084,77.014,14.100000000000001,77.014,8D8500005CA8815B5B5BA881F8A85BFAF9F9FDFD10000000,77.014,8D8500005CA8815B5B5BA881F8A85BFAF9F9FDFD10000000,77.014,8D8500005CA8815B5B5BA881F8A85BFAF9F9FDFD10000000,77.014,8D8500005CA8815B5B5BA881F8A85BFAF9F9FDFD10000000,77.014,8D8500005CA8815B5B5BA881F8A85BFAF9F9FDFD10000000,77.014,8D8500005CA8815B5B5BA881F8A85BFAF9F9FDFD10000000,77.014,8D8500005CA8815B5B5BA881F8A85BFAF9F9FDFD10000000,77.014,8D8500005CA8815B5B5BA881F8A85BFAF9F9FDFD10000000,77.014,8D8500005CA8815B5B5BA881F8A85BFAF9F9FDFD10000000,77.014,8D8500005CA8815B5B5BA881F8A85BFAF9F9FDFD10000000,77.014,8D8500005CA8815B5B5BA881F8A85BFAF9F9FDFD10000000,77.014,8D8500005CA8815B5B5BA881F8A85BFAF9F9FDFD10000000,77.014,8D8500005CA8815B5B5BA881F8A85BFAF9F9FDFD10000000,77.014,8D8500005CA8815B5B5BA881F8A85BFAF9F9FDFD10000000,77.014,253,77.014,16,77.029,0,77.029,0002,77.029,12553,77.029,3109,77.029,3109,77.029,3109,77.029,3109,77.029,3109,77.029,3109,77.029,3109,77.029,3109,77.029,3109,77.029,3109,77.029,3109,77.029,3109,77.029,3109
77.183,77.114,14.100000000000001,77.114,8D8500005CA881CDCD5BA781F8A85BF9F9F9FCFC10000000,77.114,8D8500005CA881CDCD5BA781F8A85BF9F9F9FCFC10000000,77.114,8D8500005CA881CDCD5BA781F8A85BF9F9F9FCFC10000000,77.114,8D8500005CA881CDCD5BA781F8A85BF9F9F9FCFC10000000,77.114,8D8500005CA881CDCD5BA781F8A85BF9F9F9FCFC10000000,77.114,8D8500005CA881CDCD5BA781F8A85BF9F9F9FCFC10000000,77.114,8D8500005CA881CDCD5BA781F8A85BF9F9F9FCFC10000000,77.114,8D8500005CA881CDCD5BA781F8A85BF9F9F9FCFC10000000,77.114,8D8500005CA881CDCD5BA781F8A85BF9F9F9FCFC10000000,77.114,8D8500005CA881CDCD5BA781F8A85BF9F9F9FCFC10000000,77.114,8D8500005CA881CDCD5BA781F8A85BF9F9F9FCFC10000000,77.114,8D8500005CA881CDCD5BA781F8A85BF9F9F9FCFC10000000,77.114,8D8500005CA881CDCD5BA781F8A85BF9F9F9FCFC10000000,77.114,8D8500005CA881CDCD5BA781F8A85BF9F9F9FCFC10000000,77.114,252,77.114,16,77.137,0,77.137,0002,77.137,12545,77.137,3101,77.137,3101,77.137,3101,77.137,3101,77.137,3101,77.137,3101,77.137,3101,77.137,3101,77.137,3101,77.137,3101,77.137,3101,77.137,3101,77.137,3101
77.283,77.224,14.100000000000001,77.224,8D8500005BA8815B5B5BA781F8A85BF9F8F8FCFC10000000,77.224,8D8500005BA8815B5B5BA781F8A85BF9F8F8FCFC10000000,77.224,8D8500005BA8815B5B5BA781F8A85BF9F8F8FCFC10000000,77.224,8D8500005BA8815B5B5BA781F8A85BF9F8F8FCFC10000000,77.224,8D8500005BA8815B5B5BA781F8A85BF9F8F8FCFC10000000,77.224,8D8500005BA8815B5B5BA781F8A85BF9F8F8FCFC10000000,77.224,8D8500005BA8815B5B5BA781F8A85BF9F8F8FCFC10000000,77.224,8D8500005BA8815B5B5BA781F8A85BF9F8F8FCFC10000000,77.224,8D8500005BA8815B5B5BA781F8A85BF9F8F8FCFC10000000,77.224,8D8500005BA8815B5B5BA781F8A85BF9F8F8FCFC10000000,77.224,8D8500005BA8815B5B5BA781F8A85BF9F8F8FCFC10000000,77.224,8D8500005BA8815B5B5BA781F8A85BF9F8F8FCFC10000000,77.224,8D8500005BA8815B5B5BA781F8A85BF9F8F8FCFC10000000,77.224,8D8500005BA8815B5B5BA781F8A85BF9F8F8FCFC10000000,77.224,252,77.224,16,77.251,0,77.251,0002,77.290,12553,77.290,3109,77.290,3109,77.290,3109,77.290,3109,77.290,3109,77.290,3109,77.290,3109,77.290,3109,77.290,3109,77.290,3109,77.290,3109,77.290,3109,77.290,3109
77.383,77.334,14.100000000000001,77.334,8D8500005CA881CDCD5BA881F8A85BF9F9F9FCFD10000000,77.334,8D8500005CA881CDCD5BA881F8A85BF9F9F9FCFD10000000,77.334,8D8500005CA881CDCD5BA881F8A85BF9F9F9FCFD10000000,77.334,8D8500005CA881CDCD5BA881F8A85BF9F9F9FCFD10000000,77.334,8D8500005CA881CDCD5BA881F8A85BF9F9F9FCFD10000000,77.334,8D8500005CA881CDCD5BA881F8A85BF9F9F9FCFD10000000,77.334,8D8500005CA881CDCD5BA881F8A85BF9F9F9FCFD10000000,77.334,8D8500005CA881CDCD5BA881F8A85BF9F9F9FCFD10000000,77.334,8D8500005CA881CDCD5BA881F8A85BF9F9F9FCFD10000000,77.334,8D8500005CA881CDCD5BA881F8A85BF9F9F9FCFD10000000,77.334,8D8500005CA881CDCD5BA881F8A85BF9F9F9FCFD10000000,77.334,8D8500005CA881CDCD5BA881F8A85BF9F9F9FCFD10000000,77.334,8D8500005CA881CDCD5BA881F8A85BF9F9F9FCFD10000000,77.334,8D8500005CA881CDCD5BA881F8A85BF9F9F9FCFD10000000,77.334,253,77.334,16,77.357,0,77.357,0002,77.290,12553,77.290,3109,77.290,3109,77.290,3109,77.290,3109,77.290,3109,77.290,3109,77.290,3109,77.290,3109,77.290,3109,77.290,3109,77.290,3109,77.290,3109,77.290,3109
77.483,77.424,14.100000000000001,77.424,8D8500005CA881CCCC5BA780F8A85BF9F9F9FCFC10000000,77.424,8D8500005CA881CCCC5BA780F8A85BF9F9F9FCFC10000000,77.424,8D8500005CA881CCCC5BA780F8A85BF9F9F9FCFC10000000,77.424,8D8500005CA881CCCC5BA780F8A85BF9F9F9FCFC10000000,77.424,8D8500005CA881CCCC5BA780F8A85BF9F9F9FCFC10000000,77.424,8D8500005CA881CCCC5BA780F8A85BF9F9F9FCFC10000000,77.424,8D8500005CA881CCCC5BA780F8A85BF9F9F9FCFC10000000,77.424,8D8500005CA881CCCC5BA780F8A85BF9F9F9FCFC10000000,77.424,8D8500005CA881CCCC5BA780F8A85BF9F9F9FCFC10000000,77.424,8D8500005CA881CCCC5BA780F8A85BF9F9F9FCFC10000000,77.424,8D8500005CA881CCCC5BA780F8A85BF9F9F9FCFC10000000,77.424,8D8500005CA881CCCC5BA780F8A85BF9F9F9FCFC10000000,77.424,8D8500005CA881CCCC5BA780F8A85BF9F9F9FCFC10000000,77.424,8D8500005CA881CCCC5BA780F8A85BF9F9F9FCFC10000000,77.424,252,77.424,16,77.447,0,77.447,0002,77.447,12545,77.447,3101,77.447,3101,77.447,3101,77.447,3101,77.447,3101,77.447,3101,77.447,3101,77.447,3101,77.447,3101,77.447,3101,77.447,3101,77.447,3101,77.447,3101
77.582,77.614,14.100000000000001,77.614,8D8500005BA881CDCD5BA781F8A85BF9F9F9FCFC10000000,77.614,8D8500005BA881CDCD5BA781F8A85BF9F9F9FCFC10000000,77.614,8D8500005BA881CDCD5BA781F8A85BF9F9F9FCFC10000000,77.614,8D8500005BA881CDCD5BA781F8A85BF9F9F9FCFC10000000,77.614,8D8500005BA881CDCD5BA781F8A85BF9F9F9FCFC10000000,77.614,8D8500005BA881CDCD5BA781F8A85BF9F9F9FCFC10000000,77.614,8D8500005BA881CDCD5BA781F8A85BF9F9F9FCFC10000000,77.614,8D8500005BA881CDCD5BA781F8A85BF9F9F9FCFC10000000,77.614,8D8500005BA881CDCD5BA781F8A85BF9F9F9FCFC10000000,77.614,8D8500005BA881CDCD5BA781F8A85BF9F9F9FCFC10000000,77.614,8D8500005BA881CDCD5BA781F8A85BF9F9F9FCFC10000000,77.614,8D8500005BA881CDCD5BA781F8A85BF9F9F9FCFC10000000,77.614,8D8500005BA881CDCD5BA781F8A85BF9F9F9FCFC10000000,77.614,8D8500005BA881CDCD5BA781F8A85BF9F9F9FCFC10000000,77.614,252,77.614,16,77.529,0,77.529,0002,77.529,12545,77.529,3101,77.529,3101,77.529,3101,77.529,3101,77.529,3101,77.529,3101,77.529,3101,77.529,3101,77.529,3101,77.529,3101,77.529,3101,77.529,3101,77.529,3101
77.683,77.714,14.100000000000001,77.714,8D8500005BA881CDCD5BA781F8A85BF9F9F9FCFC10000000,77.714,8D8500005BA881CDCD5BA781F8A85BF9F9F9FCFC10000000,77.714,8D8500005BA881CDCD5BA781F8A85BF9F9F9FCFC10000000,77.714,8D8500005BA881CDCD5BA781F8A85BF9F9F9FCFC10000000,77.714,8D8500005BA881CDCD5BA781F8A85BF9F9F9FCFC10000000,77.714,8D8500005BA881CDCD5BA781F8A85BF9F9F9FCFC10000000,77.714,8D8500005BA881CDCD5BA781F8A85BF9F9F9FCFC10000000,77.714,8D8500005BA881CDCD5BA781F8A85BF9F9F9FCFC10000000,77.714,8D8500005BA881CDCD5BA781F8A85BF9F9F9FCFC10000000,77.714,8D8500005BA881CDCD5BA781F8A85BF9F9F9FCFC10000000,77.714,8D8500005BA881CDCD5BA781F8A85BF9F9F9FCFC10000000,77.714,8D8500005BA881CDCD5BA781F8A85BF9F9F9FCFC10000000,77.714,8D8500005BA881CDCD5BA781F8A85BF9F9F9FCFC10000000,77.714,8D8500005BA881CDCD5BA781F8A85BF9F9F9FCFC10000000,77.714,252,77.714,16,77.629,0,77.629,0002,77.629,12545,77.629,3101,77.629,3101,77.629,3101,77.629,3101,77.629,3101,77.629,3101,77.629,3101,77.629,3101,77.629,3101,77.629,3101,77.629,3101,77.629,3101,77.629,3101
77.783,77.714,14.100000000000001,77.714,8D8500005BA881CDCD5BA781F8A85BF9F9F9FCFC10000000,77.714,8D8500005BA881CDCD5BA781F8A85BF9F9F9FCFC10000000,77.714,8D8500005BA881CDCD5BA781F8A85BF9F9F9FCFC10000000,77.714,8D8500005BA881CDCD5BA781F8A85BF9F9F9FCFC10000000,77.714,8D8500005BA881CDCD5BA781F8A85BF9F9F9FCFC10000000,77.714,8D8500005BA881CDCD5BA781F8A85BF9F9F9FCFC10000000,77.714,8D8500005BA881CDCD5BA781F8A85BF9F9F9FCFC10000000,77.714,8D8500005BA881CDCD5BA781F8A85BF9F9F9FCFC10000000,77.714,8D8500005BA881CDCD5BA781F8A85BF9F9F9FCFC10000000,77.714,8D8500005BA881CDCD5BA781F8A85BF9F9F9FCFC10000000,77.714,8D8500005BA881CDCD5BA781F8A85BF9F9F9FCFC10000000,77.714,8D8500005BA881CDCD5BA781F8A85BF9F9F9FCFC10000000,77.714,8D8500005BA881CDCD5BA781F8A85BF9F9F9FCFC10000000,77.714,8D8500005BA881CDCD5BA781F8A85BF9F9F9FCFC10000000,77.714,252,77.714,16,77.739,0,77.739,0002,77.739,12545,77.739,3101,77.739,3101,77.739,3101,77.739,3101,77.739,3101,77.739,3101,77.739,3101,77.739,3101,77.739,3101,77.739,3101,77.739,3101,77.739,3101,77.739,3101
77.881,77.854,14.100000000000001,77.854,8D8500005CA881CDCD5CA781F8A85CF9F9F9FCFD10000000,77.854,8D8500005CA881CDCD5CA781F8A85CF9F9F9FCFD10000000,77.854,8D8500005CA881CDCD5CA781F8A85CF9F9F9FCFD10000000,77.854,8D8500005CA881CDCD5CA781F8A85CF9F9F9FCFD10000000,77.854,8D8500005CA881CDCD5CA781F8A85CF9F9F9FCFD10000000,77.854,8D8500005CA881CDCD5CA781F8A85CF9F9F9FCFD10000000,77.854,8D8500005CA881CDCD5CA781F8A85CF9F9F9FCFD10000000,77.854,8D8500005CA881CDCD5CA781F8A85CF9F9F9FCFD10000000,77.854,8D8500005CA881CDCD5CA781F8A85CF9F9F9FCFD10000000,77.854,8D8500005CA881CDCD5CA781F8A85CF9F9F9FCFD10000000,77.854,8D8500005CA881CDCD5CA781F8A85CF9F9F9FCFD10000000,77.854,8D8500005CA881CDCD5CA781F8A85CF9F9F9FCFD10000000,77.854,8D8500005CA881CDCD5CA781F8A85CF9F9F9FCFD10000000,77.854,8D8500005CA881CDCD5CA781F8A85CF9F9F9FCFD10000000,77.854,253,77.854,16,77.878,0,77.878,0002,77.878,12545,77.878,3101,77.878,3101,77.878,3101,77.878,3101,77.878,3101,77.878,3101,77.878,3101,77.878,3101,77.878,3101,77.878,3101,77.878,3101,77.878,3101,77.878,3101
77.982,78.014,14.200000000000001,78.014,8E8600005BA880CCCC5BA781F8A85BF9F8F8FCFC10000000,78.014,8E8600005BA880CCCC5BA781F8A85BF9F8F8FCFC10000000,78.014,8E8600005BA880CCCC5BA781F8A85BF9F8F8FCFC10000000,78.014,8E8600005BA880CCCC5BA781F8A85BF9F8F8FCFC10000000,78.014,8E8600005BA880CCCC5BA781F8A85BF9F8F8FCFC10000000,78.014,8E8600005BA880CCCC5BA781F8A85BF9F8F8FCFC10000000,78.014,8E8600005BA880CCCC5BA781F8A85BF9F8F8FCFC10000000,78.014,8E8600005BA880CCCC5BA781F8A85BF9F8F8FCFC10000000,78.014,8E8600005BA880CCCC5BA781F8A85BF9F8F8FCFC10000000,78.014,8E8600005BA880CCCC5BA781F8A85BF9F8F8FCFC10000000,78.014,8E8600005BA880CCCC5BA781F8A85BF9F8F8FCFC10000000,78.014,8E8600005BA880CCCC5BA781F8A85BF9F8F8FCFC10000000,78.014,8E8600005BA880CCCC5BA781F8A85BF9F8F8FCFC10000000,78.014,8E8600005BA880CCCC5BA781F8A85BF9F8F8FCFC10000000,78.014,252,78.014,16,77.938,0,77.938,0002,77.878,12545,77.878,3101,77.878,3101,77.878,3101,77.878,3101,77.878,3101,77.878,3101,77.878,3101,77.878,3101,77.878,3101,77.878,3101,77.878,3101,77.878,3101,77.878,3101
78.083,78.014,14.200000000000001,78.014,8E8600005BA880CCCC5BA781F8A85BF9F8F8FCFC10000000,78.014,8E8600005BA880CCCC5BA781F8A85BF9F8F8FCFC10000000,78.014,8E8600005BA880CCCC5BA781F8A85BF9F8F8FCFC10000000,78.014,8E8600005BA880CCCC5BA781F8A85BF9F8F8FCFC10000000,78.014,8E8600005BA880CCCC5BA781F8A85BF9F8F8FCFC10000000,78.014,8E8600005BA880CCCC5BA781F8A85BF9F8F8FCFC10000000,78.014,8E8600005BA880CCCC5BA781F8A85BF9F8F8FCFC10000000,78.014,8E8600005BA880CCCC5BA781F8A85BF9F8F8FCFC10000000,78.014,8E8600005BA880CCCC5BA781F8A85BF9F8F8FCFC10000000,78.014,8E8600005BA880CCCC5BA781F8A85BF9F8F8FCFC10000000,78.014,8E8600005BA880CCCC5BA781F8A85BF9F8F8FCFC10000000,78.014,8E8600005BA880CCCC5BA781F8A85BF9F8F8FCFC10000000,78.014,8E8600005BA880CCCC5BA781F8A85BF9F8F8FCFC10000000,78.014,8E8600005BA880CCCC5BA781F8A85BF9F8F8FCFC10000000,78.014,252,78.014,16,78.029,0,78.029,0002,78.029,12545,78.029,3101,78.029,3101,78.029,3101,78.029,3101,78.029,3101,78.029,3101,78.029,3101,78.029,3101,78.029,3101,78.029,3101,78.029,3101,78.029,3101,78.029,3101
78.182,78.114,14.100000000000001,78.114,8D8500005CA881CDCD5BA881F8A85BFAF9F9FCFD10000000,78.114,8D8500005CA881CDCD5BA881F8A85BFAF9F9FCFD10000000,78.114,8D8500005CA881CDCD5BA881F8A85BFAF9F9FCFD10000000,78.114,8D8500005CA881CDCD5BA881F8A85BFAF9F9FCFD10000000,78.114,8D8500005CA881CDCD5BA881F8A85BFAF9F9FCFD10000000,78.114,8D8500005CA881CDCD5BA881F8A85BFAF9F9FCFD10000000,78.114,8D8500005CA881CDCD5BA881F8A85BFAF9F9FCFD10000000,78.114,8D8500005CA881CDCD5BA881F8A85BFAF9F9FCFD10000000,78.114,8D8500005CA881CDCD5BA881F8A85BFAF9F9FCFD10000000,78.114,8D8500005CA881CDCD5BA881F8A85BFAF9F9FCFD10000000,78.114,8D8500005CA881CDCD5BA881F8A85BFAF9F9FCFD10000000,78.114,8D8500005CA881CDCD5BA881F8A85BFAF9F9FCFD10000000,78.114,8D8500005CA881CDCD5BA881F8A85BFAF9F9FCFD10000000,78.114,8D8500005CA881CDCD5BA881F8A85BFAF9F9FCFD10000000,78.114,253,78.114,16,78.137,0,78.137,0002,78.137,12545,78.137,3101,78.137,3101,78.137,3101,78.137,3101,78.137,3101,78.137,3101,78.137,3101,78.137,3101,78.137,3101,78.137,3101,78.137,3101,78.137,3101,78.137,3101
78.282,78.214,14.100000000000001,78.214,8D8500005BA881CDCD5BA781F8A85BF9F9F9FCFC10000000,78.214,8D8500005BA881CDCD5BA781F8A85BF9F9F9FCFC10000000,78.214,8D8500005BA881CDCD5BA781F8A85BF9F9F9FCFC10000000,78.214,8D8500005BA881CDCD5BA781F8A85BF9F9F9FCFC10000000,78.214,8D8500005BA881CDCD5BA781F8A85BF9F9F9FCFC10000000,78.214,8D8500005BA881CDCD5BA781F8A85BF9F9F9FCFC10000000,78.214,8D8500005BA881CDCD5BA781F8A85BF9F9F9FCFC10000000,78.214,8D8500005BA881CDCD5BA781F8A85BF9F9F9FCFC10000000,78.214,8D8500005BA881CDCD5BA781F8A85BF9F9F9FCFC10000000,78.214,8D8500005BA881CDCD5BA781F8A85BF9F9F9FCFC10000000,78.214,8D8500005BA881CDCD5BA781F8A85BF9F9F9FCFC10000000,78.214,8D8500005BA881CDCD5BA781F8A85BF9F9F9FCFC10000000,78.214,8D8500005BA881CDCD5BA781F8A85BF9F9F9FCFC10000000,78.214,8D8500005BA881CDCD5BA781F8A85BF9F9F9FCFC10000000,78.214,252,78.214,16,78.250,0,78.250,0002,78.299,12545,78.299,3101,78.299,3101,78.299,3101,78.299,3101,78.299,3101,78.299,3101,78.299,3101,78.299,3101,78.299,3101,78.299,3101,78.299,3101,78.299,3101,78.299,3101
78.383,78.345,14.100000000000001,78.345,8D8500005BA881CDCD5BA781F8A75BF9F9F9FCFC10000000,78.345,8D8500005BA881CDCD5BA781F8A75BF9F9F9FCFC10000000,78.345,8D8500005BA881CDCD5BA781F8A75BF9F9F9FCFC10000000,78.345,8D8500005BA881CDCD5BA781F8A75BF9F9F9FCFC10000000,78.345,8D8500005BA881CDCD5BA781F8A75BF9F9F9FCFC10000000,78.345,8D8500005BA881CDCD5BA781F8A75BF9F9F9FCFC10000000,78.345,8D8500005BA881CDCD5BA781F8A75BF9F9F9FCFC10000000,78.345,8D8500005BA881CDCD5BA781F8A75BF9F9F9FCFC10000000,78.345,8D8500005BA881CDCD5BA781F8A75BF9F9F9FCFC10000000,78.345,8D8500005BA881CDCD5BA781F8A75BF9F9F9FCFC10000000,78.345,8D8500005BA881CDCD5BA781F8A75BF9F9F9FCFC10000000,78.345,8D8500005BA881CDCD5BA781F8A75BF9F9F9FCFC10000000,78.345,8D8500005BA881CDCD5BA781F8A75BF9F9F9FCFC10000000,78.345,8D8500005BA881CDCD5BA781F8A75BF9F9F9FCFC10000000,78.345,252,78.345,16,78.358,0,78.358,0002,78.299,12545,78.299,3101,78.299,3101,78.299,3101,78.299,3101,78.299,3101,78.299,3101,78.299,3101,78.299,3101,78.299,3101,78.299,3101,78.299,3101,78.299,3101,78.299,3101
78.483,78.414,14.100000000000001,78.414,8D8500005BA880CCCC5BA781F8A85BF9F9F9FCFC10000000,78.414,8D8500005BA880CCCC5BA781F8A85BF9F9F9FCFC10000000,78.414,8D8500005BA880CCCC5BA781F8A85BF9F9F9FCFC10000000,78.414,8D8500005BA880CCCC5BA781F8A85BF9F9F9FCFC10000000,78.414,8D8500005BA880CCCC5BA781F8A85BF9F9F9FCFC10000000,78.414,8D8500005BA880CCCC5BA781F8A85BF9F9F9FCFC10000000,78.414,8D8500005BA880CCCC5BA781F8A85BF9F9F9FCFC10000000,78.414,8D8500005BA880CCCC5BA781F8A85BF9F9F9FCFC10000000,78.414,8D8500005BA880CCCC5BA781F8A85BF9F9F9FCFC10000000,78.414,8D8500005BA880CCCC5BA781F8A85BF9F9F9FCFC10000000,78.414,8D8500005BA880CCCC5BA781F8A85BF9F9F9FCFC10000000,78.414,8D8500005BA880CCCC5BA781F8A85BF9F9F9FCFC10000000,78.414,8D8500005BA880CCCC5BA781F8A85BF9F9F9FCFC10000000,78.414,8D8500005BA880CCCC5BA781F8A85BF9F9F9FCFC10000000,78.414,252,78.414,16,78.437,0,78.437,0002,78.437,12545,78.437,3101,78.437,3101,78.437,3101,78.437,3101,78.437,3101,78.437,3101,78.437,3101,78.437,3101,78.437,3101,78.437,3101,78.437,3101,78.437,3101,78.437,3101
78.582,78.615,14.100000000000001,78.615,8D8500005BA881CDCD5BA781F8A85BF9F9F9FCFC0F000000,78.615,8D8500005BA881CDCD5BA781F8A85BF9F9F9FCFC0F000000,78.615,8D8500005BA881CDCD5BA781F8A85BF9F9F9FCFC0F000000,78.615,8D8500005BA881CDCD5BA781F8A85BF9F9F9FCFC0F000000,78.615,8D8500005BA881CDCD5BA781F8A85BF9F9F9FCFC0F000000,78.615,8D8500005BA881CDCD5BA781F8A85BF9F9F9FCFC0F000000,78.615,8D8500005BA881CDCD5BA781F8A85BF9F9F9FCFC0F000000,78.615,8D8500005BA881CDCD5BA781F8A85BF9F9F9FCFC0F000000,78.615,8D8500005BA881CDCD5BA781F8A85BF9F9F9FCFC0F000000,78.615,8D8500005BA881CDCD5BA781F8A85BF9F9F9FCFC0F000000,78.615,8D8500005BA881CDCD5BA781F8A85BF9F9F9FCFC0F000000,78.615,8D8500005BA881CDCD5BA781F8A85BF9F9F9FCFC0F000000,78.615,8D8500005BA881CDCD5BA781F8A85BF9F9F9FCFC0F000000,78.615,8D8500005BA881CDCD5BA781F8A85BF9F9F9FCFC0F000000,78.615,252,78.615,15,78.547,0,78.547,0002,78.547,12545,78.547,3101,78.547,3101,78.547,3101,78.547,3101,78.547,3101,78.547,3101,78.547,3101,78.547,3101,78.547,3101,78.547,3101,78.547,3101,78.547,3101,78.547,3101
78.684,78.615,14.100000000000001,78.615,8D8500005BA881CDCD5BA781F8A85BF9F9F9FCFC0F000000,78.615,8D8500005BA881CDCD5BA781F8A85BF9F9F9FCFC0F000000,78.615,8D8500005BA881CDCD5BA781F8A85BF9F9F9FCFC0F000000,78.615,8D8500005BA881CDCD5BA781F8A85BF9F9F9FCFC0F000000,78.615,8D8500005BA881CDCD5BA781F8A85BF9F9F9FCFC0F000000,78.615,8D8500005BA881CDCD5BA781F8A85BF9F9F9FCFC0F000000,78.615,8D8500005BA881CDCD5BA781F8A85BF9F9F9FCFC0F000000,78.615,8D8500005BA881CDCD5BA781F8A85BF9F9F9FCFC0F000000,78.615,8D8500005BA881CDCD5BA781F8A85BF9F9F9FCFC0F000000,78.615,8D8500005BA881CDCD5BA781F8A85BF9F9F9FCFC0F000000,78.615,8D8500005BA881CDCD5BA781F8A85BF9F9F9FCFC0F000000,78.615,8D8500005BA881CDCD5BA781F8A85BF9F9F9FCFC0F000000,78.615,8D8500005BA881CDCD5BA781F8A85BF9F9F9FCFC0F000000,78.615,8D8500005BA881CDCD5BA781F8A85BF9F9F9FCFC0F000000,78.615,252,78.615,15,78.629,0,78.629,0002,78.629,12545,78.629,3101,78.629,3101,78.629,3101,78.629,3101,78.629,3101,78.629,3101,78.629,3101,78.629,3101,78.629,3101,78.629,3101,78.629,3101,78.629,3101,78.629,3101
78.780,78.714,14.100000000000001,78.714,8D8500005CA881CDCD5BA781F9A85BF9F9F9FCFC10000000,78.714,8D8500005CA881CDCD5BA781F9A85BF9F9F9FCFC10000000,78.714,8D8500005CA881CDCD5BA781F9A85BF9F9F9FCFC10000000,78.714,8D8500005CA881CDCD5BA781F9A85BF9F9F9FCFC10000000,78.714,8D8500005CA881CDCD5BA781F9A85BF9F9F9FCFC10000000,78.714,8D8500005CA881CDCD5BA781F9A85BF9F9F9FCFC10000000,78.714,8D8500005CA881CDCD5BA781F9A85BF9F9F9FCFC10000000,78.714,8D8500005CA881CDCD5BA781F9A85BF9F9F9FCFC10000000,78.714,8D8500005CA881CDCD5BA781F9A85BF9F9F9FCFC10000000,78.714,8D8500005CA881CDCD5BA781F9A85BF9F9F9FCFC10000000,78.714,8D8500005CA881CDCD5BA781F9A85BF9F9F9FCFC10000000,78.714,8D8500005CA881CDCD5BA781F9A85BF9F9F9FCFC10000000,78.714,8D8500005CA881CDCD5BA781F9A85BF9F9F9FCFC10000000,78.714,8D8500005CA881CDCD5BA781F9A85BF9F9F9FCFC10000000,78.714,252,78.714,16,78.750,0,78.750,0002,78.799,12545,78.799,3101,78.799,3101,78.799,3101,78.799,3101,78.799,3101,78.799,3101,78.799,3101,78.799,3101,78.799,3101,78.799,3101,78.799,3101,78.799,3101,78.799,3101
78.883,78.834,14.100000000000001,78.834,8D8500005BA880CCCC5BA781F8A85BF9F9F9FCFC10000000,78.834,8D8500005BA880CCCC5BA781F8A85BF9F9F9FCFC10000000,78.834,8D8500005BA880CCCC5BA781F8A85BF9F9F9FCFC10000000,78.834,8D8500005BA880CCCC5BA781F8A85BF9F9F9FCFC10000000,78.834,8D8500005BA880CCCC5BA781F8A85BF9F9F9FCFC10000000,78.834,8D8500005BA880CCCC5BA781F8A85BF9F9F9FCFC10000000,78.834,8D8500005BA880CCCC5BA781F8A85BF9F9F9FCFC10000000,78.834,8D8500005BA880CCCC5BA781F8A85BF9F9F9FCFC10000000,78.834,8D8500005BA880CCCC5BA781F8A85BF9F9F9FCFC10000000,78.834,8D8500005BA880CCCC5BA781F8A85BF9F9F9FCFC10000000,78.834,8D8500005BA880CCCC5BA781F8A85BF9F9F9FCFC10000000,78.834,8D8500005BA880CCCC5BA781F8A85BF9F9F9FCFC10000000,78.834,8D8500005BA880CCCC5BA781F8A85BF9F9F9FCFC10000000,78.834,8D8500005BA880CCCC5BA781F8A85BF9F9F9FCFC10000000,78.834,252,78.834,16,78.857,0,78.857,0002,78.799,12545,78.799,3101,78.799,3101,78.799,3101,78.799,3101,78.799,3101,78.799,3101,78.799,3101,78.799,3101,78.799,3101,78.799,3101,78.799,3101,78.799,3101,78.799,3101
78.981,78.925,14.100000000000001,78.925,8D8500005BA881CDCD5BA781F8A85BF9F9F9FCFC10000000,78.925,8D8500005BA881CDCD5BA781F8A85BF9F9F9FCFC10000000,78.925,8D8500005BA881CDCD5BA781F8A85BF9F9F9FCFC10000000,78.925,8D8500005BA881CDCD5BA781F8A85BF9F9F9FCFC10000000,78.925,8D8500005BA881CDCD5BA781F8A85BF9F9F9FCFC10000000,78.925,8D8500005BA881CDCD5BA781F8A85BF9F9F9FCFC10000000,78.925,8D8500005BA881CDCD5BA781F8A85BF9F9F9FCFC10000000,78.925,8D8500005BA881CDCD5BA781F8A85BF9F9F9FCFC10000000,78.925,8D8500005BA881CDCD5BA781F8A85BF9F9F9FCFC10000000,78.925,8D8500005BA881CDCD5BA781F8A85BF9F9F9FCFC10000000,78.925,8D8500005BA881CDCD5BA781F8A85BF9F9F9FCFC10000000,78.925,8D8500005BA881CDCD5BA781F8A85BF9F9F9FCFC10000000,78.925,8D8500005BA881CDCD5BA781F8A85BF9F9F9FCFC10000000,78.925,8D8500005BA881CDCD5BA781F8A85BF9F9F9FCFC10000000,78.925,252,78.925,16,78.938,0,78.938,0002,78.938,12545,78.938,3101,78.938,3101,78.938,3101,78.938,3101,78.938,3101,78.938,3101,78.938,3101,78.938,3101,78.938,3101,78.938,3101,78.938,3101,78.938,3101,78.938,3101
79.083,79.014,14.100000000000001,79.014,8D8500005BA881CDCD5BA781F8A85BF9F9F9FCFC10000000,79.014,8D8500005BA881CDCD5BA781F8A85BF9F9F9FCFC10000000,79.014,8D8500005BA881CDCD5BA781F8A85BF9F9F9FCFC10000000,79.014,8D8500005BA881CDCD5BA781F8A85BF9F9F9FCFC10000000,79.014,8D8500005BA881CDCD5BA781F8A85BF9F9F9FCFC10000000,79.014,8D8500005BA881CDCD5BA781F8A85BF9F9F9FCFC10000000,79.014,8D8500005BA881CDCD5BA781F8A85BF9F9F9FCFC10000000,79.014,8D8500005BA881CDCD5BA781F8A85BF9F9F9FCFC10000000,79.014,8D8500005BA881CDCD5BA781F8A85BF9F9F9FCFC10000000,79.014,8D8500005BA881CDCD5BA781F8A85BF9F9F9FCFC10000000,79.014,8D8500005BA881CDCD5BA781F8A85BF9F9F9FCFC10000000,79.014,8D8500005BA881CDCD5BA781F8A85BF9F9F9FCFC10000000,79.014,8D8500005BA881CDCD5BA781F8A85BF9F9F9FCFC10000000,79.014,8D8500005BA881CDCD5BA781F8A85BF9F9F9FCFC10000000,79.014,252,79.014,16,79.037,0,79.037,0002,79.037,12545,79.037,3101,79.037,3101,79.037,3101,79.037,3101,79.037,3101,79.037,3101,79.037,3101,79.037,3101,79.037,3101,79.037,3101,79.037,3101,79.037,3101,79.037,3101
79.181,79.214,14.100000000000001,79.214,8D8500005BA781CCCC5BA781F8A75BF9F8F8FCFC10000000,79.214,8D8500005BA781CCCC5BA781F8A75BF9F8F8FCFC10000000,79.214,8D8500005BA781CCCC5BA781F8A75BF9F8F8FCFC10000000,79.214,8D8500005BA781CCCC5BA781F8A75BF9F8F8FCFC10000000,79.214,8D8500005BA781CCCC5BA781F8A75BF9F8F8FCFC10000000,79.214,8D8500005BA781CCCC5BA781F8A75BF9F8F8FCFC10000000,79.214,8D8500005BA781CCCC5BA781F8A75BF9F8F8FCFC10000000,79.214,8D8500005BA781CCCC5BA781F8A75BF9F8F8FCFC10000000,79.214,8D8500005BA781CCCC5BA781F8A75BF9F8F8FCFC10000000,79.214,8D8500005BA781CCCC5BA781F8A75BF9F8F8FCFC10000000,79.214,8D8500005BA781CCCC5BA781F8A75BF9F8F8FCFC10000000,79.214,8D8500005BA781CCCC5BA781F8A75BF9F8F8FCFC10000000,79.214,8D8500005BA781CCCC5BA781F8A75BF9F8F8FCFC10000000,79.214,8D8500005BA781CCCC5BA781F8A75BF9F8F8FCFC10000000,79.214,252,79.214,16,79.155,0,79.155,0002,79.155,12545,79.155,3101,79.155,3101,79.155,3101,79.155,3101,79.155,3101,79.155,3101,79.155,3101,79.155,3101,79.155,3101,79.155,3101,79.155,3101,79.155,3101,79.155,3101
79.281,79.214,14.100000000000001,79.214,8D8500005BA781CCCC5BA781F8A75BF9F8F8FCFC10000000,79.214,8D8500005BA781CCCC5BA781F8A75BF9F8F8FCFC10000000,79.214,8D8500005BA781CCCC5BA781F8A75BF9F8F8FCFC10000000,79.214,8D8500005BA781CCCC5BA781F8A75BF9F8F8FCFC10000000,79.214,8D8500005BA781CCCC5BA781F8A75BF9F8F8FCFC10000000,79.214,8D8500005BA781CCCC5BA781F8A75BF9F8F8FCFC10000000,79.214,8D8500005BA781CCCC5BA781F8A75BF9F8F8FCFC10000000,79.214,8D8500005BA781CCCC5BA781F8A75BF9F8F8FCFC10000000,79.214,8D8500005BA781CCCC5BA781F8A75BF9F8F8FCFC10000000,79.214,8D8500005BA781CCCC5BA781F8A75BF9F8F8FCFC10000000,79.214,8D8500005BA781CCCC5BA781F8A75BF9F8F8FCFC10000000,79.214,8D8500005BA781CCCC5BA781F8A75BF9F8F8FCFC10000000,79.214,8D8500005BA781CCCC5BA781F8A75BF9F8F8FCFC10000000,79.214,8D8500005BA781CCCC5BA781F8A75BF9F8F8FCFC10000000,79.214,252,79.214,16,79.239,0,79.239,0002,79.290,12545,79.290,3101,79.290,3101,79.290,3101,79.290,3101,79.290,3101,79.290,3101,79.290,3101,79.290,3101,79.290,3101,79.290,3101,79.290,3101,79.290,3101,79.290,3101
79.382,79.424,14.100000000000001,79.424,8D8500005BA881CDCD5BA781F8A85BF9F9F9FCFC10000000,79.424,8D8500005BA881CDCD5BA781F8A85BF9F9F9FCFC10000000,79.424,8D8500005BA881CDCD5BA781F8A85BF9F9F9FCFC10000000,79.424,8D8500005BA881CDCD5BA781F8A85BF9F9F9FCFC10000000,79.424,8D8500005BA881CDCD5BA781F8A85BF9F9F9FCFC10000000,79.424,8D8500005BA881CDCD5BA781F8A85BF9F9F9FCFC10000000,79.424,8D8500005BA881CDCD5BA781F8A85BF9F9F9FCFC10000000,79.424,8D8500005BA881CDCD5BA781F8A85BF9F9F9FCFC10000000,79.424,8D8500005BA881CDCD5BA781F8A85BF9F9F9FCFC10000000,79.424,8D8500005BA881CDCD5BA781F8A85BF9F9F9FCFC10000000,79.424,8D8500005BA881CDCD5BA781F8A85BF9F9F9FCFC10000000,79.424,8D8500005BA881CDCD5BA781F8A85BF9F9F9FCFC10000000,79.424,8D8500005BA881CDCD5BA781F8A85BF9F9F9FCFC10000000,79.424,8D8500005BA881CDCD5BA781F8A85BF9F9F9FCFC10000000,79.424,252,79.424,16,79.367,0,79.367,0002,79.290,12545,79.290,3101,79.290,3101,79.290,3101,79.290,3101,79.290,3101,79.290,3101,79.290,3101,79.290,3101,79.290,3101,79.290,3101,79.290,3101,79.290,3101,79.290,3101
79.481,79.514,14.100000000000001,79.514,8D8500005CA881CDCD5BA781F8A85BFAF9F9FCFD10000000,79.514,8D8500005CA881CDCD5BA781F8A85BFAF9F9FCFD10000000,79.514,8D8500005CA881CDCD5BA781F8A85BFAF9F9FCFD10000000,79.514,8D8500005CA881CDCD5BA781F8A85BFAF9F9FCFD10000000,79.514,8D8500005CA881CDCD5BA781F8A85BFAF9F9FCFD10000000,79.514,8D8500005CA881CDCD5BA781F8A85BFAF9F9FCFD10000000,79.514,8D8500005CA881CDCD5BA781F8A85BFAF9F9FCFD10000000,79.514,8D8500005CA881CDCD5BA781F8A85BFAF9F9FCFD10000000,79.514,8D8500005CA881CDCD5BA781F8A85BFAF9F9FCFD10000000,79.514,8D8500005CA881CDCD5BA781F8A85BFAF9F9FCFD10000000,79.514,8D8500005CA881CDCD5BA781F8A85BFAF9F9FCFD10000000,79.514,8D8500005CA881CDCD5BA781F8A85BFAF9F9FCFD10000000,79.514,8D8500005CA881CDCD5BA781F8A85BFAF9F9FCFD10000000,79.514,8D8500005CA881CDCD5BA781F8A85BFAF9F9FCFD10000000,79.514,253,79.514,16,79.438,0,79.438,0002,79.438,12545,79.438,3101,79.438,3101,79.438,3101,79.438,3101,79.438,3101,79.438,3101,79.438,3101,79.438,3101,79.438,3101,79.438,3101,79.438,3101,79.438,3101,79.438,3101
79.583,79.514,14.100000000000001,79.514,8D8500005CA881CDCD5BA781F8A85BFAF9F9FCFD10000000,79.514,8D8500005CA881CDCD5BA781F8A85BFAF9F9FCFD10000000,79.514,8D8500005CA881CDCD5BA781F8A85BFAF9F9FCFD10000000,79.514,8D8500005CA881CDCD5BA781F8A85BFAF9F9FCFD10000000,79.514,8D8500005CA881CDCD5BA781F8A85BFAF9F9FCFD10000000,79.514,8D8500005CA881CDCD5BA781F8A85BFAF9F9FCFD10000000,79.514,8D8500005CA881CDCD5BA781F8A85BFAF9F9FCFD10000000,79.514,8D8500005CA881CDCD5BA781F8A85BFAF9F9FCFD10000000,79.514,8D8500005CA881CDCD5BA781F8A85BFAF9F9FCFD10000000,79.514,8D8500005CA881CDCD5BA781F8A85BFAF9F9FCFD10000000,79.514,8D8500005CA881CDCD5BA781F8A85BFAF9F9FCFD10000000,79.514,8D8500005CA881CDCD5BA781F8A85BFAF9F9FCFD10000000,79.514,8D8500005CA881CDCD5BA781F8A85BFAF9F9FCFD10000000,79.514,8D8500005CA881CDCD5BA781F8A85BFAF9F9FCFD10000000,79.514,253,79.514,16,79.529,0,79.529,0002,79.529,12545,79.529,3101,79.529,3101,79.529,3101,79.529,3101,79.529,3101,79.529,3101,79.529,3101,79.529,3101,79.529,3101,79.529,3101,79.529,3101,79.529,3101,79.529,3101
79.683,79.714,14.100000000000001,79.714,8D8500005CA881CDCD5BA781F8A85BF9F9F9FCFC10000000,79.714,8D8500005CA881CDCD5BA781F8A85BF9F9F9FCFC10000000,79.714,8D8500005CA881CDCD5BA781F8A85BF9F9F9FCFC10000000,79.714,8D8500005CA881CDCD5BA781F8A85BF9F9F9FCFC10000000,79.714,8D8500005CA881CDCD5BA781F8A85BF9F9F9FCFC10000000,79.714,8D8500005CA881CDCD5BA781F8A85BF9F9F9FCFC10000000,79.714,8D8500005CA881CDCD5BA781F8A85BF9F9F9FCFC10000000,79.714,8D8500005CA881CDCD5BA781F8A85BF9F9F9FCFC10000000,79.714,8D8500005CA881CDCD5BA781F8A85BF9F9F9FCFC10000000,79.714,8D8500005CA881CDCD5BA781F8A85BF9F9F9FCFC10000000,79.714,8D8500005CA881CDCD5BA781F8A85BF9F9F9FCFC10000000,79.714,8D8500005CA881CDCD5BA781F8A85BF9F9F9FCFC10000000,79.714,8D8500005CA881CDCD5BA781F8A85BF9F9F9FCFC10000000,79.714,8D8500005CA881CDCD5BA781F8A85BF9F9F9FCFC10000000,79.714,252,79.714,16,79.637,0,79.637,0002,79.637,12545,79.637,3101,79.637,3101,79.637,3101,79.637,3101,79.637,3101,79.637,3101,79.637,3101,79.637,3101,79.637,3101,79.637,3101,79.637,3101,79.637,3101,79.637,3101
79.782,79.714,14.100000000000001,79.714,8D8500005CA881CDCD5BA781F8A85BF9F9F9FCFC10000000,79.714,8D8500005CA881CDCD5BA781F8A85BF9F9F9FCFC10000000,79.714,8D8500005CA881CDCD5BA781F8A85BF9F9F9FCFC10000000,79.714,8D8500005CA881CDCD5BA781F8A85BF9F9F9FCFC10000000,79.714,8D8500005CA881CDCD5BA781F8A85BF9F9F9FCFC10000000,79.714,8D8500005CA881CDCD5BA781F8A85BF9F9F9FCFC10000000,79.714,8D8500005CA881CDCD5BA781F8A85BF9F9F9FCFC10000000,79.714,8D8500005CA881CDCD5BA781F8A85BF9F9F9FCFC10000000,79.714,8D8500005CA881CDCD5BA781F8A85BF9F9F9FCFC10000000,79.714,8D8500005CA881CDCD5BA781F8A85BF9F9F9FCFC10000000,79.714,8D8500005CA881CDCD5BA781F8A85BF9F9F9FCFC10000000,79.714,8D8500005CA881CDCD5BA781F8A85BF9F9F9FCFC10000000,79.714,8D8500005CA881CDCD5BA781F8A85BF9F9F9FCFC10000000,79.714,8D8500005CA881CDCD5BA781F8A85BF9F9F9FCFC10000000,79.714,252,79.714,16,79.739,0,79.739,0002,79.791,12545,79.791,3101,79.791,3101,79.791,3101,79.791,3101,79.791,3101,79.791,3101,79.791,3101,79.791,3101,79.791,3101,79.791,3101,79.791,3101,79.791,3101,79.791,3101
79.883,79.845,14.100000000000001,79.845,8D8500005BA881CDCD5BA881F8A85BF9F9F9FCFC10000000,79.845,8D8500005BA881CDCD5BA881F8A85BF9F9F9FCFC10000000,79.845,8D8500005BA881CDCD5BA881F8A85BF9F9F9FCFC10000000,79.845,8D8500005BA881CDCD5BA881F8A85BF9F9F9FCFC10000000,79.845,8D8500005BA881CDCD5BA881F8A85BF9F9F9FCFC10000000,79.845,8D8500005BA881CDCD5BA881F8A85BF9F9F9FCFC10000000,79.845,8D8500005BA881CDCD5BA881F8A85BF9F9F9FCFC10000000,79.845,8D8500005BA881CDCD5BA881F8A85BF9F9F9FCFC10000000,79.845,8D8500005BA881CDCD5BA881F8A85BF9F9F9FCFC10000000,79.845,8D8500005BA881CDCD5BA881F8A85BF9F9F9FCFC10000000,79.845,8D8500005BA881CDCD5BA881F8A85BF9F9F9FCFC10000000,79.845,8D8500005BA881CDCD5BA881F8A85BF9F9F9FCFC10000000,79.845,8D8500005BA881CDCD5BA881F8A85BF9F9F9FCFC10000000,79.845,8D8500005BA881CDCD5BA881F8A85BF9F9F9FCFC10000000,79.845,252,79.845,16,79.858,0,79.858,0002,79.791,12545,79.791,3101,79.791,3101,79.791,3101,79.791,3101,79.791,3101,79.791,3101,79.791,3101,79.791,3101,79.791,3101,79.791,3101,79.791,3101,79.791,3101,79.791,3101
79.982,80.014,14.200000000000001,80.014,8E8600005BA880CCCC5BA781F8A85BF9F9F9FCFC10000000,80.014,8E8600005BA880CCCC5BA781F8A85BF9F9F9FCFC10000000,80.014,8E8600005BA880CCCC5BA781F8A85BF9F9F9FCFC10000000,80.014,8E8600005BA880CCCC5BA781F8A85BF9F9F9FCFC10000000,80.014,8E8600005BA880CCCC5BA781F8A85BF9F9F9FCFC10000000,80.014,8E8600005BA880CCCC5BA781F8A85BF9F9F9FCFC10000000,80.014,8E8600005BA880CCCC5BA781F8A85BF9F9F9FCFC10000000,80.014,8E8600005BA880CCCC5BA781F8A85BF9F9F9FCFC10000000,80.014,8E8600005BA880CCCC5BA781F8A85BF9F9F9FCFC10000000,80.014,8E8600005BA880CCCC5BA781F8A85BF9F9F9FCFC10000000,80.014,8E8600005BA880CCCC5BA781F8A85BF9F9F9FCFC10000000,80.014,8E8600005BA880CCCC5BA781F8A85BF9F9F9FCFC10000000,80.014,8E8600005BA880CCCC5BA781F8A85BF9F9F9FCFC10000000,80.014,8E8600005BA880CCCC5BA781F8A85BF9F9F9FCFC10000000,80.014,252,80.014,16,79.937,0,79.937,0002,79.937,12545,79.937,3101,79.937,3101,79.937,3101,79.937,3101,79.937,3101,79.937,3101,79.937,3101,79.937,3101,79.937,3101,79.937,3101,79.937,3101,79.937,3101,79.937,3101
80.083,80.014,14.200000000000001,80.014,8E8600005BA880CCCC5BA781F8A85BF9F9F9FCFC10000000,80.014,8E8600005BA880CCCC5BA781F8A85BF9F9F9FCFC10000000,80.014,8E8600005BA880CCCC5BA781F8A85BF9F9F9FCFC10000000,80.014,8E8600005BA880CCCC5BA781F8A85BF9F9F9FCFC10000000,80.014,8E8600005BA880CCCC5BA781F8A85BF9F9F9FCFC10000000,80.014,8E8600005BA880CCCC5BA781F8A85BF9F9F9FCFC10000000,80.014,8E8600005BA880CCCC5BA781F8A85BF9F9F9FCFC10000000,80.014,8E8600005BA880CCCC5BA781F8A85BF9F9F9FCFC10000000,80.014,8E8600005BA880CCCC5BA781F8A85BF9F9F9FCFC10000000,80.014,8E8600005BA880CCCC5BA781F8A85BF9F9F9FCFC10000000,80.014,8E8600005BA880CCCC5BA781F8A85BF9F9F9FCFC10000000,80.014,8E8600005BA880CCCC5BA781F8A85BF9F9F9FCFC10000000,80.014,8E8600005BA880CCCC5BA781F8A85BF9F9F9FCFC10000000,80.014,8E8600005BA880CCCC5BA781F8A85BF9F9F9FCFC10000000,80.014,252,80.014,16,80.037,0,80.037,0002,80.037,12545,80.037,3101,80.037,3101,80.037,3101,80.037,3101,80.037,3101,80.037,3101,80.037,3101,80.037,3101,80.037,3101,80.037,3101,80.037,3101,80.037,3101,80.037,3101
80.181,80.114,14.100000000000001,80.114,8D8500005BA881CDCD5BA881F8A85BF9F9F9FCFC10000000,80.114,8D8500005BA881CDCD5BA881F8A85BF9F9F9FCFC10000000,80.114,8D8500005BA881CDCD5BA881F8A85BF9F9F9FCFC10000000,80.114,8D8500005BA881CDCD5BA881F8A85BF9F9F9FCFC10000000,80.114,8D8500005BA881CDCD5BA881F8A85BF9F9F9FCFC10000000,80.114,8D8500005BA881CDCD5BA881F8A85BF9F9F9FCFC10000000,80.114,8D8500005BA881CDCD5BA881F8A85BF9F9F9FCFC10000000,80.114,8D8500005BA881CDCD5BA881F8A85BF9F9F9FCFC10000000,80.114,8D8500005BA881CDCD5BA881F8A85BF9F9F9FCFC10000000,80.114,8D8500005BA881CDCD5BA881F8A85BF9F9F9FCFC10000000,80.114,8D8500005BA881CDCD5BA881F8A85BF9F9F9FCFC10000000,80.114,8D8500005BA881CDCD5BA881F8A85BF9F9F9FCFC10000000,80.114,8D8500005BA881CDCD5BA881F8A85BF9F9F9FCFC10000000,80.114,8D8500005BA881CDCD5BA881F8A85BF9F9F9FCFC10000000,80.114,252,80.114,16,80.137,0,80.137,0002,80.137,12545,80.137,3101,80.137,3101,80.137,3101,80.137,3101,80.137,3101,80.137,3101,80.137,3101,80.137,3101,80.137,3101,80.137,3101,80.137,3101,80.137,3101,80.137,3101
80.280,80.214,14.100000000000001,80.214,8D8500005BA881CDCD5BA881F8A85BF9F9F9FCFC10000000,80.214,8D8500005BA881CDCD5BA881F8A85BF9F9F9FCFC10000000,80.214,8D8500005BA881CDCD5BA881F8A85BF9F9F9FCFC10000000,80.214,8D8500005BA881CDCD5BA881F8A85BF9F9F9FCFC10000000,80.214,8D8500005BA881CDCD5BA881F8A85BF9F9F9FCFC10000000,80.214,8D8500005BA881CDCD5BA881F8A85BF9F9F9FCFC10000000,80.214,8D8500005BA881CDCD5BA881F8A85BF9F9F9FCFC10000000,80.214,8D8500005BA881CDCD5BA881F8A85BF9F9F9FCFC10000000,80.214,8D8500005BA881CDCD5BA881F8A85BF9F9F9FCFC10000000,80.214,8D8500005BA881CDCD5BA881F8A85BF9F9F9FCFC10000000,80.214,8D8500005BA881CDCD5BA881F8A85BF9F9F9FCFC10000000,80.214,8D8500005BA881CDCD5BA881F8A85BF9F9F9FCFC10000000,80.214,8D8500005BA881CDCD5BA881F8A85BF9F9F9FCFC10000000,80.214,8D8500005BA881CDCD5BA881F8A85BF9F9F9FCFC10000000,80.214,252,80.214,16,80.250,0,80.250,0002,80.300,12545,80.300,3101,80.300,3101,80.300,3101,80.300,3101,80.300,3101,80.300,3101,80.300,3101,80.300,3101,80.300,3101,80.300,3101,80.300,3101,80.300,3101,80.300,3101
80.381,80.355,14.100000000000001,80.355,8D8500005BA881CCCC5BA781F8A85BF8F8F8FCFC10000000,80.355,8D8500005BA881CCCC5BA781F8A85BF8F8F8FCFC10000000,80.355,8D8500005BA881CCCC5BA781F8A85BF8F8F8FCFC10000000,80.355,8D8500005BA881CCCC5BA781F8A85BF8F8F8FCFC10000000,80.355,8D8500005BA881CCCC5BA781F8A85BF8F8F8FCFC10000000,80.355,8D8500005BA881CCCC5BA781F8A85BF8F8F8FCFC10000000,80.355,8D8500005BA881CCCC5BA781F8A85BF8F8F8FCFC10000000,80.355,8D8500005BA881CCCC5BA781F8A85BF8F8F8FCFC10000000,80.355,8D8500005BA881CCCC5BA781F8A85BF8F8F8FCFC10000000,80.355,8D8500005BA881CCCC5BA781F8A85BF8F8F8FCFC10000000,80.355,8D8500005BA881CCCC5BA781F8A85BF8F8F8FCFC10000000,80.355,8D8500005BA881CCCC5BA781F8A85BF8F8F8FCFC10000000,80.355,8D8500005BA881CCCC5BA781F8A85BF8F8F8FCFC10000000,80.355,8D8500005BA881CCCC5BA781F8A85BF8F8F8FCFC10000000,80.355,252,80.355,16,80.378,0,80.378,0002,80.378,12545,80.378,3101,80.378,3101,80.378,3101,80.378,3101,80.378,3101,80.378,3101,80.378,3101,80.378,3101,80.378,3101,80.378,3101,80.378,3101,80.378,3101,80.378,3101
80.483,80.434,14.100000000000001,80.434,8D8500005CA881CDCD5BA881F8A85BFAFAFAFDFD10000000,80.434,8D8500005CA881CDCD5BA881F8A85BFAFAFAFDFD10000000,80.434,8D8500005CA881CDCD5BA881F8A85BFAFAFAFDFD10000000,80.434,8D8500005CA881CDCD5BA881F8A85BFAFAFAFDFD10000000,80.434,8D8500005CA881CDCD5BA881F8A85BFAFAFAFDFD10000000,80.434,8D8500005CA881CDCD5BA881F8A85BFAFAFAFDFD10000000,80.434,8D8500005CA881CDCD5BA881F8A85BFAFAFAFDFD10000000,80.434,8D8500005CA881CDCD5BA881F8A85BFAFAFAFDFD10000000,80.434,8D8500005CA881CDCD5BA881F8A85BFAFAFAFDFD10000000,80.434,8D8500005CA881CDCD5BA881F8A85BFAFAFAFDFD10000000,80.434,8D8500005CA881CDCD5BA881F8A85BFAFAFAFDFD10000000,80.434,8D8500005CA881CDCD5BA881F8A85BFAFAFAFDFD10000000,80.434,8D8500005CA881CDCD5BA881F8A85BFAFAFAFDFD10000000,80.434,8D8500005CA881CDCD5BA881F8A85BFAFAFAFDFD10000000,80.434,253,80.434,16,80.449,0,80.449,0002,80.378,12545,80.378,3101,80.378,3101,80.378,3101,80.378,3101,80.378,3101,80.378,3101,80.378,3101,80.378,3101,80.378,3101,80.378,3101,80.378,3101,80.378,3101,80.378,3101
80.582,80.618,14.100000000000001,80.618,8D8500005BA981CDCD5BA781F8A85BF9F9F9FCFD10000000,80.618,8D8500005BA981CDCD5BA781F8A85BF9F9F9FCFD10000000,80.618,8D8500005BA981CDCD5BA781F8A85BF9F9F9FCFD10000000,80.618,8D8500005BA981CDCD5BA781F8A85BF9F9F9FCFD10000000,80.618,8D8500005BA981CDCD5BA781F8A85BF9F9F9FCFD10000000,80.618,8D8500005BA981CDCD5BA781F8A85BF9F9F9FCFD10000000,80.618,8D8500005BA981CDCD5BA781F8A85BF9F9F9FCFD10000000,80.618,8D8500005BA981CDCD5BA781F8A85BF9F9F9FCFD10000000,80.618,8D8500005BA981CDCD5BA781F8A85BF9F9F9FCFD10000000,80.618,8D8500005BA981CDCD5BA781F8A85BF9F9F9FCFD10000000,80.618,8D8500005BA981CDCD5BA781F8A85BF9F9F9FCFD10000000,80.618,8D8500005BA981CDCD5BA781F8A85BF9F9F9FCFD10000000,80.618,8D8500005BA981CDCD5BA781F8A85BF9F9F9FCFD10000000,80.618,8D8500005BA981CDCD5BA781F8A85BF9F9F9FCFD10000000,80.618,253,80.618,16,80.537,0,80.537,0002,80.537,12545,80.537,3101,80.537,3101,80.537,3101,80.537,3101,80.537,3101,80.537,3101,80.537,3101,80.537,3101,80.537,3101,80.537,3101,80.537,3101,80.537,3101,80.537,3101
80.681,80.714,14.100000000000001,80.714,8D8500005CA880CDCD5BA781F8A85BF9F9F9FCFC10000000,80.714,8D8500005CA880CDCD5BA781F8A85BF9F9F9FCFC10000000,80.714,8D8500005CA880CDCD5BA781F8A85BF9F9F9FCFC10000000,80.714,8D8500005CA880CDCD5BA781F8A85BF9F9F9FCFC10000000,80.714,8D8500005CA880CDCD5BA781F8A85BF9F9F9FCFC10000000,80.714,8D8500005CA880CDCD5BA781F8A85BF9F9F9FCFC10000000,80.714,8D8500005CA880CDCD5BA781F8A85BF9F9F9FCFC10000000,80.714,8D8500005CA880CDCD5BA781F8A85BF9F9F9FCFC10000000,80.714,8D8500005CA880CDCD5BA781F8A85BF9F9F9FCFC10000000,80.714,8D8500005CA880CDCD5BA781F8A85BF9F9F9FCFC10000000,80.714,8D8500005CA880CDCD5BA781F8A85BF9F9F9FCFC10000000,80.714,8D8500005CA880CDCD5BA781F8A85BF9F9F9FCFC10000000,80.714,8D8500005CA880CDCD5BA781F8A85BF9F9F9FCFC10000000,80.714,8D8500005CA880CDCD5BA781F8A85BF9F9F9FCFC10000000,80.714,252,80.714,16,80.637,0,80.637,0002,80.637,12545,80.637,3101,80.637,3101,80.637,3101,80.637,3101,80.637,3101,80.637,3101,80.637,3101,80.637,3101,80.637,3101,80.637,3101,80.637,3101,80.637,3101,80.637,3101
80.781,80.714,14.100000000000001,80.714,8D8500005CA880CDCD5BA781F8A85BF9F9F9FCFC10000000,80.714,8D8500005CA880CDCD5BA781F8A85BF9F9F9FCFC10000000,80.714,8D8500005CA880CDCD5BA781F8A85BF9F9F9FCFC10000000,80.714,8D8500005CA880CDCD5BA781F8A85BF9F9F9FCFC10000000,80.714,8D8500005CA880CDCD5BA781F8A85BF9F9F9FCFC10000000,80.714,8D8500005CA880CDCD5BA781F8A85BF9F9F9FCFC10000000,80.714,8D8500005CA880CDCD5BA781F8A85BF9F9F9FCFC10000000,80.714,8D8500005CA880CDCD5BA781F8A85BF9F9F9FCFC10000000,80.714,8D8500005CA880CDCD5BA781F8A85BF9F9F9FCFC10000000,80.714,8D8500005CA880CDCD5BA781F8A85BF9F9F9FCFC10000000,80.714,8D8500005CA880CDCD5BA781F8A85BF9F9F9FCFC10000000,80.714,8D8500005CA880CDCD5BA781F8A85BF9F9F9FCFC10000000,80.714,8D8500005CA880CDCD5BA781F8A85BF9F9F9FCFC10000000,80.714,8D8500005CA880CDCD5BA781F8A85BF9F9F9FCFC10000000,80.714,252,80.714,16,80.739,0,80.739,0002,80.799,12545,80.799,3101,80.799,3101,80.799,3101,80.799,3101,80.799,3101,80.799,3101,80.799,3101,80.799,3101,80.799,3101,80.799,3101,80.799,3101,80.799,3101,80.799,3101
80.882,80.834,14.100000000000001,80.834,8D8500005BA881CDCD5BA781F8A85BFAF9F9FCFD10000000,80.834,8D8500005BA881CDCD5BA781F8A85BFAF9F9FCFD10000000,80.834,8D8500005BA881CDCD5BA781F8A85BFAF9F9FCFD10000000,80.834,8D8500005BA881CDCD5BA781F8A85BFAF9F9FCFD10000000,80.834,8D8500005BA881CDCD5BA781F8A85BFAF9F9FCFD10000000,80.834,8D8500005BA881CDCD5BA781F8A85BFAF9F9FCFD10000000,80.834,8D8500005BA881CDCD5BA781F8A85BFAF9F9FCFD10000000,80.834,8D8500005BA881CDCD5BA781F8A85BFAF9F9FCFD10000000,80.834,8D8500005BA881CDCD5BA781F8A85BFAF9F9FCFD10000000,80.834,8D8500005BA881CDCD5BA781F8A85BFAF9F9FCFD10000000,80.834,8D8500005BA881CDCD5BA781F8A85BFAF9F9FCFD10000000,80.834,8D8500005BA881CDCD5BA781F8A85BFAF9F9FCFD10000000,80.834,8D8500005BA881CDCD5BA781F8A85BFAF9F9FCFD10000000,80.834,8D8500005BA881CDCD5BA781F8A85BFAF9F9FCFD10000000,80.834,253,80.834,16,80.850,0,80.850,0002,80.799,12545,80.799,3101,80.799,3101,80.799,3101,80.799,3101,80.799,3101,80.799,3101,80.799,3101,80.799,3101,80.799,3101,80.799,3101,80.799,3101,80.799,3101,80.799,3101
80.981,81.014,14.100000000000001,81.014,8D8500005BA881CDCD5BA781F8A85BF9F9F9FCFC10000000,81.014,8D8500005BA881CDCD5BA781F8A85BF9F9F9FCFC10000000,81.014,8D8500005BA881CDCD5BA781F8A85BF9F9F9FCFC10000000,81.014,8D8500005BA881CDCD5BA781F8A85BF9F9F9FCFC10000000,81.014,8D8500005BA881CDCD5BA781F8A85BF9F9F9FCFC10000000,81.014,8D8500005BA881CDCD5BA781F8A85BF9F9F9FCFC10000000,81.014,8D8500005BA881CDCD5BA781F8A85BF9F9F9FCFC10000000,81.014,8D8500005BA881CDCD5BA781F8A85BF9F9F9FCFC10000000,81.014,8D8500005BA881CDCD5BA781F8A85BF9F9F9FCFC10000000,81.014,8D8500005BA881CDCD5BA781F8A85BF9F9F9FCFC10000000,81.014,8D8500005BA881CDCD5BA781F8A85BF9F9F9FCFC10000000,81.014,8D8500005BA881CDCD5BA781F8A85BF9F9F9FCFC10000000,81.014,8D8500005BA881CDCD5BA781F8A85BF9F9F9FCFC10000000,81.014,8D8500005BA881CDCD5BA781F8A85BF9F9F9FCFC10000000,81.014,252,81.014,16,80.929,0,80.929,0002,80.929,12545,80.929,3101,80.929,3101,80.929,3101,80.929,3101,80.929,3101,80.929,3101,80.929,3101,80.929,3101,80.929,3101,80.929,3101,80.929,3101,80.929,3101,80.929,3101
81.084,81.014,14.100000000000001,81.014,8D8500005BA881CDCD5BA781F8A85BF9F9F9FCFC10000000,81.014,8D8500005BA881CDCD5BA781F8A85BF9F9F9FCFC10000000,81.014,8D8500005BA881CDCD5BA781F8A85BF9F9F9FCFC10000000,81.014,8D8500005BA881CDCD5BA781F8A85BF9F9F9FCFC10000000,81.014,8D8500005BA881CDCD5BA781F8A85BF9F9F9FCFC10000000,81.014,8D8500005BA881CDCD5BA781F8A85BF9F9F9FCFC10000000,81.014,8D8500005BA881CDCD5BA781F8A85BF9F9F9FCFC10000000,81.014,8D8500005BA881CDCD5BA781F8A85BF9F9F9FCFC10000000,81.014,8D8500005BA881CDCD5BA781F8A85BF9F9F9FCFC10000000,81.014,8D8500005BA881CDCD5BA781F8A85BF9F9F9FCFC10000000,81.014,8D8500005BA881CDCD5BA781F8A85BF9F9F9FCFC10000000,81.014,8D8500005BA881CDCD5BA781F8A85BF9F9F9FCFC10000000,81.014,8D8500005BA881CDCD5BA781F8A85BF9F9F9FCFC10000000,81.014,8D8500005BA881CDCD5BA781F8A85BF9F9F9FCFC10000000,81.014,252,81.014,16,81.029,0,81.029,0002,81.029,12545,81.029,3101,81.029,3101,81.029,3101,81.029,3101,81.029,3101,81.029,3101,81.029,3101,81.029,3101,81.029,3101,81.029,3101,81.029,3101,81.029,3101,81.029,3101
81.182,81.214,14.200000000000001,81.214,8E8600005CA881CCCC5BA881F8A85BF9F9F9FCFC10000000,81.214,8E8600005CA881CCCC5BA881F8A85BF9F9F9FCFC10000000,81.214,8E8600005CA881CCCC5BA881F8A85BF9F9F9FCFC10000000,81.214,8E8600005CA881CCCC5BA881F8A85BF9F9F9FCFC10000000,81.214,8E8600005CA881CCCC5BA881F8A85BF9F9F9FCFC10000000,81.214,8E8600005CA881CCCC5BA881F8A85BF9F9F9FCFC10000000,81.214,8E8600005CA881CCCC5BA881F8A85BF9F9F9FCFC10000000,81.214,8E8600005CA881CCCC5BA881F8A85BF9F9F9FCFC10000000,81.214,8E8600005CA881CCCC5BA881F8A85BF9F9F9FCFC10000000,81.214,8E8600005CA881CCCC5BA881F8A85BF9F9F9FCFC10000000,81.214,8E8600005CA881CCCC5BA881F8A85BF9F9F9FCFC10000000,81.214,8E8600005CA881CCCC5BA881F8A85BF9F9F9FCFC10000000,81.214,8E8600005CA881CCCC5BA881F8A85BF9F9F9FCFC10000000,81.214,8E8600005CA881CCCC5BA881F8A85BF9F9F9FCFC10000000,81.214,252,81.214,16,81.137,0,81.137,0002,81.137,12545,81.137,3101,81.137,3101,81.137,3101,81.137,3101,81.137,3101,81.137,3101,81.137,3101,81.137,3101,81.137,3101,81.137,3101,81.137,3101,81.137,3101,81.137,3101
81.284,81.214,14.200000000000001,81.214,8E8600005CA881CCCC5BA881F8A85BF9F9F9FCFC10000000,81.214,8E8600005CA881CCCC5BA881F8A85BF9F9F9FCFC10000000,81.214,8E8600005CA881CCCC5BA881F8A85BF9F9F9FCFC10000000,81.214,8E8600005CA881CCCC5BA881F8A85BF9F9F9FCFC10000000,81.214,8E8600005CA881CCCC5BA881F8A85BF9F9F9FCFC10000000,81.214,8E8600005CA881CCCC5BA881F8A85BF9F9F9FCFC10000000,81.214,8E8600005CA881CCCC5BA881F8A85BF9F9F9FCFC10000000,81.214,8E8600005CA881CCCC5BA881F8A85BF9F9F9FCFC10000000,81.214,8E8600005CA881CCCC5BA881F8A85BF9F9F9FCFC10000000,81.214,8E8600005CA881CCCC5BA881F8A85BF9F9F9FCFC10000000,81.214,8E8600005CA881CCCC5BA881F8A85BF9F9F9FCFC10000000,81.214,8E8600005CA881CCCC5BA881F8A85BF9F9F9FCFC10000000,81.214,8E8600005CA881CCCC5BA881F8A85BF9F9F9FCFC10000000,81.214,8E8600005CA881CCCC5BA881F8A85BF9F9F9FCFC10000000,81.214,252,81.214,16,81.239,0,81.239,0002,81.290,12545,81.290,3101,81.290,3101,81.290,3101,81.290,3101,81.290,3101,81.290,3101,81.290,3101,81.290,3101,81.290,3101,81.290,3101,81.290,3101,81.290,3101,81.290,3101
81.385,81.345,14.100000000000001,81.345,8D8500005CA880CCCC5BA781F8A85BF9F9F9FCFC10000000,81.345,8D8500005CA880CCCC5BA781F8A85BF9F9F9FCFC10000000,81.345,8D8500005CA880CCCC5BA781F8A85BF9F9F9FCFC10000000,81.345,8D8500005CA880CCCC5BA781F8A85BF9F9F9FCFC10000000,81.345,8D8500005CA880CCCC5BA781F8A85BF9F9F9FCFC10000000,81.345,8D8500005CA880CCCC5BA781F8A85BF9F9F9FCFC10000000,81.345,8D8500005CA880CCCC5BA781F8A85BF9F9F9FCFC10000000,81.345,8D8500005CA880CCCC5BA781F8A85BF9F9F9FCFC10000000,81.345,8D8500005CA880CCCC5BA781F8A85BF9F9F9FCFC10000000,81.345,8D8500005CA880CCCC5BA781F8A85BF9F9F9FCFC10000000,81.345,8D8500005CA880CCCC5BA781F8A85BF9F9F9FCFC10000000,81.345,8D8500005CA880CCCC5BA781F8A85BF9F9F9FCFC10000000,81.345,8D8500005CA880CCCC5BA781F8A85BF9F9F9FCFC10000000,81.345,8D8500005CA880CCCC5BA781F8A85BF9F9F9FCFC10000000,81.345,252,81.345,16,81.367,0,81.367,0002,81.290,12545,81.290,3101,81.290,3101,81.290,3101,81.290,3101,81.290,3101,81.290,3101,81.290,3101,81.290,3101,81.290,3101,81.290,3101,81.290,3101,81.290,3101,81.290,3101
81.482,81.434,14.100000000000001,81.434,8D8500005CA881CDCD5BA881F8A85BF9F9F9FCFC10000000,81.434,8D8500005CA881CDCD5BA881F8A85BF9F9F9FCFC10000000,81.434,8D8500005CA881CDCD5BA881F8A85BF9F9F9FCFC10000000,81.434,8D8500005CA881CDCD5BA881F8A85BF9F9F9FCFC10000000,81.434,8D8500005CA881CDCD5BA881F8A85BF9F9F9FCFC10000000,81.434,8D8500005CA881CDCD5BA881F8A85BF9F9F9FCFC10000000,81.434,8D8500005CA881CDCD5BA881F8A85BF9F9F9FCFC10000000,81.434,8D8500005CA881CDCD5BA881F8A85BF9F9F9FCFC10000000,81.434,8D8500005CA881CDCD5BA881F8A85BF9F9F9FCFC10000000,81.434,8D8500005CA881CDCD5BA881F8A85BF9F9F9FCFC10000000,81.434,8D8500005CA881CDCD5BA881F8A85BF9F9F9FCFC10000000,81.434,8D8500005CA881CDCD5BA881F8A85BF9F9F9FCFC10000000,81.434,8D8500005CA881CDCD5BA881F8A85BF9F9F9FCFC10000000,81.434,8D8500005CA881CDCD5BA881F8A85BF9F9F9FCFC10000000,81.434,252,81.434,16,81.450,0,81.450,0002,81.450,12545,81.450,3101,81.450,3101,81.450,3101,81.450,3101,81.450,3101,81.450,3101,81.450,3101,81.450,3101,81.450,3101,81.450,3101,81.450,3101,81.450,3101,81.450,3101
81.582,81.615,14.100000000000001,81.615,8D8500005BA881CDCD5BA781F8A85BF9F9F9FCFD10000000,81.615,8D8500005BA881CDCD5BA781F8A85BF9F9F9FCFD10000000,81.615,8D8500005BA881CDCD5BA781F8A85BF9F9F9FCFD10000000,81.615,8D8500005BA881CDCD5BA781F8A85BF9F9F9FCFD10000000,81.615,8D8500005BA881CDCD5BA781F8A85BF9F9F9FCFD10000000,81.615,8D8500005BA881CDCD5BA781F8A85BF9F9F9FCFD10000000,81.615,8D8500005BA881CDCD5BA781F8A85BF9F9F9FCFD10000000,81.615,8D8500005BA881CDCD5BA781F8A85BF9F9F9FCFD10000000,81.615,8D8500005BA881CDCD5BA781F8A85BF9F9F9FCFD10000000,81.615,8D8500005BA881CDCD5BA781F8A85BF9F9F9FCFD10000000,81.615,8D8500005BA881CDCD5BA781F8A85BF9F9F9FCFD10000000,81.615,8D8500005BA881CDCD5BA781F8A85BF9F9F9FCFD10000000,81.615,8D8500005BA881CDCD5BA781F8A85BF9F9F9FCFD10000000,81.615,8D8500005BA881CDCD5BA781F8A85BF9F9F9FCFD10000000,81.615,253,81.615,16,81.529,0,81.529,0002,81.529,12553,81.529,3109,81.529,3109,81.529,3109,81.529,3109,81.529,3109,81.529,3109,81.529,3109,81.529,3109,81.529,3109,81.529,3109,81.529,3109,81.529,3109,81.529,3109
81.684,81.615,14.100000000000001,81.615,8D8500005BA881CDCD5BA781F8A85BF9F9F9FCFD10000000,81.615,8D8500005BA881CDCD5BA781F8A85BF9F9F9FCFD10000000,81.615,8D8500005BA881CDCD5BA781F8A85BF9F9F9FCFD10000000,81.615,8D8500005BA881CDCD5BA781F8A85BF9F9F9FCFD10000000,81.615,8D8500005BA881CDCD5BA781F8A85BF9F9F9FCFD10000000,81.615,8D8500005BA881CDCD5BA781F8A85BF9F9F9FCFD10000000,81.615,8D8500005BA881CDCD5BA781F8A85BF9F9F9FCFD10000000,81.615,8D8500005BA881CDCD5BA781F8A85BF9F9F9FCFD10000000,81.615,8D8500005BA881CDCD5BA781F8A85BF9F9F9FCFD10000000,81.615,8D8500005BA881CDCD5BA781F8A85BF9F9F9FCFD10000000,81.615,8D8500005BA881CDCD5BA781F8A85BF9F9F9FCFD10000000,81.615,8D8500005BA881CDCD5BA781F8A85BF9F9F9FCFD10000000,81.615,8D8500005BA881CDCD5BA781F8A85BF9F9F9FCFD10000000,81.615,8D8500005BA881CDCD5BA781F8A85BF9F9F9FCFD10000000,81.615,253,81.615,16,81.629,0,81.629,0002,81.629,12545,81.629,3101,81.629,3101,81.629,3101,81.629,3101,81.629,3101,81.629,3101,81.629,3101,81.629,3101,81.629,3101,81.629,3101,81.629,3101,81.629,3101,81.629,3101
81.780,81.714,14.100000000000001,81.714,8D8500005DA881CDCD5BA781F8A85BF9F9F9FCFC10000000,81.714,8D8500005DA881CDCD5BA781F8A85BF9F9F9FCFC10000000,81.714,8D8500005DA881CDCD5BA781F8A85BF9F9F9FCFC10000000,81.714,8D8500005DA881CDCD5BA781F8A85BF9F9F9FCFC10000000,81.714,8D8500005DA881CDCD5BA781F8A85BF9F9F9FCFC10000000,81.714,8D8500005DA881CDCD5BA781F8A85BF9F9F9FCFC10000000,81.714,8D8500005DA881CDCD5BA781F8A85BF9F9F9FCFC10000000,81.714,8D8500005DA881CDCD5BA781F8A85BF9F9F9FCFC10000000,81.714,8D8500005DA881CDCD5BA781F8A85BF9F9F9FCFC10000000,81.714,8D8500005DA881CDCD5BA781F8A85BF9F9F9FCFC10000000,81.714,8D8500005DA881CDCD5BA781F8A85BF9F9F9FCFC10000000,81.714,8D8500005DA881CDCD5BA781F8A85BF9F9F9FCFC10000000,81.714,8D8500005DA881CDCD5BA781F8A85BF9F9F9FCFC10000000,81.714,8D8500005DA881CDCD5BA781F8A85BF9F9F9FCFC10000000,81.714,252,81.714,16,81.750,0,81.750,0002,81.800,12545,81.800,3101,81.800,3101,81.800,3101,81.800,3101,81.800,3101,81.800,3101,81.800,3101,81.800,3101,81.800,3101,81.800,3101,81.800,3101,81.800,3101,81.800,3101
81.881,81.855,14.100000000000001,81.855,8D8500005BA881CDCD5BA781F8A85BF9F9F9FCFC10000000,81.855,8D8500005BA881CDCD5BA781F8A85BF9F9F9FCFC10000000,81.855,8D8500005BA881CDCD5BA781F8A85BF9F9F9FCFC10000000,81.855,8D8500005BA881CDCD5BA781F8A85BF9F9F9FCFC10000000,81.855,8D8500005BA881CDCD5BA781F8A85BF9F9F9FCFC10000000,81.855,8D8500005BA881CDCD5BA781F8A85BF9F9F9FCFC10000000,81.855,8D8500005BA881CDCD5BA781F8A85BF9F9F9FCFC10000000,81.855,8D8500005BA881CDCD5BA781F8A85BF9F9F9FCFC10000000,81.855,8D8500005BA881CDCD5BA781F8A85BF9F9F9FCFC10000000,81.855,8D8500005BA881CDCD5BA781F8A85BF9F9F9FCFC10000000,81.855,8D8500005BA881CDCD5BA781F8A85BF9F9F9FCFC10000000,81.855,8D8500005BA881CDCD5BA781F8A85BF9F9F9FCFC10000000,81.855,8D8500005BA881CDCD5BA781F8A85BF9F9F9FCFC10000000,81.855,8D8500005BA881CDCD5BA781F8A85BF9F9F9FCFC10000000,81.855,252,81.855,16,81.889,0,81.889,0002,81.889,12545,81.889,3101,81.889,3101,81.889,3101,81.889,3101,81.889,3101,81.889,3101,81.889,3101,81.889,3101,81.889,3101,81.889,3101,81.889,3101,81.889,3101,81.889,3101
81.983,81.935,14.100000000000001,81.935,8D8500005CA8815B5B5BA781F8A85BF9F9F9FCFC0F000000,81.935,8D8500005CA8815B5B5BA781F8A85BF9F9F9FCFC0F000000,81.935,8D8500005CA8815B5B5BA781F8A85BF9F9F9FCFC0F000000,81.935,8D8500005CA8815B5B5BA781F8A85BF9F9F9FCFC0F000000,81.935,8D8500005CA8815B5B5BA781F8A85BF9F9F9FCFC0F000000,81.935,8D8500005CA8815B5B5BA781F8A85BF9F9F9FCFC0F000000,81.935,8D8500005CA8815B5B5BA781F8A85BF9F9F9FCFC0F000000,81.935,8D8500005CA8815B5B5BA781F8A85BF9F9F9FCFC0F000000,81.935,8D8500005CA8815B5B5BA781F8A85BF9F9F9FCFC0F000000,81.935,8D8500005CA8815B5B5BA781F8A85BF9F9F9FCFC0F000000,81.935,8D8500005CA8815B5B5BA781F8A85BF9F9F9FCFC0F000000,81.935,8D8500005CA8815B5B5BA781F8A85BF9F9F9FCFC0F000000,81.935,8D8500005CA8815B5B5BA781F8A85BF9F9F9FCFC0F000000,81.935,8D8500005CA8815B5B5BA781F8A85BF9F9F9FCFC0F000000,81.935,252,81.935,15,81.949,0,81.949,0002,81.889,12545,81.889,3101,81.889,3101,81.889,3101,81.889,3101,81.889,3101,81.889,3101,81.889,3101,81.889,3101,81.889,3101,81.889,3101,81.889,3101,81.889,3101,81.889,3101
82.083,82.118,14.100000000000001,82.118,8D8500005BA881CDCD5BA781F8A85BF8F8F8FCFC10000000,82.118,8D8500005BA881CDCD5BA781F8A85BF8F8F8FCFC10000000,82.118,8D8500005BA881CDCD5BA781F8A85BF8F8F8FCFC10000000,82.118,8D8500005BA881CDCD5BA781F8A85BF8F8F8FCFC10000000,82.118,8D8500005BA881CDCD5BA781F8A85BF8F8F8FCFC10000000,82.118,8D8500005BA881CDCD5BA781F8A85BF8F8F8FCFC10000000,82.118,8D8500005BA881CDCD5BA781F8A85BF8F8F8FCFC10000000,82.118,8D8500005BA881CDCD5BA781F8A85BF8F8F8FCFC10000000,82.118,8D8500005BA881CDCD5BA781F8A85BF8F8F8FCFC10000000,82.118,8D8500005BA881CDCD5BA781F8A85BF8F8F8FCFC10000000,82.118,8D8500005BA881CDCD5BA781F8A85BF8F8F8FCFC10000000,82.118,8D8500005BA881CDCD5BA781F8A85BF8F8F8FCFC10000000,82.118,8D8500005BA881CDCD5BA781F8A85BF8F8F8FCFC10000000,82.118,8D8500005BA881CDCD5BA781F8A85BF8F8F8FCFC10000000,82.118,252,82.118,16,82.037,0,82.037,0002,82.037,12553,82.037,3109,82.037,3109,82.037,3109,82.037,3109,82.037,3109,82.037,3109,82.037,3109,82.037,3109,82.037,3109,82.037,3109,82.037,3109,82.037,3109,82.037,3109
82.184,82.118,14.100000000000001,82.118,8D8500005BA881CDCD5BA781F8A85BF8F8F8FCFC10000000,82.118,8D8500005BA881CDCD5BA781F8A85BF8F8F8FCFC10000000,82.118,8D8500005BA881CDCD5BA781F8A85BF8F8F8FCFC10000000,82.118,8D8500005BA881CDCD5BA781F8A85BF8F8F8FCFC10000000,82.118,8D8500005BA881CDCD5BA781F8A85BF8F8F8FCFC10000000,82.118,8D8500005BA881CDCD5BA781F8A85BF8F8F8FCFC10000000,82.118,8D8500005BA881CDCD5BA781F8A85BF8F8F8FCFC10000000,82.118,8D8500005BA881CDCD5BA781F8A85BF8F8F8FCFC10000000,82.118,8D8500005BA881CDCD5BA781F8A85BF8F8F8FCFC10000000,82.118,8D8500005BA881CDCD5BA781F8A85BF8F8F8FCFC10000000,82.118,8D8500005BA881CDCD5BA781F8A85BF8F8F8FCFC10000000,82.118,8D8500005BA881CDCD5BA781F8A85BF8F8F8FCFC10000000,82.118,8D8500005BA881CDCD5BA781F8A85BF8F8F8FCFC10000000,82.118,8D8500005BA881CDCD5BA781F8A85BF8F8F8FCFC10000000,82.118,252,82.118,16,82.137,0,82.137,0002,82.137,12545,82.137,3101,82.137,3101,82.137,3101,82.137,3101,82.137,3101,82.137,3101,82.137,3101,82.137,3101,82.137,3101,82.137,3101,82.137,3101,82.137,3101,82.137,3101
82.283,82.214,14.100000000000001,82.214,8D8500005CA881CDCD5BA881F8A85BF9F9F9FCFC10000000,82.214,8D8500005CA881CDCD5BA881F8A85BF9F9F9FCFC10000000,82.214,8D8500005CA881CDCD5BA881F8A85BF9F9F9FCFC10000000,82.214,8D8500005CA881CDCD5BA881F8A85BF9F9F9FCFC10000000,82.214,8D8500005CA881CDCD5BA881F8A85BF9F9F9FCFC10000000,82.214,8D8500005CA881CDCD5BA881F8A85BF9F9F9FCFC10000000,82.214,8D8500005CA881CDCD5BA881F8A85BF9F9F9FCFC10000000,82.214,8D8500005CA881CDCD5BA881F8A85BF9F9F9FCFC10000000,82.214,8D8500005CA881CDCD5BA881F8A85BF9F9F9FCFC10000000,82.214,8D8500005CA881CDCD5BA881F8A85BF9F9F9FCFC10000000,82.214,8D8500005CA881CDCD5BA881F8A85BF9F9F9FCFC10000000,82.214,8D8500005CA881CDCD5BA881F8A85BF9F9F9FCFC10000000,82.214,8D8500005CA881CDCD5BA881F8A85BF9F9F9FCFC10000000,82.214,8D8500005CA881CDCD5BA881F8A85BF9F9F9FCFC10000000,82.214,252,82.214,16,82.250,0,82.250,0002,82.290,12545,82.290,3101,82.290,3101,82.290,3101,82.290,3101,82.290,3101,82.290,3101,82.290,3101,82.290,3101,82.290,3101,82.290,3101,82.290,3101,82.290,3101,82.290,3101
82.382,82.334,14.100000000000001,82.334,8D8500005BA880CCCC5BA781F8A75BF8F8F8FCFC10000000,82.334,8D8500005BA880CCCC5BA781F8A75BF8F8F8FCFC10000000,82.334,8D8500005BA880CCCC5BA781F8A75BF8F8F8FCFC10000000,82.334,8D8500005BA880CCCC5BA781F8A75BF8F8F8FCFC10000000,82.334,8D8500005BA880CCCC5BA781F8A75BF8F8F8FCFC10000000,82.334,8D8500005BA880CCCC5BA781F8A75BF8F8F8FCFC10000000,82.334,8D8500005BA880CCCC5BA781F8A75BF8F8F8FCFC10000000,82.334,8D8500005BA880CCCC5BA781F8A75BF8F8F8FCFC10000000,82.334,8D8500005BA880CCCC5BA781F8A75BF8F8F8FCFC10000000,82.334,8D8500005BA880CCCC5BA781F8A75BF8F8F8FCFC10000000,82.334,8D8500005BA880CCCC5BA781F8A75BF8F8F8FCFC10000000,82.334,8D8500005BA880CCCC5BA781F8A75BF8F8F8FCFC10000000,82.334,8D8500005BA880CCCC5BA781F8A75BF8F8F8FCFC10000000,82.334,8D8500005BA880CCCC5BA781F8A75BF8F8F8FCFC10000000,82.334,252,82.334,16,82.349,0,82.349,0002,82.290,12545,82.290,3101,82.290,3101,82.290,3101,82.290,3101,82.290,3101,82.290,3101,82.290,3101,82.290,3101,82.290,3101,82.290,3101,82.290,3101,82.290,3101,82.290,3101
82.481,82.515,14.100000000000001,82.515,8D8500005CA881CDCD5BA881F8A85BF9F9F9FCFC10000000,82.515,8D8500005CA881CDCD5BA881F8A85BF9F9F9FCFC10000000,82.515,8D8500005CA881CDCD5BA881F8A85BF9F9F9FCFC10000000,82.515,8D8500005CA881CDCD5BA881F8A85BF9F9F9FCFC10000000,82.515,8D8500005CA881CDCD5BA881F8A85BF9F9F9FCFC10000000,82.515,8D8500005CA881CDCD5BA881F8A85BF9F9F9FCFC10000000,82.515,8D8500005CA881CDCD5BA881F8A85BF9F9F9FCFC10000000,82.515,8D8500005CA881CDCD5BA881F8A85BF9F9F9FCFC10000000,82.515,8D8500005CA881CDCD5BA881F8A85BF9F9F9FCFC10000000,82.515,8D8500005CA881CDCD5BA881F8A85BF9F9F9FCFC10000000,82.515,8D8500005CA881CDCD5BA881F8A85BF9F9F9FCFC10000000,82.515,8D8500005CA881CDCD5BA881F8A85BF9F9F9FCFC10000000,82.515,8D8500005CA881CDCD5BA881F8A85BF9F9F9FCFC10000000,82.515,8D8500005CA881CDCD5BA881F8A85BF9F9F9FCFC10000000,82.515,252,82.515,16,82.429,0,82.429,0002,82.429,12545,82.429,3101,82.429,3101,82.429,3101,82.429,3101,82.429,3101,82.429,3101,82.429,3101,82.429,3101,82.429,3101,82.429,3101,82.429,3101,82.429,3101,82.429,3101
82.583,82.515,14.100000000000001,82.515,8D8500005CA881CDCD5BA881F8A85BF9F9F9FCFC10000000,82.515,8D8500005CA881CDCD5BA881F8A85BF9F9F9FCFC10000000,82.515,8D8500005CA881CDCD5BA881F8A85BF9F9F9FCFC10000000,82.515,8D8500005CA881CDCD5BA881F8A85BF9F9F9FCFC10000000,82.515,8D8500005CA881CDCD5BA881F8A85BF9F9F9FCFC10000000,82.515,8D8500005CA881CDCD5BA881F8A85BF9F9F9FCFC10000000,82.515,8D8500005CA881CDCD5BA881F8A85BF9F9F9FCFC10000000,82.515,8D8500005CA881CDCD5BA881F8A85BF9F9F9FCFC10000000,82.515,8D8500005CA881CDCD5BA881F8A85BF9F9F9FCFC10000000,82.515,8D8500005CA881CDCD5BA881F8A85BF9F9F9FCFC10000000,82.515,8D8500005CA881CDCD5BA881F8A85BF9F9F9FCFC10000000,82.515,8D8500005CA881CDCD5BA881F8A85BF9F9F9FCFC10000000,82.515,8D8500005CA881CDCD5BA881F8A85BF9F9F9FCFC10000000,82.515,8D8500005CA881CDCD5BA881F8A85BF9F9F9FCFC10000000,82.515,252,82.515,16,82.540,0,82.540,0002,82.540,12545,82.540,3101,82.540,3101,82.540,3101,82.540,3101,82.540,3101,82.540,3101,82.540,3101,82.540,3101,82.540,3101,82.540,3101,82.540,3101,82.540,3101,82.540,3101
82.682,82.615,14.100000000000001,82.615,8D8500005CA88181815BA881F8A85BFAF9F9FDFD10000000,82.615,8D8500005CA88181815BA881F8A85BFAF9F9FDFD10000000,82.615,8D8500005CA88181815BA881F8A85BFAF9F9FDFD10000000,82.615,8D8500005CA88181815BA881F8A85BFAF9F9FDFD10000000,82.615,8D8500005CA88181815BA881F8A85BFAF9F9FDFD10000000,82.615,8D8500005CA88181815BA881F8A85BFAF9F9FDFD10000000,82.615,8D8500005CA88181815BA881F8A85BFAF9F9FDFD10000000,82.615,8D8500005CA88181815BA881F8A85BFAF9F9FDFD10000000,82.615,8D8500005CA88181815BA881F8A85BFAF9F9FDFD10000000,82.615,8D8500005CA88181815BA881F8A85BFAF9F9FDFD10000000,82.615,8D8500005CA88181815BA881F8A85BFAF9F9FDFD10000000,82.615,8D8500005CA88181815BA881F8A85BFAF9F9FDFD10000000,82.615,8D8500005CA88181815BA881F8A85BFAF9F9FDFD10000000,82.615,8D8500005CA88181815BA881F8A85BFAF9F9FDFD10000000,82.615,253,82.615,16,82.637,0,82.637,0002,82.637,12545,82.637,3101,82.637,3101,82.637,3101,82.637,3101,82.637,3101,82.637,3101,82.637,3101,82.637,3101,82.637,3101,82.637,3101,82.637,3101,82.637,3101,82.637,3101
82.782,82.714,14.100000000000001,82.714,8D8500005CA88180805BA781F8A85BF8F8F8FCFC10000000,82.714,8D8500005CA88180805BA781F8A85BF8F8F8FCFC10000000,82.714,8D8500005CA88180805BA781F8A85BF8F8F8FCFC10000000,82.714,8D8500005CA88180805BA781F8A85BF8F8F8FCFC10000000,82.714,8D8500005CA88180805BA781F8A85BF8F8F8FCFC10000000,82.714,8D8500005CA88180805BA781F8A85BF8F8F8FCFC10000000,82.714,8D8500005CA88180805BA781F8A85BF8F8F8FCFC10000000,82.714,8D8500005CA88180805BA781F8A85BF8F8F8FCFC10000000,82.714,8D8500005CA88180805BA781F8A85BF8F8F8FCFC10000000,82.714,8D8500005CA88180805BA781F8A85BF8F8F8FCFC10000000,82.714,8D8500005CA88180805BA781F8A85BF8F8F8FCFC10000000,82.714,8D8500005CA88180805BA781F8A85BF8F8F8FCFC10000000,82.714,8D8500005CA88180805BA781F8A85BF8F8F8FCFC10000000,82.714,8D8500005CA88180805BA781F8A85BF8F8F8FCFC10000000,82.714,252,82.714,16,82.739,0,82.739,0002,82.791,12549,82.791,3105,82.791,3105,82.791,3105,82.791,3105,82.791,3105,82.791,3105,82.791,3105,82.791,3105,82.791,3105,82.791,3105,82.791,3105,82.791,3105,82.791,3105
82.883,82.845,14.100000000000001,82.845,8D8500005BA781CCCC5BA781F8A85BF9F8F8FCFC10000000,82.845,8D8500005BA781CCCC5BA781F8A85BF9F8F8FCFC10000000,82.845,8D8500005BA781CCCC5BA781F8A85BF9F8F8FCFC10000000,82.845,8D8500005BA781CCCC5BA781F8A85BF9F8F8FCFC10000000,82.845,8D8500005BA781CCCC5BA781F8A85BF9F8F8FCFC10000000,82.845,8D8500005BA781CCCC5BA781F8A85BF9F8F8FCFC10000000,82.845,8D8500005BA781CCCC5BA781F8A85BF9F8F8FCFC10000000,82.845,8D8500005BA781CCCC5BA781F8A85BF9F8F8FCFC10000000,82.845,8D8500005BA781CCCC5BA781F8A85BF9F8F8FCFC10000000,82.845,8D8500005BA781CCCC5BA781F8A85BF9F8F8FCFC10000000,82.845,8D8500005BA781CCCC5BA781F8A85BF9F8F8FCFC10000000,82.845,8D8500005BA781CCCC5BA781F8A85BF9F8F8FCFC10000000,82.845,8D8500005BA781CCCC5BA781F8A85BF9F8F8FCFC10000000,82.845,8D8500005BA781CCCC5BA781F8A85BF9F8F8FCFC10000000,82.845,252,82.845,16,82.858,0,82.858,0002,82.791,12549,82.791,3105,82.791,3105,82.791,3105,82.791,3105,82.791,3105,82.791,3105,82.791,3105,82.791,3105,82.791,3105,82.791,3105,82.791,3105,82.791,3105,82.791,3105
82.983,83.014,14.100000000000001,83.014,8D8500005CA981CECE5CA881F8A85CFAFAFAFDFE10000000,83.014,8D8500005CA981CECE5CA881F8A85CFAFAFAFDFE10000000,83.014,8D8500005CA981CECE5CA881F8A85CFAFAFAFDFE10000000,83.014,8D8500005CA981CECE5CA881F8A85CFAFAFAFDFE10000000,83.014,8D8500005CA981CECE5CA881F8A85CFAFAFAFDFE10000000,83.014,8D8500005CA981CECE5CA881F8A85CFAFAFAFDFE10000000,83.014,8D8500005CA981CECE5CA881F8A85CFAFAFAFDFE10000000,83.014,8D8500005CA981CECE5CA881F8A85CFAFAFAFDFE10000000,83.014,8D8500005CA981CECE5CA881F8A85CFAFAFAFDFE10000000,83.014,8D8500005CA981CECE5CA881F8A85CFAFAFAFDFE10000000,83.014,8D8500005CA981CECE5CA881F8A85CFAFAFAFDFE10000000,83.014,8D8500005CA981CECE5CA881F8A85CFAFAFAFDFE10000000,83.014,8D8500005CA981CECE5CA881F8A85CFAFAFAFDFE10000000,83.014,8D8500005CA981CECE5CA881F8A85CFAFAFAFDFE10000000,83.014,254,83.014,16,82.929,0,82.929,0002,82.929,12545,82.929,3101,82.929,3101,82.929,3101,82.929,3101,82.929,3101,82.929,3101,82.929,3101,82.929,3101,82.929,3101,82.929,3101,82.929,3101,82.929,3101,82.929,3101
83.081,83.114,14.100000000000001,83.114,8D8500005CA881CDCD5BA781F9A85BF9F9F9FDFC10000000,83.114,8D8500005CA881CDCD5BA781F9A85BF9F9F9FDFC10000000,83.114,8D8500005CA881CDCD5BA781F9A85BF9F9F9FDFC10000000,83.114,8D8500005CA881CDCD5BA781F9A85BF9F9F9FDFC10000000,83.114,8D8500005CA881CDCD5BA781F9A85BF9F9F9FDFC10000000,83.114,8D8500005CA881CDCD5BA781F9A85BF9F9F9FDFC10000000,83.114,8D8500005CA881CDCD5BA781F9A85BF9F9F9FDFC10000000,83.114,8D8500005CA881CDCD5BA781F9A85BF9F9F9FDFC10000000,83.114,8D8500005CA881CDCD5BA781F9A85BF9F9F9FDFC10000000,83.114,8D8500005CA881CDCD5BA781F9A85BF9F9F9FDFC10000000,83.114,8D8500005CA881CDCD5BA781F9A85BF9F9F9FDFC10000000,83.114,8D8500005CA881CDCD5BA781F9A85BF9F9F9FDFC10000000,83.114,8D8500005CA881CDCD5BA781F9A85BF9F9F9FDFC10000000,83.114,8D8500005CA881CDCD5BA781F9A85BF9F9F9FDFC10000000,83.114,252,83.114,16,83.029,0,83.029,0002,83.029,12545,83.029,3101,83.029,3101,83.029,3101,83.029,3101,83.029,3101,83.029,3101,83.029,3101,83.029,3101,83.029,3101,83.029,3101,83.029,3101,83.029,3101,83.029,3101
83.184,83.114,14.100000000000001,83.114,8D8500005CA881CDCD5BA781F9A85BF9F9F9FDFC10000000,83.114,8D8500005CA881CDCD5BA781F9A85BF9F9F9FDFC10000000,83.114,8D8500005CA881CDCD5BA781F9A85BF9F9F9FDFC10000000,83.114,8D8500005CA881CDCD5BA781F9A85BF9F9F9FDFC10000000,83.114,8D8500005CA881CDCD5BA781F9A85BF9F9F9FDFC10000000,83.114,8D8500005CA881CDCD5BA781F9A85BF9F9F9FDFC10000000,83.114,8D8500005CA881CDCD5BA781F9A85BF9F9F9FDFC10000000,83.114,8D8500005CA881CDCD5BA781F9A85BF9F9F9FDFC10000000,83.114,8D8500005CA881CDCD5BA781F9A85BF9F9F9FDFC10000000,83.114,8D8500005CA881CDCD5BA781F9A85BF9F9F9FDFC10000000,83.114,8D8500005CA881CDCD5BA781F9A85BF9F9F9FDFC10000000,83.114,8D8500005CA881CDCD5BA781F9A85BF9F9F9FDFC10000000,83.114,8D8500005CA881CDCD5BA781F9A85BF9F9F9FDFC10000000,83.114,8D8500005CA881CDCD5BA781F9A85BF9F9F9FDFC10000000,83.114,252,83.114,16,83.129,0,83.129,0002,83.129,12545,83.129,3101,83.129,3101,83.129,3101,83.129,3101,83.129,3101,83.129,3101,83.129,3101,83.129,3101,83.129,3101,83.129,3101,83.129,3101,83.129,3101,83.129,3101
83.281,83.215,14.100000000000001,83.215,8D8500005BA881CDCD5BA781F9A85BF9F9F9FCFC10000000,83.215,8D8500005BA881CDCD5BA781F9A85BF9F9F9FCFC10000000,83.215,8D8500005BA881CDCD5BA781F9A85BF9F9F9FCFC10000000,83.215,8D8500005BA881CDCD5BA781F9A85BF9F9F9FCFC10000000,83.215,8D8500005BA881CDCD5BA781F9A85BF9F9F9FCFC10000000,83.215,8D8500005BA881CDCD5BA781F9A85BF9F9F9FCFC10000000,83.215,8D8500005BA881CDCD5BA781F9A85BF9F9F9FCFC10000000,83.215,8D8500005BA881CDCD5BA781F9A85BF9F9F9FCFC10000000,83.215,8D8500005BA881CDCD5BA781F9A85BF9F9F9FCFC10000000,83.215,8D8500005BA881CDCD5BA781F9A85BF9F9F9FCFC10000000,83.215,8D8500005BA881CDCD5BA781F9A85BF9F9F9FCFC10000000,83.215,8D8500005BA881CDCD5BA781F9A85BF9F9F9FCFC10000000,83.215,8D8500005BA881CDCD5BA781F9A85BF9F9F9FCFC10000000,83.215,8D8500005BA881CDCD5BA781F9A85BF9F9F9FCFC10000000,83.215,252,83.215,16,83.250,0,83.250,0002,83.290,12545,83.290,3101,83.290,3101,83.290,3101,83.290,3101,83.290,3101,83.290,3101,83.290,3101,83.290,3101,83.290,3101,83.290,3101,83.290,3101,83.290,3101,83.290,3101
83.384,83.336,14.100000000000001,83.336,8D8500005BA881CDCD5BA881F8A85BF8F8F8FCFC10000000,83.336,8D8500005BA881CDCD5BA881F8A85BF8F8F8FCFC10000000,83.336,8D8500005BA881CDCD5BA881F8A85BF8F8F8FCFC10000000,83.336,8D8500005BA881CDCD5BA881F8A85BF8F8F8FCFC10000000,83.336,8D8500005BA881CDCD5BA881F8A85BF8F8F8FCFC10000000,83.336,8D8500005BA881CDCD5BA881F8A85BF8F8F8FCFC10000000,83.336,8D8500005BA881CDCD5BA881F8A85BF8F8F8FCFC10000000,83.336,8D8500005BA881CDCD5BA881F8A85BF8F8F8FCFC10000000,83.336,8D8500005BA881CDCD5BA881F8A85BF8F8F8FCFC10000000,83.336,8D8500005BA881CDCD5BA881F8A85BF8F8F8FCFC10000000,83.336,8D8500005BA881CDCD5BA881F8A85BF8F8F8FCFC10000000,83.336,8D8500005BA881CDCD5BA881F8A85BF8F8F8FCFC10000000,83.336,8D8500005BA881CDCD5BA881F8A85BF8F8F8FCFC10000000,83.336,8D8500005BA881CDCD5BA881F8A85BF8F8F8FCFC10000000,83.336,252,83.336,16,83.357,0,83.357,0002,83.290,12545,83.290,3101,83.290,3101,83.290,3101,83.290,3101,83.290,3101,83.290,3101,83.290,3101,83.290,3101,83.290,3101,83.290,3101,83.290,3101,83.290,3101,83.290,3101
83.484,83.434,14.100000000000001,83.434,8D8500005BA881CDCD5BA881F9A85BF9F9F9FCFC10000000,83.434,8D8500005BA881CDCD5BA881F9A85BF9F9F9FCFC10000000,83.434,8D8500005BA881CDCD5BA881F9A85BF9F9F9FCFC10000000,83.434,8D8500005BA881CDCD5BA881F9A85BF9F9F9FCFC10000000,83.434,8D8500005BA881CDCD5BA881F9A85BF9F9F9FCFC10000000,83.434,8D8500005BA881CDCD5BA881F9A85BF9F9F9FCFC10000000,83.434,8D8500005BA881CDCD5BA881F9A85BF9F9F9FCFC10000000,83.434,8D8500005BA881CDCD5BA881F9A85BF9F9F9FCFC10000000,83.434,8D8500005BA881CDCD5BA881F9A85BF9F9F9FCFC10000000,83.434,8D8500005BA881CDCD5BA881F9A85BF9F9F9FCFC10000000,83.434,8D8500005BA881CDCD5BA881F9A85BF9F9F9FCFC10000000,83.434,8D8500005BA881CDCD5BA881F9A85BF9F9F9FCFC10000000,83.434,8D8500005BA881CDCD5BA881F9A85BF9F9F9FCFC10000000,83.434,8D8500005BA881CDCD5BA881F9A85BF9F9F9FCFC10000000,83.434,252,83.434,16,83.457,0,83.457,0002,83.457,12545,83.457,3101,83.457,3101,83.457,3101,83.457,3101,83.457,3101,83.457,3101,83.457,3101,83.457,3101,83.457,3101,83.457,3101,83.457,3101,83.457,3101,83.457,3101
83.583,83.615,14.100000000000001,83.615,8D8500005BA881CDCD5BA781F8A75BF9F9F9FCFD10000000,83.615,8D8500005BA881CDCD5BA781F8A75BF9F9F9FCFD10000000,83.615,8D8500005BA881CDCD5BA781F8A75BF9F9F9FCFD10000000,83.615,8D8500005BA881CDCD5BA781F8A75BF9F9F9FCFD10000000,83.615,8D8500005BA881CDCD5BA781F8A75BF9F9F9FCFD10000000,83.615,8D8500005BA881CDCD5BA781F8A75BF9F9F9FCFD10000000,83.615,8D8500005BA881CDCD5BA781F8A75BF9F9F9FCFD10000000,83.615,8D8500005BA881CDCD5BA781F8A75BF9F9F9FCFD10000000,83.615,8D8500005BA881CDCD5BA781F8A75BF9F9F9FCFD10000000,83.615,8D8500005BA881CDCD5BA781F8A75BF9F9F9FCFD10000000,83.615,8D8500005BA881CDCD5BA781F8A75BF9F9F9FCFD10000000,83.615,8D8500005BA881CDCD5BA781F8A75BF9F9F9FCFD10000000,83.615,8D8500005BA881CDCD5BA781F8A75BF9F9F9FCFD10000000,83.615,8D8500005BA881CDCD5BA781F8A75BF9F9F9FCFD10000000,83.615,253,83.615,16,83.537,0,83.537,0002,83.537,12545,83.537,3101,83.537,3101,83.537,3101,83.537,3101,83.537,3101,83.537,3101,83.537,3101,83.537,3101,83.537,3101,83.537,3101,83.537,3101,83.537,3101,83.537,3101
83.684,83.615,14.100000000000001,83.615,8D8500005BA881CDCD5BA781F8A75BF9F9F9FCFD10000000,83.615,8D8500005BA881CDCD5BA781F8A75BF9F9F9FCFD10000000,83.615,8D8500005BA881CDCD5BA781F8A75BF9F9F9FCFD10000000,83.615,8D8500005BA881CDCD5BA781F8A75BF9F9F9FCFD10000000,83.615,8D8500005BA881CDCD5BA781F8A75BF9F9F9FCFD10000000,83.615,8D8500005BA881CDCD5BA781F8A75BF9F9F9FCFD10000000,83.615,8D8500005BA881CDCD5BA781F8A75BF9F9F9FCFD10000000,83.615,8D8500005BA881CDCD5BA781F8A75BF9F9F9FCFD10000000,83.615,8D8500005BA881CDCD5BA781F8A75BF9F9F9FCFD10000000,83.615,8D8500005BA881CDCD5BA781F8A75BF9F9F9FCFD10000000,83.615,8D8500005BA881CDCD5BA781F8A75BF9F9F9FCFD10000000,83.615,8D8500005BA881CDCD5BA781F8A75BF9F9F9FCFD10000000,83.615,8D8500005BA881CDCD5BA781F8A75BF9F9F9FCFD10000000,83.615,8D8500005BA881CDCD5BA781F8A75BF9F9F9FCFD10000000,83.615,253,83.615,16,83.637,0,83.637,0002,83.637,12545,83.637,3101,83.637,3101,83.637,3101,83.637,3101,83.637,3101,83.637,3101,83.637,3101,83.637,3101,83.637,3101,83.637,3101,83.637,3101,83.637,3101,83.637,3101
83.783,83.714,14.100000000000001,83.714,8D8500005CA881CCCC5BA781F8A85BF9F9F9FCFC10000000,83.714,8D8500005CA881CCCC5BA781F8A85BF9F9F9FCFC10000000,83.714,8D8500005CA881CCCC5BA781F8A85BF9F9F9FCFC10000000,83.714,8D8500005CA881CCCC5BA781F8A85BF9F9F9FCFC10000000,83.714,8D8500005CA881CCCC5BA781F8A85BF9F9F9FCFC10000000,83.714,8D8500005CA881CCCC5BA781F8A85BF9F9F9FCFC10000000,83.714,8D8500005CA881CCCC5BA781F8A85BF9F9F9FCFC10000000,83.714,8D8500005CA881CCCC5BA781F8A85BF9F9F9FCFC10000000,83.714,8D8500005CA881CCCC5BA781F8A85BF9F9F9FCFC10000000,83.714,8D8500005CA881CCCC5BA781F8A85BF9F9F9FCFC10000000,83.714,8D8500005CA881CCCC5BA781F8A85BF9F9F9FCFC10000000,83.714,8D8500005CA881CCCC5BA781F8A85BF9F9F9FCFC10000000,83.714,8D8500005CA881CCCC5BA781F8A85BF9F9F9FCFC10000000,83.714,8D8500005CA881CCCC5BA781F8A85BF9F9F9FCFC10000000,83.714,252,83.714,16,83.739,0,83.739,0002,83.799,12545,83.799,3101,83.799,3101,83.799,3101,83.799,3101,83.799,3101,83.799,3101,83.799,3101,83.799,3101,83.799,3101,83.799,3101,83.799,3101,83.799,3101,83.799,3101
83.880,83.835,14.100000000000001,83.835,8D8500005BA881CDCD5BA881F8A85BF9F9F9FCFC10000000,83.835,8D8500005BA881CDCD5BA881F8A85BF9F9F9FCFC10000000,83.835,8D8500005BA881CDCD5BA881F8A85BF9F9F9FCFC10000000,83.835,8D8500005BA881CDCD5BA881F8A85BF9F9F9FCFC10000000,83.835,8D8500005BA881CDCD5BA881F8A85BF9F9F9FCFC10000000,83.835,8D8500005BA881CDCD5BA881F8A85BF9F9F9FCFC10000000,83.835,8D8500005BA881CDCD5BA881F8A85BF9F9F9FCFC10000000,83.835,8D8500005BA881CDCD5BA881F8A85BF9F9F9FCFC10000000,83.835,8D8500005BA881CDCD5BA881F8A85BF9F9F9FCFC10000000,83.835,8D8500005BA881CDCD5BA881F8A85BF9F9F9FCFC10000000,83.835,8D8500005BA881CDCD5BA881F8A85BF9F9F9FCFC10000000,83.835,8D8500005BA881CDCD5BA881F8A85BF9F9F9FCFC10000000,83.835,8D8500005BA881CDCD5BA881F8A85BF9F9F9FCFC10000000,83.835,8D8500005BA881CDCD5BA881F8A85BF9F9F9FCFC10000000,83.835,252,83.835,16,83.850,0,83.850,0002,83.799,12545,83.799,3101,83.799,3101,83.799,3101,83.799,3101,83.799,3101,83.799,3101,83.799,3101,83.799,3101,83.799,3101,83.799,3101,83.799,3101,83.799,3101,83.799,3101
83.981,84.014,14.100000000000001,84.014,8D8500005BA881CDCD5BA781F8A75BF9F9F9FCFC10000000,84.014,8D8500005BA881CDCD5BA781F8A75BF9F9F9FCFC10000000,84.014,8D8500005BA881CDCD5BA781F8A75BF9F9F9FCFC10000000,84.014,8D8500005BA881CDCD5BA781F8A75BF9F9F9FCFC10000000,84.014,8D8500005BA881CDCD5BA781F8A75BF9F9F9FCFC10000000,84.014,8D8500005BA881CDCD5BA781F8A75BF9F9F9FCFC10000000,84.014,8D8500005BA881CDCD5BA781F8A75BF9F9F9FCFC10000000,84.014,8D8500005BA881CDCD5BA781F8A75BF9F9F9FCFC10000000,84.014,8D8500005BA881CDCD5BA781F8A75BF9F9F9FCFC10000000,84.014,8D8500005BA881CDCD5BA781F8A75BF9F9F9FCFC10000000,84.014,8D8500005BA881CDCD5BA781F8A75BF9F9F9FCFC10000000,84.014,8D8500005BA881CDCD5BA781F8A75BF9F9F9FCFC10000000,84.014,8D8500005BA881CDCD5BA781F8A75BF9F9F9FCFC10000000,84.014,8D8500005BA881CDCD5BA781F8A75BF9F9F9FCFC10000000,84.014,252,84.014,16,83.929,0,83.929,0002,83.929,12545,83.929,3101,83.929,3101,83.929,3101,83.929,3101,83.929,3101,83.929,3101,83.929,3101,83.929,3101,83.929,3101,83.929,3101,83.929,3101,83.929,3101,83.929,3101
84.084,84.014,14.100000000000001,84.014,8D8500005BA881CDCD5BA781F8A75BF9F9F9FCFC10000000,84.014,8D8500005BA881CDCD5BA781F8A75BF9F9F9FCFC10000000,84.014,8D8500005BA881CDCD5BA781F8A75BF9F9F9FCFC10000000,84.014,8D8500005BA881CDCD5BA781F8A75BF9F9F9FCFC10000000,84.014,8D8500005BA881CDCD5BA781F8A75BF9F9F9FCFC10000000,84.014,8D8500005BA881CDCD5BA781F8A75BF9F9F9FCFC10000000,84.014,8D8500005BA881CDCD5BA781F8A75BF9F9F9FCFC10000000,84.014,8D8500005BA881CDCD5BA781F8A75BF9F9F9FCFC10000000,84.014,8D8500005BA881CDCD5BA781F8A75BF9F9F9FCFC10000000,84.014,8D8500005BA881CDCD5BA781F8A75BF9F9F9FCFC10000000,84.014,8D8500005BA881CDCD5BA781F8A75BF9F9F9FCFC10000000,84.014,8D8500005BA881CDCD5BA781F8A75BF9F9F9FCFC10000000,84.014,8D8500005BA881CDCD5BA781F8A75BF9F9F9FCFC10000000,84.014,8D8500005BA881CDCD5BA781F8A75BF9F9F9FCFC10000000,84.014,252,84.014,16,84.040,0,84.040,0002,84.040,12545,84.040,3101,84.040,3101,84.040,3101,84.040,3101,84.040,3101,84.040,3101,84.040,3101,84.040,3101,84.040,3101,84.040,3101,84.040,3101,84.040,3101,84.040,3101
84.182,84.214,14.100000000000001,84.214,8D8500005CA881CDCD5BA781F8A85BF9F9F9FCFC10000000,84.214,8D8500005CA881CDCD5BA781F8A85BF9F9F9FCFC10000000,84.214,8D8500005CA881CDCD5BA781F8A85BF9F9F9FCFC10000000,84.214,8D8500005CA881CDCD5BA781F8A85BF9F9F9FCFC10000000,84.214,8D8500005CA881CDCD5BA781F8A85BF9F9F9FCFC10000000,84.214,8D8500005CA881CDCD5BA781F8A85BF9F9F9FCFC10000000,84.214,8D8500005CA881CDCD5BA781F8A85BF9F9F9FCFC10000000,84.214,8D8500005CA881CDCD5BA781F8A85BF9F9F9FCFC10000000,84.214,8D8500005CA881CDCD5BA781F8A85BF9F9F9FCFC10000000,84.214,8D8500005CA881CDCD5BA781F8A85BF9F9F9FCFC10000000,84.214,8D8500005CA881CDCD5BA781F8A85BF9F9F9FCFC10000000,84.214,8D8500005CA881CDCD5BA781F8A85BF9F9F9FCFC10000000,84.214,8D8500005CA881CDCD5BA781F8A85BF9F9F9FCFC10000000,84.214,8D8500005CA881CDCD5BA781F8A85BF9F9F9FCFC10000000,84.214,252,84.214,16,84.137,0,84.137,0002,84.137,12545,84.137,3101,84.137,3101,84.137,3101,84.137,3101,84.137,3101,84.137,3101,84.137,3101,84.137,3101,84.137,3101,84.137,3101,84.137,3101,84.137,3101,84.137,3101
84.282,84.214,14.100000000000001,84.214,8D8500005CA881CDCD5BA781F8A85BF9F9F9FCFC10000000,84.214,8D8500005CA881CDCD5BA781F8A85BF9F9F9FCFC10000000,84.214,8D8500005CA881CDCD5BA781F8A85BF9F9F9FCFC10000000,84.214,8D8500005CA881CDCD5BA781F8A85BF9F9F9FCFC10000000,84.214,8D8500005CA881CDCD5BA781F8A85BF9F9F9FCFC10000000,84.214,8D8500005CA881CDCD5BA781F8A85BF9F9F9FCFC10000000,84.214,8D8500005CA881CDCD5BA781F8A85BF9F9F9FCFC10000000,84.214,8D8500005CA881CDCD5BA781F8A85BF9F9F9FCFC10000000,84.214,8D8500005CA881CDCD5BA781F8A85BF9F9F9FCFC10000000,84.214,8D8500005CA881CDCD5BA781F8A85BF9F9F9FCFC10000000,84.214,8D8500005CA881CDCD5BA781F8A85BF9F9F9FCFC10000000,84.214,8D8500005CA881CDCD5BA781F8A85BF9F9F9FCFC10000000,84.214,8D8500005CA881CDCD5BA781F8A85BF9F9F9FCFC10000000,84.214,8D8500005CA881CDCD5BA781F8A85BF9F9F9FCFC10000000,84.214,252,84.214,16,84.251,0,84.251,0002,84.299,12545,84.299,3101,84.299,3101,84.299,3101,84.299,3101,84.299,3101,84.299,3101,84.299,3101,84.299,3101,84.299,3101,84.299,3101,84.299,3101,84.299,3101,84.299,3101
84.384,84.345,14.100000000000001,84.345,8D8500005CA780CCCC5BA780F7A75BF9F8F8FCFC10000000,84.345,8D8500005CA780CCCC5BA780F7A75BF9F8F8FCFC10000000,84.345,8D8500005CA780CCCC5BA780F7A75BF9F8F8FCFC10000000,84.345,8D8500005CA780CCCC5BA780F7A75BF9F8F8FCFC10000000,84.345,8D8500005CA780CCCC5BA780F7A75BF9F8F8FCFC10000000,84.345,8D8500005CA780CCCC5BA780F7A75BF9F8F8FCFC10000000,84.345,8D8500005CA780CCCC5BA780F7A75BF9F8F8FCFC10000000,84.345,8D8500005CA780CCCC5BA780F7A75BF9F8F8FCFC10000000,84.345,8D8500005CA780CCCC5BA780F7A75BF9F8F8FCFC10000000,84.345,8D8500005CA780CCCC5BA780F7A75BF9F8F8FCFC10000000,84.345,8D8500005CA780CCCC5BA780F7A75BF9F8F8FCFC10000000,84.345,8D8500005CA780CCCC5BA780F7A75BF9F8F8FCFC10000000,84.345,8D8500005CA780CCCC5BA780F7A75BF9F8F8FCFC10000000,84.345,8D8500005CA780CCCC5BA780F7A75BF9F8F8FCFC10000000,84.345,252,84.345,16,84.367,0,84.367,0002,84.299,12545,84.299,3101,84.299,3101,84.299,3101,84.299,3101,84.299,3101,84.299,3101,84.299,3101,84.299,3101,84.299,3101,84.299,3101,84.299,3101,84.299,3101,84.299,3101
84.483,84.514,14.200000000000001,84.514,8E8600005CA881CDCD5BA881F8A85BF9F9F9FCFC10000000,84.514,8E8600005CA881CDCD5BA881F8A85BF9F9F9FCFC10000000,84.514,8E8600005CA881CDCD5BA881F8A85BF9F9F9FCFC10000000,84.514,8E8600005CA881CDCD5BA881F8A85BF9F9F9FCFC10000000,84.514,8E8600005CA881CDCD5BA881F8A85BF9F9F9FCFC10000000,84.514,8E8600005CA881CDCD5BA881F8A85BF9F9F9FCFC10000000,84.514,8E8600005CA881CDCD5BA881F8A85BF9F9F9FCFC10000000,84.514,8E8600005CA881CDCD5BA881F8A85BF9F9F9FCFC10000000,84.514,8E8600005CA881CDCD5BA881F8A85BF9F9F9FCFC10000000,84.514,8E8600005CA881CDCD5BA881F8A85BF9F9F9FCFC10000000,84.514,8E8600005CA881CDCD5BA881F8A85BF9F9F9FCFC10000000,84.514,8E8600005CA881CDCD5BA881F8A85BF9F9F9FCFC10000000,84.514,8E8600005CA881CDCD5BA881F8A85BF9F9F9FCFC10000000,84.514,8E8600005CA881CDCD5BA881F8A85BF9F9F9FCFC10000000,84.514,252,84.514,16,84.449,0,84.449,0002,84.449,12545,84.449,3101,84.449,3101,84.449,3101,84.449,3101,84.449,3101,84.449,3101,84.449,3101,84.449,3101,84.449,3101,84.449,3101,84.449,3101,84.449,3101,84.449,3101
84.581,84.615,14.200000000000001,84.615,8E8600005CA881CDCD5BA881F8A85BF9F9F9FCFC10000000,84.615,8E8600005CA881CDCD5BA881F8A85BF9F9F9FCFC10000000,84.615,8E8600005CA881CDCD5BA881F8A85BF9F9F9FCFC10000000,84.615,8E8600005CA881CDCD5BA881F8A85BF9F9F9FCFC10000000,84.615,8E8600005CA881CDCD5BA881F8A85BF9F9F9FCFC10000000,84.615,8E8600005CA881CDCD5BA881F8A85BF9F9F9FCFC10000000,84.615,8E8600005CA881CDCD5BA881F8A85BF9F9F9FCFC10000000,84.615,8E8600005CA881CDCD5BA881F8A85BF9F9F9FCFC10000000,84.615,8E8600005CA881CDCD5BA881F8A85BF9F9F9FCFC10000000,84.615,8E8600005CA881CDCD5BA881F8A85BF9F9F9FCFC10000000,84.615,8E8600005CA881CDCD5BA881F8A85BF9F9F9FCFC10000000,84.615,8E8600005CA881CDCD5BA881F8A85BF9F9F9FCFC10000000,84.615,8E8600005CA881CDCD5BA881F8A85BF9F9F9FCFC10000000,84.615,8E8600005CA881CDCD5BA881F8A85BF9F9F9FCFC10000000,84.615,252,84.615,16,84.529,0,84.529,0002,84.529,12545,84.529,3101,84.529,3101,84.529,3101,84.529,3101,84.529,3101,84.529,3101,84.529,3101,84.529,3101,84.529,3101,84.529,3101,84.529,3101,84.529,3101,84.529,3101
84.682,84.615,14.200000000000001,84.615,8E8600005CA881CDCD5BA881F8A85BF9F9F9FCFC10000000,84.615,8E8600005CA881CDCD5BA881F8A85BF9F9F9FCFC10000000,84.615,8E8600005CA881CDCD5BA881F8A85BF9F9F9FCFC10000000,84.615,8E8600005CA881CDCD5BA881F8A85BF9F9F9FCFC10000000,84.615,8E8600005CA881CDCD5BA881F8A85BF9F9F9FCFC10000000,84.615,8E8600005CA881CDCD5BA881F8A85BF9F9F9FCFC10000000,84.615,8E8600005CA881CDCD5BA881F8A85BF9F9F9FCFC10000000,84.615,8E8600005CA881CDCD5BA881F8A85BF9F9F9FCFC10000000,84.615,8E8600005CA881CDCD5BA881F8A85BF9F9F9FCFC10000000,84.615,8E8600005CA881CDCD5BA881F8A85BF9F9F9FCFC10000000,84.615,8E8600005CA881CDCD5BA881F8A85BF9F9F9FCFC10000000,84.615,8E8600005CA881CDCD5BA881F8A85BF9F9F9FCFC10000000,84.615,8E8600005CA881CDCD5BA881F8A85BF9F9F9FCFC10000000,84.615,8E8600005CA881CDCD5BA881F8A85BF9F9F9FCFC10000000,84.615,252,84.615,16,84.629,0,84.629,0002,84.629,12545,84.629,3101,84.629,3101,84.629,3101,84.629,3101,84.629,3101,84.629,3101,84.629,3101,84.629,3101,84.629,3101,84.629,3101,84.629,3101,84.629,3101,84.629,3101
84.780,84.715,14.100000000000001,84.715,8D8500005CA881CDCD5BA781F9A85BF9F9F9FCFD10000000,84.715,8D8500005CA881CDCD5BA781F9A85BF9F9F9FCFD10000000,84.715,8D8500005CA881CDCD5BA781F9A85BF9F9F9FCFD10000000,84.715,8D8500005CA881CDCD5BA781F9A85BF9F9F9FCFD10000000,84.715,8D8500005CA881CDCD5BA781F9A85BF9F9F9FCFD10000000,84.715,8D8500005CA881CDCD5BA781F9A85BF9F9F9FCFD10000000,84.715,8D8500005CA881CDCD5BA781F9A85BF9F9F9FCFD10000000,84.715,8D8500005CA881CDCD5BA781F9A85BF9F9F9FCFD10000000,84.715,8D8500005CA881CDCD5BA781F9A85BF9F9F9FCFD10000000,84.715,8D8500005CA881CDCD5BA781F9A85BF9F9F9FCFD10000000,84.715,8D8500005CA881CDCD5BA781F9A85BF9F9F9FCFD10000000,84.715,8D8500005CA881CDCD5BA781F9A85BF9F9F9FCFD10000000,84.715,8D8500005CA881CDCD5BA781F9A85BF9F9F9FCFD10000000,84.715,8D8500005CA881CDCD5BA781F9A85BF9F9F9FCFD10000000,84.715,253,84.715,16,84.750,0,84.750,0002,84.799,12545,84.799,3101,84.799,3101,84.799,3101,84.799,3101,84.799,3101,84.799,3101,84.799,3101,84.799,3101,84.799,3101,84.799,3101,84.799,3101,84.799,3101,84.799,3101
84.883,84.835,14.100000000000001,84.835,8D8500005BA880CCCC5BA781F8A85BF9F9F9FCFC10000000,84.835,8D8500005BA880CCCC5BA781F8A85BF9F9F9FCFC10000000,84.835,8D8500005BA880CCCC5BA781F8A85BF9F9F9FCFC10000000,84.835,8D8500005BA880CCCC5BA781F8A85BF9F9F9FCFC10000000,84.835,8D8500005BA880CCCC5BA781F8A85BF9F9F9FCFC10000000,84.835,8D8500005BA880CCCC5BA781F8A85BF9F9F9FCFC10000000,84.835,8D8500005BA880CCCC5BA781F8A85BF9F9F9FCFC10000000,84.835,8D8500005BA880CCCC5BA781F8A85BF9F9F9FCFC10000000,84.835,8D8500005BA880CCCC5BA781F8A85BF9F9F9FCFC10000000,84.835,8D8500005BA880CCCC5BA781F8A85BF9F9F9FCFC10000000,84.835,8D8500005BA880CCCC5BA781F8A85BF9F9F9FCFC10000000,84.835,8D8500005BA880CCCC5BA781F8A85BF9F9F9FCFC10000000,84.835,8D8500005BA880CCCC5BA781F8A85BF9F9F9FCFC10000000,84.835,8D8500005BA880CCCC5BA781F8A85BF9F9F9FCFC10000000,84.835,252,84.835,16,84.857,0,84.857,0002,84.799,12545,84.799,3101,84.799,3101,84.799,3101,84.799,3101,84.799,3101,84.799,3101,84.799,3101,84.799,3101,84.799,3101,84.799,3101,84.799,3101,84.799,3101,84.799,3101
84.984,84.935,14.100000000000001,84.935,8D8500005CA881CDCD5CA881F9A85CFAF9F9FCFD10000000,84.935,8D8500005CA881CDCD5CA881F9A85CFAF9F9FCFD10000000,84.935,8D8500005CA881CDCD5CA881F9A85CFAF9F9FCFD10000000,84.935,8D8500005CA881CDCD5CA881F9A85CFAF9F9FCFD10000000,84.935,8D8500005CA881CDCD5CA881F9A85CFAF9F9FCFD10000000,84.935,8D8500005CA881CDCD5CA881F9A85CFAF9F9FCFD10000000,84.935,8D8500005CA881CDCD5CA881F9A85CFAF9F9FCFD10000000,84.935,8D8500005CA881CDCD5CA881F9A85CFAF9F9FCFD10000000,84.935,8D8500005CA881CDCD5CA881F9A85CFAF9F9FCFD10000000,84.935,8D8500005CA881CDCD5CA881F9A85CFAF9F9FCFD10000000,84.935,8D8500005CA881CDCD5CA881F9A85CFAF9F9FCFD10000000,84.935,8D8500005CA881CDCD5CA881F9A85CFAF9F9FCFD10000000,84.935,8D8500005CA881CDCD5CA881F9A85CFAF9F9FCFD10000000,84.935,8D8500005CA881CDCD5CA881F9A85CFAF9F9FCFD10000000,84.935,253,84.935,16,84.949,0,84.949,0002,84.949,12545,84.949,3101,84.949,3101,84.949,3101,84.949,3101,84.949,3101,84.949,3101,84.949,3101,84.949,3101,84.949,3101,84.949,3101,84.949,3101,84.949,3101,84.949,3101
85.082,85.115,14.100000000000001,85.115,8D8500005BA881CDCD5BA781F8A85BF9F9F9FCFC10000000,85.115,8D8500005BA881CDCD5BA781F8A85BF9F9F9FCFC10000000,85.115,8D8500005BA881CDCD5BA781F8A85BF9F9F9FCFC10000000,85.115,8D8500005BA881CDCD5BA781F8A85BF9F9F9FCFC10000000,85.115,8D8500005BA881CDCD5BA781F8A85BF9F9F9FCFC10000000,85.115,8D8500005BA881CDCD5BA781F8A85BF9F9F9FCFC10000000,85.115,8D8500005BA881CDCD5BA781F8A85BF9F9F9FCFC10000000,85.115,8D8500005BA881CDCD5BA781F8A85BF9F9F9FCFC10000000,85.115,8D8500005BA881CDCD5BA781F8A85BF9F9F9FCFC10000000,85.115,8D8500005BA881CDCD5BA781F8A85BF9F9F9FCFC10000000,85.115,8D8500005BA881CDCD5BA781F8A85BF9F9F9FCFC10000000,85.115,8D8500005BA881CDCD5BA781F8A85BF9F9F9FCFC10000000,85.115,8D8500005BA881CDCD5BA781F8A85BF9F9F9FCFC10000000,85.115,8D8500005BA881CDCD5BA781F8A85BF9F9F9FCFC10000000,85.115,252,85.115,16,85.029,0,85.029,0002,85.029,12545,85.029,3101,85.029,3101,85.029,3101,85.029,3101,85.029,3101,85.029,3101,85.029,3101,85.029,3101,85.029,3101,85.029,3101,85.029,3101,85.029,3101,85.029,3101
85.182,85.115,14.100000000000001,85.115,8D8500005BA881CDCD5BA781F8A85BF9F9F9FCFC10000000,85.115,8D8500005BA881CDCD5BA781F8A85BF9F9F9FCFC10000000,85.115,8D8500005BA881CDCD5BA781F8A85BF9F9F9FCFC10000000,85.115,8D8500005BA881CDCD5BA781F8A85BF9F9F9FCFC10000000,85.115,8D8500005BA881CDCD5BA781F8A85BF9F9F9FCFC10000000,85.115,8D8500005BA881CDCD5BA781F8A85BF9F9F9FCFC10000000,85.115,8D8500005BA881CDCD5BA781F8A85BF9F9F9FCFC10000000,85.115,8D8500005BA881CDCD5BA781F8A85BF9F9F9FCFC10000000,85.115,8D8500005BA881CDCD5BA781F8A85BF9F9F9FCFC10000000,85.115,8D8500005BA881CDCD5BA781F8A85BF9F9F9FCFC10000000,85.115,8D8500005BA881CDCD5BA781F8A85BF9F9F9FCFC10000000,85.115,8D8500005BA881CDCD5BA781F8A85BF9F9F9FCFC10000000,85.115,8D8500005BA881CDCD5BA781F8A85BF9F9F9FCFC10000000,85.115,8D8500005BA881CDCD5BA781F8A85BF9F9F9FCFC10000000,85.115,252,85.115,16,85.129,0,85.129,0002,85.129,12545,85.129,3101,85.129,3101,85.129,3101,85.129,3101,85.129,3101,85.129,3101,85.129,3101,85.129,3101,85.129,3101,85.129,3101,85.129,3101,85.129,3101,85.129,3101
85.282,85.215,14.100000000000001,85.215,8D8500005CA881CCCC5BA781F8A85BF9F9F9FCFC10000000,85.215,8D8500005CA881CCCC5BA781F8A85BF9F9F9FCFC10000000,85.215,8D8500005CA881CCCC5BA781F8A85BF9F9F9FCFC10000000,85.215,8D8500005CA881CCCC5BA781F8A85BF9F9F9FCFC10000000,85.215,8D8500005CA881CCCC5BA781F8A85BF9F9F9FCFC10000000,85.215,8D8500005CA881CCCC5BA781F8A85BF9F9F9FCFC10000000,85.215,8D8500005CA881CCCC5BA781F8A85BF9F9F9FCFC10000000,85.215,8D8500005CA881CCCC5BA781F8A85BF9F9F9FCFC10000000,85.215,8D8500005CA881CCCC5BA781F8A85BF9F9F9FCFC10000000,85.215,8D8500005CA881CCCC5BA781F8A85BF9F9F9FCFC10000000,85.215,8D8500005CA881CCCC5BA781F8A85BF9F9F9FCFC10000000,85.215,8D8500005CA881CCCC5BA781F8A85BF9F9F9FCFC10000000,85.215,8D8500005CA881CCCC5BA781F8A85BF9F9F9FCFC10000000,85.215,8D8500005CA881CCCC5BA781F8A85BF9F9F9FCFC10000000,85.215,252,85.215,16,85.250,0,85.250,0002,85.291,12547,85.291,3103,85.291,3103,85.291,3103,85.291,3103,85.291,3103,85.291,3103,85.291,3103,85.291,3103,85.291,3103,85.291,3103,85.291,3103,85.291,3103,85.291,3103
85.380,85.355,14.100000000000001,85.355,8D8500005BA881CDCD81A781F8A881F9F9F9FCFC10000000,85.355,8D8500005BA881CDCD81A781F8A881F9F9F9FCFC10000000,85.355,8D8500005BA881CDCD81A781F8A881F9F9F9FCFC10000000,85.355,8D8500005BA881CDCD81A781F8A881F9F9F9FCFC10000000,85.355,8D8500005BA881CDCD81A781F8A881F9F9F9FCFC10000000,85.355,8D8500005BA881CDCD81A781F8A881F9F9F9FCFC10000000,85.355,8D8500005BA881CDCD81A781F8A881F9F9F9FCFC10000000,85.355,8D8500005BA881CDCD81A781F8A881F9F9F9FCFC10000000,85.355,8D8500005BA881CDCD81A781F8A881F9F9F9FCFC10000000,85.355,8D8500005BA881CDCD81A781F8A881F9F9F9FCFC10000000,85.355,8D8500005BA881CDCD81A781F8A881F9F9F9FCFC10000000,85.355,8D8500005BA881CDCD81A781F8A881F9F9F9FCFC10000000,85.355,8D8500005BA881CDCD81A781F8A881F9F9F9FCFC10000000,85.355,8D8500005BA881CDCD81A781F8A881F9F9F9FCFC10000000,85.355,252,85.355,16,85.389,0,85.389,0002,85.389,12547,85.389,3103,85.389,3103,85.389,3103,85.389,3103,85.389,3103,85.389,3103,85.389,3103,85.389,3103,85.389,3103,85.389,3103,85.389,3103,85.389,3103,85.389,3103
85.484,85.425,14.200000000000001,85.425,8E8600005BA880CCCC80A781F8A780F9F9F9FCFC10000000,85.425,8E8600005BA880CCCC80A781F8A780F9F9F9FCFC10000000,85.425,8E8600005BA880CCCC80A781F8A780F9F9F9FCFC10000000,85.425,8E8600005BA880CCCC80A781F8A780F9F9F9FCFC10000000,85.425,8E8600005BA880CCCC80A781F8A780F9F9F9FCFC10000000,85.425,8E8600005BA880CCCC80A781F8A780F9F9F9FCFC10000000,85.425,8E8600005BA880CCCC80A781F8A780F9F9F9FCFC10000000,85.425,8E8600005BA880CCCC80A781F8A780F9F9F9FCFC10000000,85.425,8E8600005BA880CCCC80A781F8A780F9F9F9FCFC10000000,85.425,8E8600005BA880CCCC80A781F8A780F9F9F9FCFC10000000,85.425,8E8600005BA880CCCC80A781F8A780F9F9F9FCFC10000000,85.425,8E8600005BA880CCCC80A781F8A780F9F9F9FCFC10000000,85.425,8E8600005BA880CCCC80A781F8A780F9F9F9FCFC10000000,85.425,8E8600005BA880CCCC80A781F8A780F9F9F9FCFC10000000,85.425,252,85.425,16,85.438,0,85.438,0002,85.389,12547,85.389,3103,85.389,3103,85.389,3103,85.389,3103,85.389,3103,85.389,3103,85.389,3103,85.389,3103,85.389,3103,85.389,3103,85.389,3103,85.389,3103,85.389,3103
85.583,85.515,14.200000000000001,85.515,8E8600005CA881CDCD80A781F8A880F9F9F9FCFC10000000,85.515,8E8600005CA881CDCD80A781F8A880F9F9F9FCFC10000000,85.515,8E8600005CA881CDCD80A781F8A880F9F9F9FCFC10000000,85.515,8E8600005CA881CDCD80A781F8A880F9F9F9FCFC10000000,85.515,8E8600005CA881CDCD80A781F8A880F9F9F9FCFC10000000,85.515,8E8600005CA881CDCD80A781F8A880F9F9F9FCFC10000000,85.515,8E8600005CA881CDCD80A781F8A880F9F9F9FCFC10000000,85.515,8E8600005CA881CDCD80A781F8A880F9F9F9FCFC10000000,85.515,8E8600005CA881CDCD80A781F8A880F9F9F9FCFC10000000,85.515,8E8600005CA881CDCD80A781F8A880F9F9F9FCFC10000000,85.515,8E8600005CA881CDCD80A781F8A880F9F9F9FCFC10000000,85.515,8E8600005CA881CDCD80A781F8A880F9F9F9FCFC10000000,85.515,8E8600005CA881CDCD80A781F8A880F9F9F9FCFC10000000,85.515,8E8600005CA881CDCD80A781F8A880F9F9F9FCFC10000000,85.515,252,85.515,16,85.549,0,85.549,0002,85.549,12547,85.549,3103,85.549,3103,85.549,3103,85.549,3103,85.549,3103,85.549,3103,85.549,3103,85.549,3103,85.549,3103,85.549,3103,85.549,3103,85.549,3103,85.549,3103
85.683,85.715,14.200000000000001,85.715,8E8600005BA880CCCC5BA781F8A85BF9F8F8FCFC10000000,85.715,8E8600005BA880CCCC5BA781F8A85BF9F8F8FCFC10000000,85.715,8E8600005BA880CCCC5BA781F8A85BF9F8F8FCFC10000000,85.715,8E8600005BA880CCCC5BA781F8A85BF9F8F8FCFC10000000,85.715,8E8600005BA880CCCC5BA781F8A85BF9F8F8FCFC10000000,85.715,8E8600005BA880CCCC5BA781F8A85BF9F8F8FCFC10000000,85.715,8E8600005BA880CCCC5BA781F8A85BF9F8F8FCFC10000000,85.715,8E8600005BA880CCCC5BA781F8A85BF9F8F8FCFC10000000,85.715,8E8600005BA880CCCC5BA781F8A85BF9F8F8FCFC10000000,85.715,8E8600005BA880CCCC5BA781F8A85BF9F8F8FCFC10000000,85.715,8E8600005BA880CCCC5BA781F8A85BF9F8F8FCFC10000000,85.715,8E8600005BA880CCCC5BA781F8A85BF9F8F8FCFC10000000,85.715,8E8600005BA880CCCC5BA781F8A85BF9F8F8FCFC10000000,85.715,8E8600005BA880CCCC5BA781F8A85BF9F8F8FCFC10000000,85.715,252,85.715,16,85.629,0,85.629,0002,85.629,12545,85.629,3101,85.629,3101,85.629,3101,85.629,3101,85.629,3101,85.629,3101,85.629,3101,85.629,3101,85.629,3101,85.629,3101,85.629,3101,85.629,3101,85.629,3101
85.782,85.715,14.200000000000001,85.715,8E8600005BA880CCCC5BA781F8A85BF9F8F8FCFC10000000,85.715,8E8600005BA880CCCC5BA781F8A85BF9F8F8FCFC10000000,85.715,8E8600005BA880CCCC5BA781F8A85BF9F8F8FCFC10000000,85.715,8E8600005BA880CCCC5BA781F8A85BF9F8F8FCFC10000000,85.715,8E8600005BA880CCCC5BA781F8A85BF9F8F8FCFC10000000,85.715,8E8600005BA880CCCC5BA781F8A85BF9F8F8FCFC10000000,85.715,8E8600005BA880CCCC5BA781F8A85BF9F8F8FCFC10000000,85.715,8E8600005BA880CCCC5BA781F8A85BF9F8F8FCFC10000000,85.715,8E8600005BA880CCCC5BA781F8A85BF9F8F8FCFC10000000,85.715,8E8600005BA880CCCC5BA781F8A85BF9F8F8FCFC10000000,85.715,8E8600005BA880CCCC5BA781F8A85BF9F8F8FCFC10000000,85.715,8E8600005BA880CCCC5BA781F8A85BF9F8F8FCFC10000000,85.715,8E8600005BA880CCCC5BA781F8A85BF9F8F8FCFC10000000,85.715,8E8600005BA880CCCC5BA781F8A85BF9F8F8FCFC10000000,85.715,252,85.715,16,85.739,0,85.739,0002,85.791,12545,85.791,3101,85.791,3101,85.791,3101,85.791,3101,85.791,3101,85.791,3101,85.791,3101,85.791,3101,85.791,3101,85.791,3101,85.791,3101,85.791,3101,85.791,3101
85.882,85.835,14.100000000000001,85.835,8D8500005CA881CDCD5BA781F8A85BF9F9F9FCFC10000000,85.835,8D8500005CA881CDCD5BA781F8A85BF9F9F9FCFC10000000,85.835,8D8500005CA881CDCD5BA781F8A85BF9F9F9FCFC10000000,85.835,8D8500005CA881CDCD5BA781F8A85BF9F9F9FCFC10000000,85.835,8D8500005CA881CDCD5BA781F8A85BF9F9F9FCFC10000000,85.835,8D8500005CA881CDCD5BA781F8A85BF9F9F9FCFC10000000,85.835,8D8500005CA881CDCD5BA781F8A85BF9F9F9FCFC10000000,85.835,8D8500005CA881CDCD5BA781F8A85BF9F9F9FCFC10000000,85.835,8D8500005CA881CDCD5BA781F8A85BF9F9F9FCFC10000000,85.835,8D8500005CA881CDCD5BA781F8A85BF9F9F9FCFC10000000,85.835,8D8500005CA881CDCD5BA781F8A85BF9F9F9FCFC10000000,85.835,8D8500005CA881CDCD5BA781F8A85BF9F9F9FCFC10000000,85.835,8D8500005CA881CDCD5BA781F8A85BF9F9F9FCFC10000000,85.835,8D8500005CA881CDCD5BA781F8A85BF9F9F9FCFC10000000,85.835,252,85.835,16,85.851,0,85.851,0002,85.791,12545,85.791,3101,85.791,3101,85.791,3101,85.791,3101,85.791,3101,85.791,3101,85.791,3101,85.791,3101,85.791,3101,85.791,3101,85.791,3101,85.791,3101,85.791,3101
85.982,86.015,14.100000000000001,86.015,8D8500005BA881CCCC5BA781F8A85BF9F9F9FCFC10000000,86.015,8D8500005BA881CCCC5BA781F8A85BF9F9F9FCFC10000000,86.015,8D8500005BA881CCCC5BA781F8A85BF9F9F9FCFC10000000,86.015,8D8500005BA881CCCC5BA781F8A85BF9F9F9FCFC10000000,86.015,8D8500005BA881CCCC5BA781F8A85BF9F9F9FCFC10000000,86.015,8D8500005BA881CCCC5BA781F8A85BF9F9F9FCFC10000000,86.015,8D8500005BA881CCCC5BA781F8A85BF9F9F9FCFC10000000,86.015,8D8500005BA881CCCC5BA781F8A85BF9F9F9FCFC10000000,86.015,8D8500005BA881CCCC5BA781F8A85BF9F9F9FCFC10000000,86.015,8D8500005BA881CCCC5BA781F8A85BF9F9F9FCFC10000000,86.015,8D8500005BA881CCCC5BA781F8A85BF9F9F9FCFC10000000,86.015,8D8500005BA881CCCC5BA781F8A85BF9F9F9FCFC10000000,86.015,8D8500005BA881CCCC5BA781F8A85BF9F9F9FCFC10000000,86.015,8D8500005BA881CCCC5BA781F8A85BF9F9F9FCFC10000000,86.015,252,86.015,16,85.929,0,85.929,0002,85.929,12545,85.929,3101,85.929,3101,85.929,3101,85.929,3101,85.929,3101,85.929,3101,85.929,3101,85.929,3101,85.929,3101,85.929,3101,85.929,3101,85.929,3101,85.929,3101
86.084,86.015,14.100000000000001,86.015,8D8500005BA881CCCC5BA781F8A85BF9F9F9FCFC10000000,86.015,8D8500005BA881CCCC5BA781F8A85BF9F9F9FCFC10000000,86.015,8D8500005BA881CCCC5BA781F8A85BF9F9F9FCFC10000000,86.015,8D8500005BA881CCCC5BA781F8A85BF9F9F9FCFC10000000,86.015,8D8500005BA881CCCC5BA781F8A85BF9F9F9FCFC10000000,86.015,8D8500005BA881CCCC5BA781F8A85BF9F9F9FCFC10000000,86.015,8D8500005BA881CCCC5BA781F8A85BF9F9F9FCFC10000000,86.015,8D8500005BA881CCCC5BA781F8A85BF9F9F9FCFC10000000,86.015,8D8500005BA881CCCC5BA781F8A85BF9F9F9FCFC10000000,86.015,8D8500005BA881CCCC5BA781F8A85BF9F9F9FCFC10000000,86.015,8D8500005BA881CCCC5BA781F8A85BF9F9F9FCFC10000000,86.015,8D8500005BA881CCCC5BA781F8A85BF9F9F9FCFC10000000,86.015,8D8500005BA881CCCC5BA781F8A85BF9F9F9FCFC10000000,86.015,8D8500005BA881CCCC5BA781F8A85BF9F9F9FCFC10000000,86.015,252,86.015,16,86.029,0,86.029,0002,86.029,12545,86.029,3101,86.029,3101,86.029,3101,86.029,3101,86.029,3101,86.029,3101,86.029,3101,86.029,3101,86.029,3101,86.029,3101,86.029,3101,86.029,3101,86.029,3101
86.184,86.115,14.200000000000001,86.115,8E8600005BA881CDCD5BA881F8A85BF9F9F9FCFC10000000,86.115,8E8600005BA881CDCD5BA881F8A85BF9F9F9FCFC10000000,86.115,8E8600005BA881CDCD5BA881F8A85BF9F9F9FCFC10000000,86.115,8E8600005BA881CDCD5BA881F8A85BF9F9F9FCFC10000000,86.115,8E8600005BA881CDCD5BA881F8A85BF9F9F9FCFC10000000,86.115,8E8600005BA881CDCD5BA881F8A85BF9F9F9FCFC10000000,86.115,8E8600005BA881CDCD5BA881F8A85BF9F9F9FCFC10000000,86.115,8E8600005BA881CDCD5BA881F8A85BF9F9F9FCFC10000000,86.115,8E8600005BA881CDCD5BA881F8A85BF9F9F9FCFC10000000,86.115,8E8600005BA881CDCD5BA881F8A85BF9F9F9FCFC10000000,86.115,8E8600005BA881CDCD5BA881F8A85BF9F9F9FCFC10000000,86.115,8E8600005BA881CDCD5BA881F8A85BF9F9F9FCFC10000000,86.115,8E8600005BA881CDCD5BA881F8A85BF9F9F9FCFC10000000,86.115,8E8600005BA881CDCD5BA881F8A85BF9F9F9FCFC10000000,86.115,252,86.115,16,86.137,0,86.137,0002,86.137,12545,86.137,3101,86.137,3101,86.137,3101,86.137,3101,86.137,3101,86.137,3101,86.137,3101,86.137,3101,86.137,3101,86.137,3101,86.137,3101,86.137,3101,86.137,3101
86.282,86.225,14.100000000000001,86.225,8D8500005BA881CDCD5BA881F9A85BF9F9F9FCFD10000000,86.225,8D8500005BA881CDCD5BA881F9A85BF9F9F9FCFD10000000,86.225,8D8500005BA881CDCD5BA881F9A85BF9F9F9FCFD10000000,86.225,8D8500005BA881CDCD5BA881F9A85BF9F9F9FCFD10000000,86.225,8D8500005BA881CDCD5BA881F9A85BF9F9F9FCFD10000000,86.225,8D8500005BA881CDCD5BA881F9A85BF9F9F9FCFD10000000,86.225,8D8500005BA881CDCD5BA881F9A85BF9F9F9FCFD10000000,86.225,8D8500005BA881CDCD5BA881F9A85BF9F9F9FCFD10000000,86.225,8D8500005BA881CDCD5BA881F9A85BF9F9F9FCFD10000000,86.225,8D8500005BA881CDCD5BA881F9A85BF9F9F9FCFD10000000,86.225,8D8500005BA881CDCD5BA881F9A85BF9F9F9FCFD10000000,86.225,8D8500005BA881CDCD5BA881F9A85BF9F9F9FCFD10000000,86.225,8D8500005BA881CDCD5BA881F9A85BF9F9F9FCFD10000000,86.225,8D8500005BA881CDCD5BA881F9A85BF9F9F9FCFD10000000,86.225,253,86.225,16,86.250,0,86.250,0002,86.290,12545,86.290,3101,86.290,3101,86.290,3101,86.290,3101,86.290,3101,86.290,3101,86.290,3101,86.290,3101,86.290,3101,86.290,3101,86.290,3101,86.290,3101,86.290,3101
86.382,86.415,14.100000000000001,86.415,8D8500005BA881CDCD5BA781F9A85BF9F9F9FCFC10000000,86.415,8D8500005BA881CDCD5BA781F9A85BF9F9F9FCFC10000000,86.415,8D8500005BA881CDCD5BA781F9A85BF9F9F9FCFC10000000,86.415,8D8500005BA881CDCD5BA781F9A85BF9F9F9FCFC10000000,86.415,8D8500005BA881CDCD5BA781F9A85BF9F9F9FCFC10000000,86.415,8D8500005BA881CDCD5BA781F9A85BF9F9F9FCFC10000000,86.415,8D8500005BA881CDCD5BA781F9A85BF9F9F9FCFC10000000,86.415,8D8500005BA881CDCD5BA781F9A85BF9F9F9FCFC10000000,86.415,8D8500005BA881CDCD5BA781F9A85BF9F9F9FCFC10000000,86.415,8D8500005BA881CDCD5BA781F9A85BF9F9F9FCFC10000000,86.415,8D8500005BA881CDCD5BA781F9A85BF9F9F9FCFC10000000,86.415,8D8500005BA881CDCD5BA781F9A85BF9F9F9FCFC10000000,86.415,8D8500005BA881CDCD5BA781F9A85BF9F9F9FCFC10000000,86.415,8D8500005BA881CDCD5BA781F9A85BF9F9F9FCFC10000000,86.415,252,86.415,16,86.350,0,86.350,0002,86.290,12545,86.290,3101,86.290,3101,86.290,3101,86.290,3101,86.290,3101,86.290,3101,86.290,3101,86.290,3101,86.290,3101,86.290,3101,86.290,3101,86.290,3101,86.290,3101
86.481,86.415,14.100000000000001,86.415,8D8500005BA881CDCD5BA781F9A85BF9F9F9FCFC10000000,86.415,8D8500005BA881CDCD5BA781F9A85BF9F9F9FCFC10000000,86.415,8D8500005BA881CDCD5BA781F9A85BF9F9F9FCFC10000000,86.415,8D8500005BA881CDCD5BA781F9A85BF9F9F9FCFC10000000,86.415,8D8500005BA881CDCD5BA781F9A85BF9F9F9FCFC10000000,86.415,8D8500005BA881CDCD5BA781F9A85BF9F9F9FCFC10000000,86.415,8D8500005BA881CDCD5BA781F9A85BF9F9F9FCFC10000000,86.415,8D8500005BA881CDCD5BA781F9A85BF9F9F9FCFC10000000,86.415,8D8500005BA881CDCD5BA781F9A85BF9F9F9FCFC10000000,86.415,8D8500005BA881CDCD5BA781F9A85BF9F9F9FCFC10000000,86.415,8D8500005BA881CDCD5BA781F9A85BF9F9F9FCFC10000000,86.415,8D8500005BA881CDCD5BA781F9A85BF9F9F9FCFC10000000,86.415,8D8500005BA881CDCD5BA781F9A85BF9F9F9FCFC10000000,86.415,8D8500005BA881CDCD5BA781F9A85BF9F9F9FCFC10000000,86.415,252,86.415,16,86.429,0,86.429,0002,86.429,12545,86.429,3101,86.429,3101,86.429,3101,86.429,3101,86.429,3101,86.429,3101,86.429,3101,86.429,3101,86.429,3101,86.429,3101,86.429,3101,86.429,3101,86.429,3101
86.583,86.515,14.100000000000001,86.515,8D8500005CA880CDCD5BA781F8A85BF9F9F9FCFC10000000,86.515,8D8500005CA880CDCD5BA781F8A85BF9F9F9FCFC10000000,86.515,8D8500005CA880CDCD5BA781F8A85BF9F9F9FCFC10000000,86.515,8D8500005CA880CDCD5BA781F8A85BF9F9F9FCFC10000000,86.515,8D8500005CA880CDCD5BA781F8A85BF9F9F9FCFC10000000,86.515,8D8500005CA880CDCD5BA781F8A85BF9F9F9FCFC10000000,86.515,8D8500005CA880CDCD5BA781F8A85BF9F9F9FCFC10000000,86.515,8D8500005CA880CDCD5BA781F8A85BF9F9F9FCFC10000000,86.515,8D8500005CA880CDCD5BA781F8A85BF9F9F9FCFC10000000,86.515,8D8500005CA880CDCD5BA781F8A85BF9F9F9FCFC10000000,86.515,8D8500005CA880CDCD5BA781F8A85BF9F9F9FCFC10000000,86.515,8D8500005CA880CDCD5BA781F8A85BF9F9F9FCFC10000000,86.515,8D8500005CA880CDCD5BA781F8A85BF9F9F9FCFC10000000,86.515,8D8500005CA880CDCD5BA781F8A85BF9F9F9FCFC10000000,86.515,252,86.515,16,86.529,0,86.529,0002,86.529,12545,86.529,3101,86.529,3101,86.529,3101,86.529,3101,86.529,3101,86.529,3101,86.529,3101,86.529,3101,86.529,3101,86.529,3101,86.529,3101,86.529,3101,86.529,3101
86.681,86.715,14.100000000000001,86.715,8D8500005BA881CDCD5BA781F8A85BF9F9F9FCFC10000000,86.715,8D8500005BA881CDCD5BA781F8A85BF9F9F9FCFC10000000,86.715,8D8500005BA881CDCD5BA781F8A85BF9F9F9FCFC10000000,86.715,8D8500005BA881CDCD5BA781F8A85BF9F9F9FCFC10000000,86.715,8D8500005BA881CDCD5BA781F8A85BF9F9F9FCFC10000000,86.715,8D8500005BA881CDCD5BA781F8A85BF9F9F9FCFC10000000,86.715,8D8500005BA881CDCD5BA781F8A85BF9F9F9FCFC10000000,86.715,8D8500005BA881CDCD5BA781F8A85BF9F9F9FCFC10000000,86.715,8D8500005BA881CDCD5BA781F8A85BF9F9F9FCFC10000000,86.715,8D8500005BA881CDCD5BA781F8A85BF9F9F9FCFC10000000,86.715,8D8500005BA881CDCD5BA781F8A85BF9F9F9FCFC10000000,86.715,8D8500005BA881CDCD5BA781F8A85BF9F9F9FCFC10000000,86.715,8D8500005BA881CDCD5BA781F8A85BF9F9F9FCFC10000000,86.715,8D8500005BA881CDCD5BA781F8A85BF9F9F9FCFC10000000,86.715,252,86.715,16,86.647,0,86.647,0002,86.647,12545,86.647,3101,86.647,3101,86.647,3101,86.647,3101,86.647,3101,86.647,3101,86.647,3101,86.647,3101,86.647,3101,86.647,3101,86.647,3101,86.647,3101,86.647,3101
86.781,86.715,14.100000000000001,86.715,8D8500005BA881CDCD5BA781F8A85BF9F9F9FCFC10000000,86.715,8D8500005BA881CDCD5BA781F8A85BF9F9F9FCFC10000000,86.715,8D8500005BA881CDCD5BA781F8A85BF9F9F9FCFC10000000,86.715,8D8500005BA881CDCD5BA781F8A85BF9F9F9FCFC10000000,86.715,8D8500005BA881CDCD5BA781F8A85BF9F9F9FCFC10000000,86.715,8D8500005BA881CDCD5BA781F8A85BF9F9F9FCFC10000000,86.715,8D8500005BA881CDCD5BA781F8A85BF9F9F9FCFC10000000,86.715,8D8500005BA881CDCD5BA781F8A85BF9F9F9FCFC10000000,86.715,8D8500005BA881CDCD5BA781F8A85BF9F9F9FCFC10000000,86.715,8D8500005BA881CDCD5BA781F8A85BF9F9F9FCFC10000000,86.715,8D8500005BA881CDCD5BA781F8A85BF9F9F9FCFC10000000,86.715,8D8500005BA881CDCD5BA781F8A85BF9F9F9FCFC10000000,86.715,8D8500005BA881CDCD5BA781F8A85BF9F9F9FCFC10000000,86.715,8D8500005BA881CDCD5BA781F8A85BF9F9F9FCFC10000000,86.715,252,86.715,16,86.740,0,86.740,0002,86.790,12545,86.790,3101,86.790,3101,86.790,3101,86.790,3101,86.790,3101,86.790,3101,86.790,3101,86.790,3101,86.790,3101,86.790,3101,86.790,3101,86.790,3101,86.790,3101
86.882,86.915,14.100000000000001,86.915,8D8500005CA881CDCD5BA881F9A85BF9F9F9FCFC10000000,86.915,8D8500005CA881CDCD5BA881F9A85BF9F9F9FCFC10000000,86.915,8D8500005CA881CDCD5BA881F9A85BF9F9F9FCFC10000000,86.915,8D8500005CA881CDCD5BA881F9A85BF9F9F9FCFC10000000,86.915,8D8500005CA881CDCD5BA881F9A85BF9F9F9FCFC10000000,86.915,8D8500005CA881CDCD5BA881F9A85BF9F9F9FCFC10000000,86.915,8D8500005CA881CDCD5BA881F9A85BF9F9F9FCFC10000000,86.915,8D8500005CA881CDCD5BA881F9A85BF9F9F9FCFC10000000,86.915,8D8500005CA881CDCD5BA881F9A85BF9F9F9FCFC10000000,86.915,8D8500005CA881CDCD5BA881F9A85BF9F9F9FCFC10000000,86.915,8D8500005CA881CDCD5BA881F9A85BF9F9F9FCFC10000000,86.915,8D8500005CA881CDCD5BA881F9A85BF9F9F9FCFC10000000,86.915,8D8500005CA881CDCD5BA881F9A85BF9F9F9FCFC10000000,86.915,8D8500005CA881CDCD5BA881F9A85BF9F9F9FCFC10000000,86.915,252,86.915,16,86.850,0,86.850,0002,86.790,12545,86.790,3101,86.790,3101,86.790,3101,86.790,3101,86.790,3101,86.790,3101,86.790,3101,86.790,3101,86.790,3101,86.790,3101,86.790,3101,86.790,3101,86.790,3101
86.982,87.015,14.100000000000001,87.015,8D8500005CA881CDCD5BA881F8A85BFAF9F9FDFD10000000,87.015,8D8500005CA881CDCD5BA881F8A85BFAF9F9FDFD10000000,87.015,8D8500005CA881CDCD5BA881F8A85BFAF9F9FDFD10000000,87.015,8D8500005CA881CDCD5BA881F8A85BFAF9F9FDFD10000000,87.015,8D8500005CA881CDCD5BA881F8A85BFAF9F9FDFD10000000,87.015,8D8500005CA881CDCD5BA881F8A85BFAF9F9FDFD10000000,87.015,8D8500005CA881CDCD5BA881F8A85BFAF9F9FDFD10000000,87.015,8D8500005CA881CDCD5BA881F8A85BFAF9F9FDFD10000000,87.015,8D8500005CA881CDCD5BA881F8A85BFAF9F9FDFD10000000,87.015,8D8500005CA881CDCD5BA881F8A85BFAF9F9FDFD10000000,87.015,8D8500005CA881CDCD5BA881F8A85BFAF9F9FDFD10000000,87.015,8D8500005CA881CDCD5BA881F8A85BFAF9F9FDFD10000000,87.015,8D8500005CA881CDCD5BA881F8A85BFAF9F9FDFD10000000,87.015,8D8500005CA881CDCD5BA881F8A85BFAF9F9FDFD10000000,87.015,253,87.015,16,86.929,0,86.929,0002,86.929,12545,86.929,3101,86.929,3101,86.929,3101,86.929,3101,86.929,3101,86.929,3101,86.929,3101,86.929,3101,86.929,3101,86.929,3101,86.929,3101,86.929,3101,86.929,3101
87.084,87.015,14.100000000000001,87.015,8D8500005CA881CDCD5BA881F8A85BFAF9F9FDFD10000000,87.015,8D8500005CA881CDCD5BA881F8A85BFAF9F9FDFD10000000,87.015,8D8500005CA881CDCD5BA881F8A85BFAF9F9FDFD10000000,87.015,8D8500005CA881CDCD5BA881F8A85BFAF9F9FDFD10000000,87.015,8D8500005CA881CDCD5BA881F8A85BFAF9F9FDFD10000000,87.015,8D8500005CA881CDCD5BA881F8A85BFAF9F9FDFD10000000,87.015,8D8500005CA881CDCD5BA881F8A85BFAF9F9FDFD10000000,87.015,8D8500005CA881CDCD5BA881F8A85BFAF9F9FDFD10000000,87.015,8D8500005CA881CDCD5BA881F8A85BFAF9F9FDFD10000000,87.015,8D8500005CA881CDCD5BA881F8A85BFAF9F9FDFD10000000,87.015,8D8500005CA881CDCD5BA881F8A85BFAF9F9FDFD10000000,87.015,8D8500005CA881CDCD5BA881F8A85BFAF9F9FDFD10000000,87.015,8D8500005CA881CDCD5BA881F8A85BFAF9F9FDFD10000000,87.015,8D8500005CA881CDCD5BA881F8A85BFAF9F9FDFD10000000,87.015,253,87.015,16,87.042,0,87.042,0002,87.042,12545,87.042,3101,87.042,3101,87.042,3101,87.042,3101,87.042,3101,87.042,3101,87.042,3101,87.042,3101,87.042,3101,87.042,3101,87.042,3101,87.042,3101,87.042,3101
87.182,87.215,14.100000000000001,87.215,8D8500005CA881CDCD5BA881F9A85BF9F9F9FCFC10000000,87.215,8D8500005CA881CDCD5BA881F9A85BF9F9F9FCFC10000000,87.215,8D8500005CA881CDCD5BA881F9A85BF9F9F9FCFC10000000,87.215,8D8500005CA881CDCD5BA881F9A85BF9F9F9FCFC10000000,87.215,8D8500005CA881CDCD5BA881F9A85BF9F9F9FCFC10000000,87.215,8D8500005CA881CDCD5BA881F9A85BF9F9F9FCFC10000000,87.215,8D8500005CA881CDCD5BA881F9A85BF9F9F9FCFC10000000,87.215,8D8500005CA881CDCD5BA881F9A85BF9F9F9FCFC10000000,87.215,8D8500005CA881CDCD5BA881F9A85BF9F9F9FCFC10000000,87.215,8D8500005CA881CDCD5BA881F9A85BF9F9F9FCFC10000000,87.215,8D8500005CA881CDCD5BA881F9A85BF9F9F9FCFC10000000,87.215,8D8500005CA881CDCD5BA881F9A85BF9F9F9FCFC10000000,87.215,8D8500005CA881CDCD5BA881F9A85BF9F9F9FCFC10000000,87.215,8D8500005CA881CDCD5BA881F9A85BF9F9F9FCFC10000000,87.215,252,87.215,16,87.137,0,87.137,0002,87.137,12545,87.137,3101,87.137,3101,87.137,3101,87.137,3101,87.137,3101,87.137,3101,87.137,3101,87.137,3101,87.137,3101,87.137,3101,87.137,3101,87.137,3101,87.137,3101
87.282,87.215,14.100000000000001,87.215,8D8500005CA881CDCD5BA881F9A85BF9F9F9FCFC10000000,87.215,8D8500005CA881CDCD5BA881F9A85BF9F9F9FCFC10000000,87.215,8D8500005CA881CDCD5BA881F9A85BF9F9F9FCFC10000000,87.215,8D8500005CA881CDCD5BA881F9A85BF9F9F9FCFC10000000,87.215,8D8500005CA881CDCD5BA881F9A85BF9F9F9FCFC10000000,87.215,8D8500005CA881CDCD5BA881F9A85BF9F9F9FCFC10000000,87.215,8D8500005CA881CDCD5BA881F9A85BF9F9F9FCFC10000000,87.215,8D8500005CA881CDCD5BA881F9A85BF9F9F9FCFC10000000,87.215,8D8500005CA881CDCD5BA881F9A85BF9F9F9FCFC10000000,87.215,8D8500005CA881CDCD5BA881F9A85BF9F9F9FCFC10000000,87.215,8D8500005CA881CDCD5BA881F9A85BF9F9F9FCFC10000000,87.215,8D8500005CA881CDCD5BA881F9A85BF9F9F9FCFC10000000,87.215,8D8500005CA881CDCD5BA881F9A85BF9F9F9FCFC10000000,87.215,8D8500005CA881CDCD5BA881F9A85BF9F9F9FCFC10000000,87.215,252,87.215,16,87.239,0,87.239,0002,87.291,12545,87.291,3101,87.291,3101,87.291,3101,87.291,3101,87.291,3101,87.291,3101,87.291,3101,87.291,3101,87.291,3101,87.291,3101,87.291,3101,87.291,3101,87.291,3101
87.383,87.345,14.100000000000001,87.345,8D8500005CA881CDCD5BA781F8A85BF9F9F9FCFC10000000,87.345,8D8500005CA881CDCD5BA781F8A85BF9F9F9FCFC10000000,87.345,8D8500005CA881CDCD5BA781F8A85BF9F9F9FCFC10000000,87.345,8D8500005CA881CDCD5BA781F8A85BF9F9F9FCFC10000000,87.345,8D8500005CA881CDCD5BA781F8A85BF9F9F9FCFC10000000,87.345,8D8500005CA881CDCD5BA781F8A85BF9F9F9FCFC10000000,87.345,8D8500005CA881CDCD5BA781F8A85BF9F9F9FCFC10000000,87.345,8D8500005CA881CDCD5BA781F8A85BF9F9F9FCFC10000000,87.345,8D8500005CA881CDCD5BA781F8A85BF9F9F9FCFC10000000,87.345,8D8500005CA881CDCD5BA781F8A85BF9F9F9FCFC10000000,87.345,8D8500005CA881CDCD5BA781F8A85BF9F9F9FCFC10000000,87.345,8D8500005CA881CDCD5BA781F8A85BF9F9F9FCFC10000000,87.345,8D8500005CA881CDCD5BA781F8A85BF9F9F9FCFC10000000,87.345,8D8500005CA881CDCD5BA781F8A85BF9F9F9FCFC10000000,87.345,252,87.345,16,87.358,0,87.358,0002,87.291,12545,87.291,3101,87.291,3101,87.291,3101,87.291,3101,87.291,3101,87.291,3101,87.291,3101,87.291,3101,87.291,3101,87.291,3101,87.291,3101,87.291,3101,87.291,3101
87.482,87.515,14.100000000000001,87.515,8D8500005BA881CDCD5BA781F8A85BF9F9F9FCFC10000000,87.515,8D8500005BA881CDCD5BA781F8A85BF9F9F9FCFC10000000,87.515,8D8500005BA881CDCD5BA781F8A85BF9F9F9FCFC10000000,87.515,8D8500005BA881CDCD5BA781F8A85BF9F9F9FCFC10000000,87.515,8D8500005BA881CDCD5BA781F8A85BF9F9F9FCFC10000000,87.515,8D8500005BA881CDCD5BA781F8A85BF9F9F9FCFC10000000,87.515,8D8500005BA881CDCD5BA781F8A85BF9F9F9FCFC10000000,87.515,8D8500005BA881CDCD5BA781F8A85BF9F9F9FCFC10000000,87.515,8D8500005BA881CDCD5BA781F8A85BF9F9F9FCFC10000000,87.515,8D8500005BA881CDCD5BA781F8A85BF9F9F9FCFC10000000,87.515,8D8500005BA881CDCD5BA781F8A85BF9F9F9FCFC10000000,87.515,8D8500005BA881CDCD5BA781F8A85BF9F9F9FCFC10000000,87.515,8D8500005BA881CDCD5BA781F8A85BF9F9F9FCFC10000000,87.515,8D8500005BA881CDCD5BA781F8A85BF9F9F9FCFC10000000,87.515,252,87.515,16,87.429,0,87.429,0002,87.429,12545,87.429,3101,87.429,3101,87.429,3101,87.429,3101,87.429,3101,87.429,3101,87.429,3101,87.429,3101,87.429,3101,87.429,3101,87.429,3101,87.429,3101,87.429,3101
87.584,87.515,14.100000000000001,87.515,8D8500005BA881CDCD5BA781F8A85BF9F9F9FCFC10000000,87.515,8D8500005BA881CDCD5BA781F8A85BF9F9F9FCFC10000000,87.515,8D8500005BA881CDCD5BA781F8A85BF9F9F9FCFC10000000,87.515,8D8500005BA881CDCD5BA781F8A85BF9F9F9FCFC10000000,87.515,8D8500005BA881CDCD5BA781F8A85BF9F9F9FCFC10000000,87.515,8D8500005BA881CDCD5BA781F8A85BF9F9F9FCFC10000000,87.515,8D8500005BA881CDCD5BA781F8A85BF9F9F9FCFC10000000,87.515,8D8500005BA881CDCD5BA781F8A85BF9F9F9FCFC10000000,87.515,8D8500005BA881CDCD5BA781F8A85BF9F9F9FCFC10000000,87.515,8D8500005BA881CDCD5BA781F8A85BF9F9F9FCFC10000000,87.515,8D8500005BA881CDCD5BA781F8A85BF9F9F9FCFC10000000,87.515,8D8500005BA881CDCD5BA781F8A85BF9F9F9FCFC10000000,87.515,8D8500005BA881CDCD5BA781F8A85BF9F9F9FCFC10000000,87.515,8D8500005BA881CDCD5BA781F8A85BF9F9F9FCFC10000000,87.515,252,87.515,16,87.529,0,87.529,0002,87.529,12545,87.529,3101,87.529,3101,87.529,3101,87.529,3101,87.529,3101,87.529,3101,87.529,3101,87.529,3101,87.529,3101,87.529,3101,87.529,3101,87.529,3101,87.529,3101
87.681,87.615,14.100000000000001,87.615,8D8500005CA881CDCD5BA781F8A85BF9F9F9FCFC10000000,87.615,8D8500005CA881CDCD5BA781F8A85BF9F9F9FCFC10000000,87.615,8D8500005CA881CDCD5BA781F8A85BF9F9F9FCFC10000000,87.615,8D8500005CA881CDCD5BA781F8A85BF9F9F9FCFC10000000,87.615,8D8500005CA881CDCD5BA781F8A85BF9F9F9FCFC10000000,87.615,8D8500005CA881CDCD5BA781F8A85BF9F9F9FCFC10000000,87.615,8D8500005CA881CDCD5BA781F8A85BF9F9F9FCFC10000000,87.615,8D8500005CA881CDCD5BA781F8A85BF9F9F9FCFC10000000,87.615,8D8500005CA881CDCD5BA781F8A85BF9F9F9FCFC10000000,87.615,8D8500005CA881CDCD5BA781F8A85BF9F9F9FCFC10000000,87.615,8D8500005CA881CDCD5BA781F8A85BF9F9F9FCFC10000000,87.615,8D8500005CA881CDCD5BA781F8A85BF9F9F9FCFC10000000,87.615,8D8500005CA881CDCD5BA781F8A85BF9F9F9FCFC10000000,87.615,8D8500005CA881CDCD5BA781F8A85BF9F9F9FCFC10000000,87.615,252,87.615,16,87.638,0,87.638,0002,87.638,12545,87.638,3101,87.638,3101,87.638,3101,87.638,3101,87.638,3101,87.638,3101,87.638,3101,87.638,3101,87.638,3101,87.638,3101,87.638,3101,87.638,3101,87.638,3101
87.780,87.725,14.100000000000001,87.725,8D8500005CA881CDCD5BA881F8A85BF9F9F9FCFC10000000,87.725,8D8500005CA881CDCD5BA881F8A85BF9F9F9FCFC10000000,87.725,8D8500005CA881CDCD5BA881F8A85BF9F9F9FCFC10000000,87.725,8D8500005CA881CDCD5BA881F8A85BF9F9F9FCFC10000000,87.725,8D8500005CA881CDCD5BA881F8A85BF9F9F9FCFC10000000,87.725,8D8500005CA881CDCD5BA881F8A85BF9F9F9FCFC10000000,87.725,8D8500005CA881CDCD5BA881F8A85BF9F9F9FCFC10000000,87.725,8D8500005CA881CDCD5BA881F8A85BF9F9F9FCFC10000000,87.725,8D8500005CA881CDCD5BA881F8A85BF9F9F9FCFC10000000,87.725,8D8500005CA881CDCD5BA881F8A85BF9F9F9FCFC10000000,87.725,8D8500005CA881CDCD5BA881F8A85BF9F9F9FCFC10000000,87.725,8D8500005CA881CDCD5BA881F8A85BF9F9F9FCFC10000000,87.725,8D8500005CA881CDCD5BA881F8A85BF9F9F9FCFC10000000,87.725,8D8500005CA881CDCD5BA881F8A85BF9F9F9FCFC10000000,87.725,252,87.725,16,87.750,0,87.750,0002,87.791,12545,87.791,3101,87.791,3101,87.791,3101,87.791,3101,87.791,3101,87.791,3101,87.791,3101,87.791,3101,87.791,3101,87.791,3101,87.791,3101,87.791,3101,87.791,3101
87.880,87.845,14.100000000000001,87.845,8D8500005CA880CDCD5BA781F8A85BF9F9F9FCFC10000000,87.845,8D8500005CA880CDCD5BA781F8A85BF9F9F9FCFC10000000,87.845,8D8500005CA880CDCD5BA781F8A85BF9F9F9FCFC10000000,87.845,8D8500005CA880CDCD5BA781F8A85BF9F9F9FCFC10000000,87.845,8D8500005CA880CDCD5BA781F8A85BF9F9F9FCFC10000000,87.845,8D8500005CA880CDCD5BA781F8A85BF9F9F9FCFC10000000,87.845,8D8500005CA880CDCD5BA781F8A85BF9F9F9FCFC10000000,87.845,8D8500005CA880CDCD5BA781F8A85BF9F9F9FCFC10000000,87.845,8D8500005CA880CDCD5BA781F8A85BF9F9F9FCFC10000000,87.845,8D8500005CA880CDCD5BA781F8A85BF9F9F9FCFC10000000,87.845,8D8500005CA880CDCD5BA781F8A85BF9F9F9FCFC10000000,87.845,8D8500005CA880CDCD5BA781F8A85BF9F9F9FCFC10000000,87.845,8D8500005CA880CDCD5BA781F8A85BF9F9F9FCFC10000000,87.845,8D8500005CA880CDCD5BA781F8A85BF9F9F9FCFC10000000,87.845,252,87.845,16,87.858,0,87.858,0002,87.791,12545,87.791,3101,87.791,3101,87.791,3101,87.791,3101,87.791,3101,87.791,3101,87.791,3101,87.791,3101,87.791,3101,87.791,3101,87.791,3101,87.791,3101,87.791,3101
87.983,87.935,14.100000000000001,87.935,8D8500005CA881CDCD5BA881F8A85BF9F9F9FCFD10000000,87.935,8D8500005CA881CDCD5BA881F8A85BF9F9F9FCFD10000000,87.935,8D8500005CA881CDCD5BA881F8A85BF9F9F9FCFD10000000,87.935,8D8500005CA881CDCD5BA881F8A85BF9F9F9FCFD10000000,87.935,8D8500005CA881CDCD5BA881F8A85BF9F9F9FCFD10000000,87.935,8D8500005CA881CDCD5BA881F8A85BF9F9F9FCFD10000000,87.935,8D8500005CA881CDCD5BA881F8A85BF9F9F9FCFD10000000,87.935,8D8500005CA881CDCD5BA881F8A85BF9F9F9FCFD10000000,87.935,8D8500005CA881CDCD5BA881F8A85BF9F9F9FCFD10000000,87.935,8D8500005CA881CDCD5BA881F8A85BF9F9F9FCFD10000000,87.935,8D8500005CA881CDCD5BA881F8A85BF9F9F9FCFD10000000,87.935,8D8500005CA881CDCD5BA881F8A85BF9F9F9FCFD10000000,87.935,8D8500005CA881CDCD5BA881F8A85BF9F9F9FCFD10000000,87.935,8D8500005CA881CDCD5BA881F8A85BF9F9F9FCFD10000000,87.935,253,87.935,16,87.949,0,87.949,0002,87.949,12545,87.949,3101,87.949,3101,87.949,3101,87.949,3101,87.949,3101,87.949,3101,87.949,3101,87.949,3101,87.949,3101,87.949,3101,87.949,3101,87.949,3101,87.949,3101
88.083,88.115,14.100000000000001,88.115,8D8500005BA881CCCC5BA781F8A85BF9F9F9FCFC10000000,88.115,8D8500005BA881CCCC5BA781F8A85BF9F9F9FCFC10000000,88.115,8D8500005BA881CCCC5BA781F8A85BF9F9F9FCFC10000000,88.115,8D8500005BA881CCCC5BA781F8A85BF9F9F9FCFC10000000,88.115,8D8500005BA881CCCC5BA781F8A85BF9F9F9FCFC10000000,88.115,8D8500005BA881CCCC5BA781F8A85BF9F9F9FCFC10000000,88.115,8D8500005BA881CCCC5BA781F8A85BF9F9F9FCFC10000000,88.115,8D8500005BA881CCCC5BA781F8A85BF9F9F9FCFC10000000,88.115,8D8500005BA881CCCC5BA781F8A85BF9F9F9FCFC10000000,88.115,8D8500005BA881CCCC5BA781F8A85BF9F9F9FCFC10000000,88.115,8D8500005BA881CCCC5BA781F8A85BF9F9F9FCFC10000000,88.115,8D8500005BA881CCCC5BA781F8A85BF9F9F9FCFC10000000,88.115,8D8500005BA881CCCC5BA781F8A85BF9F9F9FCFC10000000,88.115,8D8500005BA881CCCC5BA781F8A85BF9F9F9FCFC10000000,88.115,252,88.115,16,88.029,0,88.029,0002,88.029,12545,88.029,3101,88.029,3101,88.029,3101,88.029,3101,88.029,3101,88.029,3101,88.029,3101,88.029,3101,88.029,3101,88.029,3101,88.029,3101,88.029,3101,88.029,3101
88.181,88.215,14.100000000000001,88.215,8D8500005BA881CCCC5BA781F8A85BF8F8F8FCFC10000000,88.215,8D8500005BA881CCCC5BA781F8A85BF8F8F8FCFC10000000,88.215,8D8500005BA881CCCC5BA781F8A85BF8F8F8FCFC10000000,88.215,8D8500005BA881CCCC5BA781F8A85BF8F8F8FCFC10000000,88.215,8D8500005BA881CCCC5BA781F8A85BF8F8F8FCFC10000000,88.215,8D8500005BA881CCCC5BA781F8A85BF8F8F8FCFC10000000,88.215,8D8500005BA881CCCC5BA781F8A85BF8F8F8FCFC10000000,88.215,8D8500005BA881CCCC5BA781F8A85BF8F8F8FCFC10000000,88.215,8D8500005BA881CCCC5BA781F8A85BF8F8F8FCFC10000000,88.215,8D8500005BA881CCCC5BA781F8A85BF8F8F8FCFC10000000,88.215,8D8500005BA881CCCC5BA781F8A85BF8F8F8FCFC10000000,88.215,8D8500005BA881CCCC5BA781F8A85BF8F8F8FCFC10000000,88.215,8D8500005BA881CCCC5BA781F8A85BF8F8F8FCFC10000000,88.215,8D8500005BA881CCCC5BA781F8A85BF8F8F8FCFC10000000,88.215,252,88.215,16,88.129,0,88.129,0002,88.129,12545,88.129,3101,88.129,3101,88.129,3101,88.129,3101,88.129,3101,88.129,3101,88.129,3101,88.129,3101,88.129,3101,88.129,3101,88.129,3101,88.129,3101,88.129,3101
88.281,88.215,14.100000000000001,88.215,8D8500005BA881CCCC5BA781F8A85BF8F8F8FCFC10000000,88.215,8D8500005BA881CCCC5BA781F8A85BF8F8F8FCFC10000000,88.215,8D8500005BA881CCCC5BA781F8A85BF8F8F8FCFC10000000,88.215,8D8500005BA881CCCC5BA781F8A85BF8F8F8FCFC10000000,88.215,8D8500005BA881CCCC5BA781F8A85BF8F8F8FCFC10000000,88.215,8D8500005BA881CCCC5BA781F8A85BF8F8F8FCFC10000000,88.215,8D8500005BA881CCCC5BA781F8A85BF8F8F8FCFC10000000,88.215,8D8500005BA881CCCC5BA781F8A85BF8F8F8FCFC10000000,88.215,8D8500005BA881CCCC5BA781F8A85BF8F8F8FCFC10000000,88.215,8D8500005BA881CCCC5BA781F8A85BF8F8F8FCFC10000000,88.215,8D8500005BA881CCCC5BA781F8A85BF8F8F8FCFC10000000,88.215,8D8500005BA881CCCC5BA781F8A85BF8F8F8FCFC10000000,88.215,8D8500005BA881CCCC5BA781F8A85BF8F8F8FCFC10000000,88.215,8D8500005BA881CCCC5BA781F8A85BF8F8F8FCFC10000000,88.215,252,88.215,16,88.239,0,88.239,0002,88.290,12545,88.290,3101,88.290,3101,88.290,3101,88.290,3101,88.290,3101,88.290,3101,88.290,3101,88.290,3101,88.290,3101,88.290,3101,88.290,3101,88.290,3101,88.290,3101
88.383,88.335,14.200000000000001,88.335,8E8600005CA881CDCD5BA781F8A85BF9F9F9FCFC10000000,88.335,8E8600005CA881CDCD5BA781F8A85BF9F9F9FCFC10000000,88.335,8E8600005CA881CDCD5BA781F8A85BF9F9F9FCFC10000000,88.335,8E8600005CA881CDCD5BA781F8A85BF9F9F9FCFC10000000,88.335,8E8600005CA881CDCD5BA781F8A85BF9F9F9FCFC10000000,88.335,8E8600005CA881CDCD5BA781F8A85BF9F9F9FCFC10000000,88.335,8E8600005CA881CDCD5BA781F8A85BF9F9F9FCFC10000000,88.335,8E8600005CA881CDCD5BA781F8A85BF9F9F9FCFC10000000,88.335,8E8600005CA881CDCD5BA781F8A85BF9F9F9FCFC10000000,88.335,8E8600005CA881CDCD5BA781F8A85BF9F9F9FCFC10000000,88.335,8E8600005CA881CDCD5BA781F8A85BF9F9F9FCFC10000000,88.335,8E8600005CA881CDCD5BA781F8A85BF9F9F9FCFC10000000,88.335,8E8600005CA881CDCD5BA781F8A85BF9F9F9FCFC10000000,88.335,8E8600005CA881CDCD5BA781F8A85BF9F9F9FCFC10000000,88.335,252,88.335,16,88.349,0,88.349,0002,88.429,12545,88.429,3101,88.429,3101,88.429,3101,88.429,3101,88.429,3101,88.429,3101,88.429,3101,88.429,3101,88.429,3101,88.429,3101,88.429,3101,88.429,3101,88.429,3101
88.484,88.415,14.100000000000001,88.415,8D8500005BA881CCCC5BA781F8A85BF9F8F8FCFC10000000,88.415,8D8500005BA881CCCC5BA781F8A85BF9F8F8FCFC10000000,88.415,8D8500005BA881CCCC5BA781F8A85BF9F8F8FCFC10000000,88.415,8D8500005BA881CCCC5BA781F8A85BF9F8F8FCFC10000000,88.415,8D8500005BA881CCCC5BA781F8A85BF9F8F8FCFC10000000,88.415,8D8500005BA881CCCC5BA781F8A85BF9F8F8FCFC10000000,88.415,8D8500005BA881CCCC5BA781F8A85BF9F8F8FCFC10000000,88.415,8D8500005BA881CCCC5BA781F8A85BF9F8F8FCFC10000000,88.415,8D8500005BA881CCCC5BA781F8A85BF9F8F8FCFC10000000,88.415,8D8500005BA881CCCC5BA781F8A85BF9F8F8FCFC10000000,88.415,8D8500005BA881CCCC5BA781F8A85BF9F8F8FCFC10000000,88.415,8D8500005BA881CCCC5BA781F8A85BF9F8F8FCFC10000000,88.415,8D8500005BA881CCCC5BA781F8A85BF9F8F8FCFC10000000,88.415,8D8500005BA881CCCC5BA781F8A85BF9F8F8FCFC10000000,88.415,252,88.415,16,88.429,0,88.429,0002,88.429,12545,88.429,3101,88.429,3101,88.429,3101,88.429,3101,88.429,3101,88.429,3101,88.429,3101,88.429,3101,88.429,3101,88.429,3101,88.429,3101,88.429,3101,88.429,3101
88.584,88.515,14.100000000000001,88.515,8D8500005CA881CDCDA7A781F9A8A7F9F9F9FF0110000000,88.515,8D8500005CA881CDCDA7A781F9A8A7F9F9F9FF0110000000,88.515,8D8500005CA881CDCDA7A781F9A8A7F9F9F9FF0110000000,88.515,8D8500005CA881CDCDA7A781F9A8A7F9F9F9FF0110000000,88.515,8D8500005CA881CDCDA7A781F9A8A7F9F9F9FF0110000000,88.515,8D8500005CA881CDCDA7A781F9A8A7F9F9F9FF0110000000,88.515,8D8500005CA881CDCDA7A781F9A8A7F9F9F9FF0110000000,88.515,8D8500005CA881CDCDA7A781F9A8A7F9F9F9FF0110000000,88.515,8D8500005CA881CDCDA7A781F9A8A7F9F9F9FF0110000000,88.515,8D8500005CA881CDCDA7A781F9A8A7F9F9F9FF0110000000,88.515,8D8500005CA881CDCDA7A781F9A8A7F9F9F9FF0110000000,88.515,8D8500005CA881CDCDA7A781F9A8A7F9F9F9FF0110000000,88.515,8D8500005CA881CDCDA7A781F9A8A7F9F9F9FF0110000000,88.515,8D8500005CA881CDCDA7A781F9A8A7F9F9F9FF0110000000,88.515,1,88.515,16,88.547,0,88.547,0002,88.547,12291,88.547,3003,88.547,3003,88.547,3003,88.547,3003,88.547,3003,88.547,3003,88.547,3003,88.547,3003,88.547,3003,88.547,3003,88.547,3003,88.547,3003,88.547,3003
88.683,88.715,14.200000000000001,88.715,8E8600005BA881CCCCA7A781F8A8A7F8F9F9FF0110000000,88.715,8E8600005BA881CCCCA7A781F8A8A7F8F9F9FF0110000000,88.715,8E8600005BA881CCCCA7A781F8A8A7F8F9F9FF0110000000,88.715,8E8600005BA881CCCCA7A781F8A8A7F8F9F9FF0110000000,88.715,8E8600005BA881CCCCA7A781F8A8A7F8F9F9FF0110000000,88.715,8E8600005BA881CCCCA7A781F8A8A7F8F9F9FF0110000000,88.715,8E8600005BA881CCCCA7A781F8A8A7F8F9F9FF0110000000,88.715,8E8600005BA881CCCCA7A781F8A8A7F8F9F9FF0110000000,88.715,8E8600005BA881CCCCA7A781F8A8A7F8F9F9FF0110000000,88.715,8E8600005BA881CCCCA7A781F8A8A7F8F9F9FF0110000000,88.715,8E8600005BA881CCCCA7A781F8A8A7F8F9F9FF0110000000,88.715,8E8600005BA881CCCCA7A781F8A8A7F8F9F9FF0110000000,88.715,8E8600005BA881CCCCA7A781F8A8A7F8F9F9FF0110000000,88.715,8E8600005BA881CCCCA7A781F8A8A7F8F9F9FF0110000000,88.715,1,88.715,16,88.630,0,88.630,0000,88.630,8192,88.630,2000,88.630,2000,88.630,2000,88.630,2000,88.630,2000,88.630,2000,88.630,2000,88.630,2000,88.630,2000,88.630,2000,88.630,2000,88.630,2000,88.630,2000
88.783,88.715,14.200000000000001,88.715,8E8600005BA881CCCCA7A781F8A8A7F8F9F9FF0110000000,88.715,8E8600005BA881CCCCA7A781F8A8A7F8F9F9FF0110000000,88.715,8E8600005BA881CCCCA7A781F8A8A7F8F9F9FF0110000000,88.715,8E8600005BA881CCCCA7A781F8A8A7F8F9F9FF0110000000,88.715,8E8600005BA881CCCCA7A781F8A8A7F8F9F9FF0110000000,88.715,8E8600005BA881CCCCA7A781F8A8A7F8F9F9FF0110000000,88.715,8E8600005BA881CCCCA7A781F8A8A7F8F9F9FF0110000000,88.715,8E8600005BA881CCCCA7A781F8A8A7F8F9F9FF0110000000,88.715,8E8600005BA881CCCCA7A781F8A8A7F8F9F9FF0110000000,88.715,8E8600005BA881CCCCA7A781F8A8A7F8F9F9FF0110000000,88.715,8E8600005BA881CCCCA7A781F8A8A7F8F9F9FF0110000000,88.715,8E8600005BA881CCCCA7A781F8A8A7F8F9F9FF0110000000,88.715,8E8600005BA881CCCCA7A781F8A8A7F8F9F9FF0110000000,88.715,8E8600005BA881CCCCA7A781F8A8A7F8F9F9FF0110000000,88.715,1,88.715,16,88.750,0,88.750,0000,88.791,8192,88.791,2000,88.791,2000,88.791,2000,88.791,2000,88.791,2000,88.791,2000,88.791,2000,88.791,2000,88.791,2000,88.791,2000,88.791,2000,88.791,2000,88.791,2000
88.881,88.846,14.200000000000001,88.846,8E8600005BA881CDCDA7A881F8A8A7F8F9F9FF0110000000,88.846,8E8600005BA881CDCDA7A881F8A8A7F8F9F9FF0110000000,88.846,8E8600005BA881CDCDA7A881F8A8A7F8F9F9FF0110000000,88.846,8E8600005BA881CDCDA7A881F8A8A7F8F9F9FF0110000000,88.846,8E8600005BA881CDCDA7A881F8A8A7F8F9F9FF0110000000,88.846,8E8600005BA881CDCDA7A881F8A8A7F8F9F9FF0110000000,88.846,8E8600005BA881CDCDA7A881F8A8A7F8F9F9FF0110000000,88.846,8E8600005BA881CDCDA7A881F8A8A7F8F9F9FF0110000000,88.846,8E8600005BA881CDCDA7A881F8A8A7F8F9F9FF0110000000,88.846,8E8600005BA881CDCDA7A881F8A8A7F8F9F9FF0110000000,88.846,8E8600005BA881CDCDA7A881F8A8A7F8F9F9FF0110000000,88.846,8E8600005BA881CDCDA7A881F8A8A7F8F9F9FF0110000000,88.846,8E8600005BA881CDCDA7A881F8A8A7F8F9F9FF0110000000,88.846,8E8600005BA881CDCDA7A881F8A8A7F8F9F9FF0110000000,88.846,1,88.846,16,88.858,0,88.858,0000,88.791,8192,88.791,2000,88.791,2000,88.791,2000,88.791,2000,88.791,2000,88.791,2000,88.791,2000,88.791,2000,88.791,2000,88.791,2000,88.791,2000,88.791,2000,88.791,2000
88.983,89.015,14.200000000000001,89.015,8E8600005CA881CDCDA6A881F8A8A6F8F9F9FF0110000000,89.015,8E8600005CA881CDCDA6A881F8A8A6F8F9F9FF0110000000,89.015,8E8600005CA881CDCDA6A881F8A8A6F8F9F9FF0110000000,89.015,8E8600005CA881CDCDA6A881F8A8A6F8F9F9FF0110000000,89.015,8E8600005CA881CDCDA6A881F8A8A6F8F9F9FF0110000000,89.015,8E8600005CA881CDCDA6A881F8A8A6F8F9F9FF0110000000,89.015,8E8600005CA881CDCDA6A881F8A8A6F8F9F9FF0110000000,89.015,8E8600005CA881CDCDA6A881F8A8A6F8F9F9FF0110000000,89.015,8E8600005CA881CDCDA6A881F8A8A6F8F9F9FF0110000000,89.015,8E8600005CA881CDCDA6A881F8A8A6F8F9F9FF0110000000,89.015,8E8600005CA881CDCDA6A881F8A8A6F8F9F9FF0110000000,89.015,8E8600005CA881CDCDA6A881F8A8A6F8F9F9FF0110000000,89.015,8E8600005CA881CDCDA6A881F8A8A6F8F9F9FF0110000000,89.015,8E8600005CA881CDCDA6A881F8A8A6F8F9F9FF0110000000,89.015,1,89.015,16,88.959,0,88.959,0000,88.959,8192,88.959,2000,88.959,2000,88.959,2000,88.959,2000,88.959,2000,88.959,2000,88.959,2000,88.959,2000,88.959,2000,88.959,2000,88.959,2000,88.959,2000,88.959,2000
89.084,89.015,14.200000000000001,89.015,8E8600005CA881CDCDA6A881F8A8A6F8F9F9FF0110000000,89.015,8E8600005CA881CDCDA6A881F8A8A6F8F9F9FF0110000000,89.015,8E8600005CA881CDCDA6A881F8A8A6F8F9F9FF0110000000,89.015,8E8600005CA881CDCDA6A881F8A8A6F8F9F9FF0110000000,89.015,8E8600005CA881CDCDA6A881F8A8A6F8F9F9FF0110000000,89.015,8E8600005CA881CDCDA6A881F8A8A6F8F9F9FF0110000000,89.015,8E8600005CA881CDCDA6A881F8A8A6F8F9F9FF0110000000,89.015,8E8600005CA881CDCDA6A881F8A8A6F8F9F9FF0110000000,89.015,8E8600005CA881CDCDA6A881F8A8A6F8F9F9FF0110000000,89.015,8E8600005CA881CDCDA6A881F8A8A6F8F9F9FF0110000000,89.015,8E8600005CA881CDCDA6A881F8A8A6F8F9F9FF0110000000,89.015,8E8600005CA881CDCDA6A881F8A8A6F8F9F9FF0110000000,89.015,8E8600005CA881CDCDA6A881F8A8A6F8F9F9FF0110000000,89.015,8E8600005CA881CDCDA6A881F8A8A6F8F9F9FF0110000000,89.015,1,89.015,16,89.030,0,89.030,0000,89.030,8192,89.030,2000,89.030,2000,89.030,2000,89.030,2000,89.030,2000,89.030,2000,89.030,2000,89.030,2000,89.030,2000,89.030,2000,89.030,2000,89.030,2000,89.030,2000
89.183,89.115,14.100000000000001,89.115,8D8500005CA881CDCDA7A781F8A8A7F9F9F9FF0110000000,89.115,8D8500005CA881CDCDA7A781F8A8A7F9F9F9FF0110000000,89.115,8D8500005CA881CDCDA7A781F8A8A7F9F9F9FF0110000000,89.115,8D8500005CA881CDCDA7A781F8A8A7F9F9F9FF0110000000,89.115,8D8500005CA881CDCDA7A781F8A8A7F9F9F9FF0110000000,89.115,8D8500005CA881CDCDA7A781F8A8A7F9F9F9FF0110000000,89.115,8D8500005CA881CDCDA7A781F8A8A7F9F9F9FF0110000000,89.115,8D8500005CA881CDCDA7A781F8A8A7F9F9F9FF0110000000,89.115,8D8500005CA881CDCDA7A781F8A8A7F9F9F9FF0110000000,89.115,8D8500005CA881CDCDA7A781F8A8A7F9F9F9FF0110000000,89.115,8D8500005CA881CDCDA7A781F8A8A7F9F9F9FF0110000000,89.115,8D8500005CA881CDCDA7A781F8A8A7F9F9F9FF0110000000,89.115,8D8500005CA881CDCDA7A781F8A8A7F9F9F9FF0110000000,89.115,8D8500005CA881CDCDA7A781F8A8A7F9F9F9FF0110000000,89.115,1,89.115,16,89.137,0,89.137,0000,89.137,8192,89.137,2000,89.137,2000,89.137,2000,89.137,2000,89.137,2000,89.137,2000,89.137,2000,89.137,2000,89.137,2000,89.137,2000,89.137,2000,89.137,2000,89.137,2000
89.282,89.215,14.100000000000001,89.215,8D8500005BA8815B5BA7A881F9A8A7F8F9F9FF0110000000,89.215,8D8500005BA8815B5BA7A881F9A8A7F8F9F9FF0110000000,89.215,8D8500005BA8815B5BA7A881F9A8A7F8F9F9FF0110000000,89.215,8D8500005BA8815B5BA7A881F9A8A7F8F9F9FF0110000000,89.215,8D8500005BA8815B5BA7A881F9A8A7F8F9F9FF0110000000,89.215,8D8500005BA8815B5BA7A881F9A8A7F8F9F9FF0110000000,89.215,8D8500005BA8815B5BA7A881F9A8A7F8F9F9FF0110000000,89.215,8D8500005BA8815B5BA7A881F9A8A7F8F9F9FF0110000000,89.215,8D8500005BA8815B5BA7A881F9A8A7F8F9F9FF0110000000,89.215,8D8500005BA8815B5BA7A881F9A8A7F8F9F9FF0110000000,89.215,8D8500005BA8815B5BA7A881F9A8A7F8F9F9FF0110000000,89.215,8D8500005BA8815B5BA7A881F9A8A7F8F9F9FF0110000000,89.215,8D8500005BA8815B5BA7A881F9A8A7F8F9F9FF0110000000,89.215,8D8500005BA8815B5BA7A881F9A8A7F8F9F9FF0110000000,89.215,1,89.215,16,89.250,0,89.250,0000,89.291,8192,89.291,2000,89.291,2000,89.291,2000,89.291,2000,89.291,2000,89.291,2000,89.291,2000,89.291,2000,89.291,2000,89.291,2000,89.291,2000,89.291,2000,89.291,2000
89.384,89.335,14.100000000000001,89.335,8D8500005CA881CDCDA7A781F8A8A7F9F9F9FF0110000000,89.335,8D8500005CA881CDCDA7A781F8A8A7F9F9F9FF0110000000,89.335,8D8500005CA881CDCDA7A781F8A8A7F9F9F9FF0110000000,89.335,8D8500005CA881CDCDA7A781F8A8A7F9F9F9FF0110000000,89.335,8D8500005CA881CDCDA7A781F8A8A7F9F9F9FF0110000000,89.335,8D8500005CA881CDCDA7A781F8A8A7F9F9F9FF0110000000,89.335,8D8500005CA881CDCDA7A781F8A8A7F9F9F9FF0110000000,89.335,8D8500005CA881CDCDA7A781F8A8A7F9F9F9FF0110000000,89.335,8D8500005CA881CDCDA7A781F8A8A7F9F9F9FF0110000000,89.335,8D8500005CA881CDCDA7A781F8A8A7F9F9F9FF0110000000,89.335,8D8500005CA881CDCDA7A781F8A8A7F9F9F9FF0110000000,89.335,8D8500005CA881CDCDA7A781F8A8A7F9F9F9FF0110000000,89.335,8D8500005CA881CDCDA7A781F8A8A7F9F9F9FF0110000000,89.335,8D8500005CA881CDCDA7A781F8A8A7F9F9F9FF0110000000,89.335,1,89.335,16,89.350,0,89.350,0000,89.291,8192,89.291,2000,89.291,2000,89.291,2000,89.291,2000,89.291,2000,89.291,2000,89.291,2000,89.291,2000,89.291,2000,89.291,2000,89.291,2000,89.291,2000,89.291,2000
89.483,89.425,14.200000000000001,89.425,8E8600005BA881CDCDA7A781F8A8A7F9F9F9FF0110000000,89.425,8E8600005BA881CDCDA7A781F8A8A7F9F9F9FF0110000000,89.425,8E8600005BA881CDCDA7A781F8A8A7F9F9F9FF0110000000,89.425,8E8600005BA881CDCDA7A781F8A8A7F9F9F9FF0110000000,89.425,8E8600005BA881CDCDA7A781F8A8A7F9F9F9FF0110000000,89.425,8E8600005BA881CDCDA7A781F8A8A7F9F9F9FF0110000000,89.425,8E8600005BA881CDCDA7A781F8A8A7F9F9F9FF0110000000,89.425,8E8600005BA881CDCDA7A781F8A8A7F9F9F9FF0110000000,89.425,8E8600005BA881CDCDA7A781F8A8A7F9F9F9FF0110000000,89.425,8E8600005BA881CDCDA7A781F8A8A7F9F9F9FF0110000000,89.425,8E8600005BA881CDCDA7A781F8A8A7F9F9F9FF0110000000,89.425,8E8600005BA881CDCDA7A781F8A8A7F9F9F9FF0110000000,89.425,8E8600005BA881CDCDA7A781F8A8A7F9F9F9FF0110000000,89.425,8E8600005BA881CDCDA7A781F8A8A7F9F9F9FF0110000000,89.425,1,89.425,16,89.448,0,89.448,0000,89.448,8192,89.448,2000,89.448,2000,89.448,2000,89.448,2000,89.448,2000,89.448,2000,89.448,2000,89.448,2000,89.448,2000,89.448,2000,89.448,2000,89.448,2000,89.448,2000
89.583,89.615,14.200000000000001,89.615,8E8600005CA881CDCDA7A881F8A8A7F9F9F9FF0110000000,89.615,8E8600005CA881CDCDA7A881F8A8A7F9F9F9FF0110000000,89.615,8E8600005CA881CDCDA7A881F8A8A7F9F9F9FF0110000000,89.615,8E8600005CA881CDCDA7A881F8A8A7F9F9F9FF0110000000,89.615,8E8600005CA881CDCDA7A881F8A8A7F9F9F9FF0110000000,89.615,8E8600005CA881CDCDA7A881F8A8A7F9F9F9FF0110000000,89.615,8E8600005CA881CDCDA7A881F8A8A7F9F9F9FF0110000000,89.615,8E8600005CA881CDCDA7A881F8A8A7F9F9F9FF0110000000,89.615,8E8600005CA881CDCDA7A881F8A8A7F9F9F9FF0110000000,89.615,8E8600005CA881CDCDA7A881F8A8A7F9F9F9FF0110000000,89.615,8E8600005CA881CDCDA7A881F8A8A7F9F9F9FF0110000000,89.615,8E8600005CA881CDCDA7A881F8A8A7F9F9F9FF0110000000,89.615,8E8600005CA881CDCDA7A881F8A8A7F9F9F9FF0110000000,89.615,8E8600005CA881CDCDA7A881F8A8A7F9F9F9FF0110000000,89.615,1,89.615,16,89.530,0,89.530,0000,89.530,8192,89.530,2000,89.530,2000,89.530,2000,89.530,2000,89.530,2000,89.530,2000,89.530,2000,89.530,2000,89.530,2000,89.530,2000,89.530,2000,89.530,2000,89.530,2000
89.681,89.715,14.100000000000001,89.715,8D8500005BA881CDCDA7A781F8A7A7F9F9F9FF0110000000,89.715,8D8500005BA881CDCDA7A781F8A7A7F9F9F9FF0110000000,89.715,8D8500005BA881CDCDA7A781F8A7A7F9F9F9FF0110000000,89.715,8D8500005BA881CDCDA7A781F8A7A7F9F9F9FF0110000000,89.715,8D8500005BA881CDCDA7A781F8A7A7F9F9F9FF0110000000,89.715,8D8500005BA881CDCDA7A781F8A7A7F9F9F9FF0110000000,89.715,8D8500005BA881CDCDA7A781F8A7A7F9F9F9FF0110000000,89.715,8D8500005BA881CDCDA7A781F8A7A7F9F9F9FF0110000000,89.715,8D8500005BA881CDCDA7A781F8A7A7F9F9F9FF0110000000,89.715,8D8500005BA881CDCDA7A781F8A7A7F9F9F9FF0110000000,89.715,8D8500005BA881CDCDA7A781F8A7A7F9F9F9FF0110000000,89.715,8D8500005BA881CDCDA7A781F8A7A7F9F9F9FF0110000000,89.715,8D8500005BA881CDCDA7A781F8A7A7F9F9F9FF0110000000,89.715,8D8500005BA881CDCDA7A781F8A7A7F9F9F9FF0110000000,89.715,1,89.715,16,89.630,0,89.630,0000,89.630,8192,89.630,2000,89.630,2000,89.630,2000,89.630,2000,89.630,2000,89.630,2000,89.630,2000,89.630,2000,89.630,2000,89.630,2000,89.630,2000,89.630,2000,89.630,2000
89.783,89.715,14.100000000000001,89.715,8D8500005BA881CDCDA7A781F8A7A7F9F9F9FF0110000000,89.715,8D8500005BA881CDCDA7A781F8A7A7F9F9F9FF0110000000,89.715,8D8500005BA881CDCDA7A781F8A7A7F9F9F9FF0110000000,89.715,8D8500005BA881CDCDA7A781F8A7A7F9F9F9FF0110000000,89.715,8D8500005BA881CDCDA7A781F8A7A7F9F9F9FF0110000000,89.715,8D8500005BA881CDCDA7A781F8A7A7F9F9F9FF0110000000,89.715,8D8500005BA881CDCDA7A781F8A7A7F9F9F9FF0110000000,89.715,8D8500005BA881CDCDA7A781F8A7A7F9F9F9FF0110000000,89.715,8D8500005BA881CDCDA7A781F8A7A7F9F9F9FF0110000000,89.715,8D8500005BA881CDCDA7A781F8A7A7F9F9F9FF0110000000,89.715,8D8500005BA881CDCDA7A781F8A7A7F9F9F9FF0110000000,89.715,8D8500005BA881CDCDA7A781F8A7A7F9F9F9FF0110000000,89.715,8D8500005BA881CDCDA7A781F8A7A7F9F9F9FF0110000000,89.715,8D8500005BA881CDCDA7A781F8A7A7F9F9F9FF0110000000,89.715,1,89.715,16,89.739,0,89.739,0000,89.739,8192,89.739,2000,89.739,2000,89.739,2000,89.739,2000,89.739,2000,89.739,2000,89.739,2000,89.739,2000,89.739,2000,89.739,2000,89.739,2000,89.739,2000,89.739,2000
89.883,89.855,14.200000000000001,89.855,8E8600005CA881CDCDA6A781F8A8A6F8F9F9FF0110000000,89.855,8E8600005CA881CDCDA6A781F8A8A6F8F9F9FF0110000000,89.855,8E8600005CA881CDCDA6A781F8A8A6F8F9F9FF0110000000,89.855,8E8600005CA881CDCDA6A781F8A8A6F8F9F9FF0110000000,89.855,8E8600005CA881CDCDA6A781F8A8A6F8F9F9FF0110000000,89.855,8E8600005CA881CDCDA6A781F8A8A6F8F9F9FF0110000000,89.855,8E8600005CA881CDCDA6A781F8A8A6F8F9F9FF0110000000,89.855,8E8600005CA881CDCDA6A781F8A8A6F8F9F9FF0110000000,89.855,8E8600005CA881CDCDA6A781F8A8A6F8F9F9FF0110000000,89.855,8E8600005CA881CDCDA6A781F8A8A6F8F9F9FF0110000000,89.855,8E8600005CA881CDCDA6A781F8A8A6F8F9F9FF0110000000,89.855,8E8600005CA881CDCDA6A781F8A8A6F8F9F9FF0110000000,89.855,8E8600005CA881CDCDA6A781F8A8A6F8F9F9FF0110000000,89.855,8E8600005CA881CDCDA6A781F8A8A6F8F9F9FF0110000000,89.855,1,89.855,16,89.888,0,89.888,0000,89.888,8192,89.888,2000,89.888,2000,89.888,2000,89.888,2000,89.888,2000,89.888,2000,89.888,2000,89.888,2000,89.888,2000,89.888,2000,89.888,2000,89.888,2000,89.888,2000
89.983,89.935,14.200000000000001,89.935,8E8600005CA881CDCDA7A881F8A8A7F9F9F9FF0110000000,89.935,8E8600005CA881CDCDA7A881F8A8A7F9F9F9FF0110000000,89.935,8E8600005CA881CDCDA7A881F8A8A7F9F9F9FF0110000000,89.935,8E8600005CA881CDCDA7A881F8A8A7F9F9F9FF0110000000,89.935,8E8600005CA881CDCDA7A881F8A8A7F9F9F9FF0110000000,89.935,8E8600005CA881CDCDA7A881F8A8A7F9F9F9FF0110000000,89.935,8E8600005CA881CDCDA7A881F8A8A7F9F9F9FF0110000000,89.935,8E8600005CA881CDCDA7A881F8A8A7F9F9F9FF0110000000,89.935,8E8600005CA881CDCDA7A881F8A8A7F9F9F9FF0110000000,89.935,8E8600005CA881CDCDA7A881F8A8A7F9F9F9FF0110000000,89.935,8E8600005CA881CDCDA7A881F8A8A7F9F9F9FF0110000000,89.935,8E8600005CA881CDCDA7A881F8A8A7F9F9F9FF0110000000,89.935,8E8600005CA881CDCDA7A881F8A8A7F9F9F9FF0110000000,89.935,8E8600005CA881CDCDA7A881F8A8A7F9F9F9FF0110000000,89.935,1,89.935,16,89.950,0,89.950,0000,89.888,8192,89.888,2000,89.888,2000,89.888,2000,89.888,2000,89.888,2000,89.888,2000,89.888,2000,89.888,2000,89.888,2000,89.888,2000,89.888,2000,89.888,2000,89.888,2000
90.080,90.025,14.100000000000001,90.025,8D8500005BA881CDCDA7A781F8A8A7F9F9F9FF0110000000,90.025,8D8500005BA881CDCDA7A781F8A8A7F9F9F9FF0110000000,90.025,8D8500005BA881CDCDA7A781F8A8A7F9F9F9FF0110000000,90.025,8D8500005BA881CDCDA7A781F8A8A7F9F9F9FF0110000000,90.025,8D8500005BA881CDCDA7A781F8A8A7F9F9F9FF0110000000,90.025,8D8500005BA881CDCDA7A781F8A8A7F9F9F9FF0110000000,90.025,8D8500005BA881CDCDA7A781F8A8A7F9F9F9FF0110000000,90.025,8D8500005BA881CDCDA7A781F8A8A7F9F9F9FF0110000000,90.025,8D8500005BA881CDCDA7A781F8A8A7F9F9F9FF0110000000,90.025,8D8500005BA881CDCDA7A781F8A8A7F9F9F9FF0110000000,90.025,8D8500005BA881CDCDA7A781F8A8A7F9F9F9FF0110000000,90.025,8D8500005BA881CDCDA7A781F8A8A7F9F9F9FF0110000000,90.025,8D8500005BA881CDCDA7A781F8A8A7F9F9F9FF0110000000,90.025,8D8500005BA881CDCDA7A781F8A8A7F9F9F9FF0110000000,90.025,1,90.025,16,90.048,0,90.048,0000,90.048,8192,90.048,2000,90.048,2000,90.048,2000,90.048,2000,90.048,2000,90.048,2000,90.048,2000,90.048,2000,90.048,2000,90.048,2000,90.048,2000,90.048,2000,90.048,2000
90.182,90.215,14.100000000000001,90.215,8D8500005BA881CDCDA6A781F8A8A6F8F9F9FF0110000000,90.215,8D8500005BA881CDCDA6A781F8A8A6F8F9F9FF0110000000,90.215,8D8500005BA881CDCDA6A781F8A8A6F8F9F9FF0110000000,90.215,8D8500005BA881CDCDA6A781F8A8A6F8F9F9FF0110000000,90.215,8D8500005BA881CDCDA6A781F8A8A6F8F9F9FF0110000000,90.215,8D8500005BA881CDCDA6A781F8A8A6F8F9F9FF0110000000,90.215,8D8500005BA881CDCDA6A781F8A8A6F8F9F9FF0110000000,90.215,8D8500005BA881CDCDA6A781F8A8A6F8F9F9FF0110000000,90.215,8D8500005BA881CDCDA6A781F8A8A6F8F9F9FF0110000000,90.215,8D8500005BA881CDCDA6A781F8A8A6F8F9F9FF0110000000,90.215,8D8500005BA881CDCDA6A781F8A8A6F8F9F9FF0110000000,90.215,8D8500005BA881CDCDA6A781F8A8A6F8F9F9FF0110000000,90.215,8D8500005BA881CDCDA6A781F8A8A6F8F9F9FF0110000000,90.215,8D8500005BA881CDCDA6A781F8A8A6F8F9F9FF0110000000,90.215,1,90.215,16,90.138,0,90.138,0000,90.138,8192,90.138,2000,90.138,2000,90.138,2000,90.138,2000,90.138,2000,90.138,2000,90.138,2000,90.138,2000,90.138,2000,90.138,2000,90.138,2000,90.138,2000,90.138,2000
90.282,90.215,14.100000000000001,90.215,8D8500005BA881CDCDA6A781F8A8A6F8F9F9FF0110000000,90.215,8D8500005BA881CDCDA6A781F8A8A6F8F9F9FF0110000000,90.215,8D8500005BA881CDCDA6A781F8A8A6F8F9F9FF0110000000,90.215,8D8500005BA881CDCDA6A781F8A8A6F8F9F9FF0110000000,90.215,8D8500005BA881CDCDA6A781F8A8A6F8F9F9FF0110000000,90.215,8D8500005BA881CDCDA6A781F8A8A6F8F9F9FF0110000000,90.215,8D8500005BA881CDCDA6A781F8A8A6F8F9F9FF0110000000,90.215,8D8500005BA881CDCDA6A781F8A8A6F8F9F9FF0110000000,90.215,8D8500005BA881CDCDA6A781F8A8A6F8F9F9FF0110000000,90.215,8D8500005BA881CDCDA6A781F8A8A6F8F9F9FF0110000000,90.215,8D8500005BA881CDCDA6A781F8A8A6F8F9F9FF0110000000,90.215,8D8500005BA881CDCDA6A781F8A8A6F8F9F9FF0110000000,90.215,8D8500005BA881CDCDA6A781F8A8A6F8F9F9FF0110000000,90.215,8D8500005BA881CDCDA6A781F8A8A6F8F9F9FF0110000000,90.215,1,90.215,16,90.250,0,90.250,0000,90.290,8192,90.290,2000,90.290,2000,90.290,2000,90.290,2000,90.290,2000,90.290,2000,90.290,2000,90.290,2000,90.290,2000,90.290,2000,90.290,2000,90.290,2000,90.290,2000
90.383,90.346,14.100000000000001,90.346,8D8500005BA8818080A6A781F8A8A6F8F9F9FF0110000000,90.346,8D8500005BA8818080A6A781F8A8A6F8F9F9FF0110000000,90.346,8D8500005BA8818080A6A781F8A8A6F8F9F9FF0110000000,90.346,8D8500005BA8818080A6A781F8A8A6F8F9F9FF0110000000,90.346,8D8500005BA8818080A6A781F8A8A6F8F9F9FF0110000000,90.346,8D8500005BA8818080A6A781F8A8A6F8F9F9FF0110000000,90.346,8D8500005BA8818080A6A781F8A8A6F8F9F9FF0110000000,90.346,8D8500005BA8818080A6A781F8A8A6F8F9F9FF0110000000,90.346,8D8500005BA8818080A6A781F8A8A6F8F9F9FF0110000000,90.346,8D8500005BA8818080A6A781F8A8A6F8F9F9FF0110000000,90.346,8D8500005BA8818080A6A781F8A8A6F8F9F9FF0110000000,90.346,8D8500005BA8818080A6A781F8A8A6F8F9F9FF0110000000,90.346,8D8500005BA8818080A6A781F8A8A6F8F9F9FF0110000000,90.346,8D8500005BA8818080A6A781F8A8A6F8F9F9FF0110000000,90.346,1,90.346,16,90.368,0,90.368,0000,90.290,8192,90.290,2000,90.290,2000,90.290,2000,90.290,2000,90.290,2000,90.290,2000,90.290,2000,90.290,2000,90.290,2000,90.290,2000,90.290,2000,90.290,2000,90.290,2000
90.482,90.515,14.100000000000001,90.515,8D8500005BA881CDCDA7A881F9A8A7F8F9F9FF0110000000,90.515,8D8500005BA881CDCDA7A881F9A8A7F8F9F9FF0110000000,90.515,8D8500005BA881CDCDA7A881F9A8A7F8F9F9FF0110000000,90.515,8D8500005BA881CDCDA7A881F9A8A7F8F9F9FF0110000000,90.515,8D8500005BA881CDCDA7A881F9A8A7F8F9F9FF0110000000,90.515,8D8500005BA881CDCDA7A881F9A8A7F8F9F9FF0110000000,90.515,8D8500005BA881CDCDA7A881F9A8A7F8F9F9FF0110000000,90.515,8D8500005BA881CDCDA7A881F9A8A7F8F9F9FF0110000000,90.515,8D8500005BA881CDCDA7A881F9A8A7F8F9F9FF0110000000,90.515,8D8500005BA881CDCDA7A881F9A8A7F8F9F9FF0110000000,90.515,8D8500005BA881CDCDA7A881F9A8A7F8F9F9FF0110000000,90.515,8D8500005BA881CDCDA7A881F9A8A7F8F9F9FF0110000000,90.515,8D8500005BA881CDCDA7A881F9A8A7F8F9F9FF0110000000,90.515,8D8500005BA881CDCDA7A881F9A8A7F8F9F9FF0110000000,90.515,1,90.515,16,90.451,0,90.451,0000,90.451,8192,90.451,2000,90.451,2000,90.451,2000,90.451,2000,90.451,2000,90.451,2000,90.451,2000,90.451,2000,90.451,2000,90.451,2000,90.451,2000,90.451,2000,90.451,2000
90.581,90.615,14.100000000000001,90.615,8D8500005BA8818080A7A781F9A8A7F8F9F9FF0110000000,90.615,8D8500005BA8818080A7A781F9A8A7F8F9F9FF0110000000,90.615,8D8500005BA8818080A7A781F9A8A7F8F9F9FF0110000000,90.615,8D8500005BA8818080A7A781F9A8A7F8F9F9FF0110000000,90.615,8D8500005BA8818080A7A781F9A8A7F8F9F9FF0110000000,90.615,8D8500005BA8818080A7A781F9A8A7F8F9F9FF0110000000,90.615,8D8500005BA8818080A7A781F9A8A7F8F9F9FF0110000000,90.615,8D8500005BA8818080A7A781F9A8A7F8F9F9FF0110000000,90.615,8D8500005BA8818080A7A781F9A8A7F8F9F9FF0110000000,90.615,8D8500005BA8818080A7A781F9A8A7F8F9F9FF0110000000,90.615,8D8500005BA8818080A7A781F9A8A7F8F9F9FF0110000000,90.615,8D8500005BA8818080A7A781F9A8A7F8F9F9FF0110000000,90.615,8D8500005BA8818080A7A781F9A8A7F8F9F9FF0110000000,90.615,8D8500005BA8818080A7A781F9A8A7F8F9F9FF0110000000,90.615,1,90.615,16,90.537,0,90.537,0000,90.537,8192,90.537,2000,90.537,2000,90.537,2000,90.537,2000,90.537,2000,90.537,2000,90.537,2000,90.537,2000,90.537,2000,90.537,2000,90.537,2000,90.537,2000,90.537,2000
90.684,90.615,14.100000000000001,90.615,8D8500005BA8818080A7A781F9A8A7F8F9F9FF0110000000,90.615,8D8500005BA8818080A7A781F9A8A7F8F9F9FF0110000000,90.615,8D8500005BA8818080A7A781F9A8A7F8F9F9FF0110000000,90.615,8D8500005BA8818080A7A781F9A8A7F8F9F9FF0110000000,90.615,8D8500005BA8818080A7A781F9A8A7F8F9F9FF0110000000,90.615,8D8500005BA8818080A7A781F9A8A7F8F9F9FF0110000000,90.615,8D8500005BA8818080A7A781F9A8A7F8F9F9FF0110000000,90.615,8D8500005BA8818080A7A781F9A8A7F8F9F9FF0110000000,90.615,8D8500005BA8818080A7A781F9A8A7F8F9F9FF0110000000,90.615,8D8500005BA8818080A7A781F9A8A7F8F9F9FF0110000000,90.615,8D8500005BA8818080A7A781F9A8A7F8F9F9FF0110000000,90.615,8D8500005BA8818080A7A781F9A8A7F8F9F9FF0110000000,90.615,8D8500005BA8818080A7A781F9A8A7F8F9F9FF0110000000,90.615,8D8500005BA8818080A7A781F9A8A7F8F9F9FF0110000000,90.615,1,90.615,16,90.630,0,90.630,0000,90.630,8192,90.630,2000,90.630,2000,90.630,2000,90.630,2000,90.630,2000,90.630,2000,90.630,2000,90.630,2000,90.630,2000,90.630,2000,90.630,2000,90.630,2000,90.630,2000
90.783,90.715,14.200000000000001,90.715,8E8600005CA881CDCDA7A881F8A8A7F9F9F9FF0110000000,90.715,8E8600005CA881CDCDA7A881F8A8A7F9F9F9FF0110000000,90.715,8E8600005CA881CDCDA7A881F8A8A7F9F9F9FF0110000000,90.715,8E8600005CA881CDCDA7A881F8A8A7F9F9F9FF0110000000,90.715,8E8600005CA881CDCDA7A881F8A8A7F9F9F9FF0110000000,90.715,8E8600005CA881CDCDA7A881F8A8A7F9F9F9FF0110000000,90.715,8E8600005CA881CDCDA7A881F8A8A7F9F9F9FF0110000000,90.715,8E8600005CA881CDCDA7A881F8A8A7F9F9F9FF0110000000,90.715,8E8600005CA881CDCDA7A881F8A8A7F9F9F9FF0110000000,90.715,8E8600005CA881CDCDA7A881F8A8A7F9F9F9FF0110000000,90.715,8E8600005CA881CDCDA7A881F8A8A7F9F9F9FF0110000000,90.715,8E8600005CA881CDCDA7A881F8A8A7F9F9F9FF0110000000,90.715,8E8600005CA881CDCDA7A881F8A8A7F9F9F9FF0110000000,90.715,8E8600005CA881CDCDA7A881F8A8A7F9F9F9FF0110000000,90.715,1,90.715,16,90.750,0,90.750,0000,90.791,8192,90.791,2000,90.791,2000,90.791,2000,90.791,2000,90.791,2000,90.791,2000,90.791,2000,90.791,2000,90.791,2000,90.791,2000,90.791,2000,90.791,2000,90.791,2000
90.882,90.915,14.100000000000001,90.915,8D8500005BA881CDCDA7A781F9A8A7F9F9F9FF0110000000,90.915,8D8500005BA881CDCDA7A781F9A8A7F9F9F9FF0110000000,90.915,8D8500005BA881CDCDA7A781F9A8A7F9F9F9FF0110000000,90.915,8D8500005BA881CDCDA7A781F9A8A7F9F9F9FF0110000000,90.915,8D8500005BA881CDCDA7A781F9A8A7F9F9F9FF0110000000,90.915,8D8500005BA881CDCDA7A781F9A8A7F9F9F9FF0110000000,90.915,8D8500005BA881CDCDA7A781F9A8A7F9F9F9FF0110000000,90.915,8D8500005BA881CDCDA7A781F9A8A7F9F9F9FF0110000000,90.915,8D8500005BA881CDCDA7A781F9A8A7F9F9F9FF0110000000,90.915,8D8500005BA881CDCDA7A781F9A8A7F9F9F9FF0110000000,90.915,8D8500005BA881CDCDA7A781F9A8A7F9F9F9FF0110000000,90.915,8D8500005BA881CDCDA7A781F9A8A7F9F9F9FF0110000000,90.915,8D8500005BA881CDCDA7A781F9A8A7F9F9F9FF0110000000,90.915,8D8500005BA881CDCDA7A781F9A8A7F9F9F9FF0110000000,90.915,1,90.915,16,90.851,0,90.851,0000,90.791,8192,90.791,2000,90.791,2000,90.791,2000,90.791,2000,90.791,2000,90.791,2000,90.791,2000,90.791,2000,90.791,2000,90.791,2000,90.791,2000,90.791,2000,90.791,2000
90.983,90.915,14.100000000000001,90.915,8D8500005BA881CDCDA7A781F9A8A7F9F9F9FF0110000000,90.915,8D8500005BA881CDCDA7A781F9A8A7F9F9F9FF0110000000,90.915,8D8500005BA881CDCDA7A781F9A8A7F9F9F9FF0110000000,90.915,8D8500005BA881CDCDA7A781F9A8A7F9F9F9FF0110000000,90.915,8D8500005BA881CDCDA7A781F9A8A7F9F9F9FF0110000000,90.915,8D8500005BA881CDCDA7A781F9A8A7F9F9F9FF0110000000,90.915,8D8500005BA881CDCDA7A781F9A8A7F9F9F9FF0110000000,90.915,8D8500005BA881CDCDA7A781F9A8A7F9F9F9FF0110000000,90.915,8D8500005BA881CDCDA7A781F9A8A7F9F9F9FF0110000000,90.915,8D8500005BA881CDCDA7A781F9A8A7F9F9F9FF0110000000,90.915,8D8500005BA881CDCDA7A781F9A8A7F9F9F9FF0110000000,90.915,8D8500005BA881CDCDA7A781F9A8A7F9F9F9FF0110000000,90.915,8D8500005BA881CDCDA7A781F9A8A7F9F9F9FF0110000000,90.915,8D8500005BA881CDCDA7A781F9A8A7F9F9F9FF0110000000,90.915,1,90.915,16,90.930,0,90.930,0000,90.930,8192,90.930,2000,90.930,2000,90.930,2000,90.930,2000,90.930,2000,90.930,2000,90.930,2000,90.930,2000,90.930,2000,90.930,2000,90.930,2000,90.930,2000,90.930,2000
91.083,91.115,14.200000000000001,91.115,8E8600005CA881CDCDA7A781F8A8A7F8F9F9FF0110000000,91.115,8E8600005CA881CDCDA7A781F8A8A7F8F9F9FF0110000000,91.115,8E8600005CA881CDCDA7A781F8A8A7F8F9F9FF0110000000,91.115,8E8600005CA881CDCDA7A781F8A8A7F8F9F9FF0110000000,91.115,8E8600005CA881CDCDA7A781F8A8A7F8F9F9FF0110000000,91.115,8E8600005CA881CDCDA7A781F8A8A7F8F9F9FF0110000000,91.115,8E8600005CA881CDCDA7A781F8A8A7F8F9F9FF0110000000,91.115,8E8600005CA881CDCDA7A781F8A8A7F8F9F9FF0110000000,91.115,8E8600005CA881CDCDA7A781F8A8A7F8F9F9FF0110000000,91.115,8E8600005CA881CDCDA7A781F8A8A7F8F9F9FF0110000000,91.115,8E8600005CA881CDCDA7A781F8A8A7F8F9F9FF0110000000,91.115,8E8600005CA881CDCDA7A781F8A8A7F8F9F9FF0110000000,91.115,8E8600005CA881CDCDA7A781F8A8A7F8F9F9FF0110000000,91.115,8E8600005CA881CDCDA7A781F8A8A7F8F9F9FF0110000000,91.115,1,91.115,16,91.038,0,91.038,0000,91.038,8192,91.038,2000,91.038,2000,91.038,2000,91.038,2000,91.038,2000,91.038,2000,91.038,2000,91.038,2000,91.038,2000,91.038,2000,91.038,2000,91.038,2000,91.038,2000
91.183,91.215,14.100000000000001,91.215,8D8500005CA881CDCD5BA781F8A85BF9F9F9FCFC10000000,91.215,8D8500005CA881CDCD5BA781F8A85BF9F9F9FCFC10000000,91.215,8D8500005CA881CDCD5BA781F8A85BF9F9F9FCFC10000000,91.215,8D8500005CA881CDCD5BA781F8A85BF9F9F9FCFC10000000,91.215,8D8500005CA881CDCD5BA781F8A85BF9F9F9FCFC10000000,91.215,8D8500005CA881CDCD5BA781F8A85BF9F9F9FCFC10000000,91.215,8D8500005CA881CDCD5BA781F8A85BF9F9F9FCFC10000000,91.215,8D8500005CA881CDCD5BA781F8A85BF9F9F9FCFC10000000,91.215,8D8500005CA881CDCD5BA781F8A85BF9F9F9FCFC10000000,91.215,8D8500005CA881CDCD5BA781F8A85BF9F9F9FCFC10000000,91.215,8D8500005CA881CDCD5BA781F8A85BF9F9F9FCFC10000000,91.215,8D8500005CA881CDCD5BA781F8A85BF9F9F9FCFC10000000,91.215,8D8500005CA881CDCD5BA781F8A85BF9F9F9FCFC10000000,91.215,8D8500005CA881CDCD5BA781F8A85BF9F9F9FCFC10000000,91.215,252,91.215,16,91.130,0,91.130,0000,91.130,8192,91.130,2000,91.130,2000,91.130,2000,91.130,2000,91.130,2000,91.130,2000,91.130,2000,91.130,2000,91.130,2000,91.130,2000,91.130,2000,91.130,2000,91.130,2000
91.281,91.215,14.100000000000001,91.215,8D8500005CA881CDCD5BA781F8A85BF9F9F9FCFC10000000,91.215,8D8500005CA881CDCD5BA781F8A85BF9F9F9FCFC10000000,91.215,8D8500005CA881CDCD5BA781F8A85BF9F9F9FCFC10000000,91.215,8D8500005CA881CDCD5BA781F8A85BF9F9F9FCFC10000000,91.215,8D8500005CA881CDCD5BA781F8A85BF9F9F9FCFC10000000,91.215,8D8500005CA881CDCD5BA781F8A85BF9F9F9FCFC10000000,91.215,8D8500005CA881CDCD5BA781F8A85BF9F9F9FCFC10000000,91.215,8D8500005CA881CDCD5BA781F8A85BF9F9F9FCFC10000000,91.215,8D8500005CA881CDCD5BA781F8A85BF9F9F9FCFC10000000,91.215,8D8500005CA881CDCD5BA781F8A85BF9F9F9FCFC10000000,91.215,8D8500005CA881CDCD5BA781F8A85BF9F9F9FCFC10000000,91.215,8D8500005CA881CDCD5BA781F8A85BF9F9F9FCFC10000000,91.215,8D8500005CA881CDCD5BA781F8A85BF9F9F9FCFC10000000,91.215,8D8500005CA881CDCD5BA781F8A85BF9F9F9FCFC10000000,91.215,252,91.215,16,91.250,0,91.250,0002,91.291,12545,91.291,3101,91.291,3101,91.291,3101,91.291,3101,91.291,3101,91.291,3101,91.291,3101,91.291,3101,91.291,3101,91.291,3101,91.291,3101,91.291,3101,91.291,3101
91.382,91.415,14.100000000000001,91.415,8D8500005BA881CDCD5BA781F9A85BF9F9F9FCFC10000000,91.415,8D8500005BA881CDCD5BA781F9A85BF9F9F9FCFC10000000,91.415,8D8500005BA881CDCD5BA781F9A85BF9F9F9FCFC10000000,91.415,8D8500005BA881CDCD5BA781F9A85BF9F9F9FCFC10000000,91.415,8D8500005BA881CDCD5BA781F9A85BF9F9F9FCFC10000000,91.415,8D8500005BA881CDCD5BA781F9A85BF9F9F9FCFC10000000,91.415,8D8500005BA881CDCD5BA781F9A85BF9F9F9FCFC10000000,91.415,8D8500005BA881CDCD5BA781F9A85BF9F9F9FCFC10000000,91.415,8D8500005BA881CDCD5BA781F9A85BF9F9F9FCFC10000000,91.415,8D8500005BA881CDCD5BA781F9A85BF9F9F9FCFC10000000,91.415,8D8500005BA881CDCD5BA781F9A85BF9F9F9FCFC10000000,91.415,8D8500005BA881CDCD5BA781F9A85BF9F9F9FCFC10000000,91.415,8D8500005BA881CDCD5BA781F9A85BF9F9F9FCFC10000000,91.415,8D8500005BA881CDCD5BA781F9A85BF9F9F9FCFC10000000,91.415,252,91.415,16,91.351,0,91.351,0002,91.291,12545,91.291,3101,91.291,3101,91.291,3101,91.291,3101,91.291,3101,91.291,3101,91.291,3101,91.291,3101,91.291,3101,91.291,3101,91.291,3101,91.291,3101,91.291,3101
91.484,91.415,14.100000000000001,91.415,8D8500005BA881CDCD5BA781F9A85BF9F9F9FCFC10000000,91.415,8D8500005BA881CDCD5BA781F9A85BF9F9F9FCFC10000000,91.415,8D8500005BA881CDCD5BA781F9A85BF9F9F9FCFC10000000,91.415,8D8500005BA881CDCD5BA781F9A85BF9F9F9FCFC10000000,91.415,8D8500005BA881CDCD5BA781F9A85BF9F9F9FCFC10000000,91.415,8D8500005BA881CDCD5BA781F9A85BF9F9F9FCFC10000000,91.415,8D8500005BA881CDCD5BA781F9A85BF9F9F9FCFC10000000,91.415,8D8500005BA881CDCD5BA781F9A85BF9F9F9FCFC10000000,91.415,8D8500005BA881CDCD5BA781F9A85BF9F9F9FCFC10000000,91.415,8D8500005BA881CDCD5BA781F9A85BF9F9F9FCFC10000000,91.415,8D8500005BA881CDCD5BA781F9A85BF9F9F9FCFC10000000,91.415,8D8500005BA881CDCD5BA781F9A85BF9F9F9FCFC10000000,91.415,8D8500005BA881CDCD5BA781F9A85BF9F9F9FCFC10000000,91.415,8D8500005BA881CDCD5BA781F9A85BF9F9F9FCFC10000000,91.415,252,91.415,16,91.437,0,91.437,0002,91.437,12545,91.437,3101,91.437,3101,91.437,3101,91.437,3101,91.437,3101,91.437,3101,91.437,3101,91.437,3101,91.437,3101,91.437,3101,91.437,3101,91.437,3101,91.437,3101
91.584,91.523,14.100000000000001,91.523,8D8500005BA881CDCD5BA781F8A85BF9F9F9FCFC10000000,91.523,8D8500005BA881CDCD5BA781F8A85BF9F9F9FCFC10000000,91.523,8D8500005BA881CDCD5BA781F8A85BF9F9F9FCFC10000000,91.523,8D8500005BA881CDCD5BA781F8A85BF9F9F9FCFC10000000,91.523,8D8500005BA881CDCD5BA781F8A85BF9F9F9FCFC10000000,91.523,8D8500005BA881CDCD5BA781F8A85BF9F9F9FCFC10000000,91.523,8D8500005BA881CDCD5BA781F8A85BF9F9F9FCFC10000000,91.523,8D8500005BA881CDCD5BA781F8A85BF9F9F9FCFC10000000,91.523,8D8500005BA881CDCD5BA781F8A85BF9F9F9FCFC10000000,91.523,8D8500005BA881CDCD5BA781F8A85BF9F9F9FCFC10000000,91.523,8D8500005BA881CDCD5BA781F8A85BF9F9F9FCFC10000000,91.523,8D8500005BA881CDCD5BA781F8A85BF9F9F9FCFC10000000,91.523,8D8500005BA881CDCD5BA781F8A85BF9F9F9FCFC10000000,91.523,8D8500005BA881CDCD5BA781F8A85BF9F9F9FCFC10000000,91.523,252,91.523,16,91.547,0,91.547,0002,91.547,12545,91.547,3101,91.547,3101,91.547,3101,91.547,3101,91.547,3101,91.547,3101,91.547,3101,91.547,3101,91.547,3101,91.547,3101,91.547,3101,91.547,3101,91.547,3101
91.683,91.715,14.100000000000001,91.715,8D8500005CA881CDCD5CA881F9A85CFAF9F9FCFD10000000,91.715,8D8500005CA881CDCD5CA881F9A85CFAF9F9FCFD10000000,91.715,8D8500005CA881CDCD5CA881F9A85CFAF9F9FCFD10000000,91.715,8D8500005CA881CDCD5CA881F9A85CFAF9F9FCFD10000000,91.715,8D8500005CA881CDCD5CA881F9A85CFAF9F9FCFD10000000,91.715,8D8500005CA881CDCD5CA881F9A85CFAF9F9FCFD10000000,91.715,8D8500005CA881CDCD5CA881F9A85CFAF9F9FCFD10000000,91.715,8D8500005CA881CDCD5CA881F9A85CFAF9F9FCFD10000000,91.715,8D8500005CA881CDCD5CA881F9A85CFAF9F9FCFD10000000,91.715,8D8500005CA881CDCD5CA881F9A85CFAF9F9FCFD10000000,91.715,8D8500005CA881CDCD5CA881F9A85CFAF9F9FCFD10000000,91.715,8D8500005CA881CDCD5CA881F9A85CFAF9F9FCFD10000000,91.715,8D8500005CA881CDCD5CA881F9A85CFAF9F9FCFD10000000,91.715,8D8500005CA881CDCD5CA881F9A85CFAF9F9FCFD10000000,91.715,253,91.715,16,91.637,0,91.637,0002,91.637,12545,91.637,3101,91.637,3101,91.637,3101,91.637,3101,91.637,3101,91.637,3101,91.637,3101,91.637,3101,91.637,3101,91.637,3101,91.637,3101,91.637,3101,91.637,3101
91.782,91.715,14.100000000000001,91.715,8D8500005CA881CDCD5CA881F9A85CFAF9F9FCFD10000000,91.715,8D8500005CA881CDCD5CA881F9A85CFAF9F9FCFD10000000,91.715,8D8500005CA881CDCD5CA881F9A85CFAF9F9FCFD10000000,91.715,8D8500005CA881CDCD5CA881F9A85CFAF9F9FCFD10000000,91.715,8D8500005CA881CDCD5CA881F9A85CFAF9F9FCFD10000000,91.715,8D8500005CA881CDCD5CA881F9A85CFAF9F9FCFD10000000,91.715,8D8500005CA881CDCD5CA881F9A85CFAF9F9FCFD10000000,91.715,8D8500005CA881CDCD5CA881F9A85CFAF9F9FCFD10000000,91.715,8D8500005CA881CDCD5CA881F9A85CFAF9F9FCFD10000000,91.715,8D8500005CA881CDCD5CA881F9A85CFAF9F9FCFD10000000,91.715,8D8500005CA881CDCD5CA881F9A85CFAF9F9FCFD10000000,91.715,8D8500005CA881CDCD5CA881F9A85CFAF9F9FCFD10000000,91.715,8D8500005CA881CDCD5CA881F9A85CFAF9F9FCFD10000000,91.715,8D8500005CA881CDCD5CA881F9A85CFAF9F9FCFD10000000,91.715,253,91.715,16,91.750,0,91.750,0002,91.791,12545,91.791,3101,91.791,3101,91.791,3101,91.791,3101,91.791,3101,91.791,3101,91.791,3101,91.791,3101,91.791,3101,91.791,3101,91.791,3101,91.791,3101,91.791,3101
91.883,91.835,14.200000000000001,91.835,8E8600005BA880CCCC5BA781F8A85BF9F9F9FCFC10000000,91.835,8E8600005BA880CCCC5BA781F8A85BF9F9F9FCFC10000000,91.835,8E8600005BA880CCCC5BA781F8A85BF9F9F9FCFC10000000,91.835,8E8600005BA880CCCC5BA781F8A85BF9F9F9FCFC10000000,91.835,8E8600005BA880CCCC5BA781F8A85BF9F9F9FCFC10000000,91.835,8E8600005BA880CCCC5BA781F8A85BF9F9F9FCFC10000000,91.835,8E8600005BA880CCCC5BA781F8A85BF9F9F9FCFC10000000,91.835,8E8600005BA880CCCC5BA781F8A85BF9F9F9FCFC10000000,91.835,8E8600005BA880CCCC5BA781F8A85BF9F9F9FCFC10000000,91.835,8E8600005BA880CCCC5BA781F8A85BF9F9F9FCFC10000000,91.835,8E8600005BA880CCCC5BA781F8A85BF9F9F9FCFC10000000,91.835,8E8600005BA880CCCC5BA781F8A85BF9F9F9FCFC10000000,91.835,8E8600005BA880CCCC5BA781F8A85BF9F9F9FCFC10000000,91.835,8E8600005BA880CCCC5BA781F8A85BF9F9F9FCFC10000000,91.835,252,91.835,16,91.851,0,91.851,0002,91.791,12545,91.791,3101,91.791,3101,91.791,3101,91.791,3101,91.791,3101,91.791,3101,91.791,3101,91.791,3101,91.791,3101,91.791,3101,91.791,3101,91.791,3101,91.791,3101
91.982,92.015,14.100000000000001,92.015,8D8500005CA8815B5B5BA781F9A85BF9F9F9FCFC10000000,92.015,8D8500005CA8815B5B5BA781F9A85BF9F9F9FCFC10000000,92.015,8D8500005CA8815B5B5BA781F9A85BF9F9F9FCFC10000000,92.015,8D8500005CA8815B5B5BA781F9A85BF9F9F9FCFC10000000,92.015,8D8500005CA8815B5B5BA781F9A85BF9F9F9FCFC10000000,92.015,8D8500005CA8815B5B5BA781F9A85BF9F9F9FCFC10000000,92.015,8D8500005CA8815B5B5BA781F9A85BF9F9F9FCFC10000000,92.015,8D8500005CA8815B5B5BA781F9A85BF9F9F9FCFC10000000,92.015,8D8500005CA8815B5B5BA781F9A85BF9F9F9FCFC10000000,92.015,8D8500005CA8815B5B5BA781F9A85BF9F9F9FCFC10000000,92.015,8D8500005CA8815B5B5BA781F9A85BF9F9F9FCFC10000000,92.015,8D8500005CA8815B5B5BA781F9A85BF9F9F9FCFC10000000,92.015,8D8500005CA8815B5B5BA781F9A85BF9F9F9FCFC10000000,92.015,8D8500005CA8815B5B5BA781F9A85BF9F9F9FCFC10000000,92.015,252,92.015,16,91.949,0,91.949,0002,91.949,12545,91.949,3101,91.949,3101,91.949,3101,91.949,3101,91.949,3101,91.949,3101,91.949,3101,91.949,3101,91.949,3101,91.949,3101,91.949,3101,91.949,3101,91.949,3101
92.082,92.115,14.100000000000001,92.115,8D8500005BA8805B5B5BA781F8A85BF9F9F9FCFC10000000,92.115,8D8500005BA8805B5B5BA781F8A85BF9F9F9FCFC10000000,92.115,8D8500005BA8805B5B5BA781F8A85BF9F9F9FCFC10000000,92.115,8D8500005BA8805B5B5BA781F8A85BF9F9F9FCFC10000000,92.115,8D8500005BA8805B5B5BA781F8A85BF9F9F9FCFC10000000,92.115,8D8500005BA8805B5B5BA781F8A85BF9F9F9FCFC10000000,92.115,8D8500005BA8805B5B5BA781F8A85BF9F9F9FCFC10000000,92.115,8D8500005BA8805B5B5BA781F8A85BF9F9F9FCFC10000000,92.115,8D8500005BA8805B5B5BA781F8A85BF9F9F9FCFC10000000,92.115,8D8500005BA8805B5B5BA781F8A85BF9F9F9FCFC10000000,92.115,8D8500005BA8805B5B5BA781F8A85BF9F9F9FCFC10000000,92.115,8D8500005BA8805B5B5BA781F8A85BF9F9F9FCFC10000000,92.115,8D8500005BA8805B5B5BA781F8A85BF9F9F9FCFC10000000,92.115,8D8500005BA8805B5B5BA781F8A85BF9F9F9FCFC10000000,92.115,252,92.115,16,92.030,0,92.030,0002,92.030,12545,92.030,3101,92.030,3101,92.030,3101,92.030,3101,92.030,3101,92.030,3101,92.030,3101,92.030,3101,92.030,3101,92.030,3101,92.030,3101,92.030,3101,92.030,3101
92.183,92.115,14.100000000000001,92.115,8D8500005BA8805B5B5BA781F8A85BF9F9F9FCFC10000000,92.115,8D8500005BA8805B5B5BA781F8A85BF9F9F9FCFC10000000,92.115,8D8500005BA8805B5B5BA781F8A85BF9F9F9FCFC10000000,92.115,8D8500005BA8805B5B5BA781F8A85BF9F9F9FCFC10000000,92.115,8D8500005BA8805B5B5BA781F8A85BF9F9F9FCFC10000000,92.115,8D8500005BA8805B5B5BA781F8A85BF9F9F9FCFC10000000,92.115,8D8500005BA8805B5B5BA781F8A85BF9F9F9FCFC10000000,92.115,8D8500005BA8805B5B5BA781F8A85BF9F9F9FCFC10000000,92.115,8D8500005BA8805B5B5BA781F8A85BF9F9F9FCFC10000000,92.115,8D8500005BA8805B5B5BA781F8A85BF9F9F9FCFC10000000,92.115,8D8500005BA8805B5B5BA781F8A85BF9F9F9FCFC10000000,92.115,8D8500005BA8805B5B5BA781F8A85BF9F9F9FCFC10000000,92.115,8D8500005BA8805B5B5BA781F8A85BF9F9F9FCFC10000000,92.115,8D8500005BA8805B5B5BA781F8A85BF9F9F9FCFC10000000,92.115,252,92.115,16,92.130,0,92.130,0002,92.130,12553,92.130,3109,92.130,3109,92.130,3109,92.130,3109,92.130,3109,92.130,3109,92.130,3109,92.130,3109,92.130,3109,92.130,3109,92.130,3109,92.130,3109,92.130,3109
92.283,92.215,14.100000000000001,92.215,8D8500005BA881CCCC5BA781F8A85BF9F8F8FCFC10000000,92.215,8D8500005BA881CCCC5BA781F8A85BF9F8F8FCFC10000000,92.215,8D8500005BA881CCCC5BA781F8A85BF9F8F8FCFC10000000,92.215,8D8500005BA881CCCC5BA781F8A85BF9F8F8FCFC10000000,92.215,8D8500005BA881CCCC5BA781F8A85BF9F8F8FCFC10000000,92.215,8D8500005BA881CCCC5BA781F8A85BF9F8F8FCFC10000000,92.215,8D8500005BA881CCCC5BA781F8A85BF9F8F8FCFC10000000,92.215,8D8500005BA881CCCC5BA781F8A85BF9F8F8FCFC10000000,92.215,8D8500005BA881CCCC5BA781F8A85BF9F8F8FCFC10000000,92.215,8D8500005BA881CCCC5BA781F8A85BF9F8F8FCFC10000000,92.215,8D8500005BA881CCCC5BA781F8A85BF9F8F8FCFC10000000,92.215,8D8500005BA881CCCC5BA781F8A85BF9F8F8FCFC10000000,92.215,8D8500005BA881CCCC5BA781F8A85BF9F8F8FCFC10000000,92.215,8D8500005BA881CCCC5BA781F8A85BF9F8F8FCFC10000000,92.215,252,92.215,16,92.251,0,92.251,0002,92.291,12545,92.291,3101,92.291,3101,92.291,3101,92.291,3101,92.291,3101,92.291,3101,92.291,3101,92.291,3101,92.291,3101,92.291,3101,92.291,3101,92.291,3101,92.291,3101
92.383,92.335,14.100000000000001,92.335,8D8500005CA881CDCD5BA881F9A85BFAF9F9FCFD10000000,92.335,8D8500005CA881CDCD5BA881F9A85BFAF9F9FCFD10000000,92.335,8D8500005CA881CDCD5BA881F9A85BFAF9F9FCFD10000000,92.335,8D8500005CA881CDCD5BA881F9A85BFAF9F9FCFD10000000,92.335,8D8500005CA881CDCD5BA881F9A85BFAF9F9FCFD10000000,92.335,8D8500005CA881CDCD5BA881F9A85BFAF9F9FCFD10000000,92.335,8D8500005CA881CDCD5BA881F9A85BFAF9F9FCFD10000000,92.335,8D8500005CA881CDCD5BA881F9A85BFAF9F9FCFD10000000,92.335,8D8500005CA881CDCD5BA881F9A85BFAF9F9FCFD10000000,92.335,8D8500005CA881CDCD5BA881F9A85BFAF9F9FCFD10000000,92.335,8D8500005CA881CDCD5BA881F9A85BFAF9F9FCFD10000000,92.335,8D8500005CA881CDCD5BA881F9A85BFAF9F9FCFD10000000,92.335,8D8500005CA881CDCD5BA881F9A85BFAF9F9FCFD10000000,92.335,8D8500005CA881CDCD5BA881F9A85BFAF9F9FCFD10000000,92.335,253,92.335,16,92.357,0,92.357,0002,92.291,12545,92.291,3101,92.291,3101,92.291,3101,92.291,3101,92.291,3101,92.291,3101,92.291,3101,92.291,3101,92.291,3101,92.291,3101,92.291,3101,92.291,3101,92.291,3101
92.483,92.515,14.100000000000001,92.515,8D8500005BA881CDCD5BA781F9A85BFAF9F9FDFD10000000,92.515,8D8500005BA881CDCD5BA781F9A85BFAF9F9FDFD10000000,92.515,8D8500005BA881CDCD5BA781F9A85BFAF9F9FDFD10000000,92.515,8D8500005BA881CDCD5BA781F9A85BFAF9F9FDFD10000000,92.515,8D8500005BA881CDCD5BA781F9A85BFAF9F9FDFD10000000,92.515,8D8500005BA881CDCD5BA781F9A85BFAF9F9FDFD10000000,92.515,8D8500005BA881CDCD5BA781F9A85BFAF9F9FDFD10000000,92.515,8D8500005BA881CDCD5BA781F9A85BFAF9F9FDFD10000000,92.515,8D8500005BA881CDCD5BA781F9A85BFAF9F9FDFD10000000,92.515,8D8500005BA881CDCD5BA781F9A85BFAF9F9FDFD10000000,92.515,8D8500005BA881CDCD5BA781F9A85BFAF9F9FDFD10000000,92.515,8D8500005BA881CDCD5BA781F9A85BFAF9F9FDFD10000000,92.515,8D8500005BA881CDCD5BA781F9A85BFAF9F9FDFD10000000,92.515,8D8500005BA881CDCD5BA781F9A85BFAF9F9FDFD10000000,92.515,253,92.515,16,92.450,0,92.450,0002,92.450,12545,92.450,3101,92.450,3101,92.450,3101,92.450,3101,92.450,3101,92.450,3101,92.450,3101,92.450,3101,92.450,3101,92.450,3101,92.450,3101,92.450,3101,92.450,3101
92.583,92.625,14.100000000000001,92.625,8D8500005CA881CDCD5BA781F8A85BF9F9F9FCFC0F000000,92.625,8D8500005CA881CDCD5BA781F8A85BF9F9F9FCFC0F000000,92.625,8D8500005CA881CDCD5BA781F8A85BF9F9F9FCFC0F000000,92.625,8D8500005CA881CDCD5BA781F8A85BF9F9F9FCFC0F000000,92.625,8D8500005CA881CDCD5BA781F8A85BF9F9F9FCFC0F000000,92.625,8D8500005CA881CDCD5BA781F8A85BF9F9F9FCFC0F000000,92.625,8D8500005CA881CDCD5BA781F8A85BF9F9F9FCFC0F000000,92.625,8D8500005CA881CDCD5BA781F8A85BF9F9F9FCFC0F000000,92.625,8D8500005CA881CDCD5BA781F8A85BF9F9F9FCFC0F000000,92.625,8D8500005CA881CDCD5BA781F8A85BF9F9F9FCFC0F000000,92.625,8D8500005CA881CDCD5BA781F8A85BF9F9F9FCFC0F000000,92.625,8D8500005CA881CDCD5BA781F8A85BF9F9F9FCFC0F000000,92.625,8D8500005CA881CDCD5BA781F8A85BF9F9F9FCFC0F000000,92.625,8D8500005CA881CDCD5BA781F8A85BF9F9F9FCFC0F000000,92.625,252,92.625,15,92.530,0,92.530,0002,92.530,12545,92.530,3101,92.530,3101,92.530,3101,92.530,3101,92.530,3101,92.530,3101,92.530,3101,92.530,3101,92.530,3101,92.530,3101,92.530,3101,92.530,3101,92.530,3101
92.681,92.715,14.200000000000001,92.715,8E8600005BA881CDCD5BA781F8A85BF9F9F9FCFC10000000,92.715,8E8600005BA881CDCD5BA781F8A85BF9F9F9FCFC10000000,92.715,8E8600005BA881CDCD5BA781F8A85BF9F9F9FCFC10000000,92.715,8E8600005BA881CDCD5BA781F8A85BF9F9F9FCFC10000000,92.715,8E8600005BA881CDCD5BA781F8A85BF9F9F9FCFC10000000,92.715,8E8600005BA881CDCD5BA781F8A85BF9F9F9FCFC10000000,92.715,8E8600005BA881CDCD5BA781F8A85BF9F9F9FCFC10000000,92.715,8E8600005BA881CDCD5BA781F8A85BF9F9F9FCFC10000000,92.715,8E8600005BA881CDCD5BA781F8A85BF9F9F9FCFC10000000,92.715,8E8600005BA881CDCD5BA781F8A85BF9F9F9FCFC10000000,92.715,8E8600005BA881CDCD5BA781F8A85BF9F9F9FCFC10000000,92.715,8E8600005BA881CDCD5BA781F8A85BF9F9F9FCFC10000000,92.715,8E8600005BA881CDCD5BA781F8A85BF9F9F9FCFC10000000,92.715,8E8600005BA881CDCD5BA781F8A85BF9F9F9FCFC10000000,92.715,252,92.715,16,92.639,0,92.639,0002,92.639,12545,92.639,3101,92.639,3101,92.639,3101,92.639,3101,92.639,3101,92.639,3101,92.639,3101,92.639,3101,92.639,3101,92.639,3101,92.639,3101,92.639,3101,92.639,3101
92.781,92.715,14.200000000000001,92.715,8E8600005BA881CDCD5BA781F8A85BF9F9F9FCFC10000000,92.715,8E8600005BA881CDCD5BA781F8A85BF9F9F9FCFC10000000,92.715,8E8600005BA881CDCD5BA781F8A85BF9F9F9FCFC10000000,92.715,8E8600005BA881CDCD5BA781F8A85BF9F9F9FCFC10000000,92.715,8E8600005BA881CDCD5BA781F8A85BF9F9F9FCFC10000000,92.715,8E8600005BA881CDCD5BA781F8A85BF9F9F9FCFC10000000,92.715,8E8600005BA881CDCD5BA781F8A85BF9F9F9FCFC10000000,92.715,8E8600005BA881CDCD5BA781F8A85BF9F9F9FCFC10000000,92.715,8E8600005BA881CDCD5BA781F8A85BF9F9F9FCFC10000000,92.715,8E8600005BA881CDCD5BA781F8A85BF9F9F9FCFC10000000,92.715,8E8600005BA881CDCD5BA781F8A85BF9F9F9FCFC10000000,92.715,8E8600005BA881CDCD5BA781F8A85BF9F9F9FCFC10000000,92.715,8E8600005BA881CDCD5BA781F8A85BF9F9F9FCFC10000000,92.715,8E8600005BA881CDCD5BA781F8A85BF9F9F9FCFC10000000,92.715,252,92.715,16,92.740,0,92.740,0002,92.802,12545,92.802,3101,92.802,3101,92.802,3101,92.802,3101,92.802,3101,92.802,3101,92.802,3101,92.802,3101,92.802,3101,92.802,3101,92.802,3101,92.802,3101,92.802,3101
92.881,92.846,14.100000000000001,92.846,8D8500005CA881CDCD5BA881F8A85BF9F9F9FCFD10000000,92.846,8D8500005CA881CDCD5BA881F8A85BF9F9F9FCFD10000000,92.846,8D8500005CA881CDCD5BA881F8A85BF9F9F9FCFD10000000,92.846,8D8500005CA881CDCD5BA881F8A85BF9F9F9FCFD10000000,92.846,8D8500005CA881CDCD5BA881F8A85BF9F9F9FCFD10000000,92.846,8D8500005CA881CDCD5BA881F8A85BF9F9F9FCFD10000000,92.846,8D8500005CA881CDCD5BA881F8A85BF9F9F9FCFD10000000,92.846,8D8500005CA881CDCD5BA881F8A85BF9F9F9FCFD10000000,92.846,8D8500005CA881CDCD5BA881F8A85BF9F9F9FCFD10000000,92.846,8D8500005CA881CDCD5BA881F8A85BF9F9F9FCFD10000000,92.846,8D8500005CA881CDCD5BA881F8A85BF9F9F9FCFD10000000,92.846,8D8500005CA881CDCD5BA881F8A85BF9F9F9FCFD10000000,92.846,8D8500005CA881CDCD5BA881F8A85BF9F9F9FCFD10000000,92.846,8D8500005CA881CDCD5BA881F8A85BF9F9F9FCFD10000000,92.846,253,92.846,16,92.868,0,92.868,0002,92.802,12545,92.802,3101,92.802,3101,92.802,3101,92.802,3101,92.802,3101,92.802,3101,92.802,3101,92.802,3101,92.802,3101,92.802,3101,92.802,3101,92.802,3101,92.802,3101
92.981,93.015,14.100000000000001,93.015,8D8500005CA88180805BA781F8A85BF9F9F9FCFC10000000,93.015,8D8500005CA88180805BA781F8A85BF9F9F9FCFC10000000,93.015,8D8500005CA88180805BA781F8A85BF9F9F9FCFC10000000,93.015,8D8500005CA88180805BA781F8A85BF9F9F9FCFC10000000,93.015,8D8500005CA88180805BA781F8A85BF9F9F9FCFC10000000,93.015,8D8500005CA88180805BA781F8A85BF9F9F9FCFC10000000,93.015,8D8500005CA88180805BA781F8A85BF9F9F9FCFC10000000,93.015,8D8500005CA88180805BA781F8A85BF9F9F9FCFC10000000,93.015,8D8500005CA88180805BA781F8A85BF9F9F9FCFC10000000,93.015,8D8500005CA88180805BA781F8A85BF9F9F9FCFC10000000,93.015,8D8500005CA88180805BA781F8A85BF9F9F9FCFC10000000,93.015,8D8500005CA88180805BA781F8A85BF9F9F9FCFC10000000,93.015,8D8500005CA88180805BA781F8A85BF9F9F9FCFC10000000,93.015,8D8500005CA88180805BA781F8A85BF9F9F9FCFC10000000,93.015,252,93.015,16,92.949,0,92.949,0002,92.949,12549,92.949,3105,92.949,3105,92.949,3105,92.949,3105,92.949,3105,92.949,3105,92.949,3105,92.949,3105,92.949,3105,92.949,3105,92.949,3105,92.949,3105,92.949,3105
93.083,93.015,14.100000000000001,93.015,8D8500005CA88180805BA781F8A85BF9F9F9FCFC10000000,93.015,8D8500005CA88180805BA781F8A85BF9F9F9FCFC10000000,93.015,8D8500005CA88180805BA781F8A85BF9F9F9FCFC10000000,93.015,8D8500005CA88180805BA781F8A85BF9F9F9FCFC10000000,93.015,8D8500005CA88180805BA781F8A85BF9F9F9FCFC10000000,93.015,8D8500005CA88180805BA781F8A85BF9F9F9FCFC10000000,93.015,8D8500005CA88180805BA781F8A85BF9F9F9FCFC10000000,93.015,8D8500005CA88180805BA781F8A85BF9F9F9FCFC10000000,93.015,8D8500005CA88180805BA781F8A85BF9F9F9FCFC10000000,93.015,8D8500005CA88180805BA781F8A85BF9F9F9FCFC10000000,93.015,8D8500005CA88180805BA781F8A85BF9F9F9FCFC10000000,93.015,8D8500005CA88180805BA781F8A85BF9F9F9FCFC10000000,93.015,8D8500005CA88180805BA781F8A85BF9F9F9FCFC10000000,93.015,8D8500005CA88180805BA781F8A85BF9F9F9FCFC10000000,93.015,252,93.015,16,93.037,0,93.037,0002,93.037,12549,93.037,3105,93.037,3105,93.037,3105,93.037,3105,93.037,3105,93.037,3105,93.037,3105,93.037,3105,93.037,3105,93.037,3105,93.037,3105,93.037,3105,93.037,3105
93.184,93.115,14.100000000000001,93.115,8D8500005CA881CDCD5BA781F9A85BF9F9F9FCFC10000000,93.115,8D8500005CA881CDCD5BA781F9A85BF9F9F9FCFC10000000,93.115,8D8500005CA881CDCD5BA781F9A85BF9F9F9FCFC10000000,93.115,8D8500005CA881CDCD5BA781F9A85BF9F9F9FCFC10000000,93.115,8D8500005CA881CDCD5BA781F9A85BF9F9F9FCFC10000000,93.115,8D8500005CA881CDCD5BA781F9A85BF9F9F9FCFC10000000,93.115,8D8500005CA881CDCD5BA781F9A85BF9F9F9FCFC10000000,93.115,8D8500005CA881CDCD5BA781F9A85BF9F9F9FCFC10000000,93.115,8D8500005CA881CDCD5BA781F9A85BF9F9F9FCFC10000000,93.115,8D8500005CA881CDCD5BA781F9A85BF9F9F9FCFC10000000,93.115,8D8500005CA881CDCD5BA781F9A85BF9F9F9FCFC10000000,93.115,8D8500005CA881CDCD5BA781F9A85BF9F9F9FCFC10000000,93.115,8D8500005CA881CDCD5BA781F9A85BF9F9F9FCFC10000000,93.115,8D8500005CA881CDCD5BA781F9A85BF9F9F9FCFC10000000,93.115,252,93.115,16,93.137,0,93.137,0002,93.137,12545,93.137,3101,93.137,3101,93.137,3101,93.137,3101,93.137,3101,93.137,3101,93.137,3101,93.137,3101,93.137,3101,93.137,3101,93.137,3101,93.137,3101,93.137,3101
93.282,93.223,14.100000000000001,93.223,8D8500005BA881CDCD5BA881F9A85BFAF9F9FCFD10000000,93.223,8D8500005BA881CDCD5BA881F9A85BFAF9F9FCFD10000000,93.223,8D8500005BA881CDCD5BA881F9A85BFAF9F9FCFD10000000,93.223,8D8500005BA881CDCD5BA881F9A85BFAF9F9FCFD10000000,93.223,8D8500005BA881CDCD5BA881F9A85BFAF9F9FCFD10000000,93.223,8D8500005BA881CDCD5BA881F9A85BFAF9F9FCFD10000000,93.223,8D8500005BA881CDCD5BA881F9A85BFAF9F9FCFD10000000,93.223,8D8500005BA881CDCD5BA881F9A85BFAF9F9FCFD10000000,93.223,8D8500005BA881CDCD5BA881F9A85BFAF9F9FCFD10000000,93.223,8D8500005BA881CDCD5BA881F9A85BFAF9F9FCFD10000000,93.223,8D8500005BA881CDCD5BA881F9A85BFAF9F9FCFD10000000,93.223,8D8500005BA881CDCD5BA881F9A85BFAF9F9FCFD10000000,93.223,8D8500005BA881CDCD5BA881F9A85BFAF9F9FCFD10000000,93.223,8D8500005BA881CDCD5BA881F9A85BFAF9F9FCFD10000000,93.223,253,93.223,16,93.260,0,93.260,0002,93.310,12545,93.310,3101,93.310,3101,93.310,3101,93.310,3101,93.310,3101,93.310,3101,93.310,3101,93.310,3101,93.310,3101,93.310,3101,93.310,3101,93.310,3101,93.310,3101
93.381,93.355,14.100000000000001,93.355,8D8500005CA881CCCC5BA781F8A85BF9F9F9FCFC10000000,93.355,8D8500005CA881CCCC5BA781F8A85BF9F9F9FCFC10000000,93.355,8D8500005CA881CCCC5BA781F8A85BF9F9F9FCFC10000000,93.355,8D8500005CA881CCCC5BA781F8A85BF9F9F9FCFC10000000,93.355,8D8500005CA881CCCC5BA781F8A85BF9F9F9FCFC10000000,93.355,8D8500005CA881CCCC5BA781F8A85BF9F9F9FCFC10000000,93.355,8D8500005CA881CCCC5BA781F8A85BF9F9F9FCFC10000000,93.355,8D8500005CA881CCCC5BA781F8A85BF9F9F9FCFC10000000,93.355,8D8500005CA881CCCC5BA781F8A85BF9F9F9FCFC10000000,93.355,8D8500005CA881CCCC5BA781F8A85BF9F9F9FCFC10000000,93.355,8D8500005CA881CCCC5BA781F8A85BF9F9F9FCFC10000000,93.355,8D8500005CA881CCCC5BA781F8A85BF9F9F9FCFC10000000,93.355,8D8500005CA881CCCC5BA781F8A85BF9F9F9FCFC10000000,93.355,8D8500005CA881CCCC5BA781F8A85BF9F9F9FCFC10000000,93.355,252,93.355,16,93.389,0,93.389,0002,93.389,12545,93.389,3101,93.389,3101,93.389,3101,93.389,3101,93.389,3101,93.389,3101,93.389,3101,93.389,3101,93.389,3101,93.389,3101,93.389,3101,93.389,3101,93.389,3101
93.482,93.515,14.200000000000001,93.515,8E8600005CA881CCCC5BA781F8A85BF9F9F9FCFC10000000,93.515,8E8600005CA881CCCC5BA781F8A85BF9F9F9FCFC10000000,93.515,8E8600005CA881CCCC5BA781F8A85BF9F9F9FCFC10000000,93.515,8E8600005CA881CCCC5BA781F8A85BF9F9F9FCFC10000000,93.515,8E8600005CA881CCCC5BA781F8A85BF9F9F9FCFC10000000,93.515,8E8600005CA881CCCC5BA781F8A85BF9F9F9FCFC10000000,93.515,8E8600005CA881CCCC5BA781F8A85BF9F9F9FCFC10000000,93.515,8E8600005CA881CCCC5BA781F8A85BF9F9F9FCFC10000000,93.515,8E8600005CA881CCCC5BA781F8A85BF9F9F9FCFC10000000,93.515,8E8600005CA881CCCC5BA781F8A85BF9F9F9FCFC10000000,93.515,8E8600005CA881CCCC5BA781F8A85BF9F9F9FCFC10000000,93.515,8E8600005CA881CCCC5BA781F8A85BF9F9F9FCFC10000000,93.515,8E8600005CA881CCCC5BA781F8A85BF9F9F9FCFC10000000,93.515,8E8600005CA881CCCC5BA781F8A85BF9F9F9FCFC10000000,93.515,252,93.515,16,93.450,0,93.450,0002,93.389,12545,93.389,3101,93.389,3101,93.389,3101,93.389,3101,93.389,3101,93.389,3101,93.389,3101,93.389,3101,93.389,3101,93.389,3101,93.389,3101,93.389,3101,93.389,3101
93.580,93.615,14.200000000000001,93.615,8E8600005BA880CCCC5BA781F8A85BF9F9F9FCFC10000000,93.615,8E8600005BA880CCCC5BA781F8A85BF9F9F9FCFC10000000,93.615,8E8600005BA880CCCC5BA781F8A85BF9F9F9FCFC10000000,93.615,8E8600005BA880CCCC5BA781F8A85BF9F9F9FCFC10000000,93.615,8E8600005BA880CCCC5BA781F8A85BF9F9F9FCFC10000000,93.615,8E8600005BA880CCCC5BA781F8A85BF9F9F9FCFC10000000,93.615,8E8600005BA880CCCC5BA781F8A85BF9F9F9FCFC10000000,93.615,8E8600005BA880CCCC5BA781F8A85BF9F9F9FCFC10000000,93.615,8E8600005BA880CCCC5BA781F8A85BF9F9F9FCFC10000000,93.615,8E8600005BA880CCCC5BA781F8A85BF9F9F9FCFC10000000,93.615,8E8600005BA880CCCC5BA781F8A85BF9F9F9FCFC10000000,93.615,8E8600005BA880CCCC5BA781F8A85BF9F9F9FCFC10000000,93.615,8E8600005BA880CCCC5BA781F8A85BF9F9F9FCFC10000000,93.615,8E8600005BA880CCCC5BA781F8A85BF9F9F9FCFC10000000,93.615,252,93.615,16,93.530,0,93.530,0002,93.530,12545,93.530,3101,93.530,3101,93.530,3101,93.530,3101,93.530,3101,93.530,3101,93.530,3101,93.530,3101,93.530,3101,93.530,3101,93.530,3101,93.530,3101,93.530,3101
93.681,93.615,14.200000000000001,93.615,8E8600005BA880CCCC5BA781F8A85BF9F9F9FCFC10000000,93.615,8E8600005BA880CCCC5BA781F8A85BF9F9F9FCFC10000000,93.615,8E8600005BA880CCCC5BA781F8A85BF9F9F9FCFC10000000,93.615,8E8600005BA880CCCC5BA781F8A85BF9F9F9FCFC10000000,93.615,8E8600005BA880CCCC5BA781F8A85BF9F9F9FCFC10000000,93.615,8E8600005BA880CCCC5BA781F8A85BF9F9F9FCFC10000000,93.615,8E8600005BA880CCCC5BA781F8A85BF9F9F9FCFC10000000,93.615,8E8600005BA880CCCC5BA781F8A85BF9F9F9FCFC10000000,93.615,8E8600005BA880CCCC5BA781F8A85BF9F9F9FCFC10000000,93.615,8E8600005BA880CCCC5BA781F8A85BF9F9F9FCFC10000000,93.615,8E8600005BA880CCCC5BA781F8A85BF9F9F9FCFC10000000,93.615,8E8600005BA880CCCC5BA781F8A85BF9F9F9FCFC10000000,93.615,8E8600005BA880CCCC5BA781F8A85BF9F9F9FCFC10000000,93.615,8E8600005BA880CCCC5BA781F8A85BF9F9F9FCFC10000000,93.615,252,93.615,16,93.630,0,93.630,0002,93.630,12545,93.630,3101,93.630,3101,93.630,3101,93.630,3101,93.630,3101,93.630,3101,93.630,3101,93.630,3101,93.630,3101,93.630,3101,93.630,3101,93.630,3101,93.630,3101
93.781,93.715,14.100000000000001,93.715,8D8500005BA881CDCD5BA781F8A85BF9F9F9FCFC10000000,93.715,8D8500005BA881CDCD5BA781F8A85BF9F9F9FCFC10000000,93.715,8D8500005BA881CDCD5BA781F8A85BF9F9F9FCFC10000000,93.715,8D8500005BA881CDCD5BA781F8A85BF9F9F9FCFC10000000,93.715,8D8500005BA881CDCD5BA781F8A85BF9F9F9FCFC10000000,93.715,8D8500005BA881CDCD5BA781F8A85BF9F9F9FCFC10000000,93.715,8D8500005BA881CDCD5BA781F8A85BF9F9F9FCFC10000000,93.715,8D8500005BA881CDCD5BA781F8A85BF9F9F9FCFC10000000,93.715,8D8500005BA881CDCD5BA781F8A85BF9F9F9FCFC10000000,93.715,8D8500005BA881CDCD5BA781F8A85BF9F9F9FCFC10000000,93.715,8D8500005BA881CDCD5BA781F8A85BF9F9F9FCFC10000000,93.715,8D8500005BA881CDCD5BA781F8A85BF9F9F9FCFC10000000,93.715,8D8500005BA881CDCD5BA781F8A85BF9F9F9FCFC10000000,93.715,8D8500005BA881CDCD5BA781F8A85BF9F9F9FCFC10000000,93.715,252,93.715,16,93.750,0,93.750,0002,93.791,12545,93.791,3101,93.791,3101,93.791,3101,93.791,3101,93.791,3101,93.791,3101,93.791,3101,93.791,3101,93.791,3101,93.791,3101,93.791,3101,93.791,3101,93.791,3101
93.881,93.835,14.100000000000001,93.835,8D8500005BA881CDCD5BA781F8A85BF9F9F9FCFC10000000,93.835,8D8500005BA881CDCD5BA781F8A85BF9F9F9FCFC10000000,93.835,8D8500005BA881CDCD5BA781F8A85BF9F9F9FCFC10000000,93.835,8D8500005BA881CDCD5BA781F8A85BF9F9F9FCFC10000000,93.835,8D8500005BA881CDCD5BA781F8A85BF9F9F9FCFC10000000,93.835,8D8500005BA881CDCD5BA781F8A85BF9F9F9FCFC10000000,93.835,8D8500005BA881CDCD5BA781F8A85BF9F9F9FCFC10000000,93.835,8D8500005BA881CDCD5BA781F8A85BF9F9F9FCFC10000000,93.835,8D8500005BA881CDCD5BA781F8A85BF9F9F9FCFC10000000,93.835,8D8500005BA881CDCD5BA781F8A85BF9F9F9FCFC10000000,93.835,8D8500005BA881CDCD5BA781F8A85BF9F9F9FCFC10000000,93.835,8D8500005BA881CDCD5BA781F8A85BF9F9F9FCFC10000000,93.835,8D8500005BA881CDCD5BA781F8A85BF9F9F9FCFC10000000,93.835,8D8500005BA881CDCD5BA781F8A85BF9F9F9FCFC10000000,93.835,252,93.835,16,93.868,0,93.868,0002,93.791,12545,93.791,3101,93.791,3101,93.791,3101,93.791,3101,93.791,3101,93.791,3101,93.791,3101,93.791,3101,93.791,3101,93.791,3101,93.791,3101,93.791,3101,93.791,3101
93.981,94.016,14.100000000000001,94.016,8D8500005BA881CCCC5BA781F8A75BF9F9F9FCFC10000000,94.016,8D8500005BA881CCCC5BA781F8A75BF9F9F9FCFC10000000,94.016,8D8500005BA881CCCC5BA781F8A75BF9F9F9FCFC10000000,94.016,8D8500005BA881CCCC5BA781F8A75BF9F9F9FCFC10000000,94.016,8D8500005BA881CCCC5BA781F8A75BF9F9F9FCFC10000000,94.016,8D8500005BA881CCCC5BA781F8A75BF9F9F9FCFC10000000,94.016,8D8500005BA881CCCC5BA781F8A75BF9F9F9FCFC10000000,94.016,8D8500005BA881CCCC5BA781F8A75BF9F9F9FCFC10000000,94.016,8D8500005BA881CCCC5BA781F8A75BF9F9F9FCFC10000000,94.016,8D8500005BA881CCCC5BA781F8A75BF9F9F9FCFC10000000,94.016,8D8500005BA881CCCC5BA781F8A75BF9F9F9FCFC10000000,94.016,8D8500005BA881CCCC5BA781F8A75BF9F9F9FCFC10000000,94.016,8D8500005BA881CCCC5BA781F8A75BF9F9F9FCFC10000000,94.016,8D8500005BA881CCCC5BA781F8A75BF9F9F9FCFC10000000,94.016,252,94.016,16,93.950,0,93.950,0002,93.950,12545,93.950,3101,93.950,3101,93.950,3101,93.950,3101,93.950,3101,93.950,3101,93.950,3101,93.950,3101,93.950,3101,93.950,3101,93.950,3101,93.950,3101,93.950,3101
94.083,94.115,14.100000000000001,94.115,8D8500005BA881CCCC5BA781F8A85BF9F8F8FCFC10000000,94.115,8D8500005BA881CCCC5BA781F8A85BF9F8F8FCFC10000000,94.115,8D8500005BA881CCCC5BA781F8A85BF9F8F8FCFC10000000,94.115,8D8500005BA881CCCC5BA781F8A85BF9F8F8FCFC10000000,94.115,8D8500005BA881CCCC5BA781F8A85BF9F8F8FCFC10000000,94.115,8D8500005BA881CCCC5BA781F8A85BF9F8F8FCFC10000000,94.115,8D8500005BA881CCCC5BA781F8A85BF9F8F8FCFC10000000,94.115,8D8500005BA881CCCC5BA781F8A85BF9F8F8FCFC10000000,94.115,8D8500005BA881CCCC5BA781F8A85BF9F8F8FCFC10000000,94.115,8D8500005BA881CCCC5BA781F8A85BF9F8F8FCFC10000000,94.115,8D8500005BA881CCCC5BA781F8A85BF9F8F8FCFC10000000,94.115,8D8500005BA881CCCC5BA781F8A85BF9F8F8FCFC10000000,94.115,8D8500005BA881CCCC5BA781F8A85BF9F8F8FCFC10000000,94.115,8D8500005BA881CCCC5BA781F8A85BF9F8F8FCFC10000000,94.115,252,94.115,16,94.030,0,94.030,0002,94.030,12545,94.030,3101,94.030,3101,94.030,3101,94.030,3101,94.030,3101,94.030,3101,94.030,3101,94.030,3101,94.030,3101,94.030,3101,94.030,3101,94.030,3101,94.030,3101
94.181,94.215,14.200000000000001,94.215,8E8600005CA881CCCC5BA781F8A85BF9F9F9FCFC10000000,94.215,8E8600005CA881CCCC5BA781F8A85BF9F9F9FCFC10000000,94.215,8E8600005CA881CCCC5BA781F8A85BF9F9F9FCFC10000000,94.215,8E8600005CA881CCCC5BA781F8A85BF9F9F9FCFC10000000,94.215,8E8600005CA881CCCC5BA781F8A85BF9F9F9FCFC10000000,94.215,8E8600005CA881CCCC5BA781F8A85BF9F9F9FCFC10000000,94.215,8E8600005CA881CCCC5BA781F8A85BF9F9F9FCFC10000000,94.215,8E8600005CA881CCCC5BA781F8A85BF9F9F9FCFC10000000,94.215,8E8600005CA881CCCC5BA781F8A85BF9F9F9FCFC10000000,94.215,8E8600005CA881CCCC5BA781F8A85BF9F9F9FCFC10000000,94.215,8E8600005CA881CCCC5BA781F8A85BF9F9F9FCFC10000000,94.215,8E8600005CA881CCCC5BA781F8A85BF9F9F9FCFC10000000,94.215,8E8600005CA881CCCC5BA781F8A85BF9F9F9FCFC10000000,94.215,8E8600005CA881CCCC5BA781F8A85BF9F9F9FCFC10000000,94.215,252,94.215,16,94.130,0,94.130,0002,94.130,12545,94.130,3101,94.130,3101,94.130,3101,94.130,3101,94.130,3101,94.130,3101,94.130,3101,94.130,3101,94.130,3101,94.130,3101,94.130,3101,94.130,3101,94.130,3101
94.283,94.215,14.200000000000001,94.215,8E8600005CA881CCCC5BA781F8A85BF9F9F9FCFC10000000,94.215,8E8600005CA881CCCC5BA781F8A85BF9F9F9FCFC10000000,94.215,8E8600005CA881CCCC5BA781F8A85BF9F9F9FCFC10000000,94.215,8E8600005CA881CCCC5BA781F8A85BF9F9F9FCFC10000000,94.215,8E8600005CA881CCCC5BA781F8A85BF9F9F9FCFC10000000,94.215,8E8600005CA881CCCC5BA781F8A85BF9F9F9FCFC10000000,94.215,8E8600005CA881CCCC5BA781F8A85BF9F9F9FCFC10000000,94.215,8E8600005CA881CCCC5BA781F8A85BF9F9F9FCFC10000000,94.215,8E8600005CA881CCCC5BA781F8A85BF9F9F9FCFC10000000,94.215,8E8600005CA881CCCC5BA781F8A85BF9F9F9FCFC10000000,94.215,8E8600005CA881CCCC5BA781F8A85BF9F9F9FCFC10000000,94.215,8E8600005CA881CCCC5BA781F8A85BF9F9F9FCFC10000000,94.215,8E8600005CA881CCCC5BA781F8A85BF9F9F9FCFC10000000,94.215,8E8600005CA881CCCC5BA781F8A85BF9F9F9FCFC10000000,94.215,252,94.215,16,94.240,0,94.240,0002,94.240,12545,94.240,3101,94.240,3101,94.240,3101,94.240,3101,94.240,3101,94.240,3101,94.240,3101,94.240,3101,94.240,3101,94.240,3101,94.240,3101,94.240,3101,94.240,3101
94.383,94.366,14.100000000000001,94.366,8D8500005BA881CDCD5BA781F8A85BF9F9F9FCFC10000000,94.366,8D8500005BA881CDCD5BA781F8A85BF9F9F9FCFC10000000,94.366,8D8500005BA881CDCD5BA781F8A85BF9F9F9FCFC10000000,94.366,8D8500005BA881CDCD5BA781F8A85BF9F9F9FCFC10000000,94.366,8D8500005BA881CDCD5BA781F8A85BF9F9F9FCFC10000000,94.366,8D8500005BA881CDCD5BA781F8A85BF9F9F9FCFC10000000,94.366,8D8500005BA881CDCD5BA781F8A85BF9F9F9FCFC10000000,94.366,8D8500005BA881CDCD5BA781F8A85BF9F9F9FCFC10000000,94.366,8D8500005BA881CDCD5BA781F8A85BF9F9F9FCFC10000000,94.366,8D8500005BA881CDCD5BA781F8A85BF9F9F9FCFC10000000,94.366,8D8500005BA881CDCD5BA781F8A85BF9F9F9FCFC10000000,94.366,8D8500005BA881CDCD5BA781F8A85BF9F9F9FCFC10000000,94.366,8D8500005BA881CDCD5BA781F8A85BF9F9F9FCFC10000000,94.366,8D8500005BA881CDCD5BA781F8A85BF9F9F9FCFC10000000,94.366,252,94.366,16,94.399,0,94.240,0002,94.310,12545,94.310,3101,94.310,3101,94.310,3101,94.310,3101,94.310,3101,94.310,3101,94.310,3101,94.310,3101,94.310,3101,94.310,3101,94.310,3101,94.310,3101,94.310,3101
94.484,94.435,14.100000000000001,94.435,8D8500005BA881CDCD5BA781F8A85BFAF9F9FDFD10000000,94.435,8D8500005BA881CDCD5BA781F8A85BFAF9F9FDFD10000000,94.435,8D8500005BA881CDCD5BA781F8A85BFAF9F9FDFD10000000,94.435,8D8500005BA881CDCD5BA781F8A85BFAF9F9FDFD10000000,94.435,8D8500005BA881CDCD5BA781F8A85BFAF9F9FDFD10000000,94.435,8D8500005BA881CDCD5BA781F8A85BFAF9F9FDFD10000000,94.435,8D8500005BA881CDCD5BA781F8A85BFAF9F9FDFD10000000,94.435,8D8500005BA881CDCD5BA781F8A85BFAF9F9FDFD10000000,94.435,8D8500005BA881CDCD5BA781F8A85BFAF9F9FDFD10000000,94.435,8D8500005BA881CDCD5BA781F8A85BFAF9F9FDFD10000000,94.435,8D8500005BA881CDCD5BA781F8A85BFAF9F9FDFD10000000,94.435,8D8500005BA881CDCD5BA781F8A85BFAF9F9FDFD10000000,94.435,8D8500005BA881CDCD5BA781F8A85BFAF9F9FDFD10000000,94.435,8D8500005BA881CDCD5BA781F8A85BFAF9F9FDFD10000000,94.435,253,94.435,16,94.458,0,94.458,0002,94.399,12545,94.399,3101,94.399,3101,94.399,3101,94.399,3101,94.399,3101,94.399,3101,94.399,3101,94.399,3101,94.399,3101,94.399,3101,94.399,3101,94.399,3101,94.399,3101
94.582,94.616,14.100000000000001,94.616,8D8500005BA881CCCC5BA781F8A75BF9F8F8FCFC10000000,94.616,8D8500005BA881CCCC5BA781F8A75BF9F8F8FCFC10000000,94.616,8D8500005BA881CCCC5BA781F8A75BF9F8F8FCFC10000000,94.616,8D8500005BA881CCCC5BA781F8A75BF9F8F8FCFC10000000,94.616,8D8500005BA881CCCC5BA781F8A75BF9F8F8FCFC10000000,94.616,8D8500005BA881CCCC5BA781F8A75BF9F8F8FCFC10000000,94.616,8D8500005BA881CCCC5BA781F8A75BF9F8F8FCFC10000000,94.616,8D8500005BA881CCCC5BA781F8A75BF9F8F8FCFC10000000,94.616,8D8500005BA881CCCC5BA781F8A75BF9F8F8FCFC10000000,94.616,8D8500005BA881CCCC5BA781F8A75BF9F8F8FCFC10000000,94.616,8D8500005BA881CCCC5BA781F8A75BF9F8F8FCFC10000000,94.616,8D8500005BA881CCCC5BA781F8A75BF9F8F8FCFC10000000,94.616,8D8500005BA881CCCC5BA781F8A75BF9F8F8FCFC10000000,94.616,8D8500005BA881CCCC5BA781F8A75BF9F8F8FCFC10000000,94.616,252,94.616,16,94.550,0,94.550,0002,94.550,12545,94.550,3101,94.550,3101,94.550,3101,94.550,3101,94.550,3101,94.550,3101,94.550,3101,94.550,3101,94.550,3101,94.550,3101,94.550,3101,94.550,3101,94.550,3101
94.683,94.717,14.100000000000001,94.717,8D8500005BA880CCCC5BA781F8A75BF9F9F9FCFC10000000,94.717,8D8500005BA880CCCC5BA781F8A75BF9F9F9FCFC10000000,94.717,8D8500005BA880CCCC5BA781F8A75BF9F9F9FCFC10000000,94.717,8D8500005BA880CCCC5BA781F8A75BF9F9F9FCFC10000000,94.717,8D8500005BA880CCCC5BA781F8A75BF9F9F9FCFC10000000,94.717,8D8500005BA880CCCC5BA781F8A75BF9F9F9FCFC10000000,94.717,8D8500005BA880CCCC5BA781F8A75BF9F9F9FCFC10000000,94.717,8D8500005BA880CCCC5BA781F8A75BF9F9F9FCFC10000000,94.717,8D8500005BA880CCCC5BA781F8A75BF9F9F9FCFC10000000,94.717,8D8500005BA880CCCC5BA781F8A75BF9F9F9FCFC10000000,94.717,8D8500005BA880CCCC5BA781F8A75BF9F9F9FCFC10000000,94.717,8D8500005BA880CCCC5BA781F8A75BF9F9F9FCFC10000000,94.717,8D8500005BA880CCCC5BA781F8A75BF9F9F9FCFC10000000,94.717,8D8500005BA880CCCC5BA781F8A75BF9F9F9FCFC10000000,94.717,252,94.717,16,94.630,0,94.630,0002,94.630,12545,94.630,3101,94.630,3101,94.630,3101,94.630,3101,94.630,3101,94.630,3101,94.630,3101,94.630,3101,94.630,3101,94.630,3101,94.630,3101,94.630,3101,94.630,3101
94.781,94.717,14.100000000000001,94.717,8D8500005BA880CCCC5BA781F8A75BF9F9F9FCFC10000000,94.717,8D8500005BA880CCCC5BA781F8A75BF9F9F9FCFC10000000,94.717,8D8500005BA880CCCC5BA781F8A75BF9F9F9FCFC10000000,94.717,8D8500005BA880CCCC5BA781F8A75BF9F9F9FCFC10000000,94.717,8D8500005BA880CCCC5BA781F8A75BF9F9F9FCFC10000000,94.717,8D8500005BA880CCCC5BA781F8A75BF9F9F9FCFC10000000,94.717,8D8500005BA880CCCC5BA781F8A75BF9F9F9FCFC10000000,94.717,8D8500005BA880CCCC5BA781F8A75BF9F9F9FCFC10000000,94.717,8D8500005BA880CCCC5BA781F8A75BF9F9F9FCFC10000000,94.717,8D8500005BA880CCCC5BA781F8A75BF9F9F9FCFC10000000,94.717,8D8500005BA880CCCC5BA781F8A75BF9F9F9FCFC10000000,94.717,8D8500005BA880CCCC5BA781F8A75BF9F9F9FCFC10000000,94.717,8D8500005BA880CCCC5BA781F8A75BF9F9F9FCFC10000000,94.717,8D8500005BA880CCCC5BA781F8A75BF9F9F9FCFC10000000,94.717,252,94.717,16,94.761,0,94.761,0002,94.800,12545,94.800,3101,94.800,3101,94.800,3101,94.800,3101,94.800,3101,94.800,3101,94.800,3101,94.800,3101,94.800,3101,94.800,3101,94.800,3101,94.800,3101,94.800,3101
94.883,94.847,14.100000000000001,94.847,8D8500005CA880CCCC5BA781F8A85BF9F9F9FCFC10000000,94.847,8D8500005CA880CCCC5BA781F8A85BF9F9F9FCFC10000000,94.847,8D8500005CA880CCCC5BA781F8A85BF9F9F9FCFC10000000,94.847,8D8500005CA880CCCC5BA781F8A85BF9F9F9FCFC10000000,94.847,8D8500005CA880CCCC5BA781F8A85BF9F9F9FCFC10000000,94.847,8D8500005CA880CCCC5BA781F8A85BF9F9F9FCFC10000000,94.847,8D8500005CA880CCCC5BA781F8A85BF9F9F9FCFC10000000,94.847,8D8500005CA880CCCC5BA781F8A85BF9F9F9FCFC10000000,94.847,8D8500005CA880CCCC5BA781F8A85BF9F9F9FCFC10000000,94.847,8D8500005CA880CCCC5BA781F8A85BF9F9F9FCFC10000000,94.847,8D8500005CA880CCCC5BA781F8A85BF9F9F9FCFC10000000,94.847,8D8500005CA880CCCC5BA781F8A85BF9F9F9FCFC10000000,94.847,8D8500005CA880CCCC5BA781F8A85BF9F9F9FCFC10000000,94.847,8D8500005CA880CCCC5BA781F8A85BF9F9F9FCFC10000000,94.847,252,94.847,16,94.859,0,94.859,0002,94.800,12545,94.800,3101,94.800,3101,94.800,3101,94.800,3101,94.800,3101,94.800,3101,94.800,3101,94.800,3101,94.800,3101,94.800,3101,94.800,3101,94.800,3101,94.800,3101
94.982,95.015,14.100000000000001,95.015,8D8500005CA881CDCD5BA881F8A85BFAF9F9FDFD10000000,95.015,8D8500005CA881CDCD5BA881F8A85BFAF9F9FDFD10000000,95.015,8D8500005CA881CDCD5BA881F8A85BFAF9F9FDFD10000000,95.015,8D8500005CA881CDCD5BA881F8A85BFAF9F9FDFD10000000,95.015,8D8500005CA881CDCD5BA881F8A85BFAF9F9FDFD10000000,95.015,8D8500005CA881CDCD5BA881F8A85BFAF9F9FDFD10000000,95.015,8D8500005CA881CDCD5BA881F8A85BFAF9F9FDFD10000000,95.015,8D8500005CA881CDCD5BA881F8A85BFAF9F9FDFD10000000,95.015,8D8500005CA881CDCD5BA881F8A85BFAF9F9FDFD10000000,95.015,8D8500005CA881CDCD5BA881F8A85BFAF9F9FDFD10000000,95.015,8D8500005CA881CDCD5BA881F8A85BFAF9F9FDFD10000000,95.015,8D8500005CA881CDCD5BA881F8A85BFAF9F9FDFD10000000,95.015,8D8500005CA881CDCD5BA881F8A85BFAF9F9FDFD10000000,95.015,8D8500005CA881CDCD5BA881F8A85BFAF9F9FDFD10000000,95.015,253,95.015,16,94.947,0,94.947,0002,94.947,12545,94.947,3101,94.947,3101,94.947,3101,94.947,3101,94.947,3101,94.947,3101,94.947,3101,94.947,3101,94.947,3101,94.947,3101,94.947,3101,94.947,3101,94.947,3101
95.082,95.115,14.100000000000001,95.115,8D8500005CA881CDCD5BA781F9A85BF9F9F9FCFC10000000,95.115,8D8500005CA881CDCD5BA781F9A85BF9F9F9FCFC10000000,95.115,8D8500005CA881CDCD5BA781F9A85BF9F9F9FCFC10000000,95.115,8D8500005CA881CDCD5BA781F9A85BF9F9F9FCFC10000000,95.115,8D8500005CA881CDCD5BA781F9A85BF9F9F9FCFC10000000,95.115,8D8500005CA881CDCD5BA781F9A85BF9F9F9FCFC10000000,95.115,8D8500005CA881CDCD5BA781F9A85BF9F9F9FCFC10000000,95.115,8D8500005CA881CDCD5BA781F9A85BF9F9F9FCFC10000000,95.115,8D8500005CA881CDCD5BA781F9A85BF9F9F9FCFC10000000,95.115,8D8500005CA881CDCD5BA781F9A85BF9F9F9FCFC10000000,95.115,8D8500005CA881CDCD5BA781F9A85BF9F9F9FCFC10000000,95.115,8D8500005CA881CDCD5BA781F9A85BF9F9F9FCFC10000000,95.115,8D8500005CA881CDCD5BA781F9A85BF9F9F9FCFC10000000,95.115,8D8500005CA881CDCD5BA781F9A85BF9F9F9FCFC10000000,95.115,252,95.115,16,95.030,0,95.030,0002,95.030,12545,95.030,3101,95.030,3101,95.030,3101,95.030,3101,95.030,3101,95.030,3101,95.030,3101,95.030,3101,95.030,3101,95.030,3101,95.030,3101,95.030,3101,95.030,3101
95.181,95.215,14.200000000000001,95.215,8E8600005BA880CCCC5BA780F8A85BF8F8F8FBFC10000000,95.215,8E8600005BA880CCCC5BA780F8A85BF8F8F8FBFC10000000,95.215,8E8600005BA880CCCC5BA780F8A85BF8F8F8FBFC10000000,95.215,8E8600005BA880CCCC5BA780F8A85BF8F8F8FBFC10000000,95.215,8E8600005BA880CCCC5BA780F8A85BF8F8F8FBFC10000000,95.215,8E8600005BA880CCCC5BA780F8A85BF8F8F8FBFC10000000,95.215,8E8600005BA880CCCC5BA780F8A85BF8F8F8FBFC10000000,95.215,8E8600005BA880CCCC5BA780F8A85BF8F8F8FBFC10000000,95.215,8E8600005BA880CCCC5BA780F8A85BF8F8F8FBFC10000000,95.215,8E8600005BA880CCCC5BA780F8A85BF8F8F8FBFC10000000,95.215,8E8600005BA880CCCC5BA780F8A85BF8F8F8FBFC10000000,95.215,8E8600005BA880CCCC5BA780F8A85BF8F8F8FBFC10000000,95.215,8E8600005BA880CCCC5BA780F8A85BF8F8F8FBFC10000000,95.215,8E8600005BA880CCCC5BA780F8A85BF8F8F8FBFC10000000,95.215,252,95.215,16,95.150,0,95.150,0002,95.150,12545,95.150,3101,95.150,3101,95.150,3101,95.150,3101,95.150,3101,95.150,3101,95.150,3101,95.150,3101,95.150,3101,95.150,3101,95.150,3101,95.150,3101,95.150,3101
95.282,95.215,14.200000000000001,95.215,8E8600005BA880CCCC5BA780F8A85BF8F8F8FBFC10000000,95.215,8E8600005BA880CCCC5BA780F8A85BF8F8F8FBFC10000000,95.215,8E8600005BA880CCCC5BA780F8A85BF8F8F8FBFC10000000,95.215,8E8600005BA880CCCC5BA780F8A85BF8F8F8FBFC10000000,95.215,8E8600005BA880CCCC5BA780F8A85BF8F8F8FBFC10000000,95.215,8E8600005BA880CCCC5BA780F8A85BF8F8F8FBFC10000000,95.215,8E8600005BA880CCCC5BA780F8A85BF8F8F8FBFC10000000,95.215,8E8600005BA880CCCC5BA780F8A85BF8F8F8FBFC10000000,95.215,8E8600005BA880CCCC5BA780F8A85BF8F8F8FBFC10000000,95.215,8E8600005BA880CCCC5BA780F8A85BF8F8F8FBFC10000000,95.215,8E8600005BA880CCCC5BA780F8A85BF8F8F8FBFC10000000,95.215,8E8600005BA880CCCC5BA780F8A85BF8F8F8FBFC10000000,95.215,8E8600005BA880CCCC5BA780F8A85BF8F8F8FBFC10000000,95.215,8E8600005BA880CCCC5BA780F8A85BF8F8F8FBFC10000000,95.215,252,95.215,16,95.241,0,95.241,0002,95.291,12545,95.291,3101,95.291,3101,95.291,3101,95.291,3101,95.291,3101,95.291,3101,95.291,3101,95.291,3101,95.291,3101,95.291,3101,95.291,3101,95.291,3101,95.291,3101
95.381,95.425,14.200000000000001,95.425,8E8600005CA881CDCD5BA881F8A85BF9F9F9FCFC10000000,95.425,8E8600005CA881CDCD5BA881F8A85BF9F9F9FCFC10000000,95.425,8E8600005CA881CDCD5BA881F8A85BF9F9F9FCFC10000000,95.425,8E8600005CA881CDCD5BA881F8A85BF9F9F9FCFC10000000,95.425,8E8600005CA881CDCD5BA881F8A85BF9F9F9FCFC10000000,95.425,8E8600005CA881CDCD5BA881F8A85BF9F9F9FCFC10000000,95.425,8E8600005CA881CDCD5BA881F8A85BF9F9F9FCFC10000000,95.425,8E8600005CA881CDCD5BA881F8A85BF9F9F9FCFC10000000,95.425,8E8600005CA881CDCD5BA881F8A85BF9F9F9FCFC10000000,95.425,8E8600005CA881CDCD5BA881F8A85BF9F9F9FCFC10000000,95.425,8E8600005CA881CDCD5BA881F8A85BF9F9F9FCFC10000000,95.425,8E8600005CA881CDCD5BA881F8A85BF9F9F9FCFC10000000,95.425,8E8600005CA881CDCD5BA881F8A85BF9F9F9FCFC10000000,95.425,8E8600005CA881CDCD5BA881F8A85BF9F9F9FCFC10000000,95.425,252,95.425,16,95.371,0,95.371,0002,95.291,12545,95.291,3101,95.291,3101,95.291,3101,95.291,3101,95.291,3101,95.291,3101,95.291,3101,95.291,3101,95.291,3101,95.291,3101,95.291,3101,95.291,3101,95.291,3101
95.481,95.515,14.100000000000001,95.515,8D8500005BA881CDCD5BA781F8A85BF9F9F9FCFD10000000,95.515,8D8500005BA881CDCD5BA781F8A85BF9F9F9FCFD10000000,95.515,8D8500005BA881CDCD5BA781F8A85BF9F9F9FCFD10000000,95.515,8D8500005BA881CDCD5BA781F8A85BF9F9F9FCFD10000000,95.515,8D8500005BA881CDCD5BA781F8A85BF9F9F9FCFD10000000,95.515,8D8500005BA881CDCD5BA781F8A85BF9F9F9FCFD10000000,95.515,8D8500005BA881CDCD5BA781F8A85BF9F9F9FCFD10000000,95.515,8D8500005BA881CDCD5BA781F8A85BF9F9F9FCFD10000000,95.515,8D8500005BA881CDCD5BA781F8A85BF9F9F9FCFD10000000,95.515,8D8500005BA881CDCD5BA781F8A85BF9F9F9FCFD10000000,95.515,8D8500005BA881CDCD5BA781F8A85BF9F9F9FCFD10000000,95.515,8D8500005BA881CDCD5BA781F8A85BF9F9F9FCFD10000000,95.515,8D8500005BA881CDCD5BA781F8A85BF9F9F9FCFD10000000,95.515,8D8500005BA881CDCD5BA781F8A85BF9F9F9FCFD10000000,95.515,253,95.515,16,95.439,0,95.439,0002,95.439,12545,95.439,3101,95.439,3101,95.439,3101,95.439,3101,95.439,3101,95.439,3101,95.439,3101,95.439,3101,95.439,3101,95.439,3101,95.439,3101,95.439,3101,95.439,3101
95.582,95.615,14.100000000000001,95.615,8D8500005BA780CCCC5BA781F8A75BF8F8F8FBFC10000000,95.615,8D8500005BA780CCCC5BA781F8A75BF8F8F8FBFC10000000,95.615,8D8500005BA780CCCC5BA781F8A75BF8F8F8FBFC10000000,95.615,8D8500005BA780CCCC5BA781F8A75BF8F8F8FBFC10000000,95.615,8D8500005BA780CCCC5BA781F8A75BF8F8F8FBFC10000000,95.615,8D8500005BA780CCCC5BA781F8A75BF8F8F8FBFC10000000,95.615,8D8500005BA780CCCC5BA781F8A75BF8F8F8FBFC10000000,95.615,8D8500005BA780CCCC5BA781F8A75BF8F8F8FBFC10000000,95.615,8D8500005BA780CCCC5BA781F8A75BF8F8F8FBFC10000000,95.615,8D8500005BA780CCCC5BA781F8A75BF8F8F8FBFC10000000,95.615,8D8500005BA780CCCC5BA781F8A75BF8F8F8FBFC10000000,95.615,8D8500005BA780CCCC5BA781F8A75BF8F8F8FBFC10000000,95.615,8D8500005BA780CCCC5BA781F8A75BF8F8F8FBFC10000000,95.615,8D8500005BA780CCCC5BA781F8A75BF8F8F8FBFC10000000,95.615,252,95.615,16,95.530,0,95.530,0002,95.530,12545,95.530,3101,95.530,3101,95.530,3101,95.530,3101,95.530,3101,95.530,3101,95.530,3101,95.530,3101,95.530,3101,95.530,3101,95.530,3101,95.530,3101,95.530,3101
95.682,95.715,14.100000000000001,95.715,8D8500005BA880CCCC5BA781F8A85BF8F8F8FCFC10000000,95.715,8D8500005BA880CCCC5BA781F8A85BF8F8F8FCFC10000000,95.715,8D8500005BA880CCCC5BA781F8A85BF8F8F8FCFC10000000,95.715,8D8500005BA880CCCC5BA781F8A85BF8F8F8FCFC10000000,95.715,8D8500005BA880CCCC5BA781F8A85BF8F8F8FCFC10000000,95.715,8D8500005BA880CCCC5BA781F8A85BF8F8F8FCFC10000000,95.715,8D8500005BA880CCCC5BA781F8A85BF8F8F8FCFC10000000,95.715,8D8500005BA880CCCC5BA781F8A85BF8F8F8FCFC10000000,95.715,8D8500005BA880CCCC5BA781F8A85BF8F8F8FCFC10000000,95.715,8D8500005BA880CCCC5BA781F8A85BF8F8F8FCFC10000000,95.715,8D8500005BA880CCCC5BA781F8A85BF8F8F8FCFC10000000,95.715,8D8500005BA880CCCC5BA781F8A85BF8F8F8FCFC10000000,95.715,8D8500005BA880CCCC5BA781F8A85BF8F8F8FCFC10000000,95.715,8D8500005BA880CCCC5BA781F8A85BF8F8F8FCFC10000000,95.715,252,95.715,16,95.638,0,95.638,0002,95.638,12545,95.638,3101,95.638,3101,95.638,3101,95.638,3101,95.638,3101,95.638,3101,95.638,3101,95.638,3101,95.638,3101,95.638,3101,95.638,3101,95.638,3101,95.638,3101
95.783,95.715,14.100000000000001,95.715,8D8500005BA880CCCC5BA781F8A85BF8F8F8FCFC10000000,95.715,8D8500005BA880CCCC5BA781F8A85BF8F8F8FCFC10000000,95.715,8D8500005BA880CCCC5BA781F8A85BF8F8F8FCFC10000000,95.715,8D8500005BA880CCCC5BA781F8A85BF8F8F8FCFC10000000,95.715,8D8500005BA880CCCC5BA781F8A85BF8F8F8FCFC10000000,95.715,8D8500005BA880CCCC5BA781F8A85BF8F8F8FCFC10000000,95.715,8D8500005BA880CCCC5BA781F8A85BF8F8F8FCFC10000000,95.715,8D8500005BA880CCCC5BA781F8A85BF8F8F8FCFC10000000,95.715,8D8500005BA880CCCC5BA781F8A85BF8F8F8FCFC10000000,95.715,8D8500005BA880CCCC5BA781F8A85BF8F8F8FCFC10000000,95.715,8D8500005BA880CCCC5BA781F8A85BF8F8F8FCFC10000000,95.715,8D8500005BA880CCCC5BA781F8A85BF8F8F8FCFC10000000,95.715,8D8500005BA880CCCC5BA781F8A85BF8F8F8FCFC10000000,95.715,8D8500005BA880CCCC5BA781F8A85BF8F8F8FCFC10000000,95.715,252,95.715,16,95.740,0,95.740,0002,95.740,12545,95.740,3101,95.740,3101,95.740,3101,95.740,3101,95.740,3101,95.740,3101,95.740,3101,95.740,3101,95.740,3101,95.740,3101,95.740,3101,95.740,3101,95.740,3101
95.882,95.865,14.100000000000001,95.865,8D8500005BA881CCCC5BA781F8A75BF9F9F9FCFC10000000,95.865,8D8500005BA881CCCC5BA781F8A75BF9F9F9FCFC10000000,95.865,8D8500005BA881CCCC5BA781F8A75BF9F9F9FCFC10000000,95.865,8D8500005BA881CCCC5BA781F8A75BF9F9F9FCFC10000000,95.865,8D8500005BA881CCCC5BA781F8A75BF9F9F9FCFC10000000,95.865,8D8500005BA881CCCC5BA781F8A75BF9F9F9FCFC10000000,95.865,8D8500005BA881CCCC5BA781F8A75BF9F9F9FCFC10000000,95.865,8D8500005BA881CCCC5BA781F8A75BF9F9F9FCFC10000000,95.865,8D8500005BA881CCCC5BA781F8A75BF9F9F9FCFC10000000,95.865,8D8500005BA881CCCC5BA781F8A75BF9F9F9FCFC10000000,95.865,8D8500005BA881CCCC5BA781F8A75BF9F9F9FCFC10000000,95.865,8D8500005BA881CCCC5BA781F8A75BF9F9F9FCFC10000000,95.865,8D8500005BA881CCCC5BA781F8A75BF9F9F9FCFC10000000,95.865,8D8500005BA881CCCC5BA781F8A75BF9F9F9FCFC10000000,95.865,252,95.865,16,95.740,0,95.740,0002,95.810,12545,95.810,3101,95.810,3101,95.810,3101,95.810,3101,95.810,3101,95.810,3101,95.810,3101,95.810,3101,95.810,3101,95.810,3101,95.810,3101,95.810,3101,95.810,3101
95.983,96.015,14.100000000000001,96.015,8D8500005BA881CCCC5BA781F8A85BF8F8F8FCFC10000000,96.015,8D8500005BA881CCCC5BA781F8A85BF8F8F8FCFC10000000,96.015,8D8500005BA881CCCC5BA781F8A85BF8F8F8FCFC10000000,96.015,8D8500005BA881CCCC5BA781F8A85BF8F8F8FCFC10000000,96.015,8D8500005BA881CCCC5BA781F8A85BF8F8F8FCFC10000000,96.015,8D8500005BA881CCCC5BA781F8A85BF8F8F8FCFC10000000,96.015,8D8500005BA881CCCC5BA781F8A85BF8F8F8FCFC10000000,96.015,8D8500005BA881CCCC5BA781F8A85BF8F8F8FCFC10000000,96.015,8D8500005BA881CCCC5BA781F8A85BF8F8F8FCFC10000000,96.015,8D8500005BA881CCCC5BA781F8A85BF8F8F8FCFC10000000,96.015,8D8500005BA881CCCC5BA781F8A85BF8F8F8FCFC10000000,96.015,8D8500005BA881CCCC5BA781F8A85BF8F8F8FCFC10000000,96.015,8D8500005BA881CCCC5BA781F8A85BF8F8F8FCFC10000000,96.015,8D8500005BA881CCCC5BA781F8A85BF8F8F8FCFC10000000,96.015,252,96.015,16,95.958,0,95.958,0002,95.900,12545,95.900,3101,95.900,3101,95.900,3101,95.900,3101,95.900,3101,95.900,3101,95.900,3101,95.900,3101,95.900,3101,95.900,3101,95.900,3101,95.900,3101,95.900,3101
96.083,96.015,14.100000000000001,96.015,8D8500005BA881CCCC5BA781F8A85BF8F8F8FCFC10000000,96.015,8D8500005BA881CCCC5BA781F8A85BF8F8F8FCFC10000000,96.015,8D8500005BA881CCCC5BA781F8A85BF8F8F8FCFC10000000,96.015,8D8500005BA881CCCC5BA781F8A85BF8F8F8FCFC10000000,96.015,8D8500005BA881CCCC5BA781F8A85BF8F8F8FCFC10000000,96.015,8D8500005BA881CCCC5BA781F8A85BF8F8F8FCFC10000000,96.015,8D8500005BA881CCCC5BA781F8A85BF8F8F8FCFC10000000,96.015,8D8500005BA881CCCC5BA781F8A85BF8F8F8FCFC10000000,96.015,8D8500005BA881CCCC5BA781F8A85BF8F8F8FCFC10000000,96.015,8D8500005BA881CCCC5BA781F8A85BF8F8F8FCFC10000000,96.015,8D8500005BA881CCCC5BA781F8A85BF8F8F8FCFC10000000,96.015,8D8500005BA881CCCC5BA781F8A85BF8F8F8FCFC10000000,96.015,8D8500005BA881CCCC5BA781F8A85BF8F8F8FCFC10000000,96.015,8D8500005BA881CCCC5BA781F8A85BF8F8F8FCFC10000000,96.015,252,96.015,16,96.030,0,96.030,0002,96.030,12545,96.030,3101,96.030,3101,96.030,3101,96.030,3101,96.030,3101,96.030,3101,96.030,3101,96.030,3101,96.030,3101,96.030,3101,96.030,3101,96.030,3101,96.030,3101
96.183,96.215,14.100000000000001,96.215,8D8500005CA881CDCD5CA781F8A85CF9F9F9FCFC10000000,96.215,8D8500005CA881CDCD5CA781F8A85CF9F9F9FCFC10000000,96.215,8D8500005CA881CDCD5CA781F8A85CF9F9F9FCFC10000000,96.215,8D8500005CA881CDCD5CA781F8A85CF9F9F9FCFC10000000,96.215,8D8500005CA881CDCD5CA781F8A85CF9F9F9FCFC10000000,96.215,8D8500005CA881CDCD5CA781F8A85CF9F9F9FCFC10000000,96.215,8D8500005CA881CDCD5CA781F8A85CF9F9F9FCFC10000000,96.215,8D8500005CA881CDCD5CA781F8A85CF9F9F9FCFC10000000,96.215,8D8500005CA881CDCD5CA781F8A85CF9F9F9FCFC10000000,96.215,8D8500005CA881CDCD5CA781F8A85CF9F9F9FCFC10000000,96.215,8D8500005CA881CDCD5CA781F8A85CF9F9F9FCFC10000000,96.215,8D8500005CA881CDCD5CA781F8A85CF9F9F9FCFC10000000,96.215,8D8500005CA881CDCD5CA781F8A85CF9F9F9FCFC10000000,96.215,8D8500005CA881CDCD5CA781F8A85CF9F9F9FCFC10000000,96.215,252,96.215,16,96.137,0,96.137,0002,96.137,12545,96.137,3101,96.137,3101,96.137,3101,96.137,3101,96.137,3101,96.137,3101,96.137,3101,96.137,3101,96.137,3101,96.137,3101,96.137,3101,96.137,3101,96.137,3101
96.282,96.215,14.100000000000001,96.215,8D8500005CA881CDCD5CA781F8A85CF9F9F9FCFC10000000,96.215,8D8500005CA881CDCD5CA781F8A85CF9F9F9FCFC10000000,96.215,8D8500005CA881CDCD5CA781F8A85CF9F9F9FCFC10000000,96.215,8D8500005CA881CDCD5CA781F8A85CF9F9F9FCFC10000000,96.215,8D8500005CA881CDCD5CA781F8A85CF9F9F9FCFC10000000,96.215,8D8500005CA881CDCD5CA781F8A85CF9F9F9FCFC10000000,96.215,8D8500005CA881CDCD5CA781F8A85CF9F9F9FCFC10000000,96.215,8D8500005CA881CDCD5CA781F8A85CF9F9F9FCFC10000000,96.215,8D8500005CA881CDCD5CA781F8A85CF9F9F9FCFC10000000,96.215,8D8500005CA881CDCD5CA781F8A85CF9F9F9FCFC10000000,96.215,8D8500005CA881CDCD5CA781F8A85CF9F9F9FCFC10000000,96.215,8D8500005CA881CDCD5CA781F8A85CF9F9F9FCFC10000000,96.215,8D8500005CA881CDCD5CA781F8A85CF9F9F9FCFC10000000,96.215,8D8500005CA881CDCD5CA781F8A85CF9F9F9FCFC10000000,96.215,252,96.215,16,96.240,0,96.240,0002,96.291,12545,96.291,3101,96.291,3101,96.291,3101,96.291,3101,96.291,3101,96.291,3101,96.291,3101,96.291,3101,96.291,3101,96.291,3101,96.291,3101,96.291,3101,96.291,3101
96.383,96.335,14.100000000000001,96.335,8D8500005BA881CDCD5BA781F8A85BF9F9F9FCFC10000000,96.335,8D8500005BA881CDCD5BA781F8A85BF9F9F9FCFC10000000,96.335,8D8500005BA881CDCD5BA781F8A85BF9F9F9FCFC10000000,96.335,8D8500005BA881CDCD5BA781F8A85BF9F9F9FCFC10000000,96.335,8D8500005BA881CDCD5BA781F8A85BF9F9F9FCFC10000000,96.335,8D8500005BA881CDCD5BA781F8A85BF9F9F9FCFC10000000,96.335,8D8500005BA881CDCD5BA781F8A85BF9F9F9FCFC10000000,96.335,8D8500005BA881CDCD5BA781F8A85BF9F9F9FCFC10000000,96.335,8D8500005BA881CDCD5BA781F8A85BF9F9F9FCFC10000000,96.335,8D8500005BA881CDCD5BA781F8A85BF9F9F9FCFC10000000,96.335,8D8500005BA881CDCD5BA781F8A85BF9F9F9FCFC10000000,96.335,8D8500005BA881CDCD5BA781F8A85BF9F9F9FCFC10000000,96.335,8D8500005BA881CDCD5BA781F8A85BF9F9F9FCFC10000000,96.335,8D8500005BA881CDCD5BA781F8A85BF9F9F9FCFC10000000,96.335,252,96.335,16,96.350,0,96.350,0002,96.291,12545,96.291,3101,96.291,3101,96.291,3101,96.291,3101,96.291,3101,96.291,3101,96.291,3101,96.291,3101,96.291,3101,96.291,3101,96.291,3101,96.291,3101,96.291,3101
96.482,96.515,14.100000000000001,96.515,8D8500005CA881CDCD5BA781F8A85BFAF9F9FCFD10000000,96.515,8D8500005CA881CDCD5BA781F8A85BFAF9F9FCFD10000000,96.515,8D8500005CA881CDCD5BA781F8A85BFAF9F9FCFD10000000,96.515,8D8500005CA881CDCD5BA781F8A85BFAF9F9FCFD10000000,96.515,8D8500005CA881CDCD5BA781F8A85BFAF9F9FCFD10000000,96.515,8D8500005CA881CDCD5BA781F8A85BFAF9F9FCFD10000000,96.515,8D8500005CA881CDCD5BA781F8A85BFAF9F9FCFD10000000,96.515,8D8500005CA881CDCD5BA781F8A85BFAF9F9FCFD10000000,96.515,8D8500005CA881CDCD5BA781F8A85BFAF9F9FCFD10000000,96.515,8D8500005CA881CDCD5BA781F8A85BFAF9F9FCFD10000000,96.515,8D8500005CA881CDCD5BA781F8A85BFAF9F9FCFD10000000,96.515,8D8500005CA881CDCD5BA781F8A85BFAF9F9FCFD10000000,96.515,8D8500005CA881CDCD5BA781F8A85BFAF9F9FCFD10000000,96.515,8D8500005CA881CDCD5BA781F8A85BFAF9F9FCFD10000000,96.515,253,96.515,16,96.439,0,96.439,0002,96.439,12545,96.439,3101,96.439,3101,96.439,3101,96.439,3101,96.439,3101,96.439,3101,96.439,3101,96.439,3101,96.439,3101,96.439,3101,96.439,3101,96.439,3101,96.439,3101
96.582,96.615,14.100000000000001,96.615,8D8500005BA881CDCD5BA781F8A85BFAFAFAFCFD10000000,96.615,8D8500005BA881CDCD5BA781F8A85BFAFAFAFCFD10000000,96.615,8D8500005BA881CDCD5BA781F8A85BFAFAFAFCFD10000000,96.615,8D8500005BA881CDCD5BA781F8A85BFAFAFAFCFD10000000,96.615,8D8500005BA881CDCD5BA781F8A85BFAFAFAFCFD10000000,96.615,8D8500005BA881CDCD5BA781F8A85BFAFAFAFCFD10000000,96.615,8D8500005BA881CDCD5BA781F8A85BFAFAFAFCFD10000000,96.615,8D8500005BA881CDCD5BA781F8A85BFAFAFAFCFD10000000,96.615,8D8500005BA881CDCD5BA781F8A85BFAFAFAFCFD10000000,96.615,8D8500005BA881CDCD5BA781F8A85BFAFAFAFCFD10000000,96.615,8D8500005BA881CDCD5BA781F8A85BFAFAFAFCFD10000000,96.615,8D8500005BA881CDCD5BA781F8A85BFAFAFAFCFD10000000,96.615,8D8500005BA881CDCD5BA781F8A85BFAFAFAFCFD10000000,96.615,8D8500005BA881CDCD5BA781F8A85BFAFAFAFCFD10000000,96.615,253,96.615,16,96.530,0,96.530,0002,96.530,12545,96.530,3101,96.530,3101,96.530,3101,96.530,3101,96.530,3101,96.530,3101,96.530,3101,96.530,3101,96.530,3101,96.530,3101,96.530,3101,96.530,3101,96.530,3101
96.684,96.615,14.100000000000001,96.615,8D8500005BA881CDCD5BA781F8A85BFAFAFAFCFD10000000,96.615,8D8500005BA881CDCD5BA781F8A85BFAFAFAFCFD10000000,96.615,8D8500005BA881CDCD5BA781F8A85BFAFAFAFCFD10000000,96.615,8D8500005BA881CDCD5BA781F8A85BFAFAFAFCFD10000000,96.615,8D8500005BA881CDCD5BA781F8A85BFAFAFAFCFD10000000,96.615,8D8500005BA881CDCD5BA781F8A85BFAFAFAFCFD10000000,96.615,8D8500005BA881CDCD5BA781F8A85BFAFAFAFCFD10000000,96.615,8D8500005BA881CDCD5BA781F8A85BFAFAFAFCFD10000000,96.615,8D8500005BA881CDCD5BA781F8A85BFAFAFAFCFD10000000,96.615,8D8500005BA881CDCD5BA781F8A85BFAFAFAFCFD10000000,96.615,8D8500005BA881CDCD5BA781F8A85BFAFAFAFCFD10000000,96.615,8D8500005BA881CDCD5BA781F8A85BFAFAFAFCFD10000000,96.615,8D8500005BA881CDCD5BA781F8A85BFAFAFAFCFD10000000,96.615,8D8500005BA881CDCD5BA781F8A85BFAFAFAFCFD10000000,96.615,253,96.615,16,96.639,0,96.639,0002,96.639,12545,96.639,3101,96.639,3101,96.639,3101,96.639,3101,96.639,3101,96.639,3101,96.639,3101,96.639,3101,96.639,3101,96.639,3101,96.639,3101,96.639,3101,96.639,3101
96.783,96.715,14.100000000000001,96.715,8D8500005CA881CDCD5BA881F8A85BF9F9F9FDFC10000000,96.715,8D8500005CA881CDCD5BA881F8A85BF9F9F9FDFC10000000,96.715,8D8500005CA881CDCD5BA881F8A85BF9F9F9FDFC10000000,96.715,8D8500005CA881CDCD5BA881F8A85BF9F9F9FDFC10000000,96.715,8D8500005CA881CDCD5BA881F8A85BF9F9F9FDFC10000000,96.715,8D8500005CA881CDCD5BA881F8A85BF9F9F9FDFC10000000,96.715,8D8500005CA881CDCD5BA881F8A85BF9F9F9FDFC10000000,96.715,8D8500005CA881CDCD5BA881F8A85BF9F9F9FDFC10000000,96.715,8D8500005CA881CDCD5BA881F8A85BF9F9F9FDFC10000000,96.715,8D8500005CA881CDCD5BA881F8A85BF9F9F9FDFC10000000,96.715,8D8500005CA881CDCD5BA881F8A85BF9F9F9FDFC10000000,96.715,8D8500005CA881CDCD5BA881F8A85BF9F9F9FDFC10000000,96.715,8D8500005CA881CDCD5BA881F8A85BF9F9F9FDFC10000000,96.715,8D8500005CA881CDCD5BA881F8A85BF9F9F9FDFC10000000,96.715,252,96.715,16,96.751,0,96.751,0002,96.791,12545,96.791,3101,96.791,3101,96.791,3101,96.791,3101,96.791,3101,96.791,3101,96.791,3101,96.791,3101,96.791,3101,96.791,3101,96.791,3101,96.791,3101,96.791,3101
96.881,96.926,14.100000000000001,96.926,8D8500005BA881CDCD5BA781F8A85BF8F8F8FCFC10000000,96.926,8D8500005BA881CDCD5BA781F8A85BF8F8F8FCFC10000000,96.926,8D8500005BA881CDCD5BA781F8A85BF8F8F8FCFC10000000,96.926,8D8500005BA881CDCD5BA781F8A85BF8F8F8FCFC10000000,96.926,8D8500005BA881CDCD5BA781F8A85BF8F8F8FCFC10000000,96.926,8D8500005BA881CDCD5BA781F8A85BF8F8F8FCFC10000000,96.926,8D8500005BA881CDCD5BA781F8A85BF8F8F8FCFC10000000,96.926,8D8500005BA881CDCD5BA781F8A85BF8F8F8FCFC10000000,96.926,8D8500005BA881CDCD5BA781F8A85BF8F8F8FCFC10000000,96.926,8D8500005BA881CDCD5BA781F8A85BF8F8F8FCFC10000000,96.926,8D8500005BA881CDCD5BA781F8A85BF8F8F8FCFC10000000,96.926,8D8500005BA881CDCD5BA781F8A85BF8F8F8FCFC10000000,96.926,8D8500005BA881CDCD5BA781F8A85BF8F8F8FCFC10000000,96.926,8D8500005BA881CDCD5BA781F8A85BF8F8F8FCFC10000000,96.926,252,96.926,16,96.865,0,96.865,0002,96.791,12545,96.791,3101,96.791,3101,96.791,3101,96.791,3101,96.791,3101,96.791,3101,96.791,3101,96.791,3101,96.791,3101,96.791,3101,96.791,3101,96.791,3101,96.791,3101
96.983,96.926,14.100000000000001,96.926,8D8500005BA881CDCD5BA781F8A85BF8F8F8FCFC10000000,96.926,8D8500005BA881CDCD5BA781F8A85BF8F8F8FCFC10000000,96.926,8D8500005BA881CDCD5BA781F8A85BF8F8F8FCFC10000000,96.926,8D8500005BA881CDCD5BA781F8A85BF8F8F8FCFC10000000,96.926,8D8500005BA881CDCD5BA781F8A85BF8F8F8FCFC10000000,96.926,8D8500005BA881CDCD5BA781F8A85BF8F8F8FCFC10000000,96.926,8D8500005BA881CDCD5BA781F8A85BF8F8F8FCFC10000000,96.926,8D8500005BA881CDCD5BA781F8A85BF8F8F8FCFC10000000,96.926,8D8500005BA881CDCD5BA781F8A85BF8F8F8FCFC10000000,96.926,8D8500005BA881CDCD5BA781F8A85BF8F8F8FCFC10000000,96.926,8D8500005BA881CDCD5BA781F8A85BF8F8F8FCFC10000000,96.926,8D8500005BA881CDCD5BA781F8A85BF8F8F8FCFC10000000,96.926,8D8500005BA881CDCD5BA781F8A85BF8F8F8FCFC10000000,96.926,8D8500005BA881CDCD5BA781F8A85BF8F8F8FCFC10000000,96.926,252,96.926,16,96.940,0,96.940,0002,96.940,12545,96.940,3101,96.940,3101,96.940,3101,96.940,3101,96.940,3101,96.940,3101,96.940,3101,96.940,3101,96.940,3101,96.940,3101,96.940,3101,96.940,3101,96.940,3101
97.083,97.115,14.100000000000001,97.115,8D8500005CA881CDCD5BA781F8A85BF9F9F9FCFC10000000,97.115,8D8500005CA881CDCD5BA781F8A85BF9F9F9FCFC10000000,97.115,8D8500005CA881CDCD5BA781F8A85BF9F9F9FCFC10000000,97.115,8D8500005CA881CDCD5BA781F8A85BF9F9F9FCFC10000000,97.115,8D8500005CA881CDCD5BA781F8A85BF9F9F9FCFC10000000,97.115,8D8500005CA881CDCD5BA781F8A85BF9F9F9FCFC10000000,97.115,8D8500005CA881CDCD5BA781F8A85BF9F9F9FCFC10000000,97.115,8D8500005CA881CDCD5BA781F8A85BF9F9F9FCFC10000000,97.115,8D8500005CA881CDCD5BA781F8A85BF9F9F9FCFC10000000,97.115,8D8500005CA881CDCD5BA781F8A85BF9F9F9FCFC10000000,97.115,8D8500005CA881CDCD5BA781F8A85BF9F9F9FCFC10000000,97.115,8D8500005CA881CDCD5BA781F8A85BF9F9F9FCFC10000000,97.115,8D8500005CA881CDCD5BA781F8A85BF9F9F9FCFC10000000,97.115,8D8500005CA881CDCD5BA781F8A85BF9F9F9FCFC10000000,97.115,252,97.115,16,97.037,0,97.037,0002,97.037,12545,97.037,3101,97.037,3101,97.037,3101,97.037,3101,97.037,3101,97.037,3101,97.037,3101,97.037,3101,97.037,3101,97.037,3101,97.037,3101,97.037,3101,97.037,3101
97.182,97.215,14.100000000000001,97.215,8D8500005BA881CDCD5BA781F8A85BF9F9F9FCFC10000000,97.215,8D8500005BA881CDCD5BA781F8A85BF9F9F9FCFC10000000,97.215,8D8500005BA881CDCD5BA781F8A85BF9F9F9FCFC10000000,97.215,8D8500005BA881CDCD5BA781F8A85BF9F9F9FCFC10000000,97.215,8D8500005BA881CDCD5BA781F8A85BF9F9F9FCFC10000000,97.215,8D8500005BA881CDCD5BA781F8A85BF9F9F9FCFC10000000,97.215,8D8500005BA881CDCD5BA781F8A85BF9F9F9FCFC10000000,97.215,8D8500005BA881CDCD5BA781F8A85BF9F9F9FCFC10000000,97.215,8D8500005BA881CDCD5BA781F8A85BF9F9F9FCFC10000000,97.215,8D8500005BA881CDCD5BA781F8A85BF9F9F9FCFC10000000,97.215,8D8500005BA881CDCD5BA781F8A85BF9F9F9FCFC10000000,97.215,8D8500005BA881CDCD5BA781F8A85BF9F9F9FCFC10000000,97.215,8D8500005BA881CDCD5BA781F8A85BF9F9F9FCFC10000000,97.215,8D8500005BA881CDCD5BA781F8A85BF9F9F9FCFC10000000,97.215,252,97.215,16,97.130,0,97.130,0002,97.130,12545,97.130,3101,97.130,3101,97.130,3101,97.130,3101,97.130,3101,97.130,3101,97.130,3101,97.130,3101,97.130,3101,97.130,3101,97.130,3101,97.130,3101,97.130,3101
97.282,97.215,14.100000000000001,97.215,8D8500005BA881CDCD5BA781F8A85BF9F9F9FCFC10000000,97.215,8D8500005BA881CDCD5BA781F8A85BF9F9F9FCFC10000000,97.215,8D8500005BA881CDCD5BA781F8A85BF9F9F9FCFC10000000,97.215,8D8500005BA881CDCD5BA781F8A85BF9F9F9FCFC10000000,97.215,8D8500005BA881CDCD5BA781F8A85BF9F9F9FCFC10000000,97.215,8D8500005BA881CDCD5BA781F8A85BF9F9F9FCFC10000000,97.215,8D8500005BA881CDCD5BA781F8A85BF9F9F9FCFC10000000,97.215,8D8500005BA881CDCD5BA781F8A85BF9F9F9FCFC10000000,97.215,8D8500005BA881CDCD5BA781F8A85BF9F9F9FCFC10000000,97.215,8D8500005BA881CDCD5BA781F8A85BF9F9F9FCFC10000000,97.215,8D8500005BA881CDCD5BA781F8A85BF9F9F9FCFC10000000,97.215,8D8500005BA881CDCD5BA781F8A85BF9F9F9FCFC10000000,97.215,8D8500005BA881CDCD5BA781F8A85BF9F9F9FCFC10000000,97.215,8D8500005BA881CDCD5BA781F8A85BF9F9F9FCFC10000000,97.215,252,97.215,16,97.240,0,97.240,0002,97.291,12545,97.291,3101,97.291,3101,97.291,3101,97.291,3101,97.291,3101,97.291,3101,97.291,3101,97.291,3101,97.291,3101,97.291,3101,97.291,3101,97.291,3101,97.291,3101
97.382,97.415,14.100000000000001,97.415,8D8500005BA881CCCC5BA781F8A85BF8F8F8FCFC10000000,97.415,8D8500005BA881CCCC5BA781F8A85BF8F8F8FCFC10000000,97.415,8D8500005BA881CCCC5BA781F8A85BF8F8F8FCFC10000000,97.415,8D8500005BA881CCCC5BA781F8A85BF8F8F8FCFC10000000,97.415,8D8500005BA881CCCC5BA781F8A85BF8F8F8FCFC10000000,97.415,8D8500005BA881CCCC5BA781F8A85BF8F8F8FCFC10000000,97.415,8D8500005BA881CCCC5BA781F8A85BF8F8F8FCFC10000000,97.415,8D8500005BA881CCCC5BA781F8A85BF8F8F8FCFC10000000,97.415,8D8500005BA881CCCC5BA781F8A85BF8F8F8FCFC10000000,97.415,8D8500005BA881CCCC5BA781F8A85BF8F8F8FCFC10000000,97.415,8D8500005BA881CCCC5BA781F8A85BF8F8F8FCFC10000000,97.415,8D8500005BA881CCCC5BA781F8A85BF8F8F8FCFC10000000,97.415,8D8500005BA881CCCC5BA781F8A85BF8F8F8FCFC10000000,97.415,8D8500005BA881CCCC5BA781F8A85BF8F8F8FCFC10000000,97.415,252,97.415,16,97.350,0,97.350,0002,97.291,12545,97.291,3101,97.291,3101,97.291,3101,97.291,3101,97.291,3101,97.291,3101,97.291,3101,97.291,3101,97.291,3101,97.291,3101,97.291,3101,97.291,3101,97.291,3101
97.483,97.415,14.100000000000001,97.415,8D8500005BA881CCCC5BA781F8A85BF8F8F8FCFC10000000,97.415,8D8500005BA881CCCC5BA781F8A85BF8F8F8FCFC10000000,97.415,8D8500005BA881CCCC5BA781F8A85BF8F8F8FCFC10000000,97.415,8D8500005BA881CCCC5BA781F8A85BF8F8F8FCFC10000000,97.415,8D8500005BA881CCCC5BA781F8A85BF8F8F8FCFC10000000,97.415,8D8500005BA881CCCC5BA781F8A85BF8F8F8FCFC10000000,97.415,8D8500005BA881CCCC5BA781F8A85BF8F8F8FCFC10000000,97.415,8D8500005BA881CCCC5BA781F8A85BF8F8F8FCFC10000000,97.415,8D8500005BA881CCCC5BA781F8A85BF8F8F8FCFC10000000,97.415,8D8500005BA881CCCC5BA781F8A85BF8F8F8FCFC10000000,97.415,8D8500005BA881CCCC5BA781F8A85BF8F8F8FCFC10000000,97.415,8D8500005BA881CCCC5BA781F8A85BF8F8F8FCFC10000000,97.415,8D8500005BA881CCCC5BA781F8A85BF8F8F8FCFC10000000,97.415,8D8500005BA881CCCC5BA781F8A85BF8F8F8FCFC10000000,97.415,252,97.415,16,97.437,0,97.437,0002,97.437,12545,97.437,3101,97.437,3101,97.437,3101,97.437,3101,97.437,3101,97.437,3101,97.437,3101,97.437,3101,97.437,3101,97.437,3101,97.437,3101,97.437,3101,97.437,3101
97.584,97.525,14.100000000000001,97.525,8D8500005BA881CCCC5BA781F8A75BF8F8F8FCFC10000000,97.525,8D8500005BA881CCCC5BA781F8A75BF8F8F8FCFC10000000,97.525,8D8500005BA881CCCC5BA781F8A75BF8F8F8FCFC10000000,97.525,8D8500005BA881CCCC5BA781F8A75BF8F8F8FCFC10000000,97.525,8D8500005BA881CCCC5BA781F8A75BF8F8F8FCFC10000000,97.525,8D8500005BA881CCCC5BA781F8A75BF8F8F8FCFC10000000,97.525,8D8500005BA881CCCC5BA781F8A75BF8F8F8FCFC10000000,97.525,8D8500005BA881CCCC5BA781F8A75BF8F8F8FCFC10000000,97.525,8D8500005BA881CCCC5BA781F8A75BF8F8F8FCFC10000000,97.525,8D8500005BA881CCCC5BA781F8A75BF8F8F8FCFC10000000,97.525,8D8500005BA881CCCC5BA781F8A75BF8F8F8FCFC10000000,97.525,8D8500005BA881CCCC5BA781F8A75BF8F8F8FCFC10000000,97.525,8D8500005BA881CCCC5BA781F8A75BF8F8F8FCFC10000000,97.525,8D8500005BA881CCCC5BA781F8A75BF8F8F8FCFC10000000,97.525,252,97.525,16,97.548,0,97.548,0002,97.548,12545,97.548,3101,97.548,3101,97.548,3101,97.548,3101,97.548,3101,97.548,3101,97.548,3101,97.548,3101,97.548,3101,97.548,3101,97.548,3101,97.548,3101,97.548,3101
97.682,97.716,14.200000000000001,97.716,8E8600005BA881CDCD5BA781F8A85BF9F9F9FCFC10000000,97.716,8E8600005BA881CDCD5BA781F8A85BF9F9F9FCFC10000000,97.716,8E8600005BA881CDCD5BA781F8A85BF9F9F9FCFC10000000,97.716,8E8600005BA881CDCD5BA781F8A85BF9F9F9FCFC10000000,97.716,8E8600005BA881CDCD5BA781F8A85BF9F9F9FCFC10000000,97.716,8E8600005BA881CDCD5BA781F8A85BF9F9F9FCFC10000000,97.716,8E8600005BA881CDCD5BA781F8A85BF9F9F9FCFC10000000,97.716,8E8600005BA881CDCD5BA781F8A85BF9F9F9FCFC10000000,97.716,8E8600005BA881CDCD5BA781F8A85BF9F9F9FCFC10000000,97.716,8E8600005BA881CDCD5BA781F8A85BF9F9F9FCFC10000000,97.716,8E8600005BA881CDCD5BA781F8A85BF9F9F9FCFC10000000,97.716,8E8600005BA881CDCD5BA781F8A85BF9F9F9FCFC10000000,97.716,8E8600005BA881CDCD5BA781F8A85BF9F9F9FCFC10000000,97.716,8E8600005BA881CDCD5BA781F8A85BF9F9F9FCFC10000000,97.716,252,97.716,16,97.637,0,97.637,0002,97.637,12545,97.637,3101,97.637,3101,97.637,3101,97.637,3101,97.637,3101,97.637,3101,97.637,3101,97.637,3101,97.637,3101,97.637,3101,97.637,3101,97.637,3101,97.637,3101
97.782,97.716,14.200000000000001,97.716,8E8600005BA881CDCD5BA781F8A85BF9F9F9FCFC10000000,97.716,8E8600005BA881CDCD5BA781F8A85BF9F9F9FCFC10000000,97.716,8E8600005BA881CDCD5BA781F8A85BF9F9F9FCFC10000000,97.716,8E8600005BA881CDCD5BA781F8A85BF9F9F9FCFC10000000,97.716,8E8600005BA881CDCD5BA781F8A85BF9F9F9FCFC10000000,97.716,8E8600005BA881CDCD5BA781F8A85BF9F9F9FCFC10000000,97.716,8E8600005BA881CDCD5BA781F8A85BF9F9F9FCFC10000000,97.716,8E8600005BA881CDCD5BA781F8A85BF9F9F9FCFC10000000,97.716,8E8600005BA881CDCD5BA781F8A85BF9F9F9FCFC10000000,97.716,8E8600005BA881CDCD5BA781F8A85BF9F9F9FCFC10000000,97.716,8E8600005BA881CDCD5BA781F8A85BF9F9F9FCFC10000000,97.716,8E8600005BA881CDCD5BA781F8A85BF9F9F9FCFC10000000,97.716,8E8600005BA881CDCD5BA781F8A85BF9F9F9FCFC10000000,97.716,8E8600005BA881CDCD5BA781F8A85BF9F9F9FCFC10000000,97.716,252,97.716,16,97.751,0,97.751,0002,97.791,12545,97.791,3101,97.791,3101,97.791,3101,97.791,3101,97.791,3101,97.791,3101,97.791,3101,97.791,3101,97.791,3101,97.791,3101,97.791,3101,97.791,3101,97.791,3101
97.881,97.847,14.100000000000001,97.847,8D8500005CA881CDCD5BA781F8A85BFAF9F9FCFD10000000,97.847,8D8500005CA881CDCD5BA781F8A85BFAF9F9FCFD10000000,97.847,8D8500005CA881CDCD5BA781F8A85BFAF9F9FCFD10000000,97.847,8D8500005CA881CDCD5BA781F8A85BFAF9F9FCFD10000000,97.847,8D8500005CA881CDCD5BA781F8A85BFAF9F9FCFD10000000,97.847,8D8500005CA881CDCD5BA781F8A85BFAF9F9FCFD10000000,97.847,8D8500005CA881CDCD5BA781F8A85BFAF9F9FCFD10000000,97.847,8D8500005CA881CDCD5BA781F8A85BFAF9F9FCFD10000000,97.847,8D8500005CA881CDCD5BA781F8A85BFAF9F9FCFD10000000,97.847,8D8500005CA881CDCD5BA781F8A85BFAF9F9FCFD10000000,97.847,8D8500005CA881CDCD5BA781F8A85BFAF9F9FCFD10000000,97.847,8D8500005CA881CDCD5BA781F8A85BFAF9F9FCFD10000000,97.847,8D8500005CA881CDCD5BA781F8A85BFAF9F9FCFD10000000,97.847,8D8500005CA881CDCD5BA781F8A85BFAF9F9FCFD10000000,97.847,253,97.847,16,97.877,0,97.877,0002,97.791,12545,97.791,3101,97.791,3101,97.791,3101,97.791,3101,97.791,3101,97.791,3101,97.791,3101,97.791,3101,97.791,3101,97.791,3101,97.791,3101,97.791,3101,97.791,3101
97.982,98.026,14.100000000000001,98.026,8D8500005BA880CCCC5BA781F8A85BF9F9F9FCFC10000000,98.026,8D8500005BA880CCCC5BA781F8A85BF9F9F9FCFC10000000,98.026,8D8500005BA880CCCC5BA781F8A85BF9F9F9FCFC10000000,98.026,8D8500005BA880CCCC5BA781F8A85BF9F9F9FCFC10000000,98.026,8D8500005BA880CCCC5BA781F8A85BF9F9F9FCFC10000000,98.026,8D8500005BA880CCCC5BA781F8A85BF9F9F9FCFC10000000,98.026,8D8500005BA880CCCC5BA781F8A85BF9F9F9FCFC10000000,98.026,8D8500005BA880CCCC5BA781F8A85BF9F9F9FCFC10000000,98.026,8D8500005BA880CCCC5BA781F8A85BF9F9F9FCFC10000000,98.026,8D8500005BA880CCCC5BA781F8A85BF9F9F9FCFC10000000,98.026,8D8500005BA880CCCC5BA781F8A85BF9F9F9FCFC10000000,98.026,8D8500005BA880CCCC5BA781F8A85BF9F9F9FCFC10000000,98.026,8D8500005BA880CCCC5BA781F8A85BF9F9F9FCFC10000000,98.026,8D8500005BA880CCCC5BA781F8A85BF9F9F9FCFC10000000,98.026,252,98.026,16,97.973,0,97.973,0002,97.973,12545,97.973,3101,97.973,3101,97.973,3101,97.973,3101,97.973,3101,97.973,3101,97.973,3101,97.973,3101,97.973,3101,97.973,3101,97.973,3101,97.973,3101,97.973,3101
98.083,98.026,14.100000000000001,98.026,8D8500005BA880CCCC5BA781F8A85BF9F9F9FCFC10000000,98.026,8D8500005BA880CCCC5BA781F8A85BF9F9F9FCFC10000000,98.026,8D8500005BA880CCCC5BA781F8A85BF9F9F9FCFC10000000,98.026,8D8500005BA880CCCC5BA781F8A85BF9F9F9FCFC10000000,98.026,8D8500005BA880CCCC5BA781F8A85BF9F9F9FCFC10000000,98.026,8D8500005BA880CCCC5BA781F8A85BF9F9F9FCFC10000000,98.026,8D8500005BA880CCCC5BA781F8A85BF9F9F9FCFC10000000,98.026,8D8500005BA880CCCC5BA781F8A85BF9F9F9FCFC10000000,98.026,8D8500005BA880CCCC5BA781F8A85BF9F9F9FCFC10000000,98.026,8D8500005BA880CCCC5BA781F8A85BF9F9F9FCFC10000000,98.026,8D8500005BA880CCCC5BA781F8A85BF9F9F9FCFC10000000,98.026,8D8500005BA880CCCC5BA781F8A85BF9F9F9FCFC10000000,98.026,8D8500005BA880CCCC5BA781F8A85BF9F9F9FCFC10000000,98.026,8D8500005BA880CCCC5BA781F8A85BF9F9F9FCFC10000000,98.026,252,98.026,16,98.039,0,98.039,0002,98.039,12545,98.039,3101,98.039,3101,98.039,3101,98.039,3101,98.039,3101,98.039,3101,98.039,3101,98.039,3101,98.039,3101,98.039,3101,98.039,3101,98.039,3101,98.039,3101
98.182,98.115,14.100000000000001,98.115,8D8500005BA881CCCC5BA781F8A75BF9F9F9FCFC10000000,98.115,8D8500005BA881CCCC5BA781F8A75BF9F9F9FCFC10000000,98.115,8D8500005BA881CCCC5BA781F8A75BF9F9F9FCFC10000000,98.115,8D8500005BA881CCCC5BA781F8A75BF9F9F9FCFC10000000,98.115,8D8500005BA881CCCC5BA781F8A75BF9F9F9FCFC10000000,98.115,8D8500005BA881CCCC5BA781F8A75BF9F9F9FCFC10000000,98.115,8D8500005BA881CCCC5BA781F8A75BF9F9F9FCFC10000000,98.115,8D8500005BA881CCCC5BA781F8A75BF9F9F9FCFC10000000,98.115,8D8500005BA881CCCC5BA781F8A75BF9F9F9FCFC10000000,98.115,8D8500005BA881CCCC5BA781F8A75BF9F9F9FCFC10000000,98.115,8D8500005BA881CCCC5BA781F8A75BF9F9F9FCFC10000000,98.115,8D8500005BA881CCCC5BA781F8A75BF9F9F9FCFC10000000,98.115,8D8500005BA881CCCC5BA781F8A75BF9F9F9FCFC10000000,98.115,8D8500005BA881CCCC5BA781F8A75BF9F9F9FCFC10000000,98.115,252,98.115,16,98.145,0,98.145,0002,98.145,12545,98.145,3101,98.145,3101,98.145,3101,98.145,3101,98.145,3101,98.145,3101,98.145,3101,98.145,3101,98.145,3101,98.145,3101,98.145,3101,98.145,3101,98.145,3101
